month,instrument,base_ccy,quote_ccy,base_rate,quote_rate,carry_diff
2002-04-01,AUD_JPY,AUD,JPY,4.59,0.1,4.49
2002-05-01,AUD_JPY,AUD,JPY,4.84,0.08,4.76
2002-06-01,AUD_JPY,AUD,JPY,5.07,0.09,4.98
2002-07-01,AUD_JPY,AUD,JPY,4.98,0.09,4.890000000000001
2002-08-01,AUD_JPY,AUD,JPY,4.96,0.07,4.89
2002-09-01,AUD_JPY,AUD,JPY,4.92,0.08,4.84
2002-10-01,AUD_JPY,AUD,JPY,4.9,0.08,4.82
2002-11-01,AUD_JPY,AUD,JPY,4.84,0.08,4.76
2002-12-01,AUD_JPY,AUD,JPY,4.83,0.1,4.73
2003-01-01,AUD_JPY,AUD,JPY,4.8,0.1,4.7
2003-02-01,AUD_JPY,AUD,JPY,4.75,0.09,4.66
2003-03-01,AUD_JPY,AUD,JPY,4.76,0.08,4.68
2003-04-01,AUD_JPY,AUD,JPY,4.79,0.08,4.71
2003-05-01,AUD_JPY,AUD,JPY,4.78,0.08,4.7
2003-06-01,AUD_JPY,AUD,JPY,4.67,0.09,4.58
2003-07-01,AUD_JPY,AUD,JPY,4.72,0.09,4.63
2003-08-01,AUD_JPY,AUD,JPY,4.82,0.09,4.73
2003-09-01,AUD_JPY,AUD,JPY,4.91,0.09,4.82
2003-10-01,AUD_JPY,AUD,JPY,4.97,0.09,4.88
2003-11-01,AUD_JPY,AUD,JPY,5.31,0.08,5.2299999999999995
2003-12-01,AUD_JPY,AUD,JPY,5.47,0.1,5.37
2004-01-01,AUD_JPY,AUD,JPY,5.55,0.09,5.46
2004-02-01,AUD_JPY,AUD,JPY,5.57,0.09,5.48
2004-03-01,AUD_JPY,AUD,JPY,5.51,0.08,5.43
2004-04-01,AUD_JPY,AUD,JPY,5.54,0.08,5.46
2004-05-01,AUD_JPY,AUD,JPY,5.51,0.08,5.43
2004-06-01,AUD_JPY,AUD,JPY,5.49,0.09,5.4
2004-07-01,AUD_JPY,AUD,JPY,5.46,0.09,5.37
2004-08-01,AUD_JPY,AUD,JPY,5.44,0.09,5.3500000000000005
2004-09-01,AUD_JPY,AUD,JPY,5.42,0.09,5.33
2004-10-01,AUD_JPY,AUD,JPY,5.41,0.09,5.32
2004-11-01,AUD_JPY,AUD,JPY,5.43,0.09,5.34
2004-12-01,AUD_JPY,AUD,JPY,5.41,0.1,5.3100000000000005
2005-01-01,AUD_JPY,AUD,JPY,5.42,0.1,5.32
2005-02-01,AUD_JPY,AUD,JPY,5.63,0.1,5.53
2005-03-01,AUD_JPY,AUD,JPY,5.81,0.08,5.7299999999999995
2005-04-01,AUD_JPY,AUD,JPY,5.75,0.08,5.67
2005-05-01,AUD_JPY,AUD,JPY,5.68,0.08,5.6
2005-06-01,AUD_JPY,AUD,JPY,5.66,0.09,5.57
2005-07-01,AUD_JPY,AUD,JPY,5.65,0.09,5.5600000000000005
2005-08-01,AUD_JPY,AUD,JPY,5.62,0.09,5.53
2005-09-01,AUD_JPY,AUD,JPY,5.62,0.09,5.53
2005-10-01,AUD_JPY,AUD,JPY,5.63,0.09,5.54
2005-11-01,AUD_JPY,AUD,JPY,5.63,0.09,5.54
2005-12-01,AUD_JPY,AUD,JPY,5.63,0.1,5.53
2006-01-01,AUD_JPY,AUD,JPY,5.63,0.1036,5.5264
2006-02-01,AUD_JPY,AUD,JPY,5.61,0.11,5.5
2006-03-01,AUD_JPY,AUD,JPY,5.61,0.1255,5.484500000000001
2006-04-01,AUD_JPY,AUD,JPY,5.69,0.14,5.550000000000001
2006-05-01,AUD_JPY,AUD,JPY,5.87,0.27,5.6
2006-06-01,AUD_JPY,AUD,JPY,5.96,0.35,5.61
2006-07-01,AUD_JPY,AUD,JPY,6.05,0.44,5.609999999999999
2006-08-01,AUD_JPY,AUD,JPY,6.19,0.432,5.758
2006-09-01,AUD_JPY,AUD,JPY,6.21,0.436,5.774
2006-10-01,AUD_JPY,AUD,JPY,6.28,0.447,5.833
2006-11-01,AUD_JPY,AUD,JPY,6.37,0.502,5.868
2006-12-01,AUD_JPY,AUD,JPY,6.39,0.54,5.85
2007-01-01,AUD_JPY,AUD,JPY,6.43,0.54,5.89
2007-02-01,AUD_JPY,AUD,JPY,6.37,0.66,5.71
2007-03-01,AUD_JPY,AUD,JPY,6.43,0.66,5.77
2007-04-01,AUD_JPY,AUD,JPY,6.48,0.65,5.83
2007-05-01,AUD_JPY,AUD,JPY,6.37,0.67,5.7
2007-06-01,AUD_JPY,AUD,JPY,6.42,0.73,5.6899999999999995
2007-07-01,AUD_JPY,AUD,JPY,6.47,0.77,5.699999999999999
2007-08-01,AUD_JPY,AUD,JPY,6.75,0.84,5.91
2007-09-01,AUD_JPY,AUD,JPY,6.94,0.85,6.090000000000001
2007-10-01,AUD_JPY,AUD,JPY,6.91,0.85,6.0600000000000005
2007-11-01,AUD_JPY,AUD,JPY,7.15,0.87,6.28
2007-12-01,AUD_JPY,AUD,JPY,7.29,0.86,6.43
2008-01-01,AUD_JPY,AUD,JPY,7.18,0.85,6.33
2008-02-01,AUD_JPY,AUD,JPY,7.69,0.85,6.840000000000001
2008-03-01,AUD_JPY,AUD,JPY,7.9,0.84,7.0600000000000005
2008-04-01,AUD_JPY,AUD,JPY,7.84,0.84,7.0
2008-05-01,AUD_JPY,AUD,JPY,7.75,0.84,6.91
2008-06-01,AUD_JPY,AUD,JPY,7.81,0.86,6.949999999999999
2008-07-01,AUD_JPY,AUD,JPY,7.75,0.85,6.9
2008-08-01,AUD_JPY,AUD,JPY,7.31,0.85,6.46
2008-09-01,AUD_JPY,AUD,JPY,7.27,0.87,6.3999999999999995
2008-10-01,AUD_JPY,AUD,JPY,6.03,0.89,5.140000000000001
2008-11-01,AUD_JPY,AUD,JPY,4.76,0.88,3.88
2008-12-01,AUD_JPY,AUD,JPY,4.39,0.74,3.6499999999999995
2009-01-01,AUD_JPY,AUD,JPY,3.74,0.72,3.0200000000000005
2009-02-01,AUD_JPY,AUD,JPY,3.16,0.71,2.45
2009-03-01,AUD_JPY,AUD,JPY,3.16,0.65,2.5100000000000002
2009-04-01,AUD_JPY,AUD,JPY,3.1,0.6,2.5
2009-05-01,AUD_JPY,AUD,JPY,3.13,0.57,2.56
2009-06-01,AUD_JPY,AUD,JPY,3.25,0.56,2.69
2009-07-01,AUD_JPY,AUD,JPY,3.14,0.55,2.59
2009-08-01,AUD_JPY,AUD,JPY,3.3,0.54,2.76
2009-09-01,AUD_JPY,AUD,JPY,3.37,0.54,2.83
2009-10-01,AUD_JPY,AUD,JPY,3.78,0.53,3.25
2009-11-01,AUD_JPY,AUD,JPY,3.95,0.51,3.4400000000000004
2009-12-01,AUD_JPY,AUD,JPY,4.13,0.46,3.67
2010-01-01,AUD_JPY,AUD,JPY,4.2,0.45,3.75
2010-02-01,AUD_JPY,AUD,JPY,4.16,0.44,3.72
2010-03-01,AUD_JPY,AUD,JPY,4.33,0.43,3.9
2010-04-01,AUD_JPY,AUD,JPY,4.55,0.4,4.1499999999999995
2010-05-01,AUD_JPY,AUD,JPY,4.81,0.39,4.42
2010-06-01,AUD_JPY,AUD,JPY,4.89,0.38,4.51
2010-07-01,AUD_JPY,AUD,JPY,4.84,0.37,4.47
2010-08-01,AUD_JPY,AUD,JPY,4.74,0.36,4.38
2010-09-01,AUD_JPY,AUD,JPY,4.82,0.36,4.46
2010-10-01,AUD_JPY,AUD,JPY,4.81,0.34,4.47
2010-11-01,AUD_JPY,AUD,JPY,5.01,0.34,4.67
2010-12-01,AUD_JPY,AUD,JPY,5.03,0.34,4.69
2011-01-01,AUD_JPY,AUD,JPY,4.96,0.34,4.62
2011-02-01,AUD_JPY,AUD,JPY,4.92,0.34,4.58
2011-03-01,AUD_JPY,AUD,JPY,4.92,0.33615,4.58385
2011-04-01,AUD_JPY,AUD,JPY,4.9,0.33286,4.56714
2011-05-01,AUD_JPY,AUD,JPY,5.0,0.33214,4.66786
2011-06-01,AUD_JPY,AUD,JPY,4.99,0.33214,4.65786
2011-07-01,AUD_JPY,AUD,JPY,4.96,0.33214,4.62786
2011-08-01,AUD_JPY,AUD,JPY,4.86,0.32857,4.53143
2011-09-01,AUD_JPY,AUD,JPY,4.81,0.32929,4.480709999999999
2011-10-01,AUD_JPY,AUD,JPY,4.72,0.32929,4.3907099999999994
2011-11-01,AUD_JPY,AUD,JPY,4.62,0.32929,4.29071
2011-12-01,AUD_JPY,AUD,JPY,4.51,0.32929,4.1807099999999995
2012-01-01,AUD_JPY,AUD,JPY,4.41,0.33077,4.07923
2012-02-01,AUD_JPY,AUD,JPY,4.37,0.33167,4.03833
2012-03-01,AUD_JPY,AUD,JPY,4.44,0.33167,4.1083300000000005
2012-04-01,AUD_JPY,AUD,JPY,4.2,0.33167,3.8683300000000003
2012-05-01,AUD_JPY,AUD,JPY,3.66,0.33167,3.3283300000000002
2012-06-01,AUD_JPY,AUD,JPY,3.49,0.33455,3.15545
2012-07-01,AUD_JPY,AUD,JPY,3.55,0.32727,3.22273
2012-08-01,AUD_JPY,AUD,JPY,3.62,0.32727,3.29273
2012-09-01,AUD_JPY,AUD,JPY,3.49,0.32727,3.1627300000000003
2012-10-01,AUD_JPY,AUD,JPY,3.16,0.32636,2.83364
2012-11-01,AUD_JPY,AUD,JPY,3.24,0.31818,2.9218200000000003
2012-12-01,AUD_JPY,AUD,JPY,3.11,0.30818,2.8018199999999998
2013-01-01,AUD_JPY,AUD,JPY,3.0,0.29182,2.70818
2013-02-01,AUD_JPY,AUD,JPY,2.94,0.26909,2.67091
2013-03-01,AUD_JPY,AUD,JPY,3.05,0.25,2.8
2013-04-01,AUD_JPY,AUD,JPY,3.02,0.22818,2.79182
2013-05-01,AUD_JPY,AUD,JPY,2.82,0.22818,2.59182
2013-06-01,AUD_JPY,AUD,JPY,2.8,0.22818,2.5718199999999998
2013-07-01,AUD_JPY,AUD,JPY,2.76,0.228,2.5319999999999996
2013-08-01,AUD_JPY,AUD,JPY,2.6,0.228,2.372
2013-09-01,AUD_JPY,AUD,JPY,2.58,0.228,2.352
2013-10-01,AUD_JPY,AUD,JPY,2.58,0.221,2.359
2013-11-01,AUD_JPY,AUD,JPY,2.58,0.22,2.36
2013-12-01,AUD_JPY,AUD,JPY,2.6,0.22,2.38
2014-01-01,AUD_JPY,AUD,JPY,2.62,0.22,2.4
2014-02-01,AUD_JPY,AUD,JPY,2.63,0.212,2.4179999999999997
2014-03-01,AUD_JPY,AUD,JPY,2.65,0.212,2.4379999999999997
2014-04-01,AUD_JPY,AUD,JPY,2.68,0.212,2.468
2014-05-01,AUD_JPY,AUD,JPY,2.69,0.21,2.48
2014-06-01,AUD_JPY,AUD,JPY,2.7,0.21,2.49
2014-07-01,AUD_JPY,AUD,JPY,2.65,0.21,2.44
2014-08-01,AUD_JPY,AUD,JPY,2.63,0.21,2.42
2014-09-01,AUD_JPY,AUD,JPY,2.66,0.21,2.45
2014-10-01,AUD_JPY,AUD,JPY,2.72,0.192,2.528
2014-11-01,AUD_JPY,AUD,JPY,2.75,0.182,2.568
2014-12-01,AUD_JPY,AUD,JPY,2.75,0.179,2.571
2015-01-01,AUD_JPY,AUD,JPY,2.7,0.173,2.527
2015-02-01,AUD_JPY,AUD,JPY,2.36,0.171,2.189
2015-03-01,AUD_JPY,AUD,JPY,2.3,0.17,2.13
2015-04-01,AUD_JPY,AUD,JPY,2.25,0.17,2.08
2015-05-01,AUD_JPY,AUD,JPY,2.15,0.169,1.9809999999999999
2015-06-01,AUD_JPY,AUD,JPY,2.15,0.169,1.9809999999999999
2015-07-01,AUD_JPY,AUD,JPY,2.14,0.169,1.971
2015-08-01,AUD_JPY,AUD,JPY,2.14,0.169,1.971
2015-09-01,AUD_JPY,AUD,JPY,2.17,0.169,2.001
2015-10-01,AUD_JPY,AUD,JPY,2.15,0.169,1.9809999999999999
2015-11-01,AUD_JPY,AUD,JPY,2.22,0.169,2.051
2015-12-01,AUD_JPY,AUD,JPY,2.34,0.169,2.171
2016-01-01,AUD_JPY,AUD,JPY,2.3,0.169,2.131
2016-02-01,AUD_JPY,AUD,JPY,2.28,0.098,2.182
2016-03-01,AUD_JPY,AUD,JPY,2.31,0.098,2.212
2016-04-01,AUD_JPY,AUD,JPY,2.26,0.06,2.1999999999999997
2016-05-01,AUD_JPY,AUD,JPY,2.0,0.06,1.94
2016-06-01,AUD_JPY,AUD,JPY,1.99,0.059,1.931
2016-07-01,AUD_JPY,AUD,JPY,1.93,0.058,1.8719999999999999
2016-08-01,AUD_JPY,AUD,JPY,1.76,0.058,1.702
2016-09-01,AUD_JPY,AUD,JPY,1.73,0.056,1.674
2016-10-01,AUD_JPY,AUD,JPY,1.74,0.056,1.684
2016-11-01,AUD_JPY,AUD,JPY,1.76,0.056,1.704
2016-12-01,AUD_JPY,AUD,JPY,1.78,0.056,1.724
2017-01-01,AUD_JPY,AUD,JPY,1.78,0.056,1.724
2017-02-01,AUD_JPY,AUD,JPY,1.78,0.056,1.724
2017-03-01,AUD_JPY,AUD,JPY,1.79,0.056,1.734
2017-04-01,AUD_JPY,AUD,JPY,1.77,0.056,1.714
2017-05-01,AUD_JPY,AUD,JPY,1.73,0.056,1.674
2017-06-01,AUD_JPY,AUD,JPY,1.72,0.056,1.664
2017-07-01,AUD_JPY,AUD,JPY,1.7,0.075,1.625
2017-08-01,AUD_JPY,AUD,JPY,1.7,0.056,1.644
2017-09-01,AUD_JPY,AUD,JPY,1.72,0.056,1.664
2017-10-01,AUD_JPY,AUD,JPY,1.7,0.063,1.637
2017-11-01,AUD_JPY,AUD,JPY,1.72,0.063,1.657
2017-12-01,AUD_JPY,AUD,JPY,1.77,0.063,1.707
2018-01-01,AUD_JPY,AUD,JPY,1.79,0.068,1.722
2018-02-01,AUD_JPY,AUD,JPY,1.77,0.068,1.702
2018-03-01,AUD_JPY,AUD,JPY,1.93,0.097,1.833
2018-04-01,AUD_JPY,AUD,JPY,2.06,0.097,1.963
2018-05-01,AUD_JPY,AUD,JPY,1.96,0.078,1.882
2018-06-01,AUD_JPY,AUD,JPY,2.07,0.078,1.9919999999999998
2018-07-01,AUD_JPY,AUD,JPY,2.02,0.091,1.929
2018-08-01,AUD_JPY,AUD,JPY,1.96,0.091,1.869
2018-09-01,AUD_JPY,AUD,JPY,1.93,0.05,1.88
2018-10-01,AUD_JPY,AUD,JPY,1.93,0.05,1.88
2018-11-01,AUD_JPY,AUD,JPY,1.94,0.05,1.89
2018-12-01,AUD_JPY,AUD,JPY,2.02,0.05,1.97
2019-01-01,AUD_JPY,AUD,JPY,2.07,0.03,2.04
2019-02-01,AUD_JPY,AUD,JPY,1.96,0.03,1.93
2019-03-01,AUD_JPY,AUD,JPY,1.83,0.05,1.78
2019-04-01,AUD_JPY,AUD,JPY,1.68,0.05,1.63
2019-05-01,AUD_JPY,AUD,JPY,1.54,0.049,1.491
2019-06-01,AUD_JPY,AUD,JPY,1.29,0.049,1.241
2019-07-01,AUD_JPY,AUD,JPY,1.11,0.049,1.0610000000000002
2019-08-01,AUD_JPY,AUD,JPY,0.98,0.009,0.971
2019-09-01,AUD_JPY,AUD,JPY,0.98,0.009,0.971
2019-10-01,AUD_JPY,AUD,JPY,0.88,0.009,0.871
2019-11-01,AUD_JPY,AUD,JPY,0.91,0.018,0.892
2019-12-01,AUD_JPY,AUD,JPY,0.9,0.021,0.879
2020-01-01,AUD_JPY,AUD,JPY,0.89,0.021,0.869
2020-02-01,AUD_JPY,AUD,JPY,0.89,0.021,0.869
2020-03-01,AUD_JPY,AUD,JPY,0.53,0.006,0.524
2020-04-01,AUD_JPY,AUD,JPY,0.17,-0.039,0.20900000000000002
2020-05-01,AUD_JPY,AUD,JPY,0.1,-0.042,0.14200000000000002
2020-06-01,AUD_JPY,AUD,JPY,0.1,-0.042,0.14200000000000002
2020-07-01,AUD_JPY,AUD,JPY,0.1,-0.065,0.165
2020-08-01,AUD_JPY,AUD,JPY,0.1,-0.065,0.165
2020-09-01,AUD_JPY,AUD,JPY,0.09,-0.055,0.145
2020-10-01,AUD_JPY,AUD,JPY,0.07,-0.055,0.125
2020-11-01,AUD_JPY,AUD,JPY,0.02,-0.055,0.075
2020-12-01,AUD_JPY,AUD,JPY,0.02,-0.055,0.075
2021-01-01,AUD_JPY,AUD,JPY,0.01,-0.055,0.065
2021-02-01,AUD_JPY,AUD,JPY,0.01,-0.055,0.065
2021-03-01,AUD_JPY,AUD,JPY,0.03,-0.065,0.095
2021-04-01,AUD_JPY,AUD,JPY,0.04,-0.065,0.10500000000000001
2021-05-01,AUD_JPY,AUD,JPY,0.04,-0.065,0.10500000000000001
2021-06-01,AUD_JPY,AUD,JPY,0.03,-0.072,0.102
2021-07-01,AUD_JPY,AUD,JPY,0.02,-0.072,0.092
2021-08-01,AUD_JPY,AUD,JPY,0.01,-0.072,0.08199999999999999
2021-09-01,AUD_JPY,AUD,JPY,0.01,-0.072,0.08199999999999999
2021-10-01,AUD_JPY,AUD,JPY,0.04,-0.072,0.11199999999999999
2021-11-01,AUD_JPY,AUD,JPY,0.04,-0.072,0.11199999999999999
2021-12-01,AUD_JPY,AUD,JPY,0.06,-0.049,0.109
2022-01-01,AUD_JPY,AUD,JPY,0.07,-0.049,0.11900000000000001
2022-02-01,AUD_JPY,AUD,JPY,0.07,-0.049,0.11900000000000001
2022-03-01,AUD_JPY,AUD,JPY,0.17,-0.049,0.21900000000000003
2022-04-01,AUD_JPY,AUD,JPY,0.41,-0.049,0.45899999999999996
2022-05-01,AUD_JPY,AUD,JPY,1.0,-0.049,1.049
2022-06-01,AUD_JPY,AUD,JPY,1.6,0.005,1.5950000000000002
2022-07-01,AUD_JPY,AUD,JPY,2.07,-0.031,2.101
2022-08-01,AUD_JPY,AUD,JPY,2.31,-0.02,2.33
2022-09-01,AUD_JPY,AUD,JPY,2.76,-0.016,2.776
2022-10-01,AUD_JPY,AUD,JPY,2.95,-0.016,2.966
2022-11-01,AUD_JPY,AUD,JPY,3.06,-0.016,3.076
2022-12-01,AUD_JPY,AUD,JPY,3.17,-0.015,3.185
2023-01-01,AUD_JPY,AUD,JPY,3.32,-0.006,3.3259999999999996
2023-02-01,AUD_JPY,AUD,JPY,3.46,0.001,3.459
2023-03-01,AUD_JPY,AUD,JPY,3.64,-0.008,3.648
2023-04-01,AUD_JPY,AUD,JPY,3.66,-0.001,3.661
2023-05-01,AUD_JPY,AUD,JPY,3.9,-0.019,3.919
2023-06-01,AUD_JPY,AUD,JPY,4.25,-0.003,4.253
2023-07-01,AUD_JPY,AUD,JPY,4.3,-0.003,4.303
2023-08-01,AUD_JPY,AUD,JPY,4.15,-0.003,4.1530000000000005
2023-09-01,AUD_JPY,AUD,JPY,4.13,0.024,4.106
2023-10-01,AUD_JPY,AUD,JPY,4.21,-0.012,4.2219999999999995
2023-11-01,AUD_JPY,AUD,JPY,4.38,0.024,4.356
2023-12-01,AUD_JPY,AUD,JPY,4.35,0.052,4.298
2024-01-01,AUD_JPY,AUD,JPY,4.35,0.025,4.324999999999999
2024-02-01,AUD_JPY,AUD,JPY,4.34,0.027,4.313
2024-03-01,AUD_JPY,AUD,JPY,4.35,0.109,4.241
2024-04-01,AUD_JPY,AUD,JPY,4.37,0.109,4.261
2024-05-01,AUD_JPY,AUD,JPY,4.36,0.129,4.231
2024-06-01,AUD_JPY,AUD,JPY,4.39,0.149,4.241
2024-07-01,AUD_JPY,AUD,JPY,4.46,0.166,4.294
2024-08-01,AUD_JPY,AUD,JPY,4.38,0.255,4.125
2024-09-01,AUD_JPY,AUD,JPY,4.42,0.256,4.164
2024-10-01,AUD_JPY,AUD,JPY,4.41,0.256,4.154
2024-11-01,AUD_JPY,AUD,JPY,4.42,0.362,4.058
2024-12-01,AUD_JPY,AUD,JPY,4.44,0.386,4.054
2025-01-01,AUD_JPY,AUD,JPY,4.33,0.76727,3.56273
2025-02-01,AUD_JPY,AUD,JPY,4.17,0.79182,3.37818
2025-03-01,AUD_JPY,AUD,JPY,4.12,0.82091,3.29909
2025-04-01,AUD_JPY,AUD,JPY,4.02,0.78364,3.2363599999999995
2025-05-01,AUD_JPY,AUD,JPY,3.78,0.77545,3.00455
2025-06-01,AUD_JPY,AUD,JPY,3.69,0.77273,2.91727
2025-07-01,AUD_JPY,AUD,JPY,3.68,0.77273,2.90727
2025-08-01,AUD_JPY,AUD,JPY,3.61,0.77273,2.8372699999999997
2025-09-01,AUD_JPY,AUD,JPY,3.58,0.81818,2.76182
2025-10-01,AUD_JPY,AUD,JPY,3.56,0.80909,2.75091
2025-11-01,AUD_JPY,AUD,JPY,3.65,0.80636,2.8436399999999997
2025-12-01,AUD_JPY,AUD,JPY,3.71,1.07273,2.63727
2026-01-01,AUD_JPY,AUD,JPY,3.77,1.11636,2.65364
2026-02-01,AUD_JPY,AUD,JPY,3.96,1.22909,2.7309099999999997
2026-03-01,AUD_JPY,AUD,JPY,4.19,1.26882,2.9211800000000006
2026-04-01,AUD_JPY,AUD,JPY,4.34,1.26882,3.07118
1995-01-01,AUD_USD,AUD,USD,8.37,6.24,2.129999999999999
1995-02-01,AUD_USD,AUD,USD,8.08,6.16,1.92
1995-03-01,AUD_USD,AUD,USD,8.13,6.15,1.9800000000000004
1995-04-01,AUD_USD,AUD,USD,7.89,6.11,1.7799999999999994
1995-05-01,AUD_USD,AUD,USD,7.7,6.02,1.6800000000000006
1995-06-01,AUD_USD,AUD,USD,7.55,5.9,1.6499999999999995
1995-07-01,AUD_USD,AUD,USD,7.56,5.77,1.79
1995-08-01,AUD_USD,AUD,USD,7.58,5.77,1.8100000000000005
1995-09-01,AUD_USD,AUD,USD,7.49,5.73,1.7599999999999998
1995-10-01,AUD_USD,AUD,USD,7.47,5.79,1.6799999999999997
1995-11-01,AUD_USD,AUD,USD,7.46,5.74,1.7199999999999998
1995-12-01,AUD_USD,AUD,USD,7.43,5.62,1.8099999999999996
1996-01-01,AUD_USD,AUD,USD,7.46,5.39,2.0700000000000003
1996-02-01,AUD_USD,AUD,USD,7.47,5.15,2.3199999999999994
1996-03-01,AUD_USD,AUD,USD,7.53,5.29,2.24
1996-04-01,AUD_USD,AUD,USD,7.57,5.36,2.21
1996-05-01,AUD_USD,AUD,USD,7.55,5.36,2.1899999999999995
1996-06-01,AUD_USD,AUD,USD,7.57,5.46,2.1100000000000003
1996-07-01,AUD_USD,AUD,USD,7.56,5.53,2.0299999999999994
1996-08-01,AUD_USD,AUD,USD,6.92,5.4,1.5199999999999996
1996-09-01,AUD_USD,AUD,USD,6.91,5.51,1.4000000000000004
1996-10-01,AUD_USD,AUD,USD,6.7,5.41,1.29
1996-11-01,AUD_USD,AUD,USD,6.45,5.38,1.0700000000000003
1996-12-01,AUD_USD,AUD,USD,6.13,5.44,0.6899999999999995
1997-01-01,AUD_USD,AUD,USD,5.82,5.43,0.39000000000000057
1997-02-01,AUD_USD,AUD,USD,5.91,5.37,0.54
1997-03-01,AUD_USD,AUD,USD,6.05,5.53,0.5199999999999996
1997-04-01,AUD_USD,AUD,USD,6.04,5.71,0.33000000000000007
1997-05-01,AUD_USD,AUD,USD,5.87,5.7,0.16999999999999993
1997-06-01,AUD_USD,AUD,USD,5.35,5.66,-0.3100000000000005
1997-07-01,AUD_USD,AUD,USD,5.19,5.6,-0.40999999999999925
1997-08-01,AUD_USD,AUD,USD,4.9,5.6,-0.6999999999999993
1997-09-01,AUD_USD,AUD,USD,4.77,5.6,-0.8300000000000001
1997-10-01,AUD_USD,AUD,USD,4.83,5.65,-0.8200000000000003
1997-11-01,AUD_USD,AUD,USD,4.95,5.74,-0.79
1997-12-01,AUD_USD,AUD,USD,5.07,5.8,-0.7299999999999995
1998-01-01,AUD_USD,AUD,USD,4.99,5.54,-0.5499999999999998
1998-02-01,AUD_USD,AUD,USD,4.97,5.54,-0.5700000000000003
1998-03-01,AUD_USD,AUD,USD,4.96,5.58,-0.6200000000000001
1998-04-01,AUD_USD,AUD,USD,4.92,5.58,-0.6600000000000001
1998-05-01,AUD_USD,AUD,USD,4.96,5.59,-0.6299999999999999
1998-06-01,AUD_USD,AUD,USD,5.32,5.6,-0.27999999999999936
1998-07-01,AUD_USD,AUD,USD,5.17,5.59,-0.41999999999999993
1998-08-01,AUD_USD,AUD,USD,5.19,5.58,-0.3899999999999997
1998-09-01,AUD_USD,AUD,USD,5.03,5.41,-0.3799999999999999
1998-10-01,AUD_USD,AUD,USD,4.83,5.21,-0.3799999999999999
1998-11-01,AUD_USD,AUD,USD,4.88,5.24,-0.3600000000000003
1998-12-01,AUD_USD,AUD,USD,4.8,5.14,-0.33999999999999986
1999-01-01,AUD_USD,AUD,USD,4.79,4.89,-0.09999999999999964
1999-02-01,AUD_USD,AUD,USD,4.77,4.9,-0.13000000000000078
1999-03-01,AUD_USD,AUD,USD,4.81,4.91,-0.10000000000000053
1999-04-01,AUD_USD,AUD,USD,4.76,4.88,-0.1200000000000001
1999-05-01,AUD_USD,AUD,USD,4.86,4.92,-0.05999999999999961
1999-06-01,AUD_USD,AUD,USD,4.93,5.13,-0.20000000000000018
1999-07-01,AUD_USD,AUD,USD,4.89,5.24,-0.35000000000000053
1999-08-01,AUD_USD,AUD,USD,4.92,5.41,-0.4900000000000002
1999-09-01,AUD_USD,AUD,USD,5.01,5.5,-0.4900000000000002
1999-10-01,AUD_USD,AUD,USD,5.31,6.13,-0.8200000000000003
1999-11-01,AUD_USD,AUD,USD,5.44,6.0,-0.5599999999999996
1999-12-01,AUD_USD,AUD,USD,5.65,6.05,-0.39999999999999947
2000-01-01,AUD_USD,AUD,USD,5.66,5.95,-0.29000000000000004
2000-02-01,AUD_USD,AUD,USD,5.8,6.01,-0.20999999999999996
2000-03-01,AUD_USD,AUD,USD,5.89,6.14,-0.25
2000-04-01,AUD_USD,AUD,USD,6.04,6.28,-0.2400000000000002
2000-05-01,AUD_USD,AUD,USD,6.31,6.71,-0.40000000000000036
2000-06-01,AUD_USD,AUD,USD,6.23,6.73,-0.5
2000-07-01,AUD_USD,AUD,USD,6.2,6.67,-0.46999999999999975
2000-08-01,AUD_USD,AUD,USD,6.49,6.61,-0.1200000000000001
2000-09-01,AUD_USD,AUD,USD,6.57,6.6,-0.02999999999999936
2000-10-01,AUD_USD,AUD,USD,6.41,6.67,-0.2599999999999998
2000-11-01,AUD_USD,AUD,USD,6.33,6.65,-0.3200000000000003
2000-12-01,AUD_USD,AUD,USD,6.2,6.45,-0.25
2001-01-01,AUD_USD,AUD,USD,5.91,5.62,0.29000000000000004
2001-02-01,AUD_USD,AUD,USD,5.59,5.26,0.33000000000000007
2001-03-01,AUD_USD,AUD,USD,5.14,4.89,0.25
2001-04-01,AUD_USD,AUD,USD,4.86,4.53,0.33000000000000007
2001-05-01,AUD_USD,AUD,USD,4.89,4.02,0.8700000000000001
2001-06-01,AUD_USD,AUD,USD,4.97,3.74,1.2299999999999995
2001-07-01,AUD_USD,AUD,USD,5.04,3.66,1.38
2001-08-01,AUD_USD,AUD,USD,4.95,3.48,1.4700000000000002
2001-09-01,AUD_USD,AUD,USD,4.55,2.87,1.6799999999999997
2001-10-01,AUD_USD,AUD,USD,4.36,2.31,2.0500000000000003
2001-11-01,AUD_USD,AUD,USD,4.28,2.03,2.2500000000000004
2001-12-01,AUD_USD,AUD,USD,4.25,1.83,2.42
2002-01-01,AUD_USD,AUD,USD,4.26,1.74,2.5199999999999996
2002-02-01,AUD_USD,AUD,USD,4.31,1.82,2.4899999999999993
2002-03-01,AUD_USD,AUD,USD,4.46,1.91,2.55
2002-04-01,AUD_USD,AUD,USD,4.59,1.87,2.7199999999999998
2002-05-01,AUD_USD,AUD,USD,4.84,1.82,3.0199999999999996
2002-06-01,AUD_USD,AUD,USD,5.07,1.81,3.2600000000000002
2002-07-01,AUD_USD,AUD,USD,4.98,1.79,3.1900000000000004
2002-08-01,AUD_USD,AUD,USD,4.96,1.73,3.23
2002-09-01,AUD_USD,AUD,USD,4.92,1.76,3.16
2002-10-01,AUD_USD,AUD,USD,4.9,1.73,3.1700000000000004
2002-11-01,AUD_USD,AUD,USD,4.84,1.39,3.45
2002-12-01,AUD_USD,AUD,USD,4.83,1.34,3.49
2003-01-01,AUD_USD,AUD,USD,4.8,1.29,3.51
2003-02-01,AUD_USD,AUD,USD,4.75,1.27,3.48
2003-03-01,AUD_USD,AUD,USD,4.76,1.23,3.53
2003-04-01,AUD_USD,AUD,USD,4.79,1.24,3.55
2003-05-01,AUD_USD,AUD,USD,4.78,1.22,3.5600000000000005
2003-06-01,AUD_USD,AUD,USD,4.67,1.04,3.63
2003-07-01,AUD_USD,AUD,USD,4.72,1.05,3.67
2003-08-01,AUD_USD,AUD,USD,4.82,1.08,3.74
2003-09-01,AUD_USD,AUD,USD,4.91,1.08,3.83
2003-10-01,AUD_USD,AUD,USD,4.97,1.1,3.8699999999999997
2003-11-01,AUD_USD,AUD,USD,5.31,1.11,4.199999999999999
2003-12-01,AUD_USD,AUD,USD,5.47,1.1,4.369999999999999
2004-01-01,AUD_USD,AUD,USD,5.55,1.06,4.49
2004-02-01,AUD_USD,AUD,USD,5.57,1.05,4.5200000000000005
2004-03-01,AUD_USD,AUD,USD,5.51,1.05,4.46
2004-04-01,AUD_USD,AUD,USD,5.54,1.08,4.46
2004-05-01,AUD_USD,AUD,USD,5.51,1.2,4.31
2004-06-01,AUD_USD,AUD,USD,5.49,1.46,4.03
2004-07-01,AUD_USD,AUD,USD,5.46,1.57,3.8899999999999997
2004-08-01,AUD_USD,AUD,USD,5.44,1.68,3.7600000000000007
2004-09-01,AUD_USD,AUD,USD,5.42,1.86,3.5599999999999996
2004-10-01,AUD_USD,AUD,USD,5.41,2.04,3.37
2004-11-01,AUD_USD,AUD,USD,5.43,2.26,3.17
2004-12-01,AUD_USD,AUD,USD,5.41,2.45,2.96
2005-01-01,AUD_USD,AUD,USD,5.42,2.61,2.81
2005-02-01,AUD_USD,AUD,USD,5.63,2.77,2.86
2005-03-01,AUD_USD,AUD,USD,5.81,2.97,2.8399999999999994
2005-04-01,AUD_USD,AUD,USD,5.75,3.09,2.66
2005-05-01,AUD_USD,AUD,USD,5.68,3.22,2.4599999999999995
2005-06-01,AUD_USD,AUD,USD,5.66,3.38,2.2800000000000002
2005-07-01,AUD_USD,AUD,USD,5.65,3.57,2.0800000000000005
2005-08-01,AUD_USD,AUD,USD,5.62,3.77,1.85
2005-09-01,AUD_USD,AUD,USD,5.62,3.87,1.75
2005-10-01,AUD_USD,AUD,USD,5.63,4.13,1.5
2005-11-01,AUD_USD,AUD,USD,5.63,4.31,1.3200000000000003
2005-12-01,AUD_USD,AUD,USD,5.63,4.45,1.1799999999999997
2006-01-01,AUD_USD,AUD,USD,5.63,4.56,1.0700000000000003
2006-02-01,AUD_USD,AUD,USD,5.61,4.72,0.8900000000000006
2006-03-01,AUD_USD,AUD,USD,5.61,4.88,0.7300000000000004
2006-04-01,AUD_USD,AUD,USD,5.69,5.03,0.6600000000000001
2006-05-01,AUD_USD,AUD,USD,5.87,5.15,0.7199999999999998
2006-06-01,AUD_USD,AUD,USD,5.96,5.35,0.6100000000000003
2006-07-01,AUD_USD,AUD,USD,6.05,5.46,0.5899999999999999
2006-08-01,AUD_USD,AUD,USD,6.19,5.38,0.8100000000000005
2006-09-01,AUD_USD,AUD,USD,6.21,5.34,0.8700000000000001
2006-10-01,AUD_USD,AUD,USD,6.28,5.33,0.9500000000000002
2006-11-01,AUD_USD,AUD,USD,6.37,5.32,1.0499999999999998
2006-12-01,AUD_USD,AUD,USD,6.39,5.32,1.0699999999999994
2007-01-01,AUD_USD,AUD,USD,6.43,5.32,1.1099999999999994
2007-02-01,AUD_USD,AUD,USD,6.37,5.31,1.0600000000000005
2007-03-01,AUD_USD,AUD,USD,6.43,5.3,1.13
2007-04-01,AUD_USD,AUD,USD,6.48,5.31,1.1700000000000008
2007-05-01,AUD_USD,AUD,USD,6.37,5.31,1.0600000000000005
2007-06-01,AUD_USD,AUD,USD,6.42,5.33,1.0899999999999999
2007-07-01,AUD_USD,AUD,USD,6.47,5.32,1.1499999999999995
2007-08-01,AUD_USD,AUD,USD,6.75,5.49,1.2599999999999998
2007-09-01,AUD_USD,AUD,USD,6.94,5.46,1.4800000000000004
2007-10-01,AUD_USD,AUD,USD,6.91,5.08,1.83
2007-11-01,AUD_USD,AUD,USD,7.15,4.97,2.1800000000000006
2007-12-01,AUD_USD,AUD,USD,7.29,5.02,2.2700000000000005
2008-01-01,AUD_USD,AUD,USD,7.18,3.84,3.34
2008-02-01,AUD_USD,AUD,USD,7.69,3.06,4.630000000000001
2008-03-01,AUD_USD,AUD,USD,7.9,2.79,5.11
2008-04-01,AUD_USD,AUD,USD,7.84,2.85,4.99
2008-05-01,AUD_USD,AUD,USD,7.75,2.66,5.09
2008-06-01,AUD_USD,AUD,USD,7.81,2.76,5.05
2008-07-01,AUD_USD,AUD,USD,7.75,2.79,4.96
2008-08-01,AUD_USD,AUD,USD,7.31,2.79,4.52
2008-09-01,AUD_USD,AUD,USD,7.27,3.59,3.6799999999999997
2008-10-01,AUD_USD,AUD,USD,6.03,4.32,1.71
2008-11-01,AUD_USD,AUD,USD,4.76,2.36,2.4
2008-12-01,AUD_USD,AUD,USD,4.39,1.77,2.6199999999999997
2009-01-01,AUD_USD,AUD,USD,3.74,1.02,2.72
2009-02-01,AUD_USD,AUD,USD,3.16,1.16,2.0
2009-03-01,AUD_USD,AUD,USD,3.16,1.07,2.09
2009-04-01,AUD_USD,AUD,USD,3.1,0.89,2.21
2009-05-01,AUD_USD,AUD,USD,3.13,0.57,2.56
2009-06-01,AUD_USD,AUD,USD,3.25,0.39,2.86
2009-07-01,AUD_USD,AUD,USD,3.14,0.35,2.79
2009-08-01,AUD_USD,AUD,USD,3.3,0.3,3.0
2009-09-01,AUD_USD,AUD,USD,3.37,0.25,3.12
2009-10-01,AUD_USD,AUD,USD,3.78,0.24,3.54
2009-11-01,AUD_USD,AUD,USD,3.95,0.21,3.74
2009-12-01,AUD_USD,AUD,USD,4.13,0.22,3.9099999999999997
2010-01-01,AUD_USD,AUD,USD,4.2,0.2,4.0
2010-02-01,AUD_USD,AUD,USD,4.16,0.19,3.97
2010-03-01,AUD_USD,AUD,USD,4.33,0.23,4.1
2010-04-01,AUD_USD,AUD,USD,4.55,0.3,4.25
2010-05-01,AUD_USD,AUD,USD,4.81,0.45,4.359999999999999
2010-06-01,AUD_USD,AUD,USD,4.89,0.52,4.369999999999999
2010-07-01,AUD_USD,AUD,USD,4.84,0.41,4.43
2010-08-01,AUD_USD,AUD,USD,4.74,0.32,4.42
2010-09-01,AUD_USD,AUD,USD,4.82,0.28,4.54
2010-10-01,AUD_USD,AUD,USD,4.81,0.27,4.539999999999999
2010-11-01,AUD_USD,AUD,USD,5.01,0.27,4.74
2010-12-01,AUD_USD,AUD,USD,5.03,0.3,4.73
2011-01-01,AUD_USD,AUD,USD,4.96,0.29,4.67
2011-02-01,AUD_USD,AUD,USD,4.92,0.28,4.64
2011-03-01,AUD_USD,AUD,USD,4.92,0.28,4.64
2011-04-01,AUD_USD,AUD,USD,4.9,0.23,4.67
2011-05-01,AUD_USD,AUD,USD,5.0,0.21,4.79
2011-06-01,AUD_USD,AUD,USD,4.99,0.22,4.7700000000000005
2011-07-01,AUD_USD,AUD,USD,4.96,0.24,4.72
2011-08-01,AUD_USD,AUD,USD,4.86,0.29,4.57
2011-09-01,AUD_USD,AUD,USD,4.81,0.33,4.4799999999999995
2011-10-01,AUD_USD,AUD,USD,4.72,0.37,4.35
2011-11-01,AUD_USD,AUD,USD,4.62,0.41,4.21
2011-12-01,AUD_USD,AUD,USD,4.51,0.49,4.02
2012-01-01,AUD_USD,AUD,USD,4.41,0.4,4.01
2012-02-01,AUD_USD,AUD,USD,4.37,0.3,4.07
2012-03-01,AUD_USD,AUD,USD,4.44,0.29,4.15
2012-04-01,AUD_USD,AUD,USD,4.2,0.29,3.91
2012-05-01,AUD_USD,AUD,USD,3.66,0.29,3.37
2012-06-01,AUD_USD,AUD,USD,3.49,0.32,3.1700000000000004
2012-07-01,AUD_USD,AUD,USD,3.55,0.3,3.25
2012-08-01,AUD_USD,AUD,USD,3.62,0.26,3.3600000000000003
2012-09-01,AUD_USD,AUD,USD,3.49,0.24,3.25
2012-10-01,AUD_USD,AUD,USD,3.16,0.23,2.93
2012-11-01,AUD_USD,AUD,USD,3.24,0.23,3.0100000000000002
2012-12-01,AUD_USD,AUD,USD,3.11,0.24,2.87
2013-01-01,AUD_USD,AUD,USD,3.0,0.23,2.77
2013-02-01,AUD_USD,AUD,USD,2.94,0.22,2.7199999999999998
2013-03-01,AUD_USD,AUD,USD,3.05,0.21,2.84
2013-04-01,AUD_USD,AUD,USD,3.02,0.2,2.82
2013-05-01,AUD_USD,AUD,USD,2.82,0.2,2.6199999999999997
2013-06-01,AUD_USD,AUD,USD,2.8,0.19,2.61
2013-07-01,AUD_USD,AUD,USD,2.76,0.14,2.6199999999999997
2013-08-01,AUD_USD,AUD,USD,2.6,0.12,2.48
2013-09-01,AUD_USD,AUD,USD,2.58,0.11,2.47
2013-10-01,AUD_USD,AUD,USD,2.58,0.12,2.46
2013-11-01,AUD_USD,AUD,USD,2.58,0.12,2.46
2013-12-01,AUD_USD,AUD,USD,2.6,0.14,2.46
2014-01-01,AUD_USD,AUD,USD,2.62,0.12,2.5
2014-02-01,AUD_USD,AUD,USD,2.63,0.13,2.5
2014-03-01,AUD_USD,AUD,USD,2.65,0.12,2.53
2014-04-01,AUD_USD,AUD,USD,2.68,0.12,2.56
2014-05-01,AUD_USD,AUD,USD,2.69,0.11,2.58
2014-06-01,AUD_USD,AUD,USD,2.7,0.11,2.5900000000000003
2014-07-01,AUD_USD,AUD,USD,2.65,0.13,2.52
2014-08-01,AUD_USD,AUD,USD,2.63,0.13,2.5
2014-09-01,AUD_USD,AUD,USD,2.66,0.12,2.54
2014-10-01,AUD_USD,AUD,USD,2.72,0.12,2.6
2014-11-01,AUD_USD,AUD,USD,2.75,0.13,2.62
2014-12-01,AUD_USD,AUD,USD,2.75,0.15,2.6
2015-01-01,AUD_USD,AUD,USD,2.7,0.16,2.54
2015-02-01,AUD_USD,AUD,USD,2.36,0.15,2.21
2015-03-01,AUD_USD,AUD,USD,2.3,0.14,2.1599999999999997
2015-04-01,AUD_USD,AUD,USD,2.25,0.13,2.12
2015-05-01,AUD_USD,AUD,USD,2.15,0.15,2.0
2015-06-01,AUD_USD,AUD,USD,2.15,0.18,1.97
2015-07-01,AUD_USD,AUD,USD,2.14,0.19,1.9500000000000002
2015-08-01,AUD_USD,AUD,USD,2.14,0.26,1.8800000000000001
2015-09-01,AUD_USD,AUD,USD,2.17,0.27,1.9
2015-10-01,AUD_USD,AUD,USD,2.15,0.25,1.9
2015-11-01,AUD_USD,AUD,USD,2.22,0.3,1.9200000000000002
2015-12-01,AUD_USD,AUD,USD,2.34,0.54,1.7999999999999998
2016-01-01,AUD_USD,AUD,USD,2.3,0.57,1.73
2016-02-01,AUD_USD,AUD,USD,2.28,0.54,1.7399999999999998
2016-03-01,AUD_USD,AUD,USD,2.31,0.55,1.76
2016-04-01,AUD_USD,AUD,USD,2.26,0.55,1.7099999999999997
2016-05-01,AUD_USD,AUD,USD,2.0,0.57,1.4300000000000002
2016-06-01,AUD_USD,AUD,USD,1.99,0.55,1.44
2016-07-01,AUD_USD,AUD,USD,1.93,0.62,1.31
2016-08-01,AUD_USD,AUD,USD,1.76,0.73,1.03
2016-09-01,AUD_USD,AUD,USD,1.73,0.75,0.98
2016-10-01,AUD_USD,AUD,USD,1.74,0.72,1.02
2016-11-01,AUD_USD,AUD,USD,1.76,0.71,1.05
2016-12-01,AUD_USD,AUD,USD,1.78,0.87,0.91
2017-01-01,AUD_USD,AUD,USD,1.78,0.9,0.88
2017-02-01,AUD_USD,AUD,USD,1.78,0.87,0.91
2017-03-01,AUD_USD,AUD,USD,1.79,0.98,0.81
2017-04-01,AUD_USD,AUD,USD,1.77,1.03,0.74
2017-05-01,AUD_USD,AUD,USD,1.73,1.05,0.6799999999999999
2017-06-01,AUD_USD,AUD,USD,1.72,1.16,0.56
2017-07-01,AUD_USD,AUD,USD,1.7,1.22,0.48
2017-08-01,AUD_USD,AUD,USD,1.7,1.25,0.44999999999999996
2017-09-01,AUD_USD,AUD,USD,1.72,1.25,0.47
2017-10-01,AUD_USD,AUD,USD,1.7,1.26,0.43999999999999995
2017-11-01,AUD_USD,AUD,USD,1.72,1.32,0.3999999999999999
2017-12-01,AUD_USD,AUD,USD,1.77,1.54,0.22999999999999998
2018-01-01,AUD_USD,AUD,USD,1.79,1.63,0.16000000000000014
2018-02-01,AUD_USD,AUD,USD,1.77,1.78,-0.010000000000000009
2018-03-01,AUD_USD,AUD,USD,1.93,2.08,-0.15000000000000013
2018-04-01,AUD_USD,AUD,USD,2.06,2.2,-0.14000000000000012
2018-05-01,AUD_USD,AUD,USD,1.96,2.16,-0.20000000000000018
2018-06-01,AUD_USD,AUD,USD,2.07,2.19,-0.1200000000000001
2018-07-01,AUD_USD,AUD,USD,2.02,2.17,-0.1499999999999999
2018-08-01,AUD_USD,AUD,USD,1.96,2.19,-0.22999999999999998
2018-09-01,AUD_USD,AUD,USD,1.93,2.24,-0.3100000000000003
2018-10-01,AUD_USD,AUD,USD,1.93,2.37,-0.44000000000000017
2018-11-01,AUD_USD,AUD,USD,1.94,2.56,-0.6200000000000001
2018-12-01,AUD_USD,AUD,USD,2.02,2.69,-0.6699999999999999
2019-01-01,AUD_USD,AUD,USD,2.07,2.59,-0.52
2019-02-01,AUD_USD,AUD,USD,1.96,2.49,-0.5300000000000002
2019-03-01,AUD_USD,AUD,USD,1.83,2.48,-0.6499999999999999
2019-04-01,AUD_USD,AUD,USD,1.68,2.47,-0.7900000000000003
2019-05-01,AUD_USD,AUD,USD,1.54,2.44,-0.8999999999999999
2019-06-01,AUD_USD,AUD,USD,1.29,2.3,-1.0099999999999998
2019-07-01,AUD_USD,AUD,USD,1.11,2.22,-1.11
2019-08-01,AUD_USD,AUD,USD,0.98,2.06,-1.08
2019-09-01,AUD_USD,AUD,USD,0.98,2.03,-1.0499999999999998
2019-10-01,AUD_USD,AUD,USD,0.88,1.88,-0.9999999999999999
2019-11-01,AUD_USD,AUD,USD,0.91,1.77,-0.86
2019-12-01,AUD_USD,AUD,USD,0.9,1.76,-0.86
2020-01-01,AUD_USD,AUD,USD,0.89,1.65,-0.7599999999999999
2020-02-01,AUD_USD,AUD,USD,0.89,1.59,-0.7000000000000001
2020-03-01,AUD_USD,AUD,USD,0.53,1.35,-0.8200000000000001
2020-04-01,AUD_USD,AUD,USD,0.17,1.35,-1.1800000000000002
2020-05-01,AUD_USD,AUD,USD,0.1,0.17,-0.07
2020-06-01,AUD_USD,AUD,USD,0.1,0.2,-0.1
2020-07-01,AUD_USD,AUD,USD,0.1,0.18,-0.07999999999999999
2020-08-01,AUD_USD,AUD,USD,0.1,0.15,-0.04999999999999999
2020-09-01,AUD_USD,AUD,USD,0.09,0.13,-0.04000000000000001
2020-10-01,AUD_USD,AUD,USD,0.07,0.12,-0.04999999999999999
2020-11-01,AUD_USD,AUD,USD,0.02,0.16,-0.14
2020-12-01,AUD_USD,AUD,USD,0.02,0.17,-0.15000000000000002
2021-01-01,AUD_USD,AUD,USD,0.01,0.14,-0.13
2021-02-01,AUD_USD,AUD,USD,0.01,0.11,-0.1
2021-03-01,AUD_USD,AUD,USD,0.03,0.1,-0.07
2021-04-01,AUD_USD,AUD,USD,0.04,0.11,-0.07
2021-05-01,AUD_USD,AUD,USD,0.04,0.1,-0.060000000000000005
2021-06-01,AUD_USD,AUD,USD,0.03,0.09,-0.06
2021-07-01,AUD_USD,AUD,USD,0.02,0.1,-0.08
2021-08-01,AUD_USD,AUD,USD,0.01,0.1,-0.09000000000000001
2021-09-01,AUD_USD,AUD,USD,0.01,0.1,-0.09000000000000001
2021-10-01,AUD_USD,AUD,USD,0.04,0.11,-0.07
2021-11-01,AUD_USD,AUD,USD,0.04,0.14,-0.1
2021-12-01,AUD_USD,AUD,USD,0.06,0.17,-0.11000000000000001
2022-01-01,AUD_USD,AUD,USD,0.07,0.22,-0.15
2022-02-01,AUD_USD,AUD,USD,0.07,0.38,-0.31
2022-03-01,AUD_USD,AUD,USD,0.17,0.73,-0.5599999999999999
2022-04-01,AUD_USD,AUD,USD,0.41,0.91,-0.5
2022-05-01,AUD_USD,AUD,USD,1.0,1.33,-0.33000000000000007
2022-06-01,AUD_USD,AUD,USD,1.6,1.87,-0.27
2022-07-01,AUD_USD,AUD,USD,2.07,2.5,-0.43000000000000016
2022-08-01,AUD_USD,AUD,USD,2.31,2.76,-0.44999999999999973
2022-09-01,AUD_USD,AUD,USD,2.76,3.21,-0.4500000000000002
2022-10-01,AUD_USD,AUD,USD,2.95,3.85,-0.8999999999999999
2022-11-01,AUD_USD,AUD,USD,3.06,4.46,-1.4
2022-12-01,AUD_USD,AUD,USD,3.17,4.51,-1.3399999999999999
2023-01-01,AUD_USD,AUD,USD,3.32,4.61,-1.2900000000000005
2023-02-01,AUD_USD,AUD,USD,3.46,4.74,-1.2800000000000002
2023-03-01,AUD_USD,AUD,USD,3.64,4.91,-1.27
2023-04-01,AUD_USD,AUD,USD,3.66,5.03,-1.37
2023-05-01,AUD_USD,AUD,USD,3.9,5.15,-1.2500000000000004
2023-06-01,AUD_USD,AUD,USD,4.25,5.22,-0.9699999999999998
2023-07-01,AUD_USD,AUD,USD,4.3,5.35,-1.0499999999999998
2023-08-01,AUD_USD,AUD,USD,4.15,5.44,-1.29
2023-09-01,AUD_USD,AUD,USD,4.13,5.49,-1.3600000000000003
2023-10-01,AUD_USD,AUD,USD,4.21,5.46,-1.25
2023-11-01,AUD_USD,AUD,USD,4.38,5.41,-1.0300000000000002
2023-12-01,AUD_USD,AUD,USD,4.35,5.32,-0.9700000000000006
2024-01-01,AUD_USD,AUD,USD,4.35,5.26,-0.9100000000000001
2024-02-01,AUD_USD,AUD,USD,4.34,5.22,-0.8799999999999999
2024-03-01,AUD_USD,AUD,USD,4.35,5.29,-0.9400000000000004
2024-04-01,AUD_USD,AUD,USD,4.37,5.33,-0.96
2024-05-01,AUD_USD,AUD,USD,4.36,5.33,-0.9699999999999998
2024-06-01,AUD_USD,AUD,USD,4.39,5.28,-0.8900000000000006
2024-07-01,AUD_USD,AUD,USD,4.46,5.31,-0.8499999999999996
2024-08-01,AUD_USD,AUD,USD,4.38,5.12,-0.7400000000000002
2024-09-01,AUD_USD,AUD,USD,4.42,4.86,-0.4400000000000004
2024-10-01,AUD_USD,AUD,USD,4.41,4.62,-0.20999999999999996
2024-11-01,AUD_USD,AUD,USD,4.42,4.53,-0.11000000000000032
2024-12-01,AUD_USD,AUD,USD,4.44,4.46,-0.019999999999999574
2025-01-01,AUD_USD,AUD,USD,4.33,4.33,0.0
2025-02-01,AUD_USD,AUD,USD,4.17,4.34,-0.16999999999999993
2025-03-01,AUD_USD,AUD,USD,4.12,4.29,-0.16999999999999993
2025-04-01,AUD_USD,AUD,USD,4.02,4.32,-0.3000000000000007
2025-05-01,AUD_USD,AUD,USD,3.78,4.29,-0.5100000000000002
2025-06-01,AUD_USD,AUD,USD,3.69,4.31,-0.6199999999999997
2025-07-01,AUD_USD,AUD,USD,3.68,4.28,-0.6000000000000001
2025-08-01,AUD_USD,AUD,USD,3.61,4.22,-0.6099999999999999
2025-09-01,AUD_USD,AUD,USD,3.58,4.1,-0.5199999999999996
2025-10-01,AUD_USD,AUD,USD,3.56,3.98,-0.41999999999999993
2025-11-01,AUD_USD,AUD,USD,3.65,3.86,-0.20999999999999996
2025-12-01,AUD_USD,AUD,USD,3.71,3.74,-0.03000000000000025
2026-01-01,AUD_USD,AUD,USD,3.77,3.63,0.14000000000000012
2026-02-01,AUD_USD,AUD,USD,3.96,3.66,0.2999999999999998
2026-03-01,AUD_USD,AUD,USD,4.19,3.69,0.5000000000000004
2026-04-01,AUD_USD,AUD,USD,4.34,3.77,0.5699999999999998
1995-01-01,EUR_AUD,EUR,AUD,6.66,8.37,-1.709999999999999
1995-02-01,EUR_AUD,EUR,AUD,6.59,8.08,-1.4900000000000002
1995-03-01,EUR_AUD,EUR,AUD,7.58,8.13,-0.5500000000000007
1995-04-01,EUR_AUD,EUR,AUD,7.29,7.89,-0.5999999999999996
1995-05-01,EUR_AUD,EUR,AUD,7.04,7.7,-0.6600000000000001
1995-06-01,EUR_AUD,EUR,AUD,7.08,7.55,-0.46999999999999975
1995-07-01,EUR_AUD,EUR,AUD,6.92,7.56,-0.6399999999999997
1995-08-01,EUR_AUD,EUR,AUD,6.66,7.58,-0.9199999999999999
1995-09-01,EUR_AUD,EUR,AUD,6.5,7.49,-0.9900000000000002
1995-10-01,EUR_AUD,EUR,AUD,6.75,7.47,-0.7199999999999998
1995-11-01,EUR_AUD,EUR,AUD,6.45,7.46,-1.0099999999999998
1995-12-01,EUR_AUD,EUR,AUD,6.32,7.43,-1.1099999999999994
1996-01-01,EUR_AUD,EUR,AUD,5.81,7.46,-1.6500000000000004
1996-02-01,EUR_AUD,EUR,AUD,5.58,7.47,-1.8899999999999997
1996-03-01,EUR_AUD,EUR,AUD,5.5,7.53,-2.0300000000000002
1996-04-01,EUR_AUD,EUR,AUD,5.27,7.57,-2.3000000000000007
1996-05-01,EUR_AUD,EUR,AUD,5.06,7.55,-2.49
1996-06-01,EUR_AUD,EUR,AUD,5.08,7.57,-2.49
1996-07-01,EUR_AUD,EUR,AUD,5.06,7.56,-2.5
1996-08-01,EUR_AUD,EUR,AUD,5.08,6.92,-1.8399999999999999
1996-09-01,EUR_AUD,EUR,AUD,4.86,6.91,-2.05
1996-10-01,EUR_AUD,EUR,AUD,4.69,6.7,-2.01
1996-11-01,EUR_AUD,EUR,AUD,4.57,6.45,-1.88
1996-12-01,EUR_AUD,EUR,AUD,4.5,6.13,-1.63
1997-01-01,EUR_AUD,EUR,AUD,4.39,5.82,-1.4300000000000006
1997-02-01,EUR_AUD,EUR,AUD,4.43,5.91,-1.4800000000000004
1997-03-01,EUR_AUD,EUR,AUD,4.5,6.05,-1.5499999999999998
1997-04-01,EUR_AUD,EUR,AUD,4.39,6.04,-1.6500000000000004
1997-05-01,EUR_AUD,EUR,AUD,4.3,5.87,-1.5700000000000003
1997-06-01,EUR_AUD,EUR,AUD,4.29,5.35,-1.0599999999999996
1997-07-01,EUR_AUD,EUR,AUD,4.3,5.19,-0.8900000000000006
1997-08-01,EUR_AUD,EUR,AUD,4.36,4.9,-0.54
1997-09-01,EUR_AUD,EUR,AUD,4.31,4.77,-0.45999999999999996
1997-10-01,EUR_AUD,EUR,AUD,4.44,4.83,-0.3899999999999997
1997-11-01,EUR_AUD,EUR,AUD,4.49,4.95,-0.45999999999999996
1997-12-01,EUR_AUD,EUR,AUD,4.37,5.07,-0.7000000000000002
1998-01-01,EUR_AUD,EUR,AUD,4.26,4.99,-0.7300000000000004
1998-02-01,EUR_AUD,EUR,AUD,4.24,4.97,-0.7299999999999995
1998-03-01,EUR_AUD,EUR,AUD,4.11,4.96,-0.8499999999999996
1998-04-01,EUR_AUD,EUR,AUD,4.09,4.92,-0.8300000000000001
1998-05-01,EUR_AUD,EUR,AUD,4.06,4.96,-0.9000000000000004
1998-06-01,EUR_AUD,EUR,AUD,4.02,5.32,-1.3000000000000007
1998-07-01,EUR_AUD,EUR,AUD,3.95,5.17,-1.2199999999999998
1998-08-01,EUR_AUD,EUR,AUD,3.93,5.19,-1.2600000000000002
1998-09-01,EUR_AUD,EUR,AUD,3.93,5.03,-1.1
1998-10-01,EUR_AUD,EUR,AUD,3.81,4.83,-1.02
1998-11-01,EUR_AUD,EUR,AUD,3.69,4.88,-1.19
1998-12-01,EUR_AUD,EUR,AUD,3.37,4.8,-1.4299999999999997
1999-01-01,EUR_AUD,EUR,AUD,3.1321,4.79,-1.6579000000000002
1999-02-01,EUR_AUD,EUR,AUD,3.0934,4.77,-1.6765999999999996
1999-03-01,EUR_AUD,EUR,AUD,3.04669565217391,4.81,-1.7633043478260895
1999-04-01,EUR_AUD,EUR,AUD,2.69645454545455,4.76,-2.0635454545454497
1999-05-01,EUR_AUD,EUR,AUD,2.57895238095238,4.86,-2.2810476190476203
1999-06-01,EUR_AUD,EUR,AUD,2.62668181818182,4.93,-2.3033181818181796
1999-07-01,EUR_AUD,EUR,AUD,2.67645454545455,4.89,-2.2135454545454496
1999-08-01,EUR_AUD,EUR,AUD,2.69504545454545,4.92,-2.22495454545455
1999-09-01,EUR_AUD,EUR,AUD,2.72668181818182,5.01,-2.2833181818181796
1999-10-01,EUR_AUD,EUR,AUD,3.37566666666667,5.31,-1.9343333333333295
1999-11-01,EUR_AUD,EUR,AUD,3.46768181818182,5.44,-1.9723181818181805
1999-12-01,EUR_AUD,EUR,AUD,3.44604545454545,5.65,-2.2039545454545504
2000-01-01,EUR_AUD,EUR,AUD,3.34314285714286,5.66,-2.31685714285714
2000-02-01,EUR_AUD,EUR,AUD,3.53676190476191,5.8,-2.2632380952380897
2000-03-01,EUR_AUD,EUR,AUD,3.74704347826087,5.89,-2.1429565217391295
2000-04-01,EUR_AUD,EUR,AUD,3.92527777777778,6.04,-2.11472222222222
2000-05-01,EUR_AUD,EUR,AUD,4.36204545454546,6.31,-1.9479545454545395
2000-06-01,EUR_AUD,EUR,AUD,4.50172727272727,6.23,-1.7282727272727305
2000-07-01,EUR_AUD,EUR,AUD,4.58290476190476,6.2,-1.6170952380952404
2000-08-01,EUR_AUD,EUR,AUD,4.77708695652174,6.49,-1.7129130434782605
2000-09-01,EUR_AUD,EUR,AUD,4.85280952380952,6.57,-1.7171904761904804
2000-10-01,EUR_AUD,EUR,AUD,5.04127272727273,6.41,-1.36872727272727
2000-11-01,EUR_AUD,EUR,AUD,5.09195454545454,6.33,-1.2380454545454604
2000-12-01,EUR_AUD,EUR,AUD,4.93915789473684,6.2,-1.2608421052631602
2001-01-01,EUR_AUD,EUR,AUD,4.77072727272727,5.91,-1.13927272727273
2001-02-01,EUR_AUD,EUR,AUD,4.7558,5.59,-0.8342
2001-03-01,EUR_AUD,EUR,AUD,4.70863636363636,5.14,-0.4313636363636393
2001-04-01,EUR_AUD,EUR,AUD,4.682,4.86,-0.17799999999999994
2001-05-01,EUR_AUD,EUR,AUD,4.63668181818182,4.89,-0.25331818181817933
2001-06-01,EUR_AUD,EUR,AUD,4.45357142857143,4.97,-0.5164285714285697
2001-07-01,EUR_AUD,EUR,AUD,4.46713636363636,5.04,-0.5728636363636399
2001-08-01,EUR_AUD,EUR,AUD,4.35352173913043,4.95,-0.5964782608695698
2001-09-01,EUR_AUD,EUR,AUD,3.98285,4.55,-0.5671499999999998
2001-10-01,EUR_AUD,EUR,AUD,3.59986956521739,4.36,-0.7601304347826101
2001-11-01,EUR_AUD,EUR,AUD,3.38568181818182,4.28,-0.8943181818181802
2001-12-01,EUR_AUD,EUR,AUD,3.34488888888889,4.25,-0.9051111111111099
2002-01-01,EUR_AUD,EUR,AUD,3.33877272727273,4.26,-0.9212272727272697
2002-02-01,EUR_AUD,EUR,AUD,3.3571,4.31,-0.9528999999999996
2002-03-01,EUR_AUD,EUR,AUD,3.3908,4.46,-1.0692
2002-04-01,EUR_AUD,EUR,AUD,3.40690476190476,4.59,-1.1830952380952398
2002-05-01,EUR_AUD,EUR,AUD,3.46713636363636,4.84,-1.3728636363636397
2002-06-01,EUR_AUD,EUR,AUD,3.464,5.07,-1.6060000000000003
2002-07-01,EUR_AUD,EUR,AUD,3.41,4.98,-1.5700000000000003
2002-08-01,EUR_AUD,EUR,AUD,3.35190909090909,4.96,-1.60809090909091
2002-09-01,EUR_AUD,EUR,AUD,3.31014285714286,4.92,-1.6098571428571398
2002-10-01,EUR_AUD,EUR,AUD,3.26126086956522,4.9,-1.6387391304347805
2002-11-01,EUR_AUD,EUR,AUD,3.12414285714286,4.84,-1.7158571428571396
2002-12-01,EUR_AUD,EUR,AUD,2.94105,4.83,-1.88895
2003-01-01,EUR_AUD,EUR,AUD,2.83181818181818,4.8,-1.96818181818182
2003-02-01,EUR_AUD,EUR,AUD,2.68745,4.75,-2.06255
2003-03-01,EUR_AUD,EUR,AUD,2.52995238095238,4.76,-2.2300476190476197
2003-04-01,EUR_AUD,EUR,AUD,2.53335,4.79,-2.25665
2003-05-01,EUR_AUD,EUR,AUD,2.40052380952381,4.78,-2.3794761904761903
2003-06-01,EUR_AUD,EUR,AUD,2.15185714285714,4.67,-2.51814285714286
2003-07-01,EUR_AUD,EUR,AUD,2.13004347826087,4.72,-2.5899565217391296
2003-08-01,EUR_AUD,EUR,AUD,2.14042857142857,4.82,-2.6795714285714305
2003-09-01,EUR_AUD,EUR,AUD,2.14731818181818,4.91,-2.7626818181818202
2003-10-01,EUR_AUD,EUR,AUD,2.1435652173913,4.97,-2.8264347826087
2003-11-01,EUR_AUD,EUR,AUD,2.15905,5.31,-3.1509499999999995
2003-12-01,EUR_AUD,EUR,AUD,2.14633333333333,5.47,-3.3236666666666697
2004-01-01,EUR_AUD,EUR,AUD,2.08947619047619,5.55,-3.46052380952381
2004-02-01,EUR_AUD,EUR,AUD,2.07055,5.57,-3.4994500000000004
2004-03-01,EUR_AUD,EUR,AUD,2.02882608695652,5.51,-3.48117391304348
2004-04-01,EUR_AUD,EUR,AUD,2.04875,5.54,-3.49125
2004-05-01,EUR_AUD,EUR,AUD,2.08585714285714,5.51,-3.4241428571428596
2004-06-01,EUR_AUD,EUR,AUD,2.11268181818182,5.49,-3.3773181818181803
2004-07-01,EUR_AUD,EUR,AUD,2.11604545454546,5.46,-3.34395454545454
2004-08-01,EUR_AUD,EUR,AUD,2.11427272727273,5.44,-3.32572727272727
2004-09-01,EUR_AUD,EUR,AUD,2.11859090909091,5.42,-3.30140909090909
2004-10-01,EUR_AUD,EUR,AUD,2.14733333333333,5.41,-3.26266666666667
2004-11-01,EUR_AUD,EUR,AUD,2.17031818181818,5.43,-3.2596818181818197
2004-12-01,EUR_AUD,EUR,AUD,2.17317391304348,5.41,-3.23682608695652
2005-01-01,EUR_AUD,EUR,AUD,2.14542857142857,5.42,-3.27457142857143
2005-02-01,EUR_AUD,EUR,AUD,2.13835,5.63,-3.49165
2005-03-01,EUR_AUD,EUR,AUD,2.13719047619048,5.81,-3.6728095238095197
2005-04-01,EUR_AUD,EUR,AUD,2.1372380952381,5.75,-3.6127619047619
2005-05-01,EUR_AUD,EUR,AUD,2.12563636363636,5.68,-3.5543636363636395
2005-06-01,EUR_AUD,EUR,AUD,2.11104545454545,5.66,-3.54895454545455
2005-07-01,EUR_AUD,EUR,AUD,2.11942857142857,5.65,-3.5305714285714305
2005-08-01,EUR_AUD,EUR,AUD,2.13247826086957,5.62,-3.4875217391304303
2005-09-01,EUR_AUD,EUR,AUD,2.13913636363636,5.62,-3.4808636363636403
2005-10-01,EUR_AUD,EUR,AUD,2.19661904761905,5.63,-3.4333809523809498
2005-11-01,EUR_AUD,EUR,AUD,2.36086363636364,5.63,-3.2691363636363597
2005-12-01,EUR_AUD,EUR,AUD,2.47285714285714,5.63,-3.1571428571428597
2006-01-01,EUR_AUD,EUR,AUD,2.51168181818182,5.63,-3.11831818181818
2006-02-01,EUR_AUD,EUR,AUD,2.60035,5.61,-3.00965
2006-03-01,EUR_AUD,EUR,AUD,2.72260869565217,5.61,-2.8873913043478305
2006-04-01,EUR_AUD,EUR,AUD,2.79377777777778,5.69,-2.8962222222222205
2006-05-01,EUR_AUD,EUR,AUD,2.889,5.87,-2.9810000000000003
2006-06-01,EUR_AUD,EUR,AUD,2.98568181818182,5.96,-2.97431818181818
2006-07-01,EUR_AUD,EUR,AUD,3.10219047619048,6.05,-2.9478095238095197
2006-08-01,EUR_AUD,EUR,AUD,3.22647826086957,6.19,-2.9635217391304303
2006-09-01,EUR_AUD,EUR,AUD,3.33538095238095,6.21,-2.87461904761905
2006-10-01,EUR_AUD,EUR,AUD,3.502,6.28,-2.7780000000000005
2006-11-01,EUR_AUD,EUR,AUD,3.59718181818182,6.37,-2.77281818181818
2006-12-01,EUR_AUD,EUR,AUD,3.68421052631579,6.39,-2.70578947368421
2007-01-01,EUR_AUD,EUR,AUD,3.75186363636364,6.43,-2.6781363636363595
2007-02-01,EUR_AUD,EUR,AUD,3.8182,6.37,-2.5518
2007-03-01,EUR_AUD,EUR,AUD,3.89090909090909,6.43,-2.5390909090909095
2007-04-01,EUR_AUD,EUR,AUD,3.97526315789474,6.48,-2.5047368421052605
2007-05-01,EUR_AUD,EUR,AUD,4.07136363636364,6.37,-2.2986363636363603
2007-06-01,EUR_AUD,EUR,AUD,4.14776190476191,6.42,-2.27223809523809
2007-07-01,EUR_AUD,EUR,AUD,4.21618181818182,6.47,-2.25381818181818
2007-08-01,EUR_AUD,EUR,AUD,4.54360869565217,6.75,-2.2063913043478296
2007-09-01,EUR_AUD,EUR,AUD,4.7417,6.94,-2.1983000000000006
2007-10-01,EUR_AUD,EUR,AUD,4.68739130434783,6.91,-2.22260869565217
2007-11-01,EUR_AUD,EUR,AUD,4.63854545454545,7.15,-2.5114545454545505
2007-12-01,EUR_AUD,EUR,AUD,4.84836842105263,7.29,-2.44163157894737
2008-01-01,EUR_AUD,EUR,AUD,4.48154545454545,7.18,-2.69845454545455
2008-02-01,EUR_AUD,EUR,AUD,4.36209523809524,7.69,-3.327904761904761
2008-03-01,EUR_AUD,EUR,AUD,4.59636842105263,7.9,-3.3036315789473703
2008-04-01,EUR_AUD,EUR,AUD,4.7835,7.84,-3.0564999999999998
2008-05-01,EUR_AUD,EUR,AUD,4.85738095238095,7.75,-2.89261904761905
2008-06-01,EUR_AUD,EUR,AUD,4.94052380952381,7.81,-2.869476190476189
2008-07-01,EUR_AUD,EUR,AUD,4.961,7.75,-2.7889999999999997
2008-08-01,EUR_AUD,EUR,AUD,4.96519047619048,7.31,-2.34480952380952
2008-09-01,EUR_AUD,EUR,AUD,5.01918181818182,7.27,-2.25081818181818
2008-10-01,EUR_AUD,EUR,AUD,5.11308695652174,6.03,-0.9169130434782602
2008-11-01,EUR_AUD,EUR,AUD,4.2383,4.76,-0.5217
2008-12-01,EUR_AUD,EUR,AUD,3.29261904761905,4.39,-1.0973809523809495
2009-01-01,EUR_AUD,EUR,AUD,2.45652380952381,3.74,-1.2834761904761902
2009-02-01,EUR_AUD,EUR,AUD,1.94305,3.16,-1.2169500000000002
2009-03-01,EUR_AUD,EUR,AUD,1.63545454545455,3.16,-1.5245454545454502
2009-04-01,EUR_AUD,EUR,AUD,1.4223,3.1,-1.6777000000000002
2009-05-01,EUR_AUD,EUR,AUD,1.2817,3.13,-1.8482999999999998
2009-06-01,EUR_AUD,EUR,AUD,1.22790909090909,3.25,-2.02209090909091
2009-07-01,EUR_AUD,EUR,AUD,0.974956521739131,3.14,-2.165043478260869
2009-08-01,EUR_AUD,EUR,AUD,0.860476190476191,3.3,-2.4395238095238088
2009-09-01,EUR_AUD,EUR,AUD,0.772090909090909,3.37,-2.597909090909091
2009-10-01,EUR_AUD,EUR,AUD,0.7375,3.78,-3.0424999999999995
2009-11-01,EUR_AUD,EUR,AUD,0.716190476190476,3.95,-3.233809523809524
2009-12-01,EUR_AUD,EUR,AUD,0.712045454545454,4.13,-3.417954545454546
2010-01-01,EUR_AUD,EUR,AUD,0.67975,4.2,-3.5202500000000003
2010-02-01,EUR_AUD,EUR,AUD,0.6617,4.16,-3.4983000000000004
2010-03-01,EUR_AUD,EUR,AUD,0.64495652173913,4.33,-3.6850434782608703
2010-04-01,EUR_AUD,EUR,AUD,0.6447,4.55,-3.9052999999999995
2010-05-01,EUR_AUD,EUR,AUD,0.68652380952381,4.81,-4.12347619047619
2010-06-01,EUR_AUD,EUR,AUD,0.727590909090909,4.89,-4.16240909090909
2010-07-01,EUR_AUD,EUR,AUD,0.848818181818182,4.84,-3.991181818181818
2010-08-01,EUR_AUD,EUR,AUD,0.8955,4.74,-3.8445
2010-09-01,EUR_AUD,EUR,AUD,0.8805,4.82,-3.9395000000000002
2010-10-01,EUR_AUD,EUR,AUD,0.997666666666667,4.81,-3.8123333333333327
2010-11-01,EUR_AUD,EUR,AUD,1.04204545454545,5.01,-3.9679545454545497
2010-12-01,EUR_AUD,EUR,AUD,1.02169565217391,5.03,-4.0083043478260905
2011-01-01,EUR_AUD,EUR,AUD,1.0172380952381,4.96,-3.9427619047619
2011-02-01,EUR_AUD,EUR,AUD,1.08675,4.92,-3.8332499999999996
2011-03-01,EUR_AUD,EUR,AUD,1.17552173913043,4.92,-3.74447826086957
2011-04-01,EUR_AUD,EUR,AUD,1.32121052631579,4.9,-3.5787894736842105
2011-05-01,EUR_AUD,EUR,AUD,1.42509090909091,5.0,-3.57490909090909
2011-06-01,EUR_AUD,EUR,AUD,1.48859090909091,4.99,-3.5014090909090902
2011-07-01,EUR_AUD,EUR,AUD,1.59761904761905,4.96,-3.36238095238095
2011-08-01,EUR_AUD,EUR,AUD,1.55208695652174,4.86,-3.30791304347826
2011-09-01,EUR_AUD,EUR,AUD,1.53645454545455,4.81,-3.2735454545454497
2011-10-01,EUR_AUD,EUR,AUD,1.57585714285714,4.72,-3.14414285714286
2011-11-01,EUR_AUD,EUR,AUD,1.48468181818182,4.62,-3.13531818181818
2011-12-01,EUR_AUD,EUR,AUD,1.42609523809524,4.51,-3.0839047619047597
2012-01-01,EUR_AUD,EUR,AUD,1.22222727272727,4.41,-3.18777272727273
2012-02-01,EUR_AUD,EUR,AUD,1.04828571428571,4.37,-3.32171428571429
2012-03-01,EUR_AUD,EUR,AUD,0.858454545454546,4.44,-3.5815454545454544
2012-04-01,EUR_AUD,EUR,AUD,0.744315789473684,4.2,-3.455684210526316
2012-05-01,EUR_AUD,EUR,AUD,0.684909090909091,3.66,-2.975090909090909
2012-06-01,EUR_AUD,EUR,AUD,0.658857142857143,3.49,-2.831142857142857
2012-07-01,EUR_AUD,EUR,AUD,0.497045454545455,3.55,-3.052954545454545
2012-08-01,EUR_AUD,EUR,AUD,0.332391304347826,3.62,-3.287608695652174
2012-09-01,EUR_AUD,EUR,AUD,0.2463,3.49,-3.2437
2012-10-01,EUR_AUD,EUR,AUD,0.207913043478261,3.16,-2.952086956521739
2012-11-01,EUR_AUD,EUR,AUD,0.192,3.24,-3.048
2012-12-01,EUR_AUD,EUR,AUD,0.185473684210526,3.11,-2.924526315789474
2013-01-01,EUR_AUD,EUR,AUD,0.204909090909091,3.0,-2.795090909090909
2013-02-01,EUR_AUD,EUR,AUD,0.22335,2.94,-2.71665
2013-03-01,EUR_AUD,EUR,AUD,0.20605,3.05,-2.84395
2013-04-01,EUR_AUD,EUR,AUD,0.208904761904762,3.02,-2.811095238095238
2013-05-01,EUR_AUD,EUR,AUD,0.201227272727273,2.82,-2.618772727272727
2013-06-01,EUR_AUD,EUR,AUD,0.21025,2.8,-2.58975
2013-07-01,EUR_AUD,EUR,AUD,0.221434782608696,2.76,-2.538565217391304
2013-08-01,EUR_AUD,EUR,AUD,0.225863636363636,2.6,-2.374136363636364
2013-09-01,EUR_AUD,EUR,AUD,0.223238095238095,2.58,-2.356761904761905
2013-10-01,EUR_AUD,EUR,AUD,0.225826086956522,2.58,-2.354173913043478
2013-11-01,EUR_AUD,EUR,AUD,0.223380952380952,2.58,-2.356619047619048
2013-12-01,EUR_AUD,EUR,AUD,0.2735,2.6,-2.3265000000000002
2014-01-01,EUR_AUD,EUR,AUD,0.292045454545455,2.62,-2.327954545454545
2014-02-01,EUR_AUD,EUR,AUD,0.2881,2.63,-2.3419
2014-03-01,EUR_AUD,EUR,AUD,0.305333333333333,2.65,-2.344666666666667
2014-04-01,EUR_AUD,EUR,AUD,0.32975,2.68,-2.35025
2014-05-01,EUR_AUD,EUR,AUD,0.324571428571429,2.69,-2.3654285714285708
2014-06-01,EUR_AUD,EUR,AUD,0.241428571428571,2.7,-2.458571428571429
2014-07-01,EUR_AUD,EUR,AUD,0.20504347826087,2.65,-2.44495652173913
2014-08-01,EUR_AUD,EUR,AUD,0.191571428571429,2.63,-2.4384285714285707
2014-09-01,EUR_AUD,EUR,AUD,0.0970909090909091,2.66,-2.5629090909090912
2014-10-01,EUR_AUD,EUR,AUD,0.0826086956521739,2.72,-2.637391304347826
2014-11-01,EUR_AUD,EUR,AUD,0.0809,2.75,-2.6691
2014-12-01,EUR_AUD,EUR,AUD,0.0809047619047619,2.75,-2.669095238095238
2015-01-01,EUR_AUD,EUR,AUD,0.0626666666666667,2.7,-2.6373333333333333
2015-02-01,EUR_AUD,EUR,AUD,0.0482,2.36,-2.3118
2015-03-01,EUR_AUD,EUR,AUD,0.0271818181818182,2.3,-2.2728181818181814
2015-04-01,EUR_AUD,EUR,AUD,0.0047,2.25,-2.2453
2015-05-01,EUR_AUD,EUR,AUD,-0.0103684210526316,2.15,-2.1603684210526315
2015-06-01,EUR_AUD,EUR,AUD,-0.0139090909090909,2.15,-2.163909090909091
2015-07-01,EUR_AUD,EUR,AUD,-0.0187391304347826,2.14,-2.1587391304347827
2015-08-01,EUR_AUD,EUR,AUD,-0.0276666666666667,2.14,-2.167666666666667
2015-09-01,EUR_AUD,EUR,AUD,-0.0370454545454546,2.17,-2.2070454545454545
2015-10-01,EUR_AUD,EUR,AUD,-0.0535909090909091,2.15,-2.203590909090909
2015-11-01,EUR_AUD,EUR,AUD,-0.0876190476190476,2.22,-2.3076190476190477
2015-12-01,EUR_AUD,EUR,AUD,-0.126318181818182,2.34,-2.466318181818182
2016-01-01,EUR_AUD,EUR,AUD,-0.14615,2.3,-2.44615
2016-02-01,EUR_AUD,EUR,AUD,-0.183571428571429,2.28,-2.463571428571429
2016-03-01,EUR_AUD,EUR,AUD,-0.22852380952381,2.31,-2.53852380952381
2016-04-01,EUR_AUD,EUR,AUD,-0.249190476190476,2.26,-2.5091904761904757
2016-05-01,EUR_AUD,EUR,AUD,-0.257181818181818,2.0,-2.257181818181818
2016-06-01,EUR_AUD,EUR,AUD,-0.267909090909091,1.99,-2.257909090909091
2016-07-01,EUR_AUD,EUR,AUD,-0.294523809523809,1.93,-2.224523809523809
2016-08-01,EUR_AUD,EUR,AUD,-0.298217391304348,1.76,-2.058217391304348
2016-09-01,EUR_AUD,EUR,AUD,-0.301636363636364,1.73,-2.031636363636364
2016-10-01,EUR_AUD,EUR,AUD,-0.309,1.74,-2.049
2016-11-01,EUR_AUD,EUR,AUD,-0.312681818181818,1.76,-2.072681818181818
2016-12-01,EUR_AUD,EUR,AUD,-0.315761904761905,1.78,-2.095761904761905
2017-01-01,EUR_AUD,EUR,AUD,-0.325545454545455,1.78,-2.105545454545455
2017-02-01,EUR_AUD,EUR,AUD,-0.3286,1.78,-2.1086
2017-03-01,EUR_AUD,EUR,AUD,-0.329347826086957,1.79,-2.119347826086957
2017-04-01,EUR_AUD,EUR,AUD,-0.330388888888889,1.77,-2.100388888888889
2017-05-01,EUR_AUD,EUR,AUD,-0.329454545454545,1.73,-2.059454545454545
2017-06-01,EUR_AUD,EUR,AUD,-0.33,1.72,-2.05
2017-07-01,EUR_AUD,EUR,AUD,-0.330428571428571,1.7,-2.030428571428571
2017-08-01,EUR_AUD,EUR,AUD,-0.329086956521739,1.7,-2.029086956521739
2017-09-01,EUR_AUD,EUR,AUD,-0.329380952380952,1.72,-2.049380952380952
2017-10-01,EUR_AUD,EUR,AUD,-0.329545454545455,1.7,-2.0295454545454548
2017-11-01,EUR_AUD,EUR,AUD,-0.329,1.72,-2.049
2017-12-01,EUR_AUD,EUR,AUD,-0.327894736842105,1.77,-2.097894736842105
2018-01-01,EUR_AUD,EUR,AUD,-0.328454545454546,1.79,-2.1184545454545463
2018-02-01,EUR_AUD,EUR,AUD,-0.3285,1.77,-2.0985
2018-03-01,EUR_AUD,EUR,AUD,-0.327904761904762,1.93,-2.257904761904762
2018-04-01,EUR_AUD,EUR,AUD,-0.32845,2.06,-2.38845
2018-05-01,EUR_AUD,EUR,AUD,-0.325227272727273,1.96,-2.285227272727273
2018-06-01,EUR_AUD,EUR,AUD,-0.322047619047619,2.07,-2.3920476190476188
2018-07-01,EUR_AUD,EUR,AUD,-0.320727272727273,2.02,-2.340727272727273
2018-08-01,EUR_AUD,EUR,AUD,-0.319,1.96,-2.279
2018-09-01,EUR_AUD,EUR,AUD,-0.31885,1.93,-2.24885
2018-10-01,EUR_AUD,EUR,AUD,-0.317695652173913,1.93,-2.247695652173913
2018-11-01,EUR_AUD,EUR,AUD,-0.316363636363636,1.94,-2.256363636363636
2018-12-01,EUR_AUD,EUR,AUD,-0.311894736842105,2.02,-2.331894736842105
2019-01-01,EUR_AUD,EUR,AUD,-0.308,2.07,-2.3779999999999997
2019-02-01,EUR_AUD,EUR,AUD,-0.30845,1.96,-2.26845
2019-03-01,EUR_AUD,EUR,AUD,-0.309190476190476,1.83,-2.139190476190476
2019-04-01,EUR_AUD,EUR,AUD,-0.31045,1.68,-1.99045
2019-05-01,EUR_AUD,EUR,AUD,-0.311863636363636,1.54,-1.851863636363636
2019-06-01,EUR_AUD,EUR,AUD,-0.3289,1.29,-1.6189
2019-07-01,EUR_AUD,EUR,AUD,-0.364869565217391,1.11,-1.474869565217391
2019-08-01,EUR_AUD,EUR,AUD,-0.407681818181818,0.98,-1.387681818181818
2019-09-01,EUR_AUD,EUR,AUD,-0.417571428571429,0.98,-1.397571428571429
2019-10-01,EUR_AUD,EUR,AUD,-0.412869565217391,0.88,-1.292869565217391
2019-11-01,EUR_AUD,EUR,AUD,-0.401285714285714,0.91,-1.311285714285714
2019-12-01,EUR_AUD,EUR,AUD,-0.3947,0.9,-1.2947
2020-01-01,EUR_AUD,EUR,AUD,-0.391136363636364,0.89,-1.281136363636364
2020-02-01,EUR_AUD,EUR,AUD,-0.40885,0.89,-1.29885
2020-03-01,EUR_AUD,EUR,AUD,-0.416636363636364,0.53,-0.946636363636364
2020-04-01,EUR_AUD,EUR,AUD,-0.25405,0.17,-0.42405000000000004
2020-05-01,EUR_AUD,EUR,AUD,-0.27195,0.1,-0.37195
2020-06-01,EUR_AUD,EUR,AUD,-0.376,0.1,-0.476
2020-07-01,EUR_AUD,EUR,AUD,-0.444130434782609,0.1,-0.544130434782609
2020-08-01,EUR_AUD,EUR,AUD,-0.479714285714286,0.1,-0.579714285714286
2020-09-01,EUR_AUD,EUR,AUD,-0.491363636363636,0.09,-0.581363636363636
2020-10-01,EUR_AUD,EUR,AUD,-0.509136363636364,0.07,-0.579136363636364
2020-11-01,EUR_AUD,EUR,AUD,-0.520857142857143,0.02,-0.540857142857143
2020-12-01,EUR_AUD,EUR,AUD,-0.538090909090909,0.02,-0.558090909090909
2021-01-01,EUR_AUD,EUR,AUD,-0.54715,0.01,-0.55715
2021-02-01,EUR_AUD,EUR,AUD,-0.5411,0.01,-0.5511
2021-03-01,EUR_AUD,EUR,AUD,-0.539086956521739,0.03,-0.569086956521739
2021-04-01,EUR_AUD,EUR,AUD,-0.53815,0.04,-0.57815
2021-05-01,EUR_AUD,EUR,AUD,-0.540095238095238,0.04,-0.580095238095238
2021-06-01,EUR_AUD,EUR,AUD,-0.542909090909091,0.03,-0.572909090909091
2021-07-01,EUR_AUD,EUR,AUD,-0.544818181818182,0.02,-0.564818181818182
2021-08-01,EUR_AUD,EUR,AUD,-0.547590909090909,0.01,-0.557590909090909
2021-09-01,EUR_AUD,EUR,AUD,-0.545045454545454,0.01,-0.555045454545454
2021-10-01,EUR_AUD,EUR,AUD,-0.549809523809524,0.04,-0.589809523809524
2021-11-01,EUR_AUD,EUR,AUD,-0.567363636363636,0.04,-0.607363636363636
2021-12-01,EUR_AUD,EUR,AUD,-0.58195652173913,0.06,-0.6419565217391301
2022-01-01,EUR_AUD,EUR,AUD,-0.560142857142857,0.07,-0.6301428571428571
2022-02-01,EUR_AUD,EUR,AUD,-0.53150000005,0.07,-0.6015000000499999
2022-03-01,EUR_AUD,EUR,AUD,-0.495434782608696,0.17,-0.665434782608696
2022-04-01,EUR_AUD,EUR,AUD,-0.447894736842105,0.41,-0.857894736842105
2022-05-01,EUR_AUD,EUR,AUD,-0.385727272727273,1.0,-1.385727272727273
2022-06-01,EUR_AUD,EUR,AUD,-0.239227272727273,1.6,-1.8392272727272732
2022-07-01,EUR_AUD,EUR,AUD,0.0366190476190476,2.07,-2.033380952380952
2022-08-01,EUR_AUD,EUR,AUD,0.394739130434783,2.31,-1.9152608695652171
2022-09-01,EUR_AUD,EUR,AUD,1.01086363636364,2.76,-1.7491363636363597
2022-10-01,EUR_AUD,EUR,AUD,1.42766666666667,2.95,-1.5223333333333302
2022-11-01,EUR_AUD,EUR,AUD,1.82522727272727,3.06,-1.23477272727273
2022-12-01,EUR_AUD,EUR,AUD,2.06347619047619,3.17,-1.10652380952381
2023-01-01,EUR_AUD,EUR,AUD,2.34486363636364,3.32,-0.9751363636363597
2023-02-01,EUR_AUD,EUR,AUD,2.64035,3.46,-0.8196499999999998
2023-03-01,EUR_AUD,EUR,AUD,2.91056521739131,3.64,-0.7294347826086902
2023-04-01,EUR_AUD,EUR,AUD,3.167,3.66,-0.4930000000000003
2023-05-01,EUR_AUD,EUR,AUD,3.3664347826087,3.9,-0.5335652173912999
2023-06-01,EUR_AUD,EUR,AUD,3.53586363636364,4.25,-0.71413636363636
2023-07-01,EUR_AUD,EUR,AUD,3.67180952380952,4.3,-0.62819047619048
2023-08-01,EUR_AUD,EUR,AUD,3.78030434782609,4.15,-0.36969565217391054
2023-09-01,EUR_AUD,EUR,AUD,3.88004761904762,4.13,-0.24995238095237982
2023-10-01,EUR_AUD,EUR,AUD,3.96763636363636,4.21,-0.2423636363636401
2023-11-01,EUR_AUD,EUR,AUD,3.97163636363636,4.38,-0.40836363636364004
2023-12-01,EUR_AUD,EUR,AUD,3.93309523809524,4.35,-0.41690476190475945
2024-01-01,EUR_AUD,EUR,AUD,3.92527272727273,4.35,-0.4247272727272695
2024-02-01,EUR_AUD,EUR,AUD,3.92319047619048,4.34,-0.41680952380951997
2024-03-01,EUR_AUD,EUR,AUD,3.92238095238095,4.35,-0.42761904761904956
2024-04-01,EUR_AUD,EUR,AUD,3.88636363636364,4.37,-0.4836363636363603
2024-05-01,EUR_AUD,EUR,AUD,3.81365217391304,4.36,-0.5463478260869605
2024-06-01,EUR_AUD,EUR,AUD,3.7245,4.39,-0.6654999999999998
2024-07-01,EUR_AUD,EUR,AUD,3.68482608695652,4.46,-0.77517391304348
2024-08-01,EUR_AUD,EUR,AUD,3.54759090909091,4.38,-0.8324090909090898
2024-09-01,EUR_AUD,EUR,AUD,3.43371428571428,4.42,-0.98628571428572
2024-10-01,EUR_AUD,EUR,AUD,3.16660869565217,4.41,-1.24339130434783
2024-11-01,EUR_AUD,EUR,AUD,3.0067619047619,4.42,-1.4132380952380998
2024-12-01,EUR_AUD,EUR,AUD,2.81609090909091,4.44,-1.6239090909090903
2025-01-01,EUR_AUD,EUR,AUD,2.7031304348,4.33,-1.6268695652000003
2025-02-01,EUR_AUD,EUR,AUD,2.52495,4.17,-1.64505
2025-03-01,EUR_AUD,EUR,AUD,2.4424285714,4.12,-1.6775714286000003
2025-04-01,EUR_AUD,EUR,AUD,2.2481818182,4.02,-1.7718181817999996
2025-05-01,EUR_AUD,EUR,AUD,2.0912727273,3.78,-1.6887272727
2025-06-01,EUR_AUD,EUR,AUD,1.9836190476,3.69,-1.7063809524
2025-07-01,EUR_AUD,EUR,AUD,1.9863478261,3.68,-1.6936521739000001
2025-08-01,EUR_AUD,EUR,AUD,2.0210952381,3.61,-1.5889047618999999
2025-09-01,EUR_AUD,EUR,AUD,2.0272727273,3.58,-1.5527272726999999
2025-10-01,EUR_AUD,EUR,AUD,2.0344347826,3.56,-1.5255652174
2025-11-01,EUR_AUD,EUR,AUD,2.04165,3.65,-1.6083499999999997
2025-12-01,EUR_AUD,EUR,AUD,2.0457826087,3.71,-1.6642173912999998
2026-01-01,EUR_AUD,EUR,AUD,2.0277272727,3.77,-1.7422727273
2026-02-01,EUR_AUD,EUR,AUD,2.0277272727,3.96,-1.9322727273
2026-03-01,EUR_AUD,EUR,AUD,2.0277272727,4.19,-2.1622727273000004
2026-04-01,EUR_AUD,EUR,AUD,2.0277272727,4.34,-2.3122727273
1999-07-01,EUR_CHF,EUR,CHF,2.67645454545455,0.955,1.72145454545455
1999-08-01,EUR_CHF,EUR,CHF,2.69504545454545,0.92453125,1.77051420454545
1999-09-01,EUR_CHF,EUR,CHF,2.72668181818182,0.900516,1.82616581818182
1999-10-01,EUR_CHF,EUR,CHF,3.37566666666667,1.8848,1.4908666666666701
1999-11-01,EUR_CHF,EUR,CHF,3.46768181818182,1.6871356,1.78054621818182
1999-12-01,EUR_CHF,EUR,CHF,3.44604545454545,1.74320418181818,1.70284127272727
2000-01-01,EUR_CHF,EUR,CHF,3.34314285714286,1.72924735,1.61389550714286
2000-02-01,EUR_CHF,EUR,CHF,3.53676190476191,2.23797919047619,1.29878271428572
2000-03-01,EUR_CHF,EUR,CHF,3.74704347826087,2.43072330434783,1.3163201739130401
2000-04-01,EUR_CHF,EUR,CHF,3.92527777777778,2.8121195,1.1131582777777798
2000-05-01,EUR_CHF,EUR,CHF,4.36204545454546,3.01037731818182,1.35166813636364
2000-06-01,EUR_CHF,EUR,CHF,4.50172727272727,3.20290635,1.2988209227272698
2000-07-01,EUR_CHF,EUR,CHF,4.58290476190476,3.29050628571429,1.2923984761904697
2000-08-01,EUR_CHF,EUR,CHF,4.77708695652174,3.30846527272727,1.4686216837944697
2000-09-01,EUR_CHF,EUR,CHF,4.85280952380952,3.3217070952381,1.5311024285714199
2000-10-01,EUR_CHF,EUR,CHF,5.04127272727273,3.34387236363636,1.6974003636363704
2000-11-01,EUR_CHF,EUR,CHF,5.09195454545454,3.34746895454545,1.7444855909090897
2000-12-01,EUR_CHF,EUR,CHF,4.93915789473684,3.25550668421053,1.68365121052631
2001-01-01,EUR_CHF,EUR,CHF,4.77072727272727,3.25396728571429,1.5167599870129802
2001-02-01,EUR_CHF,EUR,CHF,4.7558,3.34404575,1.41175425
2001-03-01,EUR_CHF,EUR,CHF,4.70863636363636,3.26320313636364,1.4454332272727206
2001-04-01,EUR_CHF,EUR,CHF,4.682,3.12508536842105,1.5569146315789504
2001-05-01,EUR_CHF,EUR,CHF,4.63668181818182,3.0529099047619,1.5837719134199202
2001-06-01,EUR_CHF,EUR,CHF,4.45357142857143,3.10380645,1.34976497857143
2001-07-01,EUR_CHF,EUR,CHF,4.46713636363636,3.12780690909091,1.33932945454545
2001-08-01,EUR_CHF,EUR,CHF,4.35352173913043,3.07501459090909,1.2785071482213404
2001-09-01,EUR_CHF,EUR,CHF,3.98285,2.66832555,1.31452445
2001-10-01,EUR_CHF,EUR,CHF,3.59986956521739,2.06915434782609,1.5307152173913003
2001-11-01,EUR_CHF,EUR,CHF,3.38568181818182,1.93803509090909,1.44764672727273
2001-12-01,EUR_CHF,EUR,CHF,3.34488888888889,1.74428288888889,1.6006060000000002
2002-01-01,EUR_CHF,EUR,CHF,3.33877272727273,1.60372514285714,1.7350475844155901
2002-02-01,EUR_CHF,EUR,CHF,3.3571,1.5666706,1.7904294
2002-03-01,EUR_CHF,EUR,CHF,3.3908,1.60416375,1.78663625
2002-04-01,EUR_CHF,EUR,CHF,3.40690476190476,1.46064661904762,1.9462581428571402
2002-05-01,EUR_CHF,EUR,CHF,3.46713636363636,1.1634939,2.3036424636363604
2002-06-01,EUR_CHF,EUR,CHF,3.464,1.14959405,2.3144059500000003
2002-07-01,EUR_CHF,EUR,CHF,3.41,1.00306152173913,2.4069384782608703
2002-08-01,EUR_CHF,EUR,CHF,3.35190909090909,0.668342047619048,2.683567043290042
2002-09-01,EUR_CHF,EUR,CHF,3.31014285714286,0.612999095238095,2.697143761904765
2002-10-01,EUR_CHF,EUR,CHF,3.26126086956522,0.627853739130435,2.633407130434785
2002-11-01,EUR_CHF,EUR,CHF,3.12414285714286,0.592497857142857,2.5316450000000033
2002-12-01,EUR_CHF,EUR,CHF,2.94105,0.54338995,2.3976600500000003
2003-01-01,EUR_CHF,EUR,CHF,2.83181818181818,0.508735476190476,2.3230827056277037
2003-02-01,EUR_CHF,EUR,CHF,2.68745,0.48923735,2.1982126500000003
2003-03-01,EUR_CHF,EUR,CHF,2.52995238095238,0.233193714285714,2.296758666666666
2003-04-01,EUR_CHF,EUR,CHF,2.53335,0.1737809,2.3595691
2003-05-01,EUR_CHF,EUR,CHF,2.40052380952381,0.1585085,2.24201530952381
2003-06-01,EUR_CHF,EUR,CHF,2.15185714285714,0.15839465,1.99346249285714
2003-07-01,EUR_CHF,EUR,CHF,2.13004347826087,0.16359952173913,1.9664439565217402
2003-08-01,EUR_CHF,EUR,CHF,2.14042857142857,0.1508667,1.9895618714285699
2003-09-01,EUR_CHF,EUR,CHF,2.14731818181818,0.138722590909091,2.008595590909089
2003-10-01,EUR_CHF,EUR,CHF,2.1435652173913,0.129131043478261,2.0144341739130387
2003-11-01,EUR_CHF,EUR,CHF,2.15905,0.14283225,2.01621775
2003-12-01,EUR_CHF,EUR,CHF,2.14633333333333,0.136828571428571,2.009504761904759
2004-01-01,EUR_CHF,EUR,CHF,2.08947619047619,0.1284939,1.9609822904761898
2004-02-01,EUR_CHF,EUR,CHF,2.07055,0.14803445,1.92251555
2004-03-01,EUR_CHF,EUR,CHF,2.02882608695652,0.158294043478261,1.8705320434782589
2004-04-01,EUR_CHF,EUR,CHF,2.04875,0.18674945,1.86200055
2004-05-01,EUR_CHF,EUR,CHF,2.08585714285714,0.182353368421053,1.9035037744360872
2004-06-01,EUR_CHF,EUR,CHF,2.11268181818182,0.328464045454545,1.784217772727275
2004-07-01,EUR_CHF,EUR,CHF,2.11604545454546,0.422401363636364,1.6936440909090962
2004-08-01,EUR_CHF,EUR,CHF,2.11427272727273,0.471912181818182,1.6423605454545482
2004-09-01,EUR_CHF,EUR,CHF,2.11859090909091,0.584377681818182,1.534213227272728
2004-10-01,EUR_CHF,EUR,CHF,2.14733333333333,0.620791047619048,1.526542285714282
2004-11-01,EUR_CHF,EUR,CHF,2.17031818181818,0.648511,1.52180718181818
2004-12-01,EUR_CHF,EUR,CHF,2.17317391304348,0.649346863636364,1.5238270494071162
2005-01-01,EUR_CHF,EUR,CHF,2.14542857142857,0.651069238095238,1.4943593333333323
2005-02-01,EUR_CHF,EUR,CHF,2.13835,0.6771861,1.4611638999999998
2005-03-01,EUR_CHF,EUR,CHF,2.13719047619048,0.666316238095238,1.470874238095242
2005-04-01,EUR_CHF,EUR,CHF,2.1372380952381,0.67295219047619,1.4642859047619101
2005-05-01,EUR_CHF,EUR,CHF,2.12563636363636,0.67066215,1.4549742136363601
2005-06-01,EUR_CHF,EUR,CHF,2.11104545454545,0.672201227272727,1.4388442272727229
2005-07-01,EUR_CHF,EUR,CHF,2.11942857142857,0.666276380952381,1.4531521904761888
2005-08-01,EUR_CHF,EUR,CHF,2.13247826086957,0.675881090909091,1.456597169960479
2005-09-01,EUR_CHF,EUR,CHF,2.13913636363636,0.674919636363636,1.4642167272727238
2005-10-01,EUR_CHF,EUR,CHF,2.19661904761905,0.722154380952381,1.4744646666666692
2005-11-01,EUR_CHF,EUR,CHF,2.36086363636364,0.865552090909091,1.4953115454545491
2005-12-01,EUR_CHF,EUR,CHF,2.47285714285714,0.9330752,1.5397819428571402
2006-01-01,EUR_CHF,EUR,CHF,2.51168181818182,0.924489476190476,1.587192341991344
2006-02-01,EUR_CHF,EUR,CHF,2.60035,0.9967605,1.6035895
2006-03-01,EUR_CHF,EUR,CHF,2.72260869565217,1.11319943478261,1.6094092608695598
2006-04-01,EUR_CHF,EUR,CHF,2.79377777777778,1.17550216666667,1.6182756111111098
2006-05-01,EUR_CHF,EUR,CHF,2.889,1.30199257142857,1.5870074285714297
2006-06-01,EUR_CHF,EUR,CHF,2.98568181818182,1.37270757142857,1.6129742467532502
2006-07-01,EUR_CHF,EUR,CHF,3.10219047619048,1.42769528571429,1.6744951904761902
2006-08-01,EUR_CHF,EUR,CHF,3.22647826086957,1.52308863636364,1.7033896245059301
2006-09-01,EUR_CHF,EUR,CHF,3.33538095238095,1.643369,1.6920119523809498
2006-10-01,EUR_CHF,EUR,CHF,3.502,1.74738009090909,1.7546199090909098
2006-11-01,EUR_CHF,EUR,CHF,3.59718181818182,1.80596172727273,1.79122009090909
2006-12-01,EUR_CHF,EUR,CHF,3.68421052631579,1.90840782352941,1.7758027027863799
2007-01-01,EUR_CHF,EUR,CHF,3.75186363636364,2.05046923809524,1.7013943982684
2007-02-01,EUR_CHF,EUR,CHF,3.8182,2.11132155,1.70687845
2007-03-01,EUR_CHF,EUR,CHF,3.89090909090909,2.15987477272727,1.7310343181818202
2007-04-01,EUR_CHF,EUR,CHF,3.97526315789474,2.22386673684211,1.7513964210526298
2007-05-01,EUR_CHF,EUR,CHF,4.07136363636364,2.31683825,1.7545253863636399
2007-06-01,EUR_CHF,EUR,CHF,4.14776190476191,2.44371828571429,1.7040436190476198
2007-07-01,EUR_CHF,EUR,CHF,4.21618181818182,2.61172740909091,1.6044544090909096
2007-08-01,EUR_CHF,EUR,CHF,4.54360869565217,2.60672072727273,1.9368879683794402
2007-09-01,EUR_CHF,EUR,CHF,4.7417,2.49345425,2.2482457499999997
2007-10-01,EUR_CHF,EUR,CHF,4.68739130434783,2.45670126086957,2.23069004347826
2007-11-01,EUR_CHF,EUR,CHF,4.63854545454545,2.29504331818182,2.3435021363636297
2007-12-01,EUR_CHF,EUR,CHF,4.84836842105263,2.34431588235294,2.50405253869969
2008-01-01,EUR_CHF,EUR,CHF,4.48154545454545,2.28750271428571,2.1940427402597398
2008-02-01,EUR_CHF,EUR,CHF,4.36209523809524,2.41745680952381,1.9446384285714298
2008-03-01,EUR_CHF,EUR,CHF,4.59636842105263,2.28812894736842,2.30823947368421
2008-04-01,EUR_CHF,EUR,CHF,4.7835,2.18122622727273,2.60227377272727
2008-05-01,EUR_CHF,EUR,CHF,4.85738095238095,2.0428156,2.81456535238095
2008-06-01,EUR_CHF,EUR,CHF,4.94052380952381,2.1437270952381,2.7967967142857106
2008-07-01,EUR_CHF,EUR,CHF,4.961,2.20689582608696,2.7541041739130403
2008-08-01,EUR_CHF,EUR,CHF,4.96519047619048,2.1833859,2.7818045761904795
2008-09-01,EUR_CHF,EUR,CHF,5.01918181818182,2.124653,2.89452881818182
2008-10-01,EUR_CHF,EUR,CHF,5.11308695652174,1.41079118181818,3.7022957747035603
2008-11-01,EUR_CHF,EUR,CHF,4.2383,0.700317846153846,3.537982153846154
2008-12-01,EUR_CHF,EUR,CHF,3.29261904761905,0.1075305,3.18508854761905
2009-01-01,EUR_CHF,EUR,CHF,2.45652380952381,0.0938757,2.36264810952381
2009-02-01,EUR_CHF,EUR,CHF,1.94305,0.110002944444444,1.833047055555556
2009-03-01,EUR_CHF,EUR,CHF,1.63545454545455,0.113013047619048,1.5224414978355019
2009-04-01,EUR_CHF,EUR,CHF,1.4223,0.0902461818181818,1.332053818181818
2009-05-01,EUR_CHF,EUR,CHF,1.2817,0.0912780588235294,1.1904219411764707
2009-06-01,EUR_CHF,EUR,CHF,1.22790909090909,0.0871305263157895,1.1407785645933004
2009-07-01,EUR_CHF,EUR,CHF,0.974956521739131,0.0717845652173913,0.9031719565217398
2009-08-01,EUR_CHF,EUR,CHF,0.860476190476191,0.0738368095238095,0.7866393809523815
2009-09-01,EUR_CHF,EUR,CHF,0.772090909090909,0.073400380952381,0.698690528138528
2009-10-01,EUR_CHF,EUR,CHF,0.7375,0.0850033333333333,0.6524966666666667
2009-11-01,EUR_CHF,EUR,CHF,0.716190476190476,0.118535785714286,0.59765469047619
2009-12-01,EUR_CHF,EUR,CHF,0.712045454545454,0.115619909090909,0.596425545454545
2010-01-01,EUR_CHF,EUR,CHF,0.67975,0.0903594,0.5893906
2010-02-01,EUR_CHF,EUR,CHF,0.6617,0.09874325,0.5629567499999999
2010-03-01,EUR_CHF,EUR,CHF,0.64495652173913,0.0957777272727273,0.5491787944664027
2010-04-01,EUR_CHF,EUR,CHF,0.6447,0.0879435,0.5567565000000001
2010-05-01,EUR_CHF,EUR,CHF,0.68652380952381,0.08190975,0.60461405952381
2010-06-01,EUR_CHF,EUR,CHF,0.727590909090909,0.11774075,0.6098501590909089
2010-07-01,EUR_CHF,EUR,CHF,0.848818181818182,0.18285119047619,0.665966991341992
2010-08-01,EUR_CHF,EUR,CHF,0.8955,0.20656935,0.68893065
2010-09-01,EUR_CHF,EUR,CHF,0.8805,0.213812095238095,0.666687904761905
2010-10-01,EUR_CHF,EUR,CHF,0.997666666666667,0.24791775,0.7497489166666671
2010-11-01,EUR_CHF,EUR,CHF,1.04204545454545,0.18600105,0.85604440454545
2010-12-01,EUR_CHF,EUR,CHF,1.02169565217391,0.191368111111111,0.830327541062799
2011-01-01,EUR_CHF,EUR,CHF,1.0172380952381,0.15081019047619,0.8664279047619099
2011-02-01,EUR_CHF,EUR,CHF,1.08675,0.13954275,0.9472072500000002
2011-03-01,EUR_CHF,EUR,CHF,1.17552173913043,0.155124173913043,1.0203975652173871
2011-04-01,EUR_CHF,EUR,CHF,1.32121052631579,0.139454111111111,1.1817564152046791
2011-05-01,EUR_CHF,EUR,CHF,1.42509090909091,0.119449863636364,1.305641045454546
2011-06-01,EUR_CHF,EUR,CHF,1.48859090909091,0.10205965,1.38653125909091
2011-07-01,EUR_CHF,EUR,CHF,1.59761904761905,0.0909554761904762,1.5066635714285737
2011-08-01,EUR_CHF,EUR,CHF,1.55208695652174,-0.0675968,1.61968375652174
2011-09-01,EUR_CHF,EUR,CHF,1.53645454545455,-0.0610702727272727,1.5975248181818227
2011-10-01,EUR_CHF,EUR,CHF,1.57585714285714,-0.0933598947368421,1.669217037593982
2011-11-01,EUR_CHF,EUR,CHF,1.48468181818182,-0.0653187,1.55000051818182
2011-12-01,EUR_CHF,EUR,CHF,1.42609523809524,0.08,1.34609523809524
2012-01-01,EUR_CHF,EUR,CHF,1.22222727272727,0.0402932857142857,1.1819339870129844
2012-02-01,EUR_CHF,EUR,CHF,1.04828571428571,0.0178765,1.03040921428571
2012-03-01,EUR_CHF,EUR,CHF,0.858454545454546,0.05129925,0.807155295454546
2012-04-01,EUR_CHF,EUR,CHF,0.744315789473684,0.0136988333333333,0.7306169561403507
2012-05-01,EUR_CHF,EUR,CHF,0.684909090909091,-0.0154980555555556,0.7004071464646466
2012-06-01,EUR_CHF,EUR,CHF,0.658857142857143,-0.0573110588235294,0.7161682016806724
2012-07-01,EUR_CHF,EUR,CHF,0.497045454545455,-0.173395066666667,0.670440521212122
2012-08-01,EUR_CHF,EUR,CHF,0.332391304347826,-0.207230666666667,0.5396219710144929
2012-09-01,EUR_CHF,EUR,CHF,0.2463,-0.150658058823529,0.39695805882352897
2012-10-01,EUR_CHF,EUR,CHF,0.207913043478261,-0.06339775,0.27131079347826104
2012-11-01,EUR_CHF,EUR,CHF,0.192,-0.144987368421053,0.33698736842105304
2012-12-01,EUR_CHF,EUR,CHF,0.185473684210526,-0.051343,0.236816684210526
2013-01-01,EUR_CHF,EUR,CHF,0.204909090909091,-0.1080856,0.31299469090909104
2013-02-01,EUR_CHF,EUR,CHF,0.22335,-0.0634238666666667,0.2867738666666667
2013-03-01,EUR_CHF,EUR,CHF,0.20605,-0.0596407368421053,0.2656907368421053
2013-04-01,EUR_CHF,EUR,CHF,0.208904761904762,-0.0647253333333333,0.27363009523809534
2013-05-01,EUR_CHF,EUR,CHF,0.201227272727273,-0.05881175,0.26003902272727303
2013-06-01,EUR_CHF,EUR,CHF,0.21025,-0.0602111052631579,0.2704611052631579
2013-07-01,EUR_CHF,EUR,CHF,0.221434782608696,-0.0558058260869565,0.2772406086956525
2013-08-01,EUR_CHF,EUR,CHF,0.225863636363636,-0.06065045,0.286514086363636
2013-09-01,EUR_CHF,EUR,CHF,0.223238095238095,-0.0511073157894737,0.2743454110275687
2013-10-01,EUR_CHF,EUR,CHF,0.225826086956522,0.0159292,0.209896886956522
2013-11-01,EUR_CHF,EUR,CHF,0.223380952380952,-0.0169540555555556,0.2403350079365076
2013-12-01,EUR_CHF,EUR,CHF,0.2735,0.0174349166666667,0.25606508333333333
2014-01-01,EUR_CHF,EUR,CHF,0.292045454545455,-0.0433244,0.335369854545455
2014-02-01,EUR_CHF,EUR,CHF,0.2881,-0.04796675,0.33606675
2014-03-01,EUR_CHF,EUR,CHF,0.305333333333333,-0.0400058571428571,0.3453391904761901
2014-04-01,EUR_CHF,EUR,CHF,0.32975,-0.0292094,0.3589594
2014-05-01,EUR_CHF,EUR,CHF,0.324571428571429,-0.03160255,0.356173978571429
2014-06-01,EUR_CHF,EUR,CHF,0.241428571428571,-0.012441,0.253869571428571
2014-07-01,EUR_CHF,EUR,CHF,0.20504347826087,0.0333333333333333,0.1717101449275367
2014-08-01,EUR_CHF,EUR,CHF,0.191571428571429,0.038,0.153571428571429
2014-09-01,EUR_CHF,EUR,CHF,0.0970909090909091,0.025,0.0720909090909091
2014-10-01,EUR_CHF,EUR,CHF,0.0826086956521739,0.04,0.04260869565217389
2014-11-01,EUR_CHF,EUR,CHF,0.0809,0.0414285714285714,0.0394714285714286
2014-12-01,EUR_CHF,EUR,CHF,0.0809047619047619,0.040234375,0.04067038690476189
2015-01-01,EUR_CHF,EUR,CHF,0.0626666666666667,-0.416666666666667,0.4793333333333337
2015-02-01,EUR_CHF,EUR,CHF,0.0482,-0.675,0.7232000000000001
2015-03-01,EUR_CHF,EUR,CHF,0.0271818181818182,-0.788842625,0.8160244431818182
2015-04-01,EUR_CHF,EUR,CHF,0.0047,-0.685416666666667,0.690116666666667
2015-05-01,EUR_CHF,EUR,CHF,-0.0103684210526316,-0.81541675,0.8050483289473684
2015-06-01,EUR_CHF,EUR,CHF,-0.0139090909090909,-0.767575833333333,0.7536667424242421
2015-07-01,EUR_CHF,EUR,CHF,-0.0187391304347826,-0.7443055,0.7255663695652174
2015-08-01,EUR_CHF,EUR,CHF,-0.0276666666666667,-0.78125,0.7535833333333333
2015-09-01,EUR_CHF,EUR,CHF,-0.0370454545454546,-0.756176166666667,0.7191307121212124
2015-10-01,EUR_CHF,EUR,CHF,-0.0535909090909091,-0.845,0.7914090909090908
2015-11-01,EUR_CHF,EUR,CHF,-0.0876190476190476,-0.680833,0.5932139523809524
2015-12-01,EUR_CHF,EUR,CHF,-0.126318181818182,-0.740213833333333,0.613895651515151
2016-01-01,EUR_CHF,EUR,CHF,-0.14615,-0.745873,0.599723
2016-02-01,EUR_CHF,EUR,CHF,-0.183571428571429,-0.8886364,0.705064971428571
2016-03-01,EUR_CHF,EUR,CHF,-0.22852380952381,-0.774167,0.54564319047619
2016-04-01,EUR_CHF,EUR,CHF,-0.249190476190476,-0.746875,0.497684523809524
2016-05-01,EUR_CHF,EUR,CHF,-0.257181818181818,-0.765375,0.508193181818182
2016-06-01,EUR_CHF,EUR,CHF,-0.267909090909091,-0.718645,0.450735909090909
2016-07-01,EUR_CHF,EUR,CHF,-0.294523809523809,-0.77,0.475476190476191
2016-08-01,EUR_CHF,EUR,CHF,-0.298217391304348,-0.75,0.451782608695652
2016-09-01,EUR_CHF,EUR,CHF,-0.301636363636364,-0.75,0.448363636363636
2016-10-01,EUR_CHF,EUR,CHF,-0.309,-0.75,0.441
2016-11-01,EUR_CHF,EUR,CHF,-0.312681818181818,-0.76,0.447318181818182
2016-12-01,EUR_CHF,EUR,CHF,-0.315761904761905,-0.8,0.484238095238095
2017-01-01,EUR_CHF,EUR,CHF,-0.325545454545455,-0.93,0.604454545454545
2017-02-01,EUR_CHF,EUR,CHF,-0.3286,-0.803778166666667,0.475178166666667
2017-03-01,EUR_CHF,EUR,CHF,-0.329347826086957,-0.815,0.48565217391304294
2017-04-01,EUR_CHF,EUR,CHF,-0.330388888888889,-0.7901191,0.45973021111111095
2017-05-01,EUR_CHF,EUR,CHF,-0.329454545454545,-0.89770825,0.568253704545455
2017-06-01,EUR_CHF,EUR,CHF,-0.33,-0.775,0.445
2017-07-01,EUR_CHF,EUR,CHF,-0.330428571428571,-0.805833333333333,0.47540476190476194
2017-08-01,EUR_CHF,EUR,CHF,-0.329086956521739,-0.815,0.4859130434782609
2017-09-01,EUR_CHF,EUR,CHF,-0.329380952380952,-0.84525,0.515869047619048
2017-10-01,EUR_CHF,EUR,CHF,-0.329545454545455,-0.925185222222222,0.5956397676767671
2017-11-01,EUR_CHF,EUR,CHF,-0.329,-0.906642166666667,0.5776421666666669
2017-12-01,EUR_CHF,EUR,CHF,-0.327894736842105,-0.864305555555556,0.536410818713451
2018-01-01,EUR_CHF,EUR,CHF,-0.328454545454546,-0.87154745,0.543092904545454
2018-02-01,EUR_CHF,EUR,CHF,-0.3285,-0.8715625,0.5430625
2018-03-01,EUR_CHF,EUR,CHF,-0.327904761904762,-0.79524075,0.4673359880952381
2018-04-01,EUR_CHF,EUR,CHF,-0.32845,-0.80023515,0.47178515
2018-05-01,EUR_CHF,EUR,CHF,-0.325227272727273,-0.7861775,0.460950227272727
2018-06-01,EUR_CHF,EUR,CHF,-0.322047619047619,-0.790477142857143,0.46842952380952396
2018-07-01,EUR_CHF,EUR,CHF,-0.320727272727273,-0.780435909090909,0.45970863636363596
2018-08-01,EUR_CHF,EUR,CHF,-0.319,-0.777280909090909,0.45828090909090896
2018-09-01,EUR_CHF,EUR,CHF,-0.31885,-0.780283888888889,0.461433888888889
2018-10-01,EUR_CHF,EUR,CHF,-0.317695652173913,-0.831076428571429,0.513380776397516
2018-11-01,EUR_CHF,EUR,CHF,-0.316363636363636,-0.815,0.49863636363636393
2018-12-01,EUR_CHF,EUR,CHF,-0.311894736842105,-0.776,0.464105263157895
2019-01-01,EUR_CHF,EUR,CHF,-0.308,-0.813503555555556,0.505503555555556
2019-02-01,EUR_CHF,EUR,CHF,-0.30845,-0.768617571428571,0.460167571428571
2019-03-01,EUR_CHF,EUR,CHF,-0.309190476190476,-0.756575222222222,0.44738474603174594
2019-04-01,EUR_CHF,EUR,CHF,-0.31045,-0.7475,0.43705000000000005
2019-05-01,EUR_CHF,EUR,CHF,-0.311863636363636,-0.7752625,0.46339886363636396
2019-06-01,EUR_CHF,EUR,CHF,-0.3289,-0.780555,0.451655
2019-07-01,EUR_CHF,EUR,CHF,-0.364869565217391,-0.84,0.47513043478260897
2019-08-01,EUR_CHF,EUR,CHF,-0.407681818181818,-0.8075,0.399818181818182
2019-09-01,EUR_CHF,EUR,CHF,-0.417571428571429,-0.79125,0.373678571428571
2019-10-01,EUR_CHF,EUR,CHF,-0.412869565217391,-0.756590909090909,0.343721343873518
2019-11-01,EUR_CHF,EUR,CHF,-0.401285714285714,-0.705643333333333,0.30435761904761893
2019-12-01,EUR_CHF,EUR,CHF,-0.3947,-0.736666666666667,0.34196666666666703
2020-01-01,EUR_CHF,EUR,CHF,-0.391136363636364,-0.74875,0.357613636363636
2020-02-01,EUR_CHF,EUR,CHF,-0.40885,-0.7164475,0.3075975
2020-03-01,EUR_CHF,EUR,CHF,-0.416636363636364,-0.675,0.258363636363636
2020-04-01,EUR_CHF,EUR,CHF,-0.25405,-0.624583333333333,0.37053333333333305
2020-05-01,EUR_CHF,EUR,CHF,-0.27195,-0.663348888888889,0.39139888888888896
2020-06-01,EUR_CHF,EUR,CHF,-0.376,-0.6658145,0.2898145
2020-07-01,EUR_CHF,EUR,CHF,-0.444130434782609,-0.69071347826087,0.24658304347826104
2020-08-01,EUR_CHF,EUR,CHF,-0.479714285714286,-0.706807142857143,0.22709285714285699
2020-09-01,EUR_CHF,EUR,CHF,-0.491363636363636,-0.708714090909091,0.21735045454545499
2020-10-01,EUR_CHF,EUR,CHF,-0.509136363636364,-0.698181818181818,0.18904545454545396
2020-11-01,EUR_CHF,EUR,CHF,-0.520857142857143,-0.73,0.20914285714285696
2020-12-01,EUR_CHF,EUR,CHF,-0.538090909090909,-0.742727272727273,0.20463636363636406
2021-01-01,EUR_CHF,EUR,CHF,-0.54715,-0.729838,0.18268799999999996
2021-02-01,EUR_CHF,EUR,CHF,-0.5411,-0.732424,0.19132399999999994
2021-03-01,EUR_CHF,EUR,CHF,-0.539086956521739,-0.73,0.190913043478261
2021-04-01,EUR_CHF,EUR,CHF,-0.53815,-0.7285415,0.19039149999999994
2021-05-01,EUR_CHF,EUR,CHF,-0.540095238095238,-0.735221052631579,0.19512581453634104
2021-06-01,EUR_CHF,EUR,CHF,-0.542909090909091,-0.737727272727273,0.194818181818182
2021-07-01,EUR_CHF,EUR,CHF,-0.544818181818182,-0.736136363636364,0.19131818181818205
2021-08-01,EUR_CHF,EUR,CHF,-0.547590909090909,-0.738181818181818,0.19059090909090903
2021-09-01,EUR_CHF,EUR,CHF,-0.545045454545454,-0.82,0.274954545454546
2021-10-01,EUR_CHF,EUR,CHF,-0.549809523809524,-0.726692380952381,0.176882857142857
2021-11-01,EUR_CHF,EUR,CHF,-0.567363636363636,-0.693960909090909,0.12659727272727306
2021-12-01,EUR_CHF,EUR,CHF,-0.58195652173913,-0.71745652173913,0.13549999999999995
2022-01-01,EUR_CHF,EUR,CHF,-0.560142857142857,-0.714190952380952,0.15404809523809493
2022-02-01,EUR_CHF,EUR,CHF,-0.53150000005,-0.684792,0.15329199994999998
2022-03-01,EUR_CHF,EUR,CHF,-0.495434782608696,-0.682174347826087,0.186739565217391
2022-04-01,EUR_CHF,EUR,CHF,-0.447894736842105,-0.6725,0.22460526315789497
2022-05-01,EUR_CHF,EUR,CHF,-0.385727272727273,-0.685,0.2992727272727271
2022-06-01,EUR_CHF,EUR,CHF,-0.239227272727273,-0.508571428571429,0.269344155844156
2022-07-01,EUR_CHF,EUR,CHF,0.0366190476190476,-0.11,0.1466190476190476
2022-08-01,EUR_CHF,EUR,CHF,0.394739130434783,-0.0245454545454545,0.41928458498023746
2022-09-01,EUR_CHF,EUR,CHF,1.01086363636364,0.1475,0.8633636363636401
2022-10-01,EUR_CHF,EUR,CHF,1.42766666666667,0.52875,0.8989166666666699
2022-11-01,EUR_CHF,EUR,CHF,1.82522727272727,0.54,1.28522727272727
2022-12-01,EUR_CHF,EUR,CHF,2.06347619047619,0.736349047619048,1.327127142857142
2023-01-01,EUR_CHF,EUR,CHF,2.34486363636364,0.986904761904762,1.3579588744588782
2023-02-01,EUR_CHF,EUR,CHF,2.64035,1.0,1.6403500000000002
2023-03-01,EUR_CHF,EUR,CHF,2.91056521739131,1.36382260869565,1.54674260869566
2023-04-01,EUR_CHF,EUR,CHF,3.167,1.45,1.7169999999999999
2023-05-01,EUR_CHF,EUR,CHF,3.3664347826087,1.45,1.9164347826087
2023-06-01,EUR_CHF,EUR,CHF,3.53586363636364,1.59045454545455,1.94540909090909
2023-07-01,EUR_CHF,EUR,CHF,3.67180952380952,1.72,1.9518095238095199
2023-08-01,EUR_CHF,EUR,CHF,3.78030434782609,1.76727272727273,2.0130316205533596
2023-09-01,EUR_CHF,EUR,CHF,3.88004761904762,1.77,2.11004761904762
2023-10-01,EUR_CHF,EUR,CHF,3.96763636363636,1.77,2.19763636363636
2023-11-01,EUR_CHF,EUR,CHF,3.97163636363636,1.73181818181818,2.2398181818181797
2023-12-01,EUR_CHF,EUR,CHF,3.93309523809524,1.6525,2.2805952380952403
2024-01-01,EUR_CHF,EUR,CHF,3.92527272727273,1.6852380952381,2.24003463203463
2024-02-01,EUR_CHF,EUR,CHF,3.92319047619048,1.7,2.2231904761904797
2024-03-01,EUR_CHF,EUR,CHF,3.92238095238095,1.5,2.42238095238095
2024-04-01,EUR_CHF,EUR,CHF,3.88636363636364,1.5,2.38636363636364
2024-05-01,EUR_CHF,EUR,CHF,3.81365217391304,1.5,2.31365217391304
2024-06-01,EUR_CHF,EUR,CHF,3.7245,1.427,2.2975
2024-07-01,EUR_CHF,EUR,CHF,3.68482608695652,1.19347826086957,2.49134782608695
2024-08-01,EUR_CHF,EUR,CHF,3.54759090909091,1.06647238095238,2.48111852813853
2024-09-01,EUR_CHF,EUR,CHF,3.43371428571428,1.02214285714286,2.41157142857142
2024-10-01,EUR_CHF,EUR,CHF,3.16660869565217,0.894492608695652,2.272116086956518
2024-11-01,EUR_CHF,EUR,CHF,3.0067619047619,0.806508095238095,2.2002538095238053
2024-12-01,EUR_CHF,EUR,CHF,2.81609090909091,0.60075,2.21534090909091
2025-01-01,EUR_CHF,EUR,CHF,2.7031304348,0.408095238095238,2.2950351967047617
2025-02-01,EUR_CHF,EUR,CHF,2.52495,0.37125,2.1537
2025-03-01,EUR_CHF,EUR,CHF,2.4424285714,0.312911904761905,2.1295166666380947
2025-04-01,EUR_CHF,EUR,CHF,2.2481818182,0.15585,2.0923318182
2025-05-01,EUR_CHF,EUR,CHF,2.0912727273,0.092,1.9992727272999997
2025-06-01,EUR_CHF,EUR,CHF,1.9836190476,0.039603,1.9440160476
2025-07-01,EUR_CHF,EUR,CHF,1.9863478261,-0.0406521739130435,2.0270000000130435
2025-08-01,EUR_CHF,EUR,CHF,2.0210952381,-0.0615,2.0825952381
2025-09-01,EUR_CHF,EUR,CHF,2.0272727273,-0.0596968181818182,2.0869695454818182
2025-10-01,EUR_CHF,EUR,CHF,2.0344347826,-0.0643113043478261,2.098746086947826
2025-11-01,EUR_CHF,EUR,CHF,2.04165,-0.0475,2.08915
2025-12-01,EUR_CHF,EUR,CHF,2.0457826087,-0.0482128571428571,2.0939954658428572
2026-01-01,EUR_CHF,EUR,CHF,2.0277272727,-0.0388865,2.0666137727
2026-02-01,EUR_CHF,EUR,CHF,2.0277272727,-0.0435,2.0712272727
2026-03-01,EUR_CHF,EUR,CHF,2.0277272727,-0.0411959090909091,2.0689231817909093
2026-04-01,EUR_CHF,EUR,CHF,2.0277272727,-0.04,2.0677272727
1995-01-01,EUR_GBP,EUR,GBP,6.66,6.63778,0.022219999999999906
1995-02-01,EUR_GBP,EUR,GBP,6.59,6.80391,-0.21391000000000027
1995-03-01,EUR_GBP,EUR,GBP,7.58,6.72554,0.8544600000000004
1995-04-01,EUR_GBP,EUR,GBP,7.29,6.73633,0.5536700000000003
1995-05-01,EUR_GBP,EUR,GBP,7.04,6.77616,0.2638400000000001
1995-06-01,EUR_GBP,EUR,GBP,7.08,6.71484,0.3651600000000004
1995-07-01,EUR_GBP,EUR,GBP,6.92,6.87686,0.04314000000000018
1995-08-01,EUR_GBP,EUR,GBP,6.66,6.87568,-0.21567999999999987
1995-09-01,EUR_GBP,EUR,GBP,6.5,6.79539,-0.29539000000000026
1995-10-01,EUR_GBP,EUR,GBP,6.75,6.81783,-0.06782999999999983
1995-11-01,EUR_GBP,EUR,GBP,6.45,6.72088,-0.27088
1995-12-01,EUR_GBP,EUR,GBP,6.32,6.54985,-0.2298499999999999
1996-01-01,EUR_GBP,EUR,GBP,5.81,6.44718,-0.6371800000000007
1996-02-01,EUR_GBP,EUR,GBP,5.58,6.24554,-0.66554
1996-03-01,EUR_GBP,EUR,GBP,5.5,6.13988,-0.6398799999999998
1996-04-01,EUR_GBP,EUR,GBP,5.27,6.08452,-0.8145200000000008
1996-05-01,EUR_GBP,EUR,GBP,5.06,6.11651,-1.0565100000000003
1996-06-01,EUR_GBP,EUR,GBP,5.08,5.93477,-0.8547700000000003
1996-07-01,EUR_GBP,EUR,GBP,5.06,5.82167,-0.7616700000000005
1996-08-01,EUR_GBP,EUR,GBP,5.08,5.83647,-0.7564700000000002
1996-09-01,EUR_GBP,EUR,GBP,4.86,5.86365,-1.0036499999999995
1996-10-01,EUR_GBP,EUR,GBP,4.69,6.01953,-1.3295299999999992
1996-11-01,EUR_GBP,EUR,GBP,4.57,6.38579,-1.8157899999999998
1996-12-01,EUR_GBP,EUR,GBP,4.5,6.43164,-1.9316399999999998
1997-01-01,EUR_GBP,EUR,GBP,4.39,6.41491,-2.02491
1997-02-01,EUR_GBP,EUR,GBP,4.43,6.28848,-1.8584800000000001
1997-03-01,EUR_GBP,EUR,GBP,4.5,6.30413,-1.8041299999999998
1997-04-01,EUR_GBP,EUR,GBP,4.39,6.45437,-2.0643700000000003
1997-05-01,EUR_GBP,EUR,GBP,4.3,6.53214,-2.2321400000000002
1997-06-01,EUR_GBP,EUR,GBP,4.29,6.66462,-2.37462
1997-07-01,EUR_GBP,EUR,GBP,4.3,7.04144,-2.74144
1997-08-01,EUR_GBP,EUR,GBP,4.36,7.24349,-2.88349
1997-09-01,EUR_GBP,EUR,GBP,4.31,7.29687,-2.9868700000000006
1997-10-01,EUR_GBP,EUR,GBP,4.44,7.35615,-2.91615
1997-11-01,EUR_GBP,EUR,GBP,4.49,7.62617,-3.13617
1997-12-01,EUR_GBP,EUR,GBP,4.37,7.7179,-3.3479
1998-01-01,EUR_GBP,EUR,GBP,4.26,7.5854,-3.3254
1998-02-01,EUR_GBP,EUR,GBP,4.24,7.54395,-3.3039499999999995
1998-03-01,EUR_GBP,EUR,GBP,4.11,7.56676,-3.45676
1998-04-01,EUR_GBP,EUR,GBP,4.09,7.53533,-3.4453300000000002
1998-05-01,EUR_GBP,EUR,GBP,4.06,7.4881,-3.4281000000000006
1998-06-01,EUR_GBP,EUR,GBP,4.02,7.71396,-3.6939600000000006
1998-07-01,EUR_GBP,EUR,GBP,3.95,7.80622,-3.8562199999999995
1998-08-01,EUR_GBP,EUR,GBP,3.93,7.72824,-3.7982400000000003
1998-09-01,EUR_GBP,EUR,GBP,3.93,7.46768,-3.5376799999999995
1998-10-01,EUR_GBP,EUR,GBP,3.81,7.22061,-3.4106099999999997
1998-11-01,EUR_GBP,EUR,GBP,3.69,6.97448,-3.28448
1998-12-01,EUR_GBP,EUR,GBP,3.37,6.46034,-3.0903400000000003
1999-01-01,EUR_GBP,EUR,GBP,3.1321,5.92171,-2.78961
1999-02-01,EUR_GBP,EUR,GBP,3.0934,5.53197,-2.4385700000000003
1999-03-01,EUR_GBP,EUR,GBP,3.04669565217391,5.42287,-2.3761743478260895
1999-04-01,EUR_GBP,EUR,GBP,2.69645454545455,5.31773,-2.62127545454545
1999-05-01,EUR_GBP,EUR,GBP,2.57895238095238,5.34875,-2.76979761904762
1999-06-01,EUR_GBP,EUR,GBP,2.62668181818182,5.22114,-2.59445818181818
1999-07-01,EUR_GBP,EUR,GBP,2.67645454545455,5.16688,-2.49042545454545
1999-08-01,EUR_GBP,EUR,GBP,2.69504545454545,5.25409,-2.5590445454545496
1999-09-01,EUR_GBP,EUR,GBP,2.72668181818182,5.4107,-2.68401818181818
1999-10-01,EUR_GBP,EUR,GBP,3.37566666666667,6.02564,-2.64997333333333
1999-11-01,EUR_GBP,EUR,GBP,3.46768181818182,5.8725,-2.4048181818181797
1999-12-01,EUR_GBP,EUR,GBP,3.44604545454545,6.05531,-2.6092645454545504
2000-01-01,EUR_GBP,EUR,GBP,3.34314285714286,6.13632,-2.7931771428571404
2000-02-01,EUR_GBP,EUR,GBP,3.53676190476191,6.23781,-2.7010480952380895
2000-03-01,EUR_GBP,EUR,GBP,3.74704347826087,6.22838,-2.4813365217391294
2000-04-01,EUR_GBP,EUR,GBP,3.92527777777778,6.29647,-2.3711922222222204
2000-05-01,EUR_GBP,EUR,GBP,4.36204545454546,6.30356,-1.94151454545454
2000-06-01,EUR_GBP,EUR,GBP,4.50172727272727,6.22682,-1.72509272727273
2000-07-01,EUR_GBP,EUR,GBP,4.58290476190476,6.19247,-1.6095652380952403
2000-08-01,EUR_GBP,EUR,GBP,4.77708695652174,6.21754,-1.4404530434782599
2000-09-01,EUR_GBP,EUR,GBP,4.85280952380952,6.20569,-1.3528804761904798
2000-10-01,EUR_GBP,EUR,GBP,5.04127272727273,6.16274,-1.12146727272727
2000-11-01,EUR_GBP,EUR,GBP,5.09195454545454,6.08629,-0.9943354545454604
2000-12-01,EUR_GBP,EUR,GBP,4.93915789473684,5.95539,-1.0162321052631604
2001-01-01,EUR_GBP,EUR,GBP,4.77072727272727,5.84578,-1.0750527272727304
2001-02-01,EUR_GBP,EUR,GBP,4.7558,5.75655,-1.00075
2001-03-01,EUR_GBP,EUR,GBP,4.70863636363636,5.55126,-0.8426236363636397
2001-04-01,EUR_GBP,EUR,GBP,4.682,5.40449,-0.7224899999999996
2001-05-01,EUR_GBP,EUR,GBP,4.63668181818182,5.24858,-0.6118981818181792
2001-06-01,EUR_GBP,EUR,GBP,4.45357142857143,5.25854,-0.8049685714285699
2001-07-01,EUR_GBP,EUR,GBP,4.46713636363636,5.25436,-0.78722363636364
2001-08-01,EUR_GBP,EUR,GBP,4.35352173913043,4.99658,-0.6430582608695694
2001-09-01,EUR_GBP,EUR,GBP,3.98285,4.72946,-0.7466100000000004
2001-10-01,EUR_GBP,EUR,GBP,3.59986956521739,4.42821,-0.8283404347826098
2001-11-01,EUR_GBP,EUR,GBP,3.38568181818182,3.99675,-0.61106818181818
2001-12-01,EUR_GBP,EUR,GBP,3.34488888888889,4.0506,-0.7057111111111101
2002-01-01,EUR_GBP,EUR,GBP,3.33877272727273,4.04677,-0.7079972727272703
2002-02-01,EUR_GBP,EUR,GBP,3.3571,4.05268,-0.6955799999999996
2002-03-01,EUR_GBP,EUR,GBP,3.3908,4.13055,-0.7397500000000004
2002-04-01,EUR_GBP,EUR,GBP,3.40690476190476,4.17319,-0.7662852380952399
2002-05-01,EUR_GBP,EUR,GBP,3.46713636363636,4.1537,-0.6865636363636396
2002-06-01,EUR_GBP,EUR,GBP,3.464,4.17758,-0.7135799999999999
2002-07-01,EUR_GBP,EUR,GBP,3.41,4.06054,-0.6505399999999995
2002-08-01,EUR_GBP,EUR,GBP,3.35190909090909,3.98654,-0.6346309090909101
2002-09-01,EUR_GBP,EUR,GBP,3.31014285714286,3.98872,-0.6785771428571397
2002-10-01,EUR_GBP,EUR,GBP,3.26126086956522,3.96401,-0.7027491304347802
2002-11-01,EUR_GBP,EUR,GBP,3.12414285714286,3.97142,-0.84727714285714
2002-12-01,EUR_GBP,EUR,GBP,2.94105,4.01777,-1.0767199999999995
2003-01-01,EUR_GBP,EUR,GBP,2.83181818181818,3.98263,-1.15081181818182
2003-02-01,EUR_GBP,EUR,GBP,2.68745,3.75425,-1.0667999999999997
2003-03-01,EUR_GBP,EUR,GBP,2.52995238095238,3.65503,-1.12507761904762
2003-04-01,EUR_GBP,EUR,GBP,2.53335,3.64598,-1.1126300000000002
2003-05-01,EUR_GBP,EUR,GBP,2.40052380952381,3.63252,-1.23199619047619
2003-06-01,EUR_GBP,EUR,GBP,2.15185714285714,3.63966,-1.48780285714286
2003-07-01,EUR_GBP,EUR,GBP,2.13004347826087,3.49022,-1.3601765217391297
2003-08-01,EUR_GBP,EUR,GBP,2.14042857142857,3.52249,-1.38206142857143
2003-09-01,EUR_GBP,EUR,GBP,2.14731818181818,3.6967,-1.54938181818182
2003-10-01,EUR_GBP,EUR,GBP,2.1435652173913,3.80338,-1.6598147826087004
2003-11-01,EUR_GBP,EUR,GBP,2.15905,3.98043,-1.82138
2003-12-01,EUR_GBP,EUR,GBP,2.14633333333333,4.01864,-1.8723066666666703
2004-01-01,EUR_GBP,EUR,GBP,2.08947619047619,4.05531,-1.9658338095238106
2004-02-01,EUR_GBP,EUR,GBP,2.07055,4.16654,-2.0959900000000005
2004-03-01,EUR_GBP,EUR,GBP,2.02882608695652,4.29673,-2.2679039130434804
2004-04-01,EUR_GBP,EUR,GBP,2.04875,4.39472,-2.3459700000000003
2004-05-01,EUR_GBP,EUR,GBP,2.08585714285714,4.52872,-2.4428628571428597
2004-06-01,EUR_GBP,EUR,GBP,2.11268181818182,4.78974,-2.6770581818181802
2004-07-01,EUR_GBP,EUR,GBP,2.11604545454546,4.85702,-2.7409745454545402
2004-08-01,EUR_GBP,EUR,GBP,2.11427272727273,4.96284,-2.8485672727272697
2004-09-01,EUR_GBP,EUR,GBP,2.11859090909091,4.9469,-2.8283090909090904
2004-10-01,EUR_GBP,EUR,GBP,2.14733333333333,4.90071,-2.75337666666667
2004-11-01,EUR_GBP,EUR,GBP,2.17031818181818,4.88359,-2.71327181818182
2004-12-01,EUR_GBP,EUR,GBP,2.17317391304348,4.87103,-2.69785608695652
2005-01-01,EUR_GBP,EUR,GBP,2.14542857142857,4.87316,-2.7277314285714302
2005-02-01,EUR_GBP,EUR,GBP,2.13835,4.89069,-2.7523400000000002
2005-03-01,EUR_GBP,EUR,GBP,2.13719047619048,4.98736,-2.85016952380952
2005-04-01,EUR_GBP,EUR,GBP,2.1372380952381,4.94336,-2.8061219047619
2005-05-01,EUR_GBP,EUR,GBP,2.12563636363636,4.89375,-2.7681136363636396
2005-06-01,EUR_GBP,EUR,GBP,2.11104545454545,4.84144,-2.7303945454545504
2005-07-01,EUR_GBP,EUR,GBP,2.11942857142857,4.65794,-2.53851142857143
2005-08-01,EUR_GBP,EUR,GBP,2.13247826086957,4.59465,-2.46217173913043
2005-09-01,EUR_GBP,EUR,GBP,2.13913636363636,4.59686,-2.4577236363636406
2005-10-01,EUR_GBP,EUR,GBP,2.19661904761905,4.58701,-2.39039095238095
2005-11-01,EUR_GBP,EUR,GBP,2.36086363636364,4.61847,-2.25760636363636
2005-12-01,EUR_GBP,EUR,GBP,2.47285714285714,4.63732,-2.1644628571428597
2006-01-01,EUR_GBP,EUR,GBP,2.51168181818182,4.60368,-2.09199818181818
2006-02-01,EUR_GBP,EUR,GBP,2.60035,4.58199,-1.98164
2006-03-01,EUR_GBP,EUR,GBP,2.72260869565217,4.58741,-1.8648013043478304
2006-04-01,EUR_GBP,EUR,GBP,2.79377777777778,4.6296,-1.83582222222222
2006-05-01,EUR_GBP,EUR,GBP,2.889,4.7015,-1.8125000000000004
2006-06-01,EUR_GBP,EUR,GBP,2.98568181818182,4.73498,-1.74929818181818
2006-07-01,EUR_GBP,EUR,GBP,3.10219047619048,4.73322,-1.63102952380952
2006-08-01,EUR_GBP,EUR,GBP,3.22647826086957,4.94425,-1.7177717391304301
2006-09-01,EUR_GBP,EUR,GBP,3.33538095238095,5.02501,-1.68962904761905
2006-10-01,EUR_GBP,EUR,GBP,3.502,5.13176,-1.62976
2006-11-01,EUR_GBP,EUR,GBP,3.59718181818182,5.22544,-1.6282581818181798
2006-12-01,EUR_GBP,EUR,GBP,3.68421052631579,5.29167,-1.60745947368421
2007-01-01,EUR_GBP,EUR,GBP,3.75186363636364,5.48623,-1.7343663636363598
2007-02-01,EUR_GBP,EUR,GBP,3.8182,5.5657,-1.7474999999999996
2007-03-01,EUR_GBP,EUR,GBP,3.89090909090909,5.54946,-1.6585509090909096
2007-04-01,EUR_GBP,EUR,GBP,3.97526315789474,5.64899,-1.6737268421052605
2007-05-01,EUR_GBP,EUR,GBP,4.07136363636364,5.76742,-1.6960563636363606
2007-06-01,EUR_GBP,EUR,GBP,4.14776190476191,5.88018,-1.7324180952380903
2007-07-01,EUR_GBP,EUR,GBP,4.21618181818182,6.02396,-1.80777818181818
2007-08-01,EUR_GBP,EUR,GBP,4.54360869565217,6.41946,-1.8758513043478295
2007-09-01,EUR_GBP,EUR,GBP,4.7417,6.64694,-1.90524
2007-10-01,EUR_GBP,EUR,GBP,4.68739130434783,6.27014,-1.5827486956521692
2007-11-01,EUR_GBP,EUR,GBP,4.63854545454545,6.40858,-1.7700345454545499
2007-12-01,EUR_GBP,EUR,GBP,4.84836842105263,6.35943,-1.5110615789473698
2008-01-01,EUR_GBP,EUR,GBP,4.48154545454545,5.65965,-1.1781045454545502
2008-02-01,EUR_GBP,EUR,GBP,4.36209523809524,5.64202,-1.27992476190476
2008-03-01,EUR_GBP,EUR,GBP,4.59636842105263,5.89929,-1.3029215789473696
2008-04-01,EUR_GBP,EUR,GBP,4.7835,5.91881,-1.1353099999999996
2008-05-01,EUR_GBP,EUR,GBP,4.85738095238095,5.82639,-0.9690090476190498
2008-06-01,EUR_GBP,EUR,GBP,4.94052380952381,5.92944,-0.9889161904761892
2008-07-01,EUR_GBP,EUR,GBP,4.961,5.8322,-0.8712
2008-08-01,EUR_GBP,EUR,GBP,4.96519047619048,5.76619,-0.8009995238095202
2008-09-01,EUR_GBP,EUR,GBP,5.01918181818182,5.9106,-0.8914181818181799
2008-10-01,EUR_GBP,EUR,GBP,5.11308695652174,6.13304,-1.0199530434782602
2008-11-01,EUR_GBP,EUR,GBP,4.2383,4.44684,-0.20854000000000017
2008-12-01,EUR_GBP,EUR,GBP,3.29261904761905,3.17247,0.1201490476190501
2009-01-01,EUR_GBP,EUR,GBP,2.45652380952381,2.34276,0.11376380952380982
2009-02-01,EUR_GBP,EUR,GBP,1.94305,2.09038,-0.14733000000000018
2009-03-01,EUR_GBP,EUR,GBP,1.63545454545455,1.83139,-0.19593545454545014
2009-04-01,EUR_GBP,EUR,GBP,1.4223,1.53413,-0.1118300000000001
2009-05-01,EUR_GBP,EUR,GBP,1.2817,1.35795,-0.07624999999999993
2009-06-01,EUR_GBP,EUR,GBP,1.22790909090909,1.24117,-0.013260909090910156
2009-07-01,EUR_GBP,EUR,GBP,0.974956521739131,1.00113,-0.02617347826086902
2009-08-01,EUR_GBP,EUR,GBP,0.860476190476191,0.77369,0.08678619047619096
2009-09-01,EUR_GBP,EUR,GBP,0.772090909090909,0.6056,0.16649090909090902
2009-10-01,EUR_GBP,EUR,GBP,0.7375,0.57087,0.16663000000000006
2009-11-01,EUR_GBP,EUR,GBP,0.716190476190476,0.60936,0.10683047619047603
2009-12-01,EUR_GBP,EUR,GBP,0.712045454545454,0.60541,0.10663545454545398
2010-01-01,EUR_GBP,EUR,GBP,0.67975,0.61265,0.06709999999999994
2010-02-01,EUR_GBP,EUR,GBP,0.6617,0.6331,0.02859999999999996
2010-03-01,EUR_GBP,EUR,GBP,0.64495652173913,0.64549,-0.0005334782608700239
2010-04-01,EUR_GBP,EUR,GBP,0.6447,0.65592,-0.011219999999999897
2010-05-01,EUR_GBP,EUR,GBP,0.68652380952381,0.69713,-0.010606190476190047
2010-06-01,EUR_GBP,EUR,GBP,0.727590909090909,0.72839,-0.000799090909091027
2010-07-01,EUR_GBP,EUR,GBP,0.848818181818182,0.73603,0.11278818181818207
2010-08-01,EUR_GBP,EUR,GBP,0.8955,0.73296,0.16254000000000002
2010-09-01,EUR_GBP,EUR,GBP,0.8805,0.72859,0.15191
2010-10-01,EUR_GBP,EUR,GBP,0.997666666666667,0.7384,0.2592666666666671
2010-11-01,EUR_GBP,EUR,GBP,1.04204545454545,0.73901,0.3030354545454501
2010-12-01,EUR_GBP,EUR,GBP,1.02169565217391,0.74962,0.27207565217391005
2011-01-01,EUR_GBP,EUR,GBP,1.0172380952381,0.76866,0.24857809523809993
2011-02-01,EUR_GBP,EUR,GBP,1.08675,0.79962,0.2871300000000001
2011-03-01,EUR_GBP,EUR,GBP,1.17552173913043,0.80913,0.36639173913043
2011-04-01,EUR_GBP,EUR,GBP,1.32121052631579,0.82096,0.50025052631579
2011-05-01,EUR_GBP,EUR,GBP,1.42509090909091,0.82344,0.6016509090909101
2011-06-01,EUR_GBP,EUR,GBP,1.48859090909091,0.82512,0.66347090909091
2011-07-01,EUR_GBP,EUR,GBP,1.59761904761905,0.8289,0.76871904761905
2011-08-01,EUR_GBP,EUR,GBP,1.55208695652174,0.85782,0.6942669565217399
2011-09-01,EUR_GBP,EUR,GBP,1.53645454545455,0.9181,0.6183545454545499
2011-10-01,EUR_GBP,EUR,GBP,1.57585714285714,0.96991,0.6059471428571399
2011-11-01,EUR_GBP,EUR,GBP,1.48468181818182,1.01182,0.47286181818182005
2011-12-01,EUR_GBP,EUR,GBP,1.42609523809524,1.06148,0.3646152380952401
2012-01-01,EUR_GBP,EUR,GBP,1.22222727272727,1.08709,0.13513727272727016
2012-02-01,EUR_GBP,EUR,GBP,1.04828571428571,1.07249,-0.024204285714289897
2012-03-01,EUR_GBP,EUR,GBP,0.858454545454546,1.03757,-0.17911545454545408
2012-04-01,EUR_GBP,EUR,GBP,0.744315789473684,1.01792,-0.2736042105263159
2012-05-01,EUR_GBP,EUR,GBP,0.684909090909091,1.005,-0.32009090909090887
2012-06-01,EUR_GBP,EUR,GBP,0.658857142857143,0.94978,-0.2909228571428569
2012-07-01,EUR_GBP,EUR,GBP,0.497045454545455,0.81735,-0.320304545454545
2012-08-01,EUR_GBP,EUR,GBP,0.332391304347826,0.70481,-0.37241869565217406
2012-09-01,EUR_GBP,EUR,GBP,0.2463,0.64803,-0.40173000000000003
2012-10-01,EUR_GBP,EUR,GBP,0.207913043478261,0.54397,-0.33605695652173895
2012-11-01,EUR_GBP,EUR,GBP,0.192,0.52452,-0.33252
2012-12-01,EUR_GBP,EUR,GBP,0.185473684210526,0.51848,-0.33300631578947404
2013-01-01,EUR_GBP,EUR,GBP,0.204909090909091,0.51228,-0.3073709090909089
2013-02-01,EUR_GBP,EUR,GBP,0.22335,0.50988,-0.28653
2013-03-01,EUR_GBP,EUR,GBP,0.20605,0.50688,-0.30083
2013-04-01,EUR_GBP,EUR,GBP,0.208904761904762,0.50557,-0.2966652380952379
2013-05-01,EUR_GBP,EUR,GBP,0.201227272727273,0.50563,-0.304402727272727
2013-06-01,EUR_GBP,EUR,GBP,0.21025,0.50794,-0.29768999999999995
2013-07-01,EUR_GBP,EUR,GBP,0.221434782608696,0.50944,-0.288005217391304
2013-08-01,EUR_GBP,EUR,GBP,0.225863636363636,0.51262,-0.286756363636364
2013-09-01,EUR_GBP,EUR,GBP,0.223238095238095,0.51688,-0.293641904761905
2013-10-01,EUR_GBP,EUR,GBP,0.225826086956522,0.51663,-0.290803913043478
2013-11-01,EUR_GBP,EUR,GBP,0.223380952380952,0.52344,-0.300059047619048
2013-12-01,EUR_GBP,EUR,GBP,0.2735,0.52474,-0.25123999999999996
2014-01-01,EUR_GBP,EUR,GBP,0.292045454545455,0.52093,-0.228884545454545
2014-02-01,EUR_GBP,EUR,GBP,0.2881,0.52153,-0.23343000000000003
2014-03-01,EUR_GBP,EUR,GBP,0.305333333333333,0.52157,-0.21623666666666697
2014-04-01,EUR_GBP,EUR,GBP,0.32975,0.52665,-0.19689999999999996
2014-05-01,EUR_GBP,EUR,GBP,0.324571428571429,0.52744,-0.202868571428571
2014-06-01,EUR_GBP,EUR,GBP,0.241428571428571,0.54394,-0.302511428571429
2014-07-01,EUR_GBP,EUR,GBP,0.20504347826087,0.55641,-0.35136652173912997
2014-08-01,EUR_GBP,EUR,GBP,0.191571428571429,0.56119,-0.36961857142857096
2014-09-01,EUR_GBP,EUR,GBP,0.0970909090909091,0.56291,-0.4658190909090909
2014-10-01,EUR_GBP,EUR,GBP,0.0826086956521739,0.55836,-0.4757513043478261
2014-11-01,EUR_GBP,EUR,GBP,0.0809,0.55628,-0.47538
2014-12-01,EUR_GBP,EUR,GBP,0.0809047619047619,0.55818,-0.4772752380952381
2015-01-01,EUR_GBP,EUR,GBP,0.0626666666666667,0.5626,-0.4999333333333333
2015-02-01,EUR_GBP,EUR,GBP,0.0482,0.56363,-0.5154299999999999
2015-03-01,EUR_GBP,EUR,GBP,0.0271818181818182,0.56436,-0.5371781818181818
2015-04-01,EUR_GBP,EUR,GBP,0.0047,0.5695,-0.5648
2015-05-01,EUR_GBP,EUR,GBP,-0.0103684210526316,0.56798,-0.5783484210526316
2015-06-01,EUR_GBP,EUR,GBP,-0.0139090909090909,0.57188,-0.5857890909090909
2015-07-01,EUR_GBP,EUR,GBP,-0.0187391304347826,0.58084,-0.5995791304347826
2015-08-01,EUR_GBP,EUR,GBP,-0.0276666666666667,0.5867,-0.6143666666666667
2015-09-01,EUR_GBP,EUR,GBP,-0.0370454545454546,0.58576,-0.6228054545454546
2015-10-01,EUR_GBP,EUR,GBP,-0.0535909090909091,0.58006,-0.6336509090909092
2015-11-01,EUR_GBP,EUR,GBP,-0.0876190476190476,0.57371,-0.6613290476190476
2015-12-01,EUR_GBP,EUR,GBP,-0.126318181818182,0.58277,-0.709088181818182
2016-01-01,EUR_GBP,EUR,GBP,-0.14615,0.58976,-0.73591
2016-02-01,EUR_GBP,EUR,GBP,-0.183571428571429,0.59073,-0.7743014285714289
2016-03-01,EUR_GBP,EUR,GBP,-0.22852380952381,0.58825,-0.8167738095238101
2016-04-01,EUR_GBP,EUR,GBP,-0.249190476190476,0.5889,-0.8380904761904759
2016-05-01,EUR_GBP,EUR,GBP,-0.257181818181818,0.58929,-0.846471818181818
2016-06-01,EUR_GBP,EUR,GBP,-0.267909090909091,0.57468,-0.842589090909091
2016-07-01,EUR_GBP,EUR,GBP,-0.294523809523809,0.5136,-0.808123809523809
2016-08-01,EUR_GBP,EUR,GBP,-0.298217391304348,0.40613,-0.704347391304348
2016-09-01,EUR_GBP,EUR,GBP,-0.301636363636364,0.37907,-0.6807063636363639
2016-10-01,EUR_GBP,EUR,GBP,-0.309,0.3975,-0.7065
2016-11-01,EUR_GBP,EUR,GBP,-0.312681818181818,0.39773,-0.710411818181818
2016-12-01,EUR_GBP,EUR,GBP,-0.315761904761905,0.37226,-0.688021904761905
2017-01-01,EUR_GBP,EUR,GBP,-0.325545454545455,0.3621,-0.687645454545455
2017-02-01,EUR_GBP,EUR,GBP,-0.3286,0.35674,-0.6853400000000001
2017-03-01,EUR_GBP,EUR,GBP,-0.329347826086957,0.34567,-0.675017826086957
2017-04-01,EUR_GBP,EUR,GBP,-0.330388888888889,0.33513,-0.665518888888889
2017-05-01,EUR_GBP,EUR,GBP,-0.329454545454545,0.31081,-0.640264545454545
2017-06-01,EUR_GBP,EUR,GBP,-0.33,0.29442,-0.62442
2017-07-01,EUR_GBP,EUR,GBP,-0.330428571428571,0.2931,-0.623528571428571
2017-08-01,EUR_GBP,EUR,GBP,-0.329086956521739,0.28119,-0.610276956521739
2017-09-01,EUR_GBP,EUR,GBP,-0.329380952380952,0.30911,-0.638490952380952
2017-10-01,EUR_GBP,EUR,GBP,-0.329545454545455,0.38187,-0.711415454545455
2017-11-01,EUR_GBP,EUR,GBP,-0.329,0.51857,-0.8475699999999999
2017-12-01,EUR_GBP,EUR,GBP,-0.327894736842105,0.51871,-0.846604736842105
2018-01-01,EUR_GBP,EUR,GBP,-0.328454545454546,0.5225,-0.850954545454546
2018-02-01,EUR_GBP,EUR,GBP,-0.3285,0.54683,-0.87533
2018-03-01,EUR_GBP,EUR,GBP,-0.327904761904762,0.62842,-0.9563247619047619
2018-04-01,EUR_GBP,EUR,GBP,-0.32845,0.75629,-1.08474
2018-05-01,EUR_GBP,EUR,GBP,-0.325227272727273,0.64355,-0.968777272727273
2018-06-01,EUR_GBP,EUR,GBP,-0.322047619047619,0.63868,-0.960727619047619
2018-07-01,EUR_GBP,EUR,GBP,-0.320727272727273,0.74619,-1.066917272727273
2018-08-01,EUR_GBP,EUR,GBP,-0.319,0.80519,-1.12419
2018-09-01,EUR_GBP,EUR,GBP,-0.31885,0.80093,-1.11978
2018-10-01,EUR_GBP,EUR,GBP,-0.317695652173913,0.80618,-1.123875652173913
2018-11-01,EUR_GBP,EUR,GBP,-0.316363636363636,0.87483,-1.191193636363636
2018-12-01,EUR_GBP,EUR,GBP,-0.311894736842105,0.90444,-1.216334736842105
2019-01-01,EUR_GBP,EUR,GBP,-0.308,0.91822,-1.22622
2019-02-01,EUR_GBP,EUR,GBP,-0.30845,0.87598,-1.1844299999999999
2019-03-01,EUR_GBP,EUR,GBP,-0.309190476190476,0.84,-1.1491904761904759
2019-04-01,EUR_GBP,EUR,GBP,-0.31045,0.82,-1.13045
2019-05-01,EUR_GBP,EUR,GBP,-0.311863636363636,0.8,-1.111863636363636
2019-06-01,EUR_GBP,EUR,GBP,-0.3289,0.78,-1.1089
2019-07-01,EUR_GBP,EUR,GBP,-0.364869565217391,0.77,-1.134869565217391
2019-08-01,EUR_GBP,EUR,GBP,-0.407681818181818,0.76,-1.167681818181818
2019-09-01,EUR_GBP,EUR,GBP,-0.417571428571429,0.77,-1.187571428571429
2019-10-01,EUR_GBP,EUR,GBP,-0.412869565217391,0.78,-1.192869565217391
2019-11-01,EUR_GBP,EUR,GBP,-0.401285714285714,0.79,-1.191285714285714
2019-12-01,EUR_GBP,EUR,GBP,-0.3947,0.79,-1.1847
2020-01-01,EUR_GBP,EUR,GBP,-0.391136363636364,0.74,-1.131136363636364
2020-02-01,EUR_GBP,EUR,GBP,-0.40885,0.75,-1.15885
2020-03-01,EUR_GBP,EUR,GBP,-0.416636363636364,0.53,-0.946636363636364
2020-04-01,EUR_GBP,EUR,GBP,-0.25405,0.65,-0.90405
2020-05-01,EUR_GBP,EUR,GBP,-0.27195,0.33,-0.60195
2020-06-01,EUR_GBP,EUR,GBP,-0.376,0.19,-0.5660000000000001
2020-07-01,EUR_GBP,EUR,GBP,-0.444130434782609,0.1,-0.544130434782609
2020-08-01,EUR_GBP,EUR,GBP,-0.479714285714286,0.07,-0.549714285714286
2020-09-01,EUR_GBP,EUR,GBP,-0.491363636363636,0.06,-0.5513636363636361
2020-10-01,EUR_GBP,EUR,GBP,-0.509136363636364,0.05,-0.5591363636363641
2020-11-01,EUR_GBP,EUR,GBP,-0.520857142857143,0.04,-0.560857142857143
2020-12-01,EUR_GBP,EUR,GBP,-0.538090909090909,0.03,-0.568090909090909
2021-01-01,EUR_GBP,EUR,GBP,-0.54715,0.03,-0.57715
2021-02-01,EUR_GBP,EUR,GBP,-0.5411,0.05,-0.5911000000000001
2021-03-01,EUR_GBP,EUR,GBP,-0.539086956521739,0.08,-0.619086956521739
2021-04-01,EUR_GBP,EUR,GBP,-0.53815,0.09,-0.62815
2021-05-01,EUR_GBP,EUR,GBP,-0.540095238095238,0.08,-0.6200952380952379
2021-06-01,EUR_GBP,EUR,GBP,-0.542909090909091,0.08,-0.622909090909091
2021-07-01,EUR_GBP,EUR,GBP,-0.544818181818182,0.08,-0.6248181818181819
2021-08-01,EUR_GBP,EUR,GBP,-0.547590909090909,0.07,-0.6175909090909091
2021-09-01,EUR_GBP,EUR,GBP,-0.545045454545454,0.07,-0.615045454545454
2021-10-01,EUR_GBP,EUR,GBP,-0.549809523809524,0.16,-0.709809523809524
2021-11-01,EUR_GBP,EUR,GBP,-0.567363636363636,0.13,-0.697363636363636
2021-12-01,EUR_GBP,EUR,GBP,-0.58195652173913,0.16,-0.7419565217391301
2022-01-01,EUR_GBP,EUR,GBP,-0.560142857142857,0.53,-1.090142857142857
2022-02-01,EUR_GBP,EUR,GBP,-0.53150000005,0.81,-1.34150000005
2022-03-01,EUR_GBP,EUR,GBP,-0.495434782608696,0.99,-1.485434782608696
2022-04-01,EUR_GBP,EUR,GBP,-0.447894736842105,1.13,-1.5778947368421048
2022-05-01,EUR_GBP,EUR,GBP,-0.385727272727273,1.31,-1.695727272727273
2022-06-01,EUR_GBP,EUR,GBP,-0.239227272727273,1.57,-1.8092272727272731
2022-07-01,EUR_GBP,EUR,GBP,0.0366190476190476,1.84,-1.8033809523809525
2022-08-01,EUR_GBP,EUR,GBP,0.394739130434783,2.23,-1.835260869565217
2022-09-01,EUR_GBP,EUR,GBP,1.01086363636364,2.91,-1.89913636363636
2022-10-01,EUR_GBP,EUR,GBP,1.42766666666667,3.39,-1.9623333333333302
2022-11-01,EUR_GBP,EUR,GBP,1.82522727272727,3.52,-1.69477272727273
2022-12-01,EUR_GBP,EUR,GBP,2.06347619047619,3.78,-1.7165238095238098
2023-01-01,EUR_GBP,EUR,GBP,2.34486363636364,4.01,-1.6651363636363596
2023-02-01,EUR_GBP,EUR,GBP,2.64035,4.21,-1.5696499999999998
2023-03-01,EUR_GBP,EUR,GBP,2.91056521739131,4.33,-1.4194347826086902
2023-04-01,EUR_GBP,EUR,GBP,3.167,4.52,-1.3529999999999998
2023-05-01,EUR_GBP,EUR,GBP,3.3664347826087,4.73,-1.3635652173913004
2023-06-01,EUR_GBP,EUR,GBP,3.53586363636364,5.09,-1.5541363636363599
2023-07-01,EUR_GBP,EUR,GBP,3.67180952380952,5.49,-1.8181904761904804
2023-08-01,EUR_GBP,EUR,GBP,3.78030434782609,5.53,-1.7496956521739104
2023-09-01,EUR_GBP,EUR,GBP,3.88004761904762,5.52,-1.6399523809523795
2023-10-01,EUR_GBP,EUR,GBP,3.96763636363636,5.4,-1.4323636363636405
2023-11-01,EUR_GBP,EUR,GBP,3.97163636363636,5.36,-1.3883636363636405
2023-12-01,EUR_GBP,EUR,GBP,3.93309523809524,5.22,-1.2869047619047596
2024-01-01,EUR_GBP,EUR,GBP,3.92527272727273,5.2,-1.27472727272727
2024-02-01,EUR_GBP,EUR,GBP,3.92319047619048,5.21,-1.28680952380952
2024-03-01,EUR_GBP,EUR,GBP,3.92238095238095,5.2,-1.27761904761905
2024-04-01,EUR_GBP,EUR,GBP,3.88636363636364,5.18,-1.29363636363636
2024-05-01,EUR_GBP,EUR,GBP,3.81365217391304,5.16,-1.3463478260869604
2024-06-01,EUR_GBP,EUR,GBP,3.7245,5.16,-1.4355000000000002
2024-07-01,EUR_GBP,EUR,GBP,3.68482608695652,5.09,-1.40517391304348
2024-08-01,EUR_GBP,EUR,GBP,3.54759090909091,4.91,-1.36240909090909
2024-09-01,EUR_GBP,EUR,GBP,3.43371428571428,4.84,-1.40628571428572
2024-10-01,EUR_GBP,EUR,GBP,3.16660869565217,4.75,-1.5833913043478298
2024-11-01,EUR_GBP,EUR,GBP,3.0067619047619,4.68,-1.6732380952380996
2024-12-01,EUR_GBP,EUR,GBP,2.81609090909091,4.64,-1.8239090909090896
2025-01-01,EUR_GBP,EUR,GBP,2.7031304348,4.55,-1.8468695652
2025-02-01,EUR_GBP,EUR,GBP,2.52495,4.44,-1.9150500000000004
2025-03-01,EUR_GBP,EUR,GBP,2.4424285714,4.39,-1.9475714285999999
2025-04-01,EUR_GBP,EUR,GBP,2.2481818182,4.26,-2.0118181818
2025-05-01,EUR_GBP,EUR,GBP,2.0912727273,4.19,-2.0987272727000006
2025-06-01,EUR_GBP,EUR,GBP,1.9836190476,4.15,-2.1663809524000004
2025-07-01,EUR_GBP,EUR,GBP,1.9863478261,4.05,-2.0636521738999996
2025-08-01,EUR_GBP,EUR,GBP,2.0210952381,3.98,-1.9589047619
2025-09-01,EUR_GBP,EUR,GBP,2.0272727273,3.97,-1.9427272727
2025-10-01,EUR_GBP,EUR,GBP,2.0344347826,3.93,-1.8955652174000002
2025-11-01,EUR_GBP,EUR,GBP,2.04165,3.84,-1.7983499999999997
2025-12-01,EUR_GBP,EUR,GBP,2.0457826087,3.75,-1.7042173912999998
2026-01-01,EUR_GBP,EUR,GBP,2.0277272727,3.71,-1.6822727273
2026-02-01,EUR_GBP,EUR,GBP,2.0277272727,3.71,-1.6822727273
2026-03-01,EUR_GBP,EUR,GBP,2.0277272727,3.71,-1.6822727273
2026-04-01,EUR_GBP,EUR,GBP,2.0277272727,3.71,-1.6822727273
2002-04-01,EUR_JPY,EUR,JPY,3.40690476190476,0.1,3.30690476190476
2002-05-01,EUR_JPY,EUR,JPY,3.46713636363636,0.08,3.38713636363636
2002-06-01,EUR_JPY,EUR,JPY,3.464,0.09,3.374
2002-07-01,EUR_JPY,EUR,JPY,3.41,0.09,3.3200000000000003
2002-08-01,EUR_JPY,EUR,JPY,3.35190909090909,0.07,3.28190909090909
2002-09-01,EUR_JPY,EUR,JPY,3.31014285714286,0.08,3.23014285714286
2002-10-01,EUR_JPY,EUR,JPY,3.26126086956522,0.08,3.18126086956522
2002-11-01,EUR_JPY,EUR,JPY,3.12414285714286,0.08,3.04414285714286
2002-12-01,EUR_JPY,EUR,JPY,2.94105,0.1,2.84105
2003-01-01,EUR_JPY,EUR,JPY,2.83181818181818,0.1,2.7318181818181797
2003-02-01,EUR_JPY,EUR,JPY,2.68745,0.09,2.5974500000000003
2003-03-01,EUR_JPY,EUR,JPY,2.52995238095238,0.08,2.44995238095238
2003-04-01,EUR_JPY,EUR,JPY,2.53335,0.08,2.45335
2003-05-01,EUR_JPY,EUR,JPY,2.40052380952381,0.08,2.32052380952381
2003-06-01,EUR_JPY,EUR,JPY,2.15185714285714,0.09,2.06185714285714
2003-07-01,EUR_JPY,EUR,JPY,2.13004347826087,0.09,2.0400434782608703
2003-08-01,EUR_JPY,EUR,JPY,2.14042857142857,0.09,2.05042857142857
2003-09-01,EUR_JPY,EUR,JPY,2.14731818181818,0.09,2.05731818181818
2003-10-01,EUR_JPY,EUR,JPY,2.1435652173913,0.09,2.0535652173913
2003-11-01,EUR_JPY,EUR,JPY,2.15905,0.08,2.07905
2003-12-01,EUR_JPY,EUR,JPY,2.14633333333333,0.1,2.04633333333333
2004-01-01,EUR_JPY,EUR,JPY,2.08947619047619,0.09,1.9994761904761897
2004-02-01,EUR_JPY,EUR,JPY,2.07055,0.09,1.9805499999999998
2004-03-01,EUR_JPY,EUR,JPY,2.02882608695652,0.08,1.9488260869565197
2004-04-01,EUR_JPY,EUR,JPY,2.04875,0.08,1.96875
2004-05-01,EUR_JPY,EUR,JPY,2.08585714285714,0.08,2.00585714285714
2004-06-01,EUR_JPY,EUR,JPY,2.11268181818182,0.09,2.02268181818182
2004-07-01,EUR_JPY,EUR,JPY,2.11604545454546,0.09,2.0260454545454603
2004-08-01,EUR_JPY,EUR,JPY,2.11427272727273,0.09,2.0242727272727303
2004-09-01,EUR_JPY,EUR,JPY,2.11859090909091,0.09,2.02859090909091
2004-10-01,EUR_JPY,EUR,JPY,2.14733333333333,0.09,2.05733333333333
2004-11-01,EUR_JPY,EUR,JPY,2.17031818181818,0.09,2.08031818181818
2004-12-01,EUR_JPY,EUR,JPY,2.17317391304348,0.1,2.07317391304348
2005-01-01,EUR_JPY,EUR,JPY,2.14542857142857,0.1,2.04542857142857
2005-02-01,EUR_JPY,EUR,JPY,2.13835,0.1,2.03835
2005-03-01,EUR_JPY,EUR,JPY,2.13719047619048,0.08,2.05719047619048
2005-04-01,EUR_JPY,EUR,JPY,2.1372380952381,0.08,2.0572380952381
2005-05-01,EUR_JPY,EUR,JPY,2.12563636363636,0.08,2.04563636363636
2005-06-01,EUR_JPY,EUR,JPY,2.11104545454545,0.09,2.02104545454545
2005-07-01,EUR_JPY,EUR,JPY,2.11942857142857,0.09,2.02942857142857
2005-08-01,EUR_JPY,EUR,JPY,2.13247826086957,0.09,2.04247826086957
2005-09-01,EUR_JPY,EUR,JPY,2.13913636363636,0.09,2.04913636363636
2005-10-01,EUR_JPY,EUR,JPY,2.19661904761905,0.09,2.1066190476190503
2005-11-01,EUR_JPY,EUR,JPY,2.36086363636364,0.09,2.2708636363636403
2005-12-01,EUR_JPY,EUR,JPY,2.47285714285714,0.1,2.37285714285714
2006-01-01,EUR_JPY,EUR,JPY,2.51168181818182,0.1036,2.4080818181818198
2006-02-01,EUR_JPY,EUR,JPY,2.60035,0.11,2.4903500000000003
2006-03-01,EUR_JPY,EUR,JPY,2.72260869565217,0.1255,2.5971086956521696
2006-04-01,EUR_JPY,EUR,JPY,2.79377777777778,0.14,2.65377777777778
2006-05-01,EUR_JPY,EUR,JPY,2.889,0.27,2.6189999999999998
2006-06-01,EUR_JPY,EUR,JPY,2.98568181818182,0.35,2.63568181818182
2006-07-01,EUR_JPY,EUR,JPY,3.10219047619048,0.44,2.66219047619048
2006-08-01,EUR_JPY,EUR,JPY,3.22647826086957,0.432,2.79447826086957
2006-09-01,EUR_JPY,EUR,JPY,3.33538095238095,0.436,2.89938095238095
2006-10-01,EUR_JPY,EUR,JPY,3.502,0.447,3.0549999999999997
2006-11-01,EUR_JPY,EUR,JPY,3.59718181818182,0.502,3.0951818181818203
2006-12-01,EUR_JPY,EUR,JPY,3.68421052631579,0.54,3.14421052631579
2007-01-01,EUR_JPY,EUR,JPY,3.75186363636364,0.54,3.21186363636364
2007-02-01,EUR_JPY,EUR,JPY,3.8182,0.66,3.1582
2007-03-01,EUR_JPY,EUR,JPY,3.89090909090909,0.66,3.23090909090909
2007-04-01,EUR_JPY,EUR,JPY,3.97526315789474,0.65,3.32526315789474
2007-05-01,EUR_JPY,EUR,JPY,4.07136363636364,0.67,3.40136363636364
2007-06-01,EUR_JPY,EUR,JPY,4.14776190476191,0.73,3.41776190476191
2007-07-01,EUR_JPY,EUR,JPY,4.21618181818182,0.77,3.44618181818182
2007-08-01,EUR_JPY,EUR,JPY,4.54360869565217,0.84,3.7036086956521705
2007-09-01,EUR_JPY,EUR,JPY,4.7417,0.85,3.8916999999999997
2007-10-01,EUR_JPY,EUR,JPY,4.68739130434783,0.85,3.8373913043478303
2007-11-01,EUR_JPY,EUR,JPY,4.63854545454545,0.87,3.7685454545454498
2007-12-01,EUR_JPY,EUR,JPY,4.84836842105263,0.86,3.98836842105263
2008-01-01,EUR_JPY,EUR,JPY,4.48154545454545,0.85,3.6315454545454497
2008-02-01,EUR_JPY,EUR,JPY,4.36209523809524,0.85,3.5120952380952395
2008-03-01,EUR_JPY,EUR,JPY,4.59636842105263,0.84,3.7563684210526302
2008-04-01,EUR_JPY,EUR,JPY,4.7835,0.84,3.9435000000000002
2008-05-01,EUR_JPY,EUR,JPY,4.85738095238095,0.84,4.01738095238095
2008-06-01,EUR_JPY,EUR,JPY,4.94052380952381,0.86,4.08052380952381
2008-07-01,EUR_JPY,EUR,JPY,4.961,0.85,4.111000000000001
2008-08-01,EUR_JPY,EUR,JPY,4.96519047619048,0.85,4.11519047619048
2008-09-01,EUR_JPY,EUR,JPY,5.01918181818182,0.87,4.14918181818182
2008-10-01,EUR_JPY,EUR,JPY,5.11308695652174,0.89,4.22308695652174
2008-11-01,EUR_JPY,EUR,JPY,4.2383,0.88,3.3583
2008-12-01,EUR_JPY,EUR,JPY,3.29261904761905,0.74,2.55261904761905
2009-01-01,EUR_JPY,EUR,JPY,2.45652380952381,0.72,1.73652380952381
2009-02-01,EUR_JPY,EUR,JPY,1.94305,0.71,1.23305
2009-03-01,EUR_JPY,EUR,JPY,1.63545454545455,0.65,0.9854545454545499
2009-04-01,EUR_JPY,EUR,JPY,1.4223,0.6,0.8222999999999999
2009-05-01,EUR_JPY,EUR,JPY,1.2817,0.57,0.7117000000000001
2009-06-01,EUR_JPY,EUR,JPY,1.22790909090909,0.56,0.6679090909090899
2009-07-01,EUR_JPY,EUR,JPY,0.974956521739131,0.55,0.424956521739131
2009-08-01,EUR_JPY,EUR,JPY,0.860476190476191,0.54,0.3204761904761909
2009-09-01,EUR_JPY,EUR,JPY,0.772090909090909,0.54,0.23209090909090901
2009-10-01,EUR_JPY,EUR,JPY,0.7375,0.53,0.20750000000000002
2009-11-01,EUR_JPY,EUR,JPY,0.716190476190476,0.51,0.20619047619047604
2009-12-01,EUR_JPY,EUR,JPY,0.712045454545454,0.46,0.25204545454545396
2010-01-01,EUR_JPY,EUR,JPY,0.67975,0.45,0.22974999999999995
2010-02-01,EUR_JPY,EUR,JPY,0.6617,0.44,0.22169999999999995
2010-03-01,EUR_JPY,EUR,JPY,0.64495652173913,0.43,0.21495652173913
2010-04-01,EUR_JPY,EUR,JPY,0.6447,0.4,0.24470000000000003
2010-05-01,EUR_JPY,EUR,JPY,0.68652380952381,0.39,0.29652380952380997
2010-06-01,EUR_JPY,EUR,JPY,0.727590909090909,0.38,0.34759090909090895
2010-07-01,EUR_JPY,EUR,JPY,0.848818181818182,0.37,0.47881818181818203
2010-08-01,EUR_JPY,EUR,JPY,0.8955,0.36,0.5355
2010-09-01,EUR_JPY,EUR,JPY,0.8805,0.36,0.5205
2010-10-01,EUR_JPY,EUR,JPY,0.997666666666667,0.34,0.6576666666666671
2010-11-01,EUR_JPY,EUR,JPY,1.04204545454545,0.34,0.70204545454545
2010-12-01,EUR_JPY,EUR,JPY,1.02169565217391,0.34,0.6816956521739099
2011-01-01,EUR_JPY,EUR,JPY,1.0172380952381,0.34,0.6772380952380999
2011-02-01,EUR_JPY,EUR,JPY,1.08675,0.34,0.74675
2011-03-01,EUR_JPY,EUR,JPY,1.17552173913043,0.33615,0.8393717391304301
2011-04-01,EUR_JPY,EUR,JPY,1.32121052631579,0.33286,0.9883505263157901
2011-05-01,EUR_JPY,EUR,JPY,1.42509090909091,0.33214,1.0929509090909102
2011-06-01,EUR_JPY,EUR,JPY,1.48859090909091,0.33214,1.15645090909091
2011-07-01,EUR_JPY,EUR,JPY,1.59761904761905,0.33214,1.26547904761905
2011-08-01,EUR_JPY,EUR,JPY,1.55208695652174,0.32857,1.2235169565217399
2011-09-01,EUR_JPY,EUR,JPY,1.53645454545455,0.32929,1.2071645454545499
2011-10-01,EUR_JPY,EUR,JPY,1.57585714285714,0.32929,1.2465671428571399
2011-11-01,EUR_JPY,EUR,JPY,1.48468181818182,0.32929,1.15539181818182
2011-12-01,EUR_JPY,EUR,JPY,1.42609523809524,0.32929,1.09680523809524
2012-01-01,EUR_JPY,EUR,JPY,1.22222727272727,0.33077,0.89145727272727
2012-02-01,EUR_JPY,EUR,JPY,1.04828571428571,0.33167,0.71661571428571
2012-03-01,EUR_JPY,EUR,JPY,0.858454545454546,0.33167,0.526784545454546
2012-04-01,EUR_JPY,EUR,JPY,0.744315789473684,0.33167,0.412645789473684
2012-05-01,EUR_JPY,EUR,JPY,0.684909090909091,0.33167,0.353239090909091
2012-06-01,EUR_JPY,EUR,JPY,0.658857142857143,0.33455,0.324307142857143
2012-07-01,EUR_JPY,EUR,JPY,0.497045454545455,0.32727,0.169775454545455
2012-08-01,EUR_JPY,EUR,JPY,0.332391304347826,0.32727,0.005121304347825983
2012-09-01,EUR_JPY,EUR,JPY,0.2463,0.32727,-0.08097000000000001
2012-10-01,EUR_JPY,EUR,JPY,0.207913043478261,0.32636,-0.11844695652173898
2012-11-01,EUR_JPY,EUR,JPY,0.192,0.31818,-0.12618000000000001
2012-12-01,EUR_JPY,EUR,JPY,0.185473684210526,0.30818,-0.122706315789474
2013-01-01,EUR_JPY,EUR,JPY,0.204909090909091,0.29182,-0.08691090909090901
2013-02-01,EUR_JPY,EUR,JPY,0.22335,0.26909,-0.04574
2013-03-01,EUR_JPY,EUR,JPY,0.20605,0.25,-0.04394999999999999
2013-04-01,EUR_JPY,EUR,JPY,0.208904761904762,0.22818,-0.019275238095237984
2013-05-01,EUR_JPY,EUR,JPY,0.201227272727273,0.22818,-0.02695272727272699
2013-06-01,EUR_JPY,EUR,JPY,0.21025,0.22818,-0.01793
2013-07-01,EUR_JPY,EUR,JPY,0.221434782608696,0.228,-0.006565217391304001
2013-08-01,EUR_JPY,EUR,JPY,0.225863636363636,0.228,-0.0021363636363640193
2013-09-01,EUR_JPY,EUR,JPY,0.223238095238095,0.228,-0.004761904761904995
2013-10-01,EUR_JPY,EUR,JPY,0.225826086956522,0.221,0.004826086956522008
2013-11-01,EUR_JPY,EUR,JPY,0.223380952380952,0.22,0.0033809523809520126
2013-12-01,EUR_JPY,EUR,JPY,0.2735,0.22,0.05350000000000002
2014-01-01,EUR_JPY,EUR,JPY,0.292045454545455,0.22,0.072045454545455
2014-02-01,EUR_JPY,EUR,JPY,0.2881,0.212,0.07610000000000003
2014-03-01,EUR_JPY,EUR,JPY,0.305333333333333,0.212,0.09333333333333302
2014-04-01,EUR_JPY,EUR,JPY,0.32975,0.212,0.11775
2014-05-01,EUR_JPY,EUR,JPY,0.324571428571429,0.21,0.11457142857142902
2014-06-01,EUR_JPY,EUR,JPY,0.241428571428571,0.21,0.031428571428571
2014-07-01,EUR_JPY,EUR,JPY,0.20504347826087,0.21,-0.004956521739129999
2014-08-01,EUR_JPY,EUR,JPY,0.191571428571429,0.21,-0.01842857142857099
2014-09-01,EUR_JPY,EUR,JPY,0.0970909090909091,0.21,-0.11290909090909089
2014-10-01,EUR_JPY,EUR,JPY,0.0826086956521739,0.192,-0.10939130434782611
2014-11-01,EUR_JPY,EUR,JPY,0.0809,0.182,-0.1011
2014-12-01,EUR_JPY,EUR,JPY,0.0809047619047619,0.179,-0.0980952380952381
2015-01-01,EUR_JPY,EUR,JPY,0.0626666666666667,0.173,-0.11033333333333328
2015-02-01,EUR_JPY,EUR,JPY,0.0482,0.171,-0.12280000000000002
2015-03-01,EUR_JPY,EUR,JPY,0.0271818181818182,0.17,-0.14281818181818182
2015-04-01,EUR_JPY,EUR,JPY,0.0047,0.17,-0.1653
2015-05-01,EUR_JPY,EUR,JPY,-0.0103684210526316,0.169,-0.17936842105263162
2015-06-01,EUR_JPY,EUR,JPY,-0.0139090909090909,0.169,-0.1829090909090909
2015-07-01,EUR_JPY,EUR,JPY,-0.0187391304347826,0.169,-0.1877391304347826
2015-08-01,EUR_JPY,EUR,JPY,-0.0276666666666667,0.169,-0.1966666666666667
2015-09-01,EUR_JPY,EUR,JPY,-0.0370454545454546,0.169,-0.20604545454545461
2015-10-01,EUR_JPY,EUR,JPY,-0.0535909090909091,0.169,-0.22259090909090912
2015-11-01,EUR_JPY,EUR,JPY,-0.0876190476190476,0.169,-0.25661904761904764
2015-12-01,EUR_JPY,EUR,JPY,-0.126318181818182,0.169,-0.29531818181818204
2016-01-01,EUR_JPY,EUR,JPY,-0.14615,0.169,-0.31515000000000004
2016-02-01,EUR_JPY,EUR,JPY,-0.183571428571429,0.098,-0.281571428571429
2016-03-01,EUR_JPY,EUR,JPY,-0.22852380952381,0.098,-0.32652380952381
2016-04-01,EUR_JPY,EUR,JPY,-0.249190476190476,0.06,-0.309190476190476
2016-05-01,EUR_JPY,EUR,JPY,-0.257181818181818,0.06,-0.317181818181818
2016-06-01,EUR_JPY,EUR,JPY,-0.267909090909091,0.059,-0.326909090909091
2016-07-01,EUR_JPY,EUR,JPY,-0.294523809523809,0.058,-0.352523809523809
2016-08-01,EUR_JPY,EUR,JPY,-0.298217391304348,0.058,-0.356217391304348
2016-09-01,EUR_JPY,EUR,JPY,-0.301636363636364,0.056,-0.357636363636364
2016-10-01,EUR_JPY,EUR,JPY,-0.309,0.056,-0.365
2016-11-01,EUR_JPY,EUR,JPY,-0.312681818181818,0.056,-0.368681818181818
2016-12-01,EUR_JPY,EUR,JPY,-0.315761904761905,0.056,-0.371761904761905
2017-01-01,EUR_JPY,EUR,JPY,-0.325545454545455,0.056,-0.381545454545455
2017-02-01,EUR_JPY,EUR,JPY,-0.3286,0.056,-0.3846
2017-03-01,EUR_JPY,EUR,JPY,-0.329347826086957,0.056,-0.385347826086957
2017-04-01,EUR_JPY,EUR,JPY,-0.330388888888889,0.056,-0.386388888888889
2017-05-01,EUR_JPY,EUR,JPY,-0.329454545454545,0.056,-0.385454545454545
2017-06-01,EUR_JPY,EUR,JPY,-0.33,0.056,-0.386
2017-07-01,EUR_JPY,EUR,JPY,-0.330428571428571,0.075,-0.405428571428571
2017-08-01,EUR_JPY,EUR,JPY,-0.329086956521739,0.056,-0.385086956521739
2017-09-01,EUR_JPY,EUR,JPY,-0.329380952380952,0.056,-0.385380952380952
2017-10-01,EUR_JPY,EUR,JPY,-0.329545454545455,0.063,-0.392545454545455
2017-11-01,EUR_JPY,EUR,JPY,-0.329,0.063,-0.392
2017-12-01,EUR_JPY,EUR,JPY,-0.327894736842105,0.063,-0.390894736842105
2018-01-01,EUR_JPY,EUR,JPY,-0.328454545454546,0.068,-0.396454545454546
2018-02-01,EUR_JPY,EUR,JPY,-0.3285,0.068,-0.3965
2018-03-01,EUR_JPY,EUR,JPY,-0.327904761904762,0.097,-0.424904761904762
2018-04-01,EUR_JPY,EUR,JPY,-0.32845,0.097,-0.42545
2018-05-01,EUR_JPY,EUR,JPY,-0.325227272727273,0.078,-0.403227272727273
2018-06-01,EUR_JPY,EUR,JPY,-0.322047619047619,0.078,-0.40004761904761904
2018-07-01,EUR_JPY,EUR,JPY,-0.320727272727273,0.091,-0.41172727272727305
2018-08-01,EUR_JPY,EUR,JPY,-0.319,0.091,-0.41000000000000003
2018-09-01,EUR_JPY,EUR,JPY,-0.31885,0.05,-0.36885
2018-10-01,EUR_JPY,EUR,JPY,-0.317695652173913,0.05,-0.367695652173913
2018-11-01,EUR_JPY,EUR,JPY,-0.316363636363636,0.05,-0.366363636363636
2018-12-01,EUR_JPY,EUR,JPY,-0.311894736842105,0.05,-0.361894736842105
2019-01-01,EUR_JPY,EUR,JPY,-0.308,0.03,-0.33799999999999997
2019-02-01,EUR_JPY,EUR,JPY,-0.30845,0.03,-0.33845000000000003
2019-03-01,EUR_JPY,EUR,JPY,-0.309190476190476,0.05,-0.359190476190476
2019-04-01,EUR_JPY,EUR,JPY,-0.31045,0.05,-0.36045
2019-05-01,EUR_JPY,EUR,JPY,-0.311863636363636,0.049,-0.360863636363636
2019-06-01,EUR_JPY,EUR,JPY,-0.3289,0.049,-0.3779
2019-07-01,EUR_JPY,EUR,JPY,-0.364869565217391,0.049,-0.413869565217391
2019-08-01,EUR_JPY,EUR,JPY,-0.407681818181818,0.009,-0.416681818181818
2019-09-01,EUR_JPY,EUR,JPY,-0.417571428571429,0.009,-0.426571428571429
2019-10-01,EUR_JPY,EUR,JPY,-0.412869565217391,0.009,-0.421869565217391
2019-11-01,EUR_JPY,EUR,JPY,-0.401285714285714,0.018,-0.41928571428571404
2019-12-01,EUR_JPY,EUR,JPY,-0.3947,0.021,-0.4157
2020-01-01,EUR_JPY,EUR,JPY,-0.391136363636364,0.021,-0.412136363636364
2020-02-01,EUR_JPY,EUR,JPY,-0.40885,0.021,-0.42985
2020-03-01,EUR_JPY,EUR,JPY,-0.416636363636364,0.006,-0.42263636363636403
2020-04-01,EUR_JPY,EUR,JPY,-0.25405,-0.039,-0.21505
2020-05-01,EUR_JPY,EUR,JPY,-0.27195,-0.042,-0.22995000000000002
2020-06-01,EUR_JPY,EUR,JPY,-0.376,-0.042,-0.334
2020-07-01,EUR_JPY,EUR,JPY,-0.444130434782609,-0.065,-0.379130434782609
2020-08-01,EUR_JPY,EUR,JPY,-0.479714285714286,-0.065,-0.414714285714286
2020-09-01,EUR_JPY,EUR,JPY,-0.491363636363636,-0.055,-0.436363636363636
2020-10-01,EUR_JPY,EUR,JPY,-0.509136363636364,-0.055,-0.45413636363636406
2020-11-01,EUR_JPY,EUR,JPY,-0.520857142857143,-0.055,-0.465857142857143
2020-12-01,EUR_JPY,EUR,JPY,-0.538090909090909,-0.055,-0.48309090909090896
2021-01-01,EUR_JPY,EUR,JPY,-0.54715,-0.055,-0.49215000000000003
2021-02-01,EUR_JPY,EUR,JPY,-0.5411,-0.055,-0.48610000000000003
2021-03-01,EUR_JPY,EUR,JPY,-0.539086956521739,-0.065,-0.474086956521739
2021-04-01,EUR_JPY,EUR,JPY,-0.53815,-0.065,-0.47315
2021-05-01,EUR_JPY,EUR,JPY,-0.540095238095238,-0.065,-0.47509523809523796
2021-06-01,EUR_JPY,EUR,JPY,-0.542909090909091,-0.072,-0.470909090909091
2021-07-01,EUR_JPY,EUR,JPY,-0.544818181818182,-0.072,-0.47281818181818197
2021-08-01,EUR_JPY,EUR,JPY,-0.547590909090909,-0.072,-0.475590909090909
2021-09-01,EUR_JPY,EUR,JPY,-0.545045454545454,-0.072,-0.47304545454545394
2021-10-01,EUR_JPY,EUR,JPY,-0.549809523809524,-0.072,-0.47780952380952396
2021-11-01,EUR_JPY,EUR,JPY,-0.567363636363636,-0.072,-0.49536363636363595
2021-12-01,EUR_JPY,EUR,JPY,-0.58195652173913,-0.049,-0.53295652173913
2022-01-01,EUR_JPY,EUR,JPY,-0.560142857142857,-0.049,-0.511142857142857
2022-02-01,EUR_JPY,EUR,JPY,-0.53150000005,-0.049,-0.48250000005
2022-03-01,EUR_JPY,EUR,JPY,-0.495434782608696,-0.049,-0.446434782608696
2022-04-01,EUR_JPY,EUR,JPY,-0.447894736842105,-0.049,-0.398894736842105
2022-05-01,EUR_JPY,EUR,JPY,-0.385727272727273,-0.049,-0.336727272727273
2022-06-01,EUR_JPY,EUR,JPY,-0.239227272727273,0.005,-0.24422727272727301
2022-07-01,EUR_JPY,EUR,JPY,0.0366190476190476,-0.031,0.0676190476190476
2022-08-01,EUR_JPY,EUR,JPY,0.394739130434783,-0.02,0.414739130434783
2022-09-01,EUR_JPY,EUR,JPY,1.01086363636364,-0.016,1.02686363636364
2022-10-01,EUR_JPY,EUR,JPY,1.42766666666667,-0.016,1.44366666666667
2022-11-01,EUR_JPY,EUR,JPY,1.82522727272727,-0.016,1.84122727272727
2022-12-01,EUR_JPY,EUR,JPY,2.06347619047619,-0.015,2.07847619047619
2023-01-01,EUR_JPY,EUR,JPY,2.34486363636364,-0.006,2.35086363636364
2023-02-01,EUR_JPY,EUR,JPY,2.64035,0.001,2.6393500000000003
2023-03-01,EUR_JPY,EUR,JPY,2.91056521739131,-0.008,2.91856521739131
2023-04-01,EUR_JPY,EUR,JPY,3.167,-0.001,3.1679999999999997
2023-05-01,EUR_JPY,EUR,JPY,3.3664347826087,-0.019,3.3854347826087
2023-06-01,EUR_JPY,EUR,JPY,3.53586363636364,-0.003,3.53886363636364
2023-07-01,EUR_JPY,EUR,JPY,3.67180952380952,-0.003,3.67480952380952
2023-08-01,EUR_JPY,EUR,JPY,3.78030434782609,-0.003,3.78330434782609
2023-09-01,EUR_JPY,EUR,JPY,3.88004761904762,0.024,3.85604761904762
2023-10-01,EUR_JPY,EUR,JPY,3.96763636363636,-0.012,3.97963636363636
2023-11-01,EUR_JPY,EUR,JPY,3.97163636363636,0.024,3.94763636363636
2023-12-01,EUR_JPY,EUR,JPY,3.93309523809524,0.052,3.88109523809524
2024-01-01,EUR_JPY,EUR,JPY,3.92527272727273,0.025,3.9002727272727302
2024-02-01,EUR_JPY,EUR,JPY,3.92319047619048,0.027,3.8961904761904798
2024-03-01,EUR_JPY,EUR,JPY,3.92238095238095,0.109,3.81338095238095
2024-04-01,EUR_JPY,EUR,JPY,3.88636363636364,0.109,3.77736363636364
2024-05-01,EUR_JPY,EUR,JPY,3.81365217391304,0.129,3.68465217391304
2024-06-01,EUR_JPY,EUR,JPY,3.7245,0.149,3.5755
2024-07-01,EUR_JPY,EUR,JPY,3.68482608695652,0.166,3.51882608695652
2024-08-01,EUR_JPY,EUR,JPY,3.54759090909091,0.255,3.2925909090909102
2024-09-01,EUR_JPY,EUR,JPY,3.43371428571428,0.256,3.1777142857142797
2024-10-01,EUR_JPY,EUR,JPY,3.16660869565217,0.256,2.9106086956521704
2024-11-01,EUR_JPY,EUR,JPY,3.0067619047619,0.362,2.6447619047619
2024-12-01,EUR_JPY,EUR,JPY,2.81609090909091,0.386,2.43009090909091
2025-01-01,EUR_JPY,EUR,JPY,2.7031304348,0.76727,1.9358604348
2025-02-01,EUR_JPY,EUR,JPY,2.52495,0.79182,1.73313
2025-03-01,EUR_JPY,EUR,JPY,2.4424285714,0.82091,1.6215185713999998
2025-04-01,EUR_JPY,EUR,JPY,2.2481818182,0.78364,1.4645418181999998
2025-05-01,EUR_JPY,EUR,JPY,2.0912727273,0.77545,1.3158227272999998
2025-06-01,EUR_JPY,EUR,JPY,1.9836190476,0.77273,1.2108890475999998
2025-07-01,EUR_JPY,EUR,JPY,1.9863478261,0.77273,1.2136178261000001
2025-08-01,EUR_JPY,EUR,JPY,2.0210952381,0.77273,1.2483652380999999
2025-09-01,EUR_JPY,EUR,JPY,2.0272727273,0.81818,1.2090927273000003
2025-10-01,EUR_JPY,EUR,JPY,2.0344347826,0.80909,1.2253447826000001
2025-11-01,EUR_JPY,EUR,JPY,2.04165,0.80636,1.2352900000000002
2025-12-01,EUR_JPY,EUR,JPY,2.0457826087,1.07273,0.9730526087000002
2026-01-01,EUR_JPY,EUR,JPY,2.0277272727,1.11636,0.9113672727
2026-02-01,EUR_JPY,EUR,JPY,2.0277272727,1.22909,0.7986372727
2026-03-01,EUR_JPY,EUR,JPY,2.0277272727,1.26882,0.7589072726999999
2026-04-01,EUR_JPY,EUR,JPY,2.0277272727,1.26882,0.7589072726999999
1995-01-01,EUR_USD,EUR,USD,6.66,6.24,0.41999999999999993
1995-02-01,EUR_USD,EUR,USD,6.59,6.16,0.4299999999999997
1995-03-01,EUR_USD,EUR,USD,7.58,6.15,1.4299999999999997
1995-04-01,EUR_USD,EUR,USD,7.29,6.11,1.1799999999999997
1995-05-01,EUR_USD,EUR,USD,7.04,6.02,1.0200000000000005
1995-06-01,EUR_USD,EUR,USD,7.08,5.9,1.1799999999999997
1995-07-01,EUR_USD,EUR,USD,6.92,5.77,1.1500000000000004
1995-08-01,EUR_USD,EUR,USD,6.66,5.77,0.8900000000000006
1995-09-01,EUR_USD,EUR,USD,6.5,5.73,0.7699999999999996
1995-10-01,EUR_USD,EUR,USD,6.75,5.79,0.96
1995-11-01,EUR_USD,EUR,USD,6.45,5.74,0.71
1995-12-01,EUR_USD,EUR,USD,6.32,5.62,0.7000000000000002
1996-01-01,EUR_USD,EUR,USD,5.81,5.39,0.41999999999999993
1996-02-01,EUR_USD,EUR,USD,5.58,5.15,0.4299999999999997
1996-03-01,EUR_USD,EUR,USD,5.5,5.29,0.20999999999999996
1996-04-01,EUR_USD,EUR,USD,5.27,5.36,-0.09000000000000075
1996-05-01,EUR_USD,EUR,USD,5.06,5.36,-0.3000000000000007
1996-06-01,EUR_USD,EUR,USD,5.08,5.46,-0.3799999999999999
1996-07-01,EUR_USD,EUR,USD,5.06,5.53,-0.47000000000000064
1996-08-01,EUR_USD,EUR,USD,5.08,5.4,-0.3200000000000003
1996-09-01,EUR_USD,EUR,USD,4.86,5.51,-0.6499999999999995
1996-10-01,EUR_USD,EUR,USD,4.69,5.41,-0.7199999999999998
1996-11-01,EUR_USD,EUR,USD,4.57,5.38,-0.8099999999999996
1996-12-01,EUR_USD,EUR,USD,4.5,5.44,-0.9400000000000004
1997-01-01,EUR_USD,EUR,USD,4.39,5.43,-1.04
1997-02-01,EUR_USD,EUR,USD,4.43,5.37,-0.9400000000000004
1997-03-01,EUR_USD,EUR,USD,4.5,5.53,-1.0300000000000002
1997-04-01,EUR_USD,EUR,USD,4.39,5.71,-1.3200000000000003
1997-05-01,EUR_USD,EUR,USD,4.3,5.7,-1.4000000000000004
1997-06-01,EUR_USD,EUR,USD,4.29,5.66,-1.37
1997-07-01,EUR_USD,EUR,USD,4.3,5.6,-1.2999999999999998
1997-08-01,EUR_USD,EUR,USD,4.36,5.6,-1.2399999999999993
1997-09-01,EUR_USD,EUR,USD,4.31,5.6,-1.29
1997-10-01,EUR_USD,EUR,USD,4.44,5.65,-1.21
1997-11-01,EUR_USD,EUR,USD,4.49,5.74,-1.25
1997-12-01,EUR_USD,EUR,USD,4.37,5.8,-1.4299999999999997
1998-01-01,EUR_USD,EUR,USD,4.26,5.54,-1.2800000000000002
1998-02-01,EUR_USD,EUR,USD,4.24,5.54,-1.2999999999999998
1998-03-01,EUR_USD,EUR,USD,4.11,5.58,-1.4699999999999998
1998-04-01,EUR_USD,EUR,USD,4.09,5.58,-1.4900000000000002
1998-05-01,EUR_USD,EUR,USD,4.06,5.59,-1.5300000000000002
1998-06-01,EUR_USD,EUR,USD,4.02,5.6,-1.58
1998-07-01,EUR_USD,EUR,USD,3.95,5.59,-1.6399999999999997
1998-08-01,EUR_USD,EUR,USD,3.93,5.58,-1.65
1998-09-01,EUR_USD,EUR,USD,3.93,5.41,-1.48
1998-10-01,EUR_USD,EUR,USD,3.81,5.21,-1.4
1998-11-01,EUR_USD,EUR,USD,3.69,5.24,-1.5500000000000003
1998-12-01,EUR_USD,EUR,USD,3.37,5.14,-1.7699999999999996
1999-01-01,EUR_USD,EUR,USD,3.1321,4.89,-1.7578999999999998
1999-02-01,EUR_USD,EUR,USD,3.0934,4.9,-1.8066000000000004
1999-03-01,EUR_USD,EUR,USD,3.04669565217391,4.91,-1.86330434782609
1999-04-01,EUR_USD,EUR,USD,2.69645454545455,4.88,-2.18354545454545
1999-05-01,EUR_USD,EUR,USD,2.57895238095238,4.92,-2.34104761904762
1999-06-01,EUR_USD,EUR,USD,2.62668181818182,5.13,-2.5033181818181798
1999-07-01,EUR_USD,EUR,USD,2.67645454545455,5.24,-2.56354545454545
1999-08-01,EUR_USD,EUR,USD,2.69504545454545,5.41,-2.71495454545455
1999-09-01,EUR_USD,EUR,USD,2.72668181818182,5.5,-2.77331818181818
1999-10-01,EUR_USD,EUR,USD,3.37566666666667,6.13,-2.7543333333333297
1999-11-01,EUR_USD,EUR,USD,3.46768181818182,6.0,-2.53231818181818
1999-12-01,EUR_USD,EUR,USD,3.44604545454545,6.05,-2.60395454545455
2000-01-01,EUR_USD,EUR,USD,3.34314285714286,5.95,-2.60685714285714
2000-02-01,EUR_USD,EUR,USD,3.53676190476191,6.01,-2.4732380952380897
2000-03-01,EUR_USD,EUR,USD,3.74704347826087,6.14,-2.3929565217391295
2000-04-01,EUR_USD,EUR,USD,3.92527777777778,6.28,-2.3547222222222204
2000-05-01,EUR_USD,EUR,USD,4.36204545454546,6.71,-2.34795454545454
2000-06-01,EUR_USD,EUR,USD,4.50172727272727,6.73,-2.2282727272727305
2000-07-01,EUR_USD,EUR,USD,4.58290476190476,6.67,-2.08709523809524
2000-08-01,EUR_USD,EUR,USD,4.77708695652174,6.61,-1.8329130434782606
2000-09-01,EUR_USD,EUR,USD,4.85280952380952,6.6,-1.7471904761904797
2000-10-01,EUR_USD,EUR,USD,5.04127272727273,6.67,-1.6287272727272697
2000-11-01,EUR_USD,EUR,USD,5.09195454545454,6.65,-1.5580454545454607
2000-12-01,EUR_USD,EUR,USD,4.93915789473684,6.45,-1.5108421052631602
2001-01-01,EUR_USD,EUR,USD,4.77072727272727,5.62,-0.8492727272727301
2001-02-01,EUR_USD,EUR,USD,4.7558,5.26,-0.5042
2001-03-01,EUR_USD,EUR,USD,4.70863636363636,4.89,-0.18136363636363928
2001-04-01,EUR_USD,EUR,USD,4.682,4.53,0.15200000000000014
2001-05-01,EUR_USD,EUR,USD,4.63668181818182,4.02,0.6166818181818208
2001-06-01,EUR_USD,EUR,USD,4.45357142857143,3.74,0.7135714285714299
2001-07-01,EUR_USD,EUR,USD,4.46713636363636,3.66,0.80713636363636
2001-08-01,EUR_USD,EUR,USD,4.35352173913043,3.48,0.8735217391304304
2001-09-01,EUR_USD,EUR,USD,3.98285,2.87,1.11285
2001-10-01,EUR_USD,EUR,USD,3.59986956521739,2.31,1.2898695652173902
2001-11-01,EUR_USD,EUR,USD,3.38568181818182,2.03,1.3556818181818202
2001-12-01,EUR_USD,EUR,USD,3.34488888888889,1.83,1.51488888888889
2002-01-01,EUR_USD,EUR,USD,3.33877272727273,1.74,1.5987727272727301
2002-02-01,EUR_USD,EUR,USD,3.3571,1.82,1.5371
2002-03-01,EUR_USD,EUR,USD,3.3908,1.91,1.4808000000000001
2002-04-01,EUR_USD,EUR,USD,3.40690476190476,1.87,1.53690476190476
2002-05-01,EUR_USD,EUR,USD,3.46713636363636,1.82,1.64713636363636
2002-06-01,EUR_USD,EUR,USD,3.464,1.81,1.654
2002-07-01,EUR_USD,EUR,USD,3.41,1.79,1.62
2002-08-01,EUR_USD,EUR,USD,3.35190909090909,1.73,1.62190909090909
2002-09-01,EUR_USD,EUR,USD,3.31014285714286,1.76,1.5501428571428602
2002-10-01,EUR_USD,EUR,USD,3.26126086956522,1.73,1.53126086956522
2002-11-01,EUR_USD,EUR,USD,3.12414285714286,1.39,1.7341428571428603
2002-12-01,EUR_USD,EUR,USD,2.94105,1.34,1.60105
2003-01-01,EUR_USD,EUR,USD,2.83181818181818,1.29,1.5418181818181798
2003-02-01,EUR_USD,EUR,USD,2.68745,1.27,1.41745
2003-03-01,EUR_USD,EUR,USD,2.52995238095238,1.23,1.29995238095238
2003-04-01,EUR_USD,EUR,USD,2.53335,1.24,1.29335
2003-05-01,EUR_USD,EUR,USD,2.40052380952381,1.22,1.18052380952381
2003-06-01,EUR_USD,EUR,USD,2.15185714285714,1.04,1.11185714285714
2003-07-01,EUR_USD,EUR,USD,2.13004347826087,1.05,1.08004347826087
2003-08-01,EUR_USD,EUR,USD,2.14042857142857,1.08,1.0604285714285697
2003-09-01,EUR_USD,EUR,USD,2.14731818181818,1.08,1.0673181818181798
2003-10-01,EUR_USD,EUR,USD,2.1435652173913,1.1,1.0435652173912997
2003-11-01,EUR_USD,EUR,USD,2.15905,1.11,1.04905
2003-12-01,EUR_USD,EUR,USD,2.14633333333333,1.1,1.04633333333333
2004-01-01,EUR_USD,EUR,USD,2.08947619047619,1.06,1.0294761904761898
2004-02-01,EUR_USD,EUR,USD,2.07055,1.05,1.0205499999999998
2004-03-01,EUR_USD,EUR,USD,2.02882608695652,1.05,0.9788260869565197
2004-04-01,EUR_USD,EUR,USD,2.04875,1.08,0.96875
2004-05-01,EUR_USD,EUR,USD,2.08585714285714,1.2,0.8858571428571402
2004-06-01,EUR_USD,EUR,USD,2.11268181818182,1.46,0.6526818181818199
2004-07-01,EUR_USD,EUR,USD,2.11604545454546,1.57,0.54604545454546
2004-08-01,EUR_USD,EUR,USD,2.11427272727273,1.68,0.43427272727273025
2004-09-01,EUR_USD,EUR,USD,2.11859090909091,1.86,0.25859090909090976
2004-10-01,EUR_USD,EUR,USD,2.14733333333333,2.04,0.10733333333332995
2004-11-01,EUR_USD,EUR,USD,2.17031818181818,2.26,-0.08968181818181975
2004-12-01,EUR_USD,EUR,USD,2.17317391304348,2.45,-0.27682608695652
2005-01-01,EUR_USD,EUR,USD,2.14542857142857,2.61,-0.46457142857142975
2005-02-01,EUR_USD,EUR,USD,2.13835,2.77,-0.63165
2005-03-01,EUR_USD,EUR,USD,2.13719047619048,2.97,-0.8328095238095203
2005-04-01,EUR_USD,EUR,USD,2.1372380952381,3.09,-0.9527619047618998
2005-05-01,EUR_USD,EUR,USD,2.12563636363636,3.22,-1.09436363636364
2005-06-01,EUR_USD,EUR,USD,2.11104545454545,3.38,-1.2689545454545499
2005-07-01,EUR_USD,EUR,USD,2.11942857142857,3.57,-1.45057142857143
2005-08-01,EUR_USD,EUR,USD,2.13247826086957,3.77,-1.6375217391304302
2005-09-01,EUR_USD,EUR,USD,2.13913636363636,3.87,-1.7308636363636403
2005-10-01,EUR_USD,EUR,USD,2.19661904761905,4.13,-1.9333809523809498
2005-11-01,EUR_USD,EUR,USD,2.36086363636364,4.31,-1.9491363636363594
2005-12-01,EUR_USD,EUR,USD,2.47285714285714,4.45,-1.97714285714286
2006-01-01,EUR_USD,EUR,USD,2.51168181818182,4.56,-2.0483181818181797
2006-02-01,EUR_USD,EUR,USD,2.60035,4.72,-2.1196499999999996
2006-03-01,EUR_USD,EUR,USD,2.72260869565217,4.88,-2.15739130434783
2006-04-01,EUR_USD,EUR,USD,2.79377777777778,5.03,-2.2362222222222203
2006-05-01,EUR_USD,EUR,USD,2.889,5.15,-2.2610000000000006
2006-06-01,EUR_USD,EUR,USD,2.98568181818182,5.35,-2.3643181818181795
2006-07-01,EUR_USD,EUR,USD,3.10219047619048,5.46,-2.35780952380952
2006-08-01,EUR_USD,EUR,USD,3.22647826086957,5.38,-2.1535217391304298
2006-09-01,EUR_USD,EUR,USD,3.33538095238095,5.34,-2.00461904761905
2006-10-01,EUR_USD,EUR,USD,3.502,5.33,-1.8280000000000003
2006-11-01,EUR_USD,EUR,USD,3.59718181818182,5.32,-1.7228181818181802
2006-12-01,EUR_USD,EUR,USD,3.68421052631579,5.32,-1.6357894736842105
2007-01-01,EUR_USD,EUR,USD,3.75186363636364,5.32,-1.56813636363636
2007-02-01,EUR_USD,EUR,USD,3.8182,5.31,-1.4917999999999996
2007-03-01,EUR_USD,EUR,USD,3.89090909090909,5.3,-1.4090909090909096
2007-04-01,EUR_USD,EUR,USD,3.97526315789474,5.31,-1.3347368421052597
2007-05-01,EUR_USD,EUR,USD,4.07136363636364,5.31,-1.2386363636363598
2007-06-01,EUR_USD,EUR,USD,4.14776190476191,5.33,-1.1822380952380902
2007-07-01,EUR_USD,EUR,USD,4.21618181818182,5.32,-1.1038181818181805
2007-08-01,EUR_USD,EUR,USD,4.54360869565217,5.49,-0.9463913043478298
2007-09-01,EUR_USD,EUR,USD,4.7417,5.46,-0.7183000000000002
2007-10-01,EUR_USD,EUR,USD,4.68739130434783,5.08,-0.3926086956521697
2007-11-01,EUR_USD,EUR,USD,4.63854545454545,4.97,-0.3314545454545499
2007-12-01,EUR_USD,EUR,USD,4.84836842105263,5.02,-0.1716315789473697
2008-01-01,EUR_USD,EUR,USD,4.48154545454545,3.84,0.64154545454545
2008-02-01,EUR_USD,EUR,USD,4.36209523809524,3.06,1.3020952380952395
2008-03-01,EUR_USD,EUR,USD,4.59636842105263,2.79,1.80636842105263
2008-04-01,EUR_USD,EUR,USD,4.7835,2.85,1.9335
2008-05-01,EUR_USD,EUR,USD,4.85738095238095,2.66,2.19738095238095
2008-06-01,EUR_USD,EUR,USD,4.94052380952381,2.76,2.1805238095238106
2008-07-01,EUR_USD,EUR,USD,4.961,2.79,2.1710000000000003
2008-08-01,EUR_USD,EUR,USD,4.96519047619048,2.79,2.1751904761904797
2008-09-01,EUR_USD,EUR,USD,5.01918181818182,3.59,1.4291818181818199
2008-10-01,EUR_USD,EUR,USD,5.11308695652174,4.32,0.7930869565217398
2008-11-01,EUR_USD,EUR,USD,4.2383,2.36,1.8782999999999999
2008-12-01,EUR_USD,EUR,USD,3.29261904761905,1.77,1.5226190476190502
2009-01-01,EUR_USD,EUR,USD,2.45652380952381,1.02,1.43652380952381
2009-02-01,EUR_USD,EUR,USD,1.94305,1.16,0.78305
2009-03-01,EUR_USD,EUR,USD,1.63545454545455,1.07,0.5654545454545499
2009-04-01,EUR_USD,EUR,USD,1.4223,0.89,0.5322999999999999
2009-05-01,EUR_USD,EUR,USD,1.2817,0.57,0.7117000000000001
2009-06-01,EUR_USD,EUR,USD,1.22790909090909,0.39,0.8379090909090899
2009-07-01,EUR_USD,EUR,USD,0.974956521739131,0.35,0.6249565217391311
2009-08-01,EUR_USD,EUR,USD,0.860476190476191,0.3,0.560476190476191
2009-09-01,EUR_USD,EUR,USD,0.772090909090909,0.25,0.522090909090909
2009-10-01,EUR_USD,EUR,USD,0.7375,0.24,0.49750000000000005
2009-11-01,EUR_USD,EUR,USD,0.716190476190476,0.21,0.5061904761904761
2009-12-01,EUR_USD,EUR,USD,0.712045454545454,0.22,0.492045454545454
2010-01-01,EUR_USD,EUR,USD,0.67975,0.2,0.47974999999999995
2010-02-01,EUR_USD,EUR,USD,0.6617,0.19,0.47169999999999995
2010-03-01,EUR_USD,EUR,USD,0.64495652173913,0.23,0.41495652173913
2010-04-01,EUR_USD,EUR,USD,0.6447,0.3,0.34470000000000006
2010-05-01,EUR_USD,EUR,USD,0.68652380952381,0.45,0.23652380952380997
2010-06-01,EUR_USD,EUR,USD,0.727590909090909,0.52,0.20759090909090894
2010-07-01,EUR_USD,EUR,USD,0.848818181818182,0.41,0.43881818181818205
2010-08-01,EUR_USD,EUR,USD,0.8955,0.32,0.5754999999999999
2010-09-01,EUR_USD,EUR,USD,0.8805,0.28,0.6004999999999999
2010-10-01,EUR_USD,EUR,USD,0.997666666666667,0.27,0.727666666666667
2010-11-01,EUR_USD,EUR,USD,1.04204545454545,0.27,0.77204545454545
2010-12-01,EUR_USD,EUR,USD,1.02169565217391,0.3,0.72169565217391
2011-01-01,EUR_USD,EUR,USD,1.0172380952381,0.29,0.7272380952380999
2011-02-01,EUR_USD,EUR,USD,1.08675,0.28,0.8067500000000001
2011-03-01,EUR_USD,EUR,USD,1.17552173913043,0.28,0.89552173913043
2011-04-01,EUR_USD,EUR,USD,1.32121052631579,0.23,1.09121052631579
2011-05-01,EUR_USD,EUR,USD,1.42509090909091,0.21,1.21509090909091
2011-06-01,EUR_USD,EUR,USD,1.48859090909091,0.22,1.26859090909091
2011-07-01,EUR_USD,EUR,USD,1.59761904761905,0.24,1.35761904761905
2011-08-01,EUR_USD,EUR,USD,1.55208695652174,0.29,1.2620869565217399
2011-09-01,EUR_USD,EUR,USD,1.53645454545455,0.33,1.2064545454545499
2011-10-01,EUR_USD,EUR,USD,1.57585714285714,0.37,1.2058571428571399
2011-11-01,EUR_USD,EUR,USD,1.48468181818182,0.41,1.07468181818182
2011-12-01,EUR_USD,EUR,USD,1.42609523809524,0.49,0.9360952380952401
2012-01-01,EUR_USD,EUR,USD,1.22222727272727,0.4,0.82222727272727
2012-02-01,EUR_USD,EUR,USD,1.04828571428571,0.3,0.74828571428571
2012-03-01,EUR_USD,EUR,USD,0.858454545454546,0.29,0.568454545454546
2012-04-01,EUR_USD,EUR,USD,0.744315789473684,0.29,0.45431578947368406
2012-05-01,EUR_USD,EUR,USD,0.684909090909091,0.29,0.39490909090909104
2012-06-01,EUR_USD,EUR,USD,0.658857142857143,0.32,0.338857142857143
2012-07-01,EUR_USD,EUR,USD,0.497045454545455,0.3,0.19704545454545502
2012-08-01,EUR_USD,EUR,USD,0.332391304347826,0.26,0.07239130434782598
2012-09-01,EUR_USD,EUR,USD,0.2463,0.24,0.0063
2012-10-01,EUR_USD,EUR,USD,0.207913043478261,0.23,-0.022086956521739004
2012-11-01,EUR_USD,EUR,USD,0.192,0.23,-0.038000000000000006
2012-12-01,EUR_USD,EUR,USD,0.185473684210526,0.24,-0.05452631578947398
2013-01-01,EUR_USD,EUR,USD,0.204909090909091,0.23,-0.025090909090908997
2013-02-01,EUR_USD,EUR,USD,0.22335,0.22,0.003349999999999992
2013-03-01,EUR_USD,EUR,USD,0.20605,0.21,-0.003949999999999981
2013-04-01,EUR_USD,EUR,USD,0.208904761904762,0.2,0.008904761904761999
2013-05-01,EUR_USD,EUR,USD,0.201227272727273,0.2,0.0012272727272729933
2013-06-01,EUR_USD,EUR,USD,0.21025,0.19,0.02024999999999999
2013-07-01,EUR_USD,EUR,USD,0.221434782608696,0.14,0.081434782608696
2013-08-01,EUR_USD,EUR,USD,0.225863636363636,0.12,0.105863636363636
2013-09-01,EUR_USD,EUR,USD,0.223238095238095,0.11,0.11323809523809501
2013-10-01,EUR_USD,EUR,USD,0.225826086956522,0.12,0.10582608695652201
2013-11-01,EUR_USD,EUR,USD,0.223380952380952,0.12,0.10338095238095202
2013-12-01,EUR_USD,EUR,USD,0.2735,0.14,0.1335
2014-01-01,EUR_USD,EUR,USD,0.292045454545455,0.12,0.172045454545455
2014-02-01,EUR_USD,EUR,USD,0.2881,0.13,0.15810000000000002
2014-03-01,EUR_USD,EUR,USD,0.305333333333333,0.12,0.18533333333333302
2014-04-01,EUR_USD,EUR,USD,0.32975,0.12,0.20975
2014-05-01,EUR_USD,EUR,USD,0.324571428571429,0.11,0.21457142857142902
2014-06-01,EUR_USD,EUR,USD,0.241428571428571,0.11,0.131428571428571
2014-07-01,EUR_USD,EUR,USD,0.20504347826087,0.13,0.07504347826086999
2014-08-01,EUR_USD,EUR,USD,0.191571428571429,0.13,0.061571428571429
2014-09-01,EUR_USD,EUR,USD,0.0970909090909091,0.12,-0.022909090909090893
2014-10-01,EUR_USD,EUR,USD,0.0826086956521739,0.12,-0.0373913043478261
2014-11-01,EUR_USD,EUR,USD,0.0809,0.13,-0.049100000000000005
2014-12-01,EUR_USD,EUR,USD,0.0809047619047619,0.15,-0.0690952380952381
2015-01-01,EUR_USD,EUR,USD,0.0626666666666667,0.16,-0.0973333333333333
2015-02-01,EUR_USD,EUR,USD,0.0482,0.15,-0.1018
2015-03-01,EUR_USD,EUR,USD,0.0271818181818182,0.14,-0.11281818181818182
2015-04-01,EUR_USD,EUR,USD,0.0047,0.13,-0.1253
2015-05-01,EUR_USD,EUR,USD,-0.0103684210526316,0.15,-0.1603684210526316
2015-06-01,EUR_USD,EUR,USD,-0.0139090909090909,0.18,-0.1939090909090909
2015-07-01,EUR_USD,EUR,USD,-0.0187391304347826,0.19,-0.2087391304347826
2015-08-01,EUR_USD,EUR,USD,-0.0276666666666667,0.26,-0.28766666666666674
2015-09-01,EUR_USD,EUR,USD,-0.0370454545454546,0.27,-0.3070454545454546
2015-10-01,EUR_USD,EUR,USD,-0.0535909090909091,0.25,-0.3035909090909091
2015-11-01,EUR_USD,EUR,USD,-0.0876190476190476,0.3,-0.3876190476190476
2015-12-01,EUR_USD,EUR,USD,-0.126318181818182,0.54,-0.666318181818182
2016-01-01,EUR_USD,EUR,USD,-0.14615,0.57,-0.71615
2016-02-01,EUR_USD,EUR,USD,-0.183571428571429,0.54,-0.723571428571429
2016-03-01,EUR_USD,EUR,USD,-0.22852380952381,0.55,-0.7785238095238101
2016-04-01,EUR_USD,EUR,USD,-0.249190476190476,0.55,-0.799190476190476
2016-05-01,EUR_USD,EUR,USD,-0.257181818181818,0.57,-0.827181818181818
2016-06-01,EUR_USD,EUR,USD,-0.267909090909091,0.55,-0.817909090909091
2016-07-01,EUR_USD,EUR,USD,-0.294523809523809,0.62,-0.9145238095238091
2016-08-01,EUR_USD,EUR,USD,-0.298217391304348,0.73,-1.028217391304348
2016-09-01,EUR_USD,EUR,USD,-0.301636363636364,0.75,-1.051636363636364
2016-10-01,EUR_USD,EUR,USD,-0.309,0.72,-1.029
2016-11-01,EUR_USD,EUR,USD,-0.312681818181818,0.71,-1.022681818181818
2016-12-01,EUR_USD,EUR,USD,-0.315761904761905,0.87,-1.185761904761905
2017-01-01,EUR_USD,EUR,USD,-0.325545454545455,0.9,-1.225545454545455
2017-02-01,EUR_USD,EUR,USD,-0.3286,0.87,-1.1985999999999999
2017-03-01,EUR_USD,EUR,USD,-0.329347826086957,0.98,-1.3093478260869569
2017-04-01,EUR_USD,EUR,USD,-0.330388888888889,1.03,-1.360388888888889
2017-05-01,EUR_USD,EUR,USD,-0.329454545454545,1.05,-1.379454545454545
2017-06-01,EUR_USD,EUR,USD,-0.33,1.16,-1.49
2017-07-01,EUR_USD,EUR,USD,-0.330428571428571,1.22,-1.550428571428571
2017-08-01,EUR_USD,EUR,USD,-0.329086956521739,1.25,-1.579086956521739
2017-09-01,EUR_USD,EUR,USD,-0.329380952380952,1.25,-1.5793809523809519
2017-10-01,EUR_USD,EUR,USD,-0.329545454545455,1.26,-1.589545454545455
2017-11-01,EUR_USD,EUR,USD,-0.329,1.32,-1.649
2017-12-01,EUR_USD,EUR,USD,-0.327894736842105,1.54,-1.867894736842105
2018-01-01,EUR_USD,EUR,USD,-0.328454545454546,1.63,-1.958454545454546
2018-02-01,EUR_USD,EUR,USD,-0.3285,1.78,-2.1085000000000003
2018-03-01,EUR_USD,EUR,USD,-0.327904761904762,2.08,-2.407904761904762
2018-04-01,EUR_USD,EUR,USD,-0.32845,2.2,-2.5284500000000003
2018-05-01,EUR_USD,EUR,USD,-0.325227272727273,2.16,-2.4852272727272733
2018-06-01,EUR_USD,EUR,USD,-0.322047619047619,2.19,-2.512047619047619
2018-07-01,EUR_USD,EUR,USD,-0.320727272727273,2.17,-2.490727272727273
2018-08-01,EUR_USD,EUR,USD,-0.319,2.19,-2.509
2018-09-01,EUR_USD,EUR,USD,-0.31885,2.24,-2.55885
2018-10-01,EUR_USD,EUR,USD,-0.317695652173913,2.37,-2.6876956521739133
2018-11-01,EUR_USD,EUR,USD,-0.316363636363636,2.56,-2.876363636363636
2018-12-01,EUR_USD,EUR,USD,-0.311894736842105,2.69,-3.0018947368421047
2019-01-01,EUR_USD,EUR,USD,-0.308,2.59,-2.8979999999999997
2019-02-01,EUR_USD,EUR,USD,-0.30845,2.49,-2.7984500000000003
2019-03-01,EUR_USD,EUR,USD,-0.309190476190476,2.48,-2.789190476190476
2019-04-01,EUR_USD,EUR,USD,-0.31045,2.47,-2.78045
2019-05-01,EUR_USD,EUR,USD,-0.311863636363636,2.44,-2.7518636363636357
2019-06-01,EUR_USD,EUR,USD,-0.3289,2.3,-2.6289
2019-07-01,EUR_USD,EUR,USD,-0.364869565217391,2.22,-2.5848695652173914
2019-08-01,EUR_USD,EUR,USD,-0.407681818181818,2.06,-2.467681818181818
2019-09-01,EUR_USD,EUR,USD,-0.417571428571429,2.03,-2.447571428571429
2019-10-01,EUR_USD,EUR,USD,-0.412869565217391,1.88,-2.2928695652173907
2019-11-01,EUR_USD,EUR,USD,-0.401285714285714,1.77,-2.1712857142857143
2019-12-01,EUR_USD,EUR,USD,-0.3947,1.76,-2.1547
2020-01-01,EUR_USD,EUR,USD,-0.391136363636364,1.65,-2.041136363636364
2020-02-01,EUR_USD,EUR,USD,-0.40885,1.59,-1.99885
2020-03-01,EUR_USD,EUR,USD,-0.416636363636364,1.35,-1.7666363636363642
2020-04-01,EUR_USD,EUR,USD,-0.25405,1.35,-1.60405
2020-05-01,EUR_USD,EUR,USD,-0.27195,0.17,-0.44195000000000007
2020-06-01,EUR_USD,EUR,USD,-0.376,0.2,-0.5760000000000001
2020-07-01,EUR_USD,EUR,USD,-0.444130434782609,0.18,-0.624130434782609
2020-08-01,EUR_USD,EUR,USD,-0.479714285714286,0.15,-0.629714285714286
2020-09-01,EUR_USD,EUR,USD,-0.491363636363636,0.13,-0.621363636363636
2020-10-01,EUR_USD,EUR,USD,-0.509136363636364,0.12,-0.629136363636364
2020-11-01,EUR_USD,EUR,USD,-0.520857142857143,0.16,-0.680857142857143
2020-12-01,EUR_USD,EUR,USD,-0.538090909090909,0.17,-0.708090909090909
2021-01-01,EUR_USD,EUR,USD,-0.54715,0.14,-0.68715
2021-02-01,EUR_USD,EUR,USD,-0.5411,0.11,-0.6511
2021-03-01,EUR_USD,EUR,USD,-0.539086956521739,0.1,-0.639086956521739
2021-04-01,EUR_USD,EUR,USD,-0.53815,0.11,-0.64815
2021-05-01,EUR_USD,EUR,USD,-0.540095238095238,0.1,-0.6400952380952379
2021-06-01,EUR_USD,EUR,USD,-0.542909090909091,0.09,-0.632909090909091
2021-07-01,EUR_USD,EUR,USD,-0.544818181818182,0.1,-0.644818181818182
2021-08-01,EUR_USD,EUR,USD,-0.547590909090909,0.1,-0.647590909090909
2021-09-01,EUR_USD,EUR,USD,-0.545045454545454,0.1,-0.6450454545454539
2021-10-01,EUR_USD,EUR,USD,-0.549809523809524,0.11,-0.659809523809524
2021-11-01,EUR_USD,EUR,USD,-0.567363636363636,0.14,-0.707363636363636
2021-12-01,EUR_USD,EUR,USD,-0.58195652173913,0.17,-0.7519565217391301
2022-01-01,EUR_USD,EUR,USD,-0.560142857142857,0.22,-0.780142857142857
2022-02-01,EUR_USD,EUR,USD,-0.53150000005,0.38,-0.91150000005
2022-03-01,EUR_USD,EUR,USD,-0.495434782608696,0.73,-1.225434782608696
2022-04-01,EUR_USD,EUR,USD,-0.447894736842105,0.91,-1.357894736842105
2022-05-01,EUR_USD,EUR,USD,-0.385727272727273,1.33,-1.715727272727273
2022-06-01,EUR_USD,EUR,USD,-0.239227272727273,1.87,-2.109227272727273
2022-07-01,EUR_USD,EUR,USD,0.0366190476190476,2.5,-2.4633809523809522
2022-08-01,EUR_USD,EUR,USD,0.394739130434783,2.76,-2.365260869565217
2022-09-01,EUR_USD,EUR,USD,1.01086363636364,3.21,-2.19913636363636
2022-10-01,EUR_USD,EUR,USD,1.42766666666667,3.85,-2.42233333333333
2022-11-01,EUR_USD,EUR,USD,1.82522727272727,4.46,-2.63477272727273
2022-12-01,EUR_USD,EUR,USD,2.06347619047619,4.51,-2.4465238095238098
2023-01-01,EUR_USD,EUR,USD,2.34486363636364,4.61,-2.26513636363636
2023-02-01,EUR_USD,EUR,USD,2.64035,4.74,-2.09965
2023-03-01,EUR_USD,EUR,USD,2.91056521739131,4.91,-1.9994347826086902
2023-04-01,EUR_USD,EUR,USD,3.167,5.03,-1.8630000000000004
2023-05-01,EUR_USD,EUR,USD,3.3664347826087,5.15,-1.7835652173913004
2023-06-01,EUR_USD,EUR,USD,3.53586363636364,5.22,-1.6841363636363598
2023-07-01,EUR_USD,EUR,USD,3.67180952380952,5.35,-1.6781904761904798
2023-08-01,EUR_USD,EUR,USD,3.78030434782609,5.44,-1.6596956521739106
2023-09-01,EUR_USD,EUR,USD,3.88004761904762,5.49,-1.6099523809523801
2023-10-01,EUR_USD,EUR,USD,3.96763636363636,5.46,-1.4923636363636401
2023-11-01,EUR_USD,EUR,USD,3.97163636363636,5.41,-1.4383636363636403
2023-12-01,EUR_USD,EUR,USD,3.93309523809524,5.32,-1.38690476190476
2024-01-01,EUR_USD,EUR,USD,3.92527272727273,5.26,-1.3347272727272697
2024-02-01,EUR_USD,EUR,USD,3.92319047619048,5.22,-1.2968095238095199
2024-03-01,EUR_USD,EUR,USD,3.92238095238095,5.29,-1.36761904761905
2024-04-01,EUR_USD,EUR,USD,3.88636363636364,5.33,-1.4436363636363603
2024-05-01,EUR_USD,EUR,USD,3.81365217391304,5.33,-1.5163478260869603
2024-06-01,EUR_USD,EUR,USD,3.7245,5.28,-1.5555000000000003
2024-07-01,EUR_USD,EUR,USD,3.68482608695652,5.31,-1.6251739130434797
2024-08-01,EUR_USD,EUR,USD,3.54759090909091,5.12,-1.57240909090909
2024-09-01,EUR_USD,EUR,USD,3.43371428571428,4.86,-1.4262857142857204
2024-10-01,EUR_USD,EUR,USD,3.16660869565217,4.62,-1.45339130434783
2024-11-01,EUR_USD,EUR,USD,3.0067619047619,4.53,-1.5232380952381002
2024-12-01,EUR_USD,EUR,USD,2.81609090909091,4.46,-1.6439090909090899
2025-01-01,EUR_USD,EUR,USD,2.7031304348,4.33,-1.6268695652000003
2025-02-01,EUR_USD,EUR,USD,2.52495,4.34,-1.8150499999999998
2025-03-01,EUR_USD,EUR,USD,2.4424285714,4.29,-1.8475714286000002
2025-04-01,EUR_USD,EUR,USD,2.2481818182,4.32,-2.0718181818000003
2025-05-01,EUR_USD,EUR,USD,2.0912727273,4.29,-2.1987272727000002
2025-06-01,EUR_USD,EUR,USD,1.9836190476,4.31,-2.3263809523999996
2025-07-01,EUR_USD,EUR,USD,1.9863478261,4.28,-2.2936521739
2025-08-01,EUR_USD,EUR,USD,2.0210952381,4.22,-2.1989047618999997
2025-09-01,EUR_USD,EUR,USD,2.0272727273,4.1,-2.0727272726999995
2025-10-01,EUR_USD,EUR,USD,2.0344347826,3.98,-1.9455652174
2025-11-01,EUR_USD,EUR,USD,2.04165,3.86,-1.8183499999999997
2025-12-01,EUR_USD,EUR,USD,2.0457826087,3.74,-1.6942173913
2026-01-01,EUR_USD,EUR,USD,2.0277272727,3.63,-1.6022727273
2026-02-01,EUR_USD,EUR,USD,2.0277272727,3.66,-1.6322727273000002
2026-03-01,EUR_USD,EUR,USD,2.0277272727,3.69,-1.6622727273
2026-04-01,EUR_USD,EUR,USD,2.0277272727,3.77,-1.7422727273
1999-07-01,GBP_CHF,GBP,CHF,5.16688,0.955,4.21188
1999-08-01,GBP_CHF,GBP,CHF,5.25409,0.92453125,4.3295587499999995
1999-09-01,GBP_CHF,GBP,CHF,5.4107,0.900516,4.510184000000001
1999-10-01,GBP_CHF,GBP,CHF,6.02564,1.8848,4.14084
1999-11-01,GBP_CHF,GBP,CHF,5.8725,1.6871356,4.185364399999999
1999-12-01,GBP_CHF,GBP,CHF,6.05531,1.74320418181818,4.31210581818182
2000-01-01,GBP_CHF,GBP,CHF,6.13632,1.72924735,4.40707265
2000-02-01,GBP_CHF,GBP,CHF,6.23781,2.23797919047619,3.9998308095238095
2000-03-01,GBP_CHF,GBP,CHF,6.22838,2.43072330434783,3.7976566956521696
2000-04-01,GBP_CHF,GBP,CHF,6.29647,2.8121195,3.4843505
2000-05-01,GBP_CHF,GBP,CHF,6.30356,3.01037731818182,3.29318268181818
2000-06-01,GBP_CHF,GBP,CHF,6.22682,3.20290635,3.02391365
2000-07-01,GBP_CHF,GBP,CHF,6.19247,3.29050628571429,2.90196371428571
2000-08-01,GBP_CHF,GBP,CHF,6.21754,3.30846527272727,2.9090747272727295
2000-09-01,GBP_CHF,GBP,CHF,6.20569,3.3217070952381,2.8839829047618997
2000-10-01,GBP_CHF,GBP,CHF,6.16274,3.34387236363636,2.8188676363636405
2000-11-01,GBP_CHF,GBP,CHF,6.08629,3.34746895454545,2.73882104545455
2000-12-01,GBP_CHF,GBP,CHF,5.95539,3.25550668421053,2.6998833157894704
2001-01-01,GBP_CHF,GBP,CHF,5.84578,3.25396728571429,2.5918127142857106
2001-02-01,GBP_CHF,GBP,CHF,5.75655,3.34404575,2.41250425
2001-03-01,GBP_CHF,GBP,CHF,5.55126,3.26320313636364,2.2880568636363603
2001-04-01,GBP_CHF,GBP,CHF,5.40449,3.12508536842105,2.27940463157895
2001-05-01,GBP_CHF,GBP,CHF,5.24858,3.0529099047619,2.1956700952380994
2001-06-01,GBP_CHF,GBP,CHF,5.25854,3.10380645,2.15473355
2001-07-01,GBP_CHF,GBP,CHF,5.25436,3.12780690909091,2.12655309090909
2001-08-01,GBP_CHF,GBP,CHF,4.99658,3.07501459090909,1.9215654090909098
2001-09-01,GBP_CHF,GBP,CHF,4.72946,2.66832555,2.0611344500000004
2001-10-01,GBP_CHF,GBP,CHF,4.42821,2.06915434782609,2.35905565217391
2001-11-01,GBP_CHF,GBP,CHF,3.99675,1.93803509090909,2.0587149090909103
2001-12-01,GBP_CHF,GBP,CHF,4.0506,1.74428288888889,2.3063171111111105
2002-01-01,GBP_CHF,GBP,CHF,4.04677,1.60372514285714,2.4430448571428602
2002-02-01,GBP_CHF,GBP,CHF,4.05268,1.5666706,2.4860093999999995
2002-03-01,GBP_CHF,GBP,CHF,4.13055,1.60416375,2.5263862500000003
2002-04-01,GBP_CHF,GBP,CHF,4.17319,1.46064661904762,2.71254338095238
2002-05-01,GBP_CHF,GBP,CHF,4.1537,1.1634939,2.9902061
2002-06-01,GBP_CHF,GBP,CHF,4.17758,1.14959405,3.0279859499999997
2002-07-01,GBP_CHF,GBP,CHF,4.06054,1.00306152173913,3.0574784782608697
2002-08-01,GBP_CHF,GBP,CHF,3.98654,0.668342047619048,3.3181979523809524
2002-09-01,GBP_CHF,GBP,CHF,3.98872,0.612999095238095,3.375720904761905
2002-10-01,GBP_CHF,GBP,CHF,3.96401,0.627853739130435,3.336156260869565
2002-11-01,GBP_CHF,GBP,CHF,3.97142,0.592497857142857,3.378922142857143
2002-12-01,GBP_CHF,GBP,CHF,4.01777,0.54338995,3.4743800499999997
2003-01-01,GBP_CHF,GBP,CHF,3.98263,0.508735476190476,3.473894523809524
2003-02-01,GBP_CHF,GBP,CHF,3.75425,0.48923735,3.26501265
2003-03-01,GBP_CHF,GBP,CHF,3.65503,0.233193714285714,3.421836285714286
2003-04-01,GBP_CHF,GBP,CHF,3.64598,0.1737809,3.4721991
2003-05-01,GBP_CHF,GBP,CHF,3.63252,0.1585085,3.4740115
2003-06-01,GBP_CHF,GBP,CHF,3.63966,0.15839465,3.48126535
2003-07-01,GBP_CHF,GBP,CHF,3.49022,0.16359952173913,3.3266204782608697
2003-08-01,GBP_CHF,GBP,CHF,3.52249,0.1508667,3.3716233
2003-09-01,GBP_CHF,GBP,CHF,3.6967,0.138722590909091,3.557977409090909
2003-10-01,GBP_CHF,GBP,CHF,3.80338,0.129131043478261,3.674248956521739
2003-11-01,GBP_CHF,GBP,CHF,3.98043,0.14283225,3.83759775
2003-12-01,GBP_CHF,GBP,CHF,4.01864,0.136828571428571,3.8818114285714294
2004-01-01,GBP_CHF,GBP,CHF,4.05531,0.1284939,3.9268161000000004
2004-02-01,GBP_CHF,GBP,CHF,4.16654,0.14803445,4.01850555
2004-03-01,GBP_CHF,GBP,CHF,4.29673,0.158294043478261,4.1384359565217395
2004-04-01,GBP_CHF,GBP,CHF,4.39472,0.18674945,4.207970550000001
2004-05-01,GBP_CHF,GBP,CHF,4.52872,0.182353368421053,4.346366631578947
2004-06-01,GBP_CHF,GBP,CHF,4.78974,0.328464045454545,4.461275954545455
2004-07-01,GBP_CHF,GBP,CHF,4.85702,0.422401363636364,4.434618636363636
2004-08-01,GBP_CHF,GBP,CHF,4.96284,0.471912181818182,4.4909278181818175
2004-09-01,GBP_CHF,GBP,CHF,4.9469,0.584377681818182,4.362522318181818
2004-10-01,GBP_CHF,GBP,CHF,4.90071,0.620791047619048,4.279918952380952
2004-11-01,GBP_CHF,GBP,CHF,4.88359,0.648511,4.235079
2004-12-01,GBP_CHF,GBP,CHF,4.87103,0.649346863636364,4.2216831363636365
2005-01-01,GBP_CHF,GBP,CHF,4.87316,0.651069238095238,4.222090761904762
2005-02-01,GBP_CHF,GBP,CHF,4.89069,0.6771861,4.2135039
2005-03-01,GBP_CHF,GBP,CHF,4.98736,0.666316238095238,4.321043761904762
2005-04-01,GBP_CHF,GBP,CHF,4.94336,0.67295219047619,4.27040780952381
2005-05-01,GBP_CHF,GBP,CHF,4.89375,0.67066215,4.22308785
2005-06-01,GBP_CHF,GBP,CHF,4.84144,0.672201227272727,4.169238772727273
2005-07-01,GBP_CHF,GBP,CHF,4.65794,0.666276380952381,3.991663619047619
2005-08-01,GBP_CHF,GBP,CHF,4.59465,0.675881090909091,3.918768909090909
2005-09-01,GBP_CHF,GBP,CHF,4.59686,0.674919636363636,3.9219403636363643
2005-10-01,GBP_CHF,GBP,CHF,4.58701,0.722154380952381,3.8648556190476193
2005-11-01,GBP_CHF,GBP,CHF,4.61847,0.865552090909091,3.7529179090909093
2005-12-01,GBP_CHF,GBP,CHF,4.63732,0.9330752,3.7042447999999997
2006-01-01,GBP_CHF,GBP,CHF,4.60368,0.924489476190476,3.679190523809524
2006-02-01,GBP_CHF,GBP,CHF,4.58199,0.9967605,3.5852295
2006-03-01,GBP_CHF,GBP,CHF,4.58741,1.11319943478261,3.4742105652173905
2006-04-01,GBP_CHF,GBP,CHF,4.6296,1.17550216666667,3.45409783333333
2006-05-01,GBP_CHF,GBP,CHF,4.7015,1.30199257142857,3.39950742857143
2006-06-01,GBP_CHF,GBP,CHF,4.73498,1.37270757142857,3.3622724285714303
2006-07-01,GBP_CHF,GBP,CHF,4.73322,1.42769528571429,3.3055247142857103
2006-08-01,GBP_CHF,GBP,CHF,4.94425,1.52308863636364,3.4211613636363603
2006-09-01,GBP_CHF,GBP,CHF,5.02501,1.643369,3.381641
2006-10-01,GBP_CHF,GBP,CHF,5.13176,1.74738009090909,3.38437990909091
2006-11-01,GBP_CHF,GBP,CHF,5.22544,1.80596172727273,3.41947827272727
2006-12-01,GBP_CHF,GBP,CHF,5.29167,1.90840782352941,3.38326217647059
2007-01-01,GBP_CHF,GBP,CHF,5.48623,2.05046923809524,3.43576076190476
2007-02-01,GBP_CHF,GBP,CHF,5.5657,2.11132155,3.4543784499999997
2007-03-01,GBP_CHF,GBP,CHF,5.54946,2.15987477272727,3.38958522727273
2007-04-01,GBP_CHF,GBP,CHF,5.64899,2.22386673684211,3.4251232631578903
2007-05-01,GBP_CHF,GBP,CHF,5.76742,2.31683825,3.4505817500000004
2007-06-01,GBP_CHF,GBP,CHF,5.88018,2.44371828571429,3.43646171428571
2007-07-01,GBP_CHF,GBP,CHF,6.02396,2.61172740909091,3.4122325909090896
2007-08-01,GBP_CHF,GBP,CHF,6.41946,2.60672072727273,3.8127392727272698
2007-09-01,GBP_CHF,GBP,CHF,6.64694,2.49345425,4.15348575
2007-10-01,GBP_CHF,GBP,CHF,6.27014,2.45670126086957,3.8134387391304294
2007-11-01,GBP_CHF,GBP,CHF,6.40858,2.29504331818182,4.1135366818181796
2007-12-01,GBP_CHF,GBP,CHF,6.35943,2.34431588235294,4.01511411764706
2008-01-01,GBP_CHF,GBP,CHF,5.65965,2.28750271428571,3.37214728571429
2008-02-01,GBP_CHF,GBP,CHF,5.64202,2.41745680952381,3.2245631904761898
2008-03-01,GBP_CHF,GBP,CHF,5.89929,2.28812894736842,3.6111610526315796
2008-04-01,GBP_CHF,GBP,CHF,5.91881,2.18122622727273,3.7375837727272696
2008-05-01,GBP_CHF,GBP,CHF,5.82639,2.0428156,3.7835744
2008-06-01,GBP_CHF,GBP,CHF,5.92944,2.1437270952381,3.7857129047619
2008-07-01,GBP_CHF,GBP,CHF,5.8322,2.20689582608696,3.6253041739130403
2008-08-01,GBP_CHF,GBP,CHF,5.76619,2.1833859,3.5828040999999997
2008-09-01,GBP_CHF,GBP,CHF,5.9106,2.124653,3.7859469999999997
2008-10-01,GBP_CHF,GBP,CHF,6.13304,1.41079118181818,4.7222488181818205
2008-11-01,GBP_CHF,GBP,CHF,4.44684,0.700317846153846,3.746522153846154
2008-12-01,GBP_CHF,GBP,CHF,3.17247,0.1075305,3.0649395
2009-01-01,GBP_CHF,GBP,CHF,2.34276,0.0938757,2.2488843000000003
2009-02-01,GBP_CHF,GBP,CHF,2.09038,0.110002944444444,1.9803770555555562
2009-03-01,GBP_CHF,GBP,CHF,1.83139,0.113013047619048,1.718376952380952
2009-04-01,GBP_CHF,GBP,CHF,1.53413,0.0902461818181818,1.443883818181818
2009-05-01,GBP_CHF,GBP,CHF,1.35795,0.0912780588235294,1.2666719411764706
2009-06-01,GBP_CHF,GBP,CHF,1.24117,0.0871305263157895,1.1540394736842106
2009-07-01,GBP_CHF,GBP,CHF,1.00113,0.0717845652173913,0.9293454347826088
2009-08-01,GBP_CHF,GBP,CHF,0.77369,0.0738368095238095,0.6998531904761904
2009-09-01,GBP_CHF,GBP,CHF,0.6056,0.073400380952381,0.532199619047619
2009-10-01,GBP_CHF,GBP,CHF,0.57087,0.0850033333333333,0.48586666666666667
2009-11-01,GBP_CHF,GBP,CHF,0.60936,0.118535785714286,0.490824214285714
2009-12-01,GBP_CHF,GBP,CHF,0.60541,0.115619909090909,0.489790090909091
2010-01-01,GBP_CHF,GBP,CHF,0.61265,0.0903594,0.5222906
2010-02-01,GBP_CHF,GBP,CHF,0.6331,0.09874325,0.5343567499999999
2010-03-01,GBP_CHF,GBP,CHF,0.64549,0.0957777272727273,0.5497122727272727
2010-04-01,GBP_CHF,GBP,CHF,0.65592,0.0879435,0.5679765
2010-05-01,GBP_CHF,GBP,CHF,0.69713,0.08190975,0.61522025
2010-06-01,GBP_CHF,GBP,CHF,0.72839,0.11774075,0.61064925
2010-07-01,GBP_CHF,GBP,CHF,0.73603,0.18285119047619,0.5531788095238099
2010-08-01,GBP_CHF,GBP,CHF,0.73296,0.20656935,0.52639065
2010-09-01,GBP_CHF,GBP,CHF,0.72859,0.213812095238095,0.514777904761905
2010-10-01,GBP_CHF,GBP,CHF,0.7384,0.24791775,0.49048224999999995
2010-11-01,GBP_CHF,GBP,CHF,0.73901,0.18600105,0.5530089499999999
2010-12-01,GBP_CHF,GBP,CHF,0.74962,0.191368111111111,0.558251888888889
2011-01-01,GBP_CHF,GBP,CHF,0.76866,0.15081019047619,0.6178498095238101
2011-02-01,GBP_CHF,GBP,CHF,0.79962,0.13954275,0.6600772500000001
2011-03-01,GBP_CHF,GBP,CHF,0.80913,0.155124173913043,0.654005826086957
2011-04-01,GBP_CHF,GBP,CHF,0.82096,0.139454111111111,0.681505888888889
2011-05-01,GBP_CHF,GBP,CHF,0.82344,0.119449863636364,0.7039901363636359
2011-06-01,GBP_CHF,GBP,CHF,0.82512,0.10205965,0.7230603499999999
2011-07-01,GBP_CHF,GBP,CHF,0.8289,0.0909554761904762,0.7379445238095238
2011-08-01,GBP_CHF,GBP,CHF,0.85782,-0.0675968,0.9254168
2011-09-01,GBP_CHF,GBP,CHF,0.9181,-0.0610702727272727,0.9791702727272728
2011-10-01,GBP_CHF,GBP,CHF,0.96991,-0.0933598947368421,1.0632698947368422
2011-11-01,GBP_CHF,GBP,CHF,1.01182,-0.0653187,1.0771387
2011-12-01,GBP_CHF,GBP,CHF,1.06148,0.08,0.98148
2012-01-01,GBP_CHF,GBP,CHF,1.08709,0.0402932857142857,1.0467967142857142
2012-02-01,GBP_CHF,GBP,CHF,1.07249,0.0178765,1.0546134999999999
2012-03-01,GBP_CHF,GBP,CHF,1.03757,0.05129925,0.9862707500000001
2012-04-01,GBP_CHF,GBP,CHF,1.01792,0.0136988333333333,1.0042211666666667
2012-05-01,GBP_CHF,GBP,CHF,1.005,-0.0154980555555556,1.0204980555555554
2012-06-01,GBP_CHF,GBP,CHF,0.94978,-0.0573110588235294,1.0070910588235293
2012-07-01,GBP_CHF,GBP,CHF,0.81735,-0.173395066666667,0.9907450666666671
2012-08-01,GBP_CHF,GBP,CHF,0.70481,-0.207230666666667,0.912040666666667
2012-09-01,GBP_CHF,GBP,CHF,0.64803,-0.150658058823529,0.798688058823529
2012-10-01,GBP_CHF,GBP,CHF,0.54397,-0.06339775,0.60736775
2012-11-01,GBP_CHF,GBP,CHF,0.52452,-0.144987368421053,0.669507368421053
2012-12-01,GBP_CHF,GBP,CHF,0.51848,-0.051343,0.5698230000000001
2013-01-01,GBP_CHF,GBP,CHF,0.51228,-0.1080856,0.6203656
2013-02-01,GBP_CHF,GBP,CHF,0.50988,-0.0634238666666667,0.5733038666666667
2013-03-01,GBP_CHF,GBP,CHF,0.50688,-0.0596407368421053,0.5665207368421052
2013-04-01,GBP_CHF,GBP,CHF,0.50557,-0.0647253333333333,0.5702953333333333
2013-05-01,GBP_CHF,GBP,CHF,0.50563,-0.05881175,0.5644417500000001
2013-06-01,GBP_CHF,GBP,CHF,0.50794,-0.0602111052631579,0.5681511052631578
2013-07-01,GBP_CHF,GBP,CHF,0.50944,-0.0558058260869565,0.5652458260869565
2013-08-01,GBP_CHF,GBP,CHF,0.51262,-0.06065045,0.57327045
2013-09-01,GBP_CHF,GBP,CHF,0.51688,-0.0511073157894737,0.5679873157894737
2013-10-01,GBP_CHF,GBP,CHF,0.51663,0.0159292,0.5007008000000001
2013-11-01,GBP_CHF,GBP,CHF,0.52344,-0.0169540555555556,0.5403940555555556
2013-12-01,GBP_CHF,GBP,CHF,0.52474,0.0174349166666667,0.5073050833333332
2014-01-01,GBP_CHF,GBP,CHF,0.52093,-0.0433244,0.5642544
2014-02-01,GBP_CHF,GBP,CHF,0.52153,-0.04796675,0.5694967500000001
2014-03-01,GBP_CHF,GBP,CHF,0.52157,-0.0400058571428571,0.5615758571428571
2014-04-01,GBP_CHF,GBP,CHF,0.52665,-0.0292094,0.5558594
2014-05-01,GBP_CHF,GBP,CHF,0.52744,-0.03160255,0.55904255
2014-06-01,GBP_CHF,GBP,CHF,0.54394,-0.012441,0.556381
2014-07-01,GBP_CHF,GBP,CHF,0.55641,0.0333333333333333,0.5230766666666666
2014-08-01,GBP_CHF,GBP,CHF,0.56119,0.038,0.5231899999999999
2014-09-01,GBP_CHF,GBP,CHF,0.56291,0.025,0.53791
2014-10-01,GBP_CHF,GBP,CHF,0.55836,0.04,0.5183599999999999
2014-11-01,GBP_CHF,GBP,CHF,0.55628,0.0414285714285714,0.5148514285714286
2014-12-01,GBP_CHF,GBP,CHF,0.55818,0.040234375,0.517945625
2015-01-01,GBP_CHF,GBP,CHF,0.5626,-0.416666666666667,0.979266666666667
2015-02-01,GBP_CHF,GBP,CHF,0.56363,-0.675,1.2386300000000001
2015-03-01,GBP_CHF,GBP,CHF,0.56436,-0.788842625,1.353202625
2015-04-01,GBP_CHF,GBP,CHF,0.5695,-0.685416666666667,1.254916666666667
2015-05-01,GBP_CHF,GBP,CHF,0.56798,-0.81541675,1.3833967500000002
2015-06-01,GBP_CHF,GBP,CHF,0.57188,-0.767575833333333,1.339455833333333
2015-07-01,GBP_CHF,GBP,CHF,0.58084,-0.7443055,1.3251455
2015-08-01,GBP_CHF,GBP,CHF,0.5867,-0.78125,1.36795
2015-09-01,GBP_CHF,GBP,CHF,0.58576,-0.756176166666667,1.341936166666667
2015-10-01,GBP_CHF,GBP,CHF,0.58006,-0.845,1.42506
2015-11-01,GBP_CHF,GBP,CHF,0.57371,-0.680833,1.254543
2015-12-01,GBP_CHF,GBP,CHF,0.58277,-0.740213833333333,1.322983833333333
2016-01-01,GBP_CHF,GBP,CHF,0.58976,-0.745873,1.335633
2016-02-01,GBP_CHF,GBP,CHF,0.59073,-0.8886364,1.4793664
2016-03-01,GBP_CHF,GBP,CHF,0.58825,-0.774167,1.3624170000000002
2016-04-01,GBP_CHF,GBP,CHF,0.5889,-0.746875,1.335775
2016-05-01,GBP_CHF,GBP,CHF,0.58929,-0.765375,1.354665
2016-06-01,GBP_CHF,GBP,CHF,0.57468,-0.718645,1.2933249999999998
2016-07-01,GBP_CHF,GBP,CHF,0.5136,-0.77,1.2835999999999999
2016-08-01,GBP_CHF,GBP,CHF,0.40613,-0.75,1.15613
2016-09-01,GBP_CHF,GBP,CHF,0.37907,-0.75,1.12907
2016-10-01,GBP_CHF,GBP,CHF,0.3975,-0.75,1.1475
2016-11-01,GBP_CHF,GBP,CHF,0.39773,-0.76,1.15773
2016-12-01,GBP_CHF,GBP,CHF,0.37226,-0.8,1.17226
2017-01-01,GBP_CHF,GBP,CHF,0.3621,-0.93,1.2921
2017-02-01,GBP_CHF,GBP,CHF,0.35674,-0.803778166666667,1.160518166666667
2017-03-01,GBP_CHF,GBP,CHF,0.34567,-0.815,1.1606699999999999
2017-04-01,GBP_CHF,GBP,CHF,0.33513,-0.7901191,1.1252491
2017-05-01,GBP_CHF,GBP,CHF,0.31081,-0.89770825,1.20851825
2017-06-01,GBP_CHF,GBP,CHF,0.29442,-0.775,1.06942
2017-07-01,GBP_CHF,GBP,CHF,0.2931,-0.805833333333333,1.098933333333333
2017-08-01,GBP_CHF,GBP,CHF,0.28119,-0.815,1.09619
2017-09-01,GBP_CHF,GBP,CHF,0.30911,-0.84525,1.15436
2017-10-01,GBP_CHF,GBP,CHF,0.38187,-0.925185222222222,1.307055222222222
2017-11-01,GBP_CHF,GBP,CHF,0.51857,-0.906642166666667,1.4252121666666668
2017-12-01,GBP_CHF,GBP,CHF,0.51871,-0.864305555555556,1.383015555555556
2018-01-01,GBP_CHF,GBP,CHF,0.5225,-0.87154745,1.39404745
2018-02-01,GBP_CHF,GBP,CHF,0.54683,-0.8715625,1.4183925
2018-03-01,GBP_CHF,GBP,CHF,0.62842,-0.79524075,1.42366075
2018-04-01,GBP_CHF,GBP,CHF,0.75629,-0.80023515,1.5565251500000001
2018-05-01,GBP_CHF,GBP,CHF,0.64355,-0.7861775,1.4297274999999998
2018-06-01,GBP_CHF,GBP,CHF,0.63868,-0.790477142857143,1.429157142857143
2018-07-01,GBP_CHF,GBP,CHF,0.74619,-0.780435909090909,1.526625909090909
2018-08-01,GBP_CHF,GBP,CHF,0.80519,-0.777280909090909,1.582470909090909
2018-09-01,GBP_CHF,GBP,CHF,0.80093,-0.780283888888889,1.5812138888888891
2018-10-01,GBP_CHF,GBP,CHF,0.80618,-0.831076428571429,1.637256428571429
2018-11-01,GBP_CHF,GBP,CHF,0.87483,-0.815,1.68983
2018-12-01,GBP_CHF,GBP,CHF,0.90444,-0.776,1.68044
2019-01-01,GBP_CHF,GBP,CHF,0.91822,-0.813503555555556,1.731723555555556
2019-02-01,GBP_CHF,GBP,CHF,0.87598,-0.768617571428571,1.644597571428571
2019-03-01,GBP_CHF,GBP,CHF,0.84,-0.756575222222222,1.596575222222222
2019-04-01,GBP_CHF,GBP,CHF,0.82,-0.7475,1.5675
2019-05-01,GBP_CHF,GBP,CHF,0.8,-0.7752625,1.5752625
2019-06-01,GBP_CHF,GBP,CHF,0.78,-0.780555,1.560555
2019-07-01,GBP_CHF,GBP,CHF,0.77,-0.84,1.6099999999999999
2019-08-01,GBP_CHF,GBP,CHF,0.76,-0.8075,1.5675
2019-09-01,GBP_CHF,GBP,CHF,0.77,-0.79125,1.56125
2019-10-01,GBP_CHF,GBP,CHF,0.78,-0.756590909090909,1.5365909090909091
2019-11-01,GBP_CHF,GBP,CHF,0.79,-0.705643333333333,1.495643333333333
2019-12-01,GBP_CHF,GBP,CHF,0.79,-0.736666666666667,1.526666666666667
2020-01-01,GBP_CHF,GBP,CHF,0.74,-0.74875,1.48875
2020-02-01,GBP_CHF,GBP,CHF,0.75,-0.7164475,1.4664475000000001
2020-03-01,GBP_CHF,GBP,CHF,0.53,-0.675,1.205
2020-04-01,GBP_CHF,GBP,CHF,0.65,-0.624583333333333,1.2745833333333332
2020-05-01,GBP_CHF,GBP,CHF,0.33,-0.663348888888889,0.9933488888888891
2020-06-01,GBP_CHF,GBP,CHF,0.19,-0.6658145,0.8558144999999999
2020-07-01,GBP_CHF,GBP,CHF,0.1,-0.69071347826087,0.79071347826087
2020-08-01,GBP_CHF,GBP,CHF,0.07,-0.706807142857143,0.776807142857143
2020-09-01,GBP_CHF,GBP,CHF,0.06,-0.708714090909091,0.768714090909091
2020-10-01,GBP_CHF,GBP,CHF,0.05,-0.698181818181818,0.7481818181818181
2020-11-01,GBP_CHF,GBP,CHF,0.04,-0.73,0.77
2020-12-01,GBP_CHF,GBP,CHF,0.03,-0.742727272727273,0.772727272727273
2021-01-01,GBP_CHF,GBP,CHF,0.03,-0.729838,0.759838
2021-02-01,GBP_CHF,GBP,CHF,0.05,-0.732424,0.782424
2021-03-01,GBP_CHF,GBP,CHF,0.08,-0.73,0.8099999999999999
2021-04-01,GBP_CHF,GBP,CHF,0.09,-0.7285415,0.8185414999999999
2021-05-01,GBP_CHF,GBP,CHF,0.08,-0.735221052631579,0.815221052631579
2021-06-01,GBP_CHF,GBP,CHF,0.08,-0.737727272727273,0.817727272727273
2021-07-01,GBP_CHF,GBP,CHF,0.08,-0.736136363636364,0.816136363636364
2021-08-01,GBP_CHF,GBP,CHF,0.07,-0.738181818181818,0.8081818181818181
2021-09-01,GBP_CHF,GBP,CHF,0.07,-0.82,0.8899999999999999
2021-10-01,GBP_CHF,GBP,CHF,0.16,-0.726692380952381,0.886692380952381
2021-11-01,GBP_CHF,GBP,CHF,0.13,-0.693960909090909,0.823960909090909
2021-12-01,GBP_CHF,GBP,CHF,0.16,-0.71745652173913,0.87745652173913
2022-01-01,GBP_CHF,GBP,CHF,0.53,-0.714190952380952,1.244190952380952
2022-02-01,GBP_CHF,GBP,CHF,0.81,-0.684792,1.494792
2022-03-01,GBP_CHF,GBP,CHF,0.99,-0.682174347826087,1.672174347826087
2022-04-01,GBP_CHF,GBP,CHF,1.13,-0.6725,1.8024999999999998
2022-05-01,GBP_CHF,GBP,CHF,1.31,-0.685,1.995
2022-06-01,GBP_CHF,GBP,CHF,1.57,-0.508571428571429,2.078571428571429
2022-07-01,GBP_CHF,GBP,CHF,1.84,-0.11,1.9500000000000002
2022-08-01,GBP_CHF,GBP,CHF,2.23,-0.0245454545454545,2.2545454545454544
2022-09-01,GBP_CHF,GBP,CHF,2.91,0.1475,2.7625
2022-10-01,GBP_CHF,GBP,CHF,3.39,0.52875,2.86125
2022-11-01,GBP_CHF,GBP,CHF,3.52,0.54,2.98
2022-12-01,GBP_CHF,GBP,CHF,3.78,0.736349047619048,3.043650952380952
2023-01-01,GBP_CHF,GBP,CHF,4.01,0.986904761904762,3.023095238095238
2023-02-01,GBP_CHF,GBP,CHF,4.21,1.0,3.21
2023-03-01,GBP_CHF,GBP,CHF,4.33,1.36382260869565,2.96617739130435
2023-04-01,GBP_CHF,GBP,CHF,4.52,1.45,3.0699999999999994
2023-05-01,GBP_CHF,GBP,CHF,4.73,1.45,3.2800000000000002
2023-06-01,GBP_CHF,GBP,CHF,5.09,1.59045454545455,3.4995454545454496
2023-07-01,GBP_CHF,GBP,CHF,5.49,1.72,3.7700000000000005
2023-08-01,GBP_CHF,GBP,CHF,5.53,1.76727272727273,3.76272727272727
2023-09-01,GBP_CHF,GBP,CHF,5.52,1.77,3.7499999999999996
2023-10-01,GBP_CHF,GBP,CHF,5.4,1.77,3.6300000000000003
2023-11-01,GBP_CHF,GBP,CHF,5.36,1.73181818181818,3.6281818181818206
2023-12-01,GBP_CHF,GBP,CHF,5.22,1.6525,3.5675
2024-01-01,GBP_CHF,GBP,CHF,5.2,1.6852380952381,3.5147619047619
2024-02-01,GBP_CHF,GBP,CHF,5.21,1.7,3.51
2024-03-01,GBP_CHF,GBP,CHF,5.2,1.5,3.7
2024-04-01,GBP_CHF,GBP,CHF,5.18,1.5,3.6799999999999997
2024-05-01,GBP_CHF,GBP,CHF,5.16,1.5,3.66
2024-06-01,GBP_CHF,GBP,CHF,5.16,1.427,3.733
2024-07-01,GBP_CHF,GBP,CHF,5.09,1.19347826086957,3.8965217391304297
2024-08-01,GBP_CHF,GBP,CHF,4.91,1.06647238095238,3.84352761904762
2024-09-01,GBP_CHF,GBP,CHF,4.84,1.02214285714286,3.81785714285714
2024-10-01,GBP_CHF,GBP,CHF,4.75,0.894492608695652,3.8555073913043483
2024-11-01,GBP_CHF,GBP,CHF,4.68,0.806508095238095,3.873491904761905
2024-12-01,GBP_CHF,GBP,CHF,4.64,0.60075,4.03925
2025-01-01,GBP_CHF,GBP,CHF,4.55,0.408095238095238,4.141904761904762
2025-02-01,GBP_CHF,GBP,CHF,4.44,0.37125,4.0687500000000005
2025-03-01,GBP_CHF,GBP,CHF,4.39,0.312911904761905,4.077088095238095
2025-04-01,GBP_CHF,GBP,CHF,4.26,0.15585,4.10415
2025-05-01,GBP_CHF,GBP,CHF,4.19,0.092,4.098000000000001
2025-06-01,GBP_CHF,GBP,CHF,4.15,0.039603,4.110397000000001
2025-07-01,GBP_CHF,GBP,CHF,4.05,-0.0406521739130435,4.0906521739130435
2025-08-01,GBP_CHF,GBP,CHF,3.98,-0.0615,4.0415
2025-09-01,GBP_CHF,GBP,CHF,3.97,-0.0596968181818182,4.029696818181819
2025-10-01,GBP_CHF,GBP,CHF,3.93,-0.0643113043478261,3.994311304347826
2025-11-01,GBP_CHF,GBP,CHF,3.84,-0.0475,3.8874999999999997
2025-12-01,GBP_CHF,GBP,CHF,3.75,-0.0482128571428571,3.798212857142857
2026-01-01,GBP_CHF,GBP,CHF,3.71,-0.0388865,3.7488865
2026-02-01,GBP_CHF,GBP,CHF,3.71,-0.0435,3.7535
2026-03-01,GBP_CHF,GBP,CHF,3.71,-0.0411959090909091,3.7511959090909093
2026-04-01,GBP_CHF,GBP,CHF,3.71,-0.04,3.75
2002-04-01,GBP_JPY,GBP,JPY,4.17319,0.1,4.07319
2002-05-01,GBP_JPY,GBP,JPY,4.1537,0.08,4.0737
2002-06-01,GBP_JPY,GBP,JPY,4.17758,0.09,4.08758
2002-07-01,GBP_JPY,GBP,JPY,4.06054,0.09,3.9705399999999997
2002-08-01,GBP_JPY,GBP,JPY,3.98654,0.07,3.9165400000000004
2002-09-01,GBP_JPY,GBP,JPY,3.98872,0.08,3.9087199999999998
2002-10-01,GBP_JPY,GBP,JPY,3.96401,0.08,3.88401
2002-11-01,GBP_JPY,GBP,JPY,3.97142,0.08,3.89142
2002-12-01,GBP_JPY,GBP,JPY,4.01777,0.1,3.9177699999999995
2003-01-01,GBP_JPY,GBP,JPY,3.98263,0.1,3.88263
2003-02-01,GBP_JPY,GBP,JPY,3.75425,0.09,3.66425
2003-03-01,GBP_JPY,GBP,JPY,3.65503,0.08,3.57503
2003-04-01,GBP_JPY,GBP,JPY,3.64598,0.08,3.56598
2003-05-01,GBP_JPY,GBP,JPY,3.63252,0.08,3.55252
2003-06-01,GBP_JPY,GBP,JPY,3.63966,0.09,3.5496600000000003
2003-07-01,GBP_JPY,GBP,JPY,3.49022,0.09,3.40022
2003-08-01,GBP_JPY,GBP,JPY,3.52249,0.09,3.43249
2003-09-01,GBP_JPY,GBP,JPY,3.6967,0.09,3.6067
2003-10-01,GBP_JPY,GBP,JPY,3.80338,0.09,3.7133800000000003
2003-11-01,GBP_JPY,GBP,JPY,3.98043,0.08,3.90043
2003-12-01,GBP_JPY,GBP,JPY,4.01864,0.1,3.9186400000000003
2004-01-01,GBP_JPY,GBP,JPY,4.05531,0.09,3.9653100000000006
2004-02-01,GBP_JPY,GBP,JPY,4.16654,0.09,4.0765400000000005
2004-03-01,GBP_JPY,GBP,JPY,4.29673,0.08,4.21673
2004-04-01,GBP_JPY,GBP,JPY,4.39472,0.08,4.31472
2004-05-01,GBP_JPY,GBP,JPY,4.52872,0.08,4.44872
2004-06-01,GBP_JPY,GBP,JPY,4.78974,0.09,4.69974
2004-07-01,GBP_JPY,GBP,JPY,4.85702,0.09,4.7670200000000005
2004-08-01,GBP_JPY,GBP,JPY,4.96284,0.09,4.87284
2004-09-01,GBP_JPY,GBP,JPY,4.9469,0.09,4.8569
2004-10-01,GBP_JPY,GBP,JPY,4.90071,0.09,4.81071
2004-11-01,GBP_JPY,GBP,JPY,4.88359,0.09,4.79359
2004-12-01,GBP_JPY,GBP,JPY,4.87103,0.1,4.7710300000000005
2005-01-01,GBP_JPY,GBP,JPY,4.87316,0.1,4.773160000000001
2005-02-01,GBP_JPY,GBP,JPY,4.89069,0.1,4.790690000000001
2005-03-01,GBP_JPY,GBP,JPY,4.98736,0.08,4.90736
2005-04-01,GBP_JPY,GBP,JPY,4.94336,0.08,4.86336
2005-05-01,GBP_JPY,GBP,JPY,4.89375,0.08,4.81375
2005-06-01,GBP_JPY,GBP,JPY,4.84144,0.09,4.7514400000000006
2005-07-01,GBP_JPY,GBP,JPY,4.65794,0.09,4.56794
2005-08-01,GBP_JPY,GBP,JPY,4.59465,0.09,4.50465
2005-09-01,GBP_JPY,GBP,JPY,4.59686,0.09,4.5068600000000005
2005-10-01,GBP_JPY,GBP,JPY,4.58701,0.09,4.49701
2005-11-01,GBP_JPY,GBP,JPY,4.61847,0.09,4.52847
2005-12-01,GBP_JPY,GBP,JPY,4.63732,0.1,4.53732
2006-01-01,GBP_JPY,GBP,JPY,4.60368,0.1036,4.50008
2006-02-01,GBP_JPY,GBP,JPY,4.58199,0.11,4.47199
2006-03-01,GBP_JPY,GBP,JPY,4.58741,0.1255,4.4619100000000005
2006-04-01,GBP_JPY,GBP,JPY,4.6296,0.14,4.4896
2006-05-01,GBP_JPY,GBP,JPY,4.7015,0.27,4.4315
2006-06-01,GBP_JPY,GBP,JPY,4.73498,0.35,4.3849800000000005
2006-07-01,GBP_JPY,GBP,JPY,4.73322,0.44,4.29322
2006-08-01,GBP_JPY,GBP,JPY,4.94425,0.432,4.51225
2006-09-01,GBP_JPY,GBP,JPY,5.02501,0.436,4.58901
2006-10-01,GBP_JPY,GBP,JPY,5.13176,0.447,4.68476
2006-11-01,GBP_JPY,GBP,JPY,5.22544,0.502,4.72344
2006-12-01,GBP_JPY,GBP,JPY,5.29167,0.54,4.75167
2007-01-01,GBP_JPY,GBP,JPY,5.48623,0.54,4.94623
2007-02-01,GBP_JPY,GBP,JPY,5.5657,0.66,4.9056999999999995
2007-03-01,GBP_JPY,GBP,JPY,5.54946,0.66,4.88946
2007-04-01,GBP_JPY,GBP,JPY,5.64899,0.65,4.99899
2007-05-01,GBP_JPY,GBP,JPY,5.76742,0.67,5.0974200000000005
2007-06-01,GBP_JPY,GBP,JPY,5.88018,0.73,5.150180000000001
2007-07-01,GBP_JPY,GBP,JPY,6.02396,0.77,5.253959999999999
2007-08-01,GBP_JPY,GBP,JPY,6.41946,0.84,5.57946
2007-09-01,GBP_JPY,GBP,JPY,6.64694,0.85,5.79694
2007-10-01,GBP_JPY,GBP,JPY,6.27014,0.85,5.42014
2007-11-01,GBP_JPY,GBP,JPY,6.40858,0.87,5.53858
2007-12-01,GBP_JPY,GBP,JPY,6.35943,0.86,5.499429999999999
2008-01-01,GBP_JPY,GBP,JPY,5.65965,0.85,4.80965
2008-02-01,GBP_JPY,GBP,JPY,5.64202,0.85,4.79202
2008-03-01,GBP_JPY,GBP,JPY,5.89929,0.84,5.05929
2008-04-01,GBP_JPY,GBP,JPY,5.91881,0.84,5.07881
2008-05-01,GBP_JPY,GBP,JPY,5.82639,0.84,4.98639
2008-06-01,GBP_JPY,GBP,JPY,5.92944,0.86,5.069439999999999
2008-07-01,GBP_JPY,GBP,JPY,5.8322,0.85,4.982200000000001
2008-08-01,GBP_JPY,GBP,JPY,5.76619,0.85,4.91619
2008-09-01,GBP_JPY,GBP,JPY,5.9106,0.87,5.0405999999999995
2008-10-01,GBP_JPY,GBP,JPY,6.13304,0.89,5.243040000000001
2008-11-01,GBP_JPY,GBP,JPY,4.44684,0.88,3.56684
2008-12-01,GBP_JPY,GBP,JPY,3.17247,0.74,2.4324700000000004
2009-01-01,GBP_JPY,GBP,JPY,2.34276,0.72,1.6227600000000002
2009-02-01,GBP_JPY,GBP,JPY,2.09038,0.71,1.3803800000000002
2009-03-01,GBP_JPY,GBP,JPY,1.83139,0.65,1.18139
2009-04-01,GBP_JPY,GBP,JPY,1.53413,0.6,0.93413
2009-05-01,GBP_JPY,GBP,JPY,1.35795,0.57,0.78795
2009-06-01,GBP_JPY,GBP,JPY,1.24117,0.56,0.68117
2009-07-01,GBP_JPY,GBP,JPY,1.00113,0.55,0.45113000000000003
2009-08-01,GBP_JPY,GBP,JPY,0.77369,0.54,0.23368999999999995
2009-09-01,GBP_JPY,GBP,JPY,0.6056,0.54,0.06559999999999999
2009-10-01,GBP_JPY,GBP,JPY,0.57087,0.53,0.04086999999999996
2009-11-01,GBP_JPY,GBP,JPY,0.60936,0.51,0.09936
2009-12-01,GBP_JPY,GBP,JPY,0.60541,0.46,0.14540999999999998
2010-01-01,GBP_JPY,GBP,JPY,0.61265,0.45,0.16265000000000002
2010-02-01,GBP_JPY,GBP,JPY,0.6331,0.44,0.1931
2010-03-01,GBP_JPY,GBP,JPY,0.64549,0.43,0.21549000000000001
2010-04-01,GBP_JPY,GBP,JPY,0.65592,0.4,0.2559199999999999
2010-05-01,GBP_JPY,GBP,JPY,0.69713,0.39,0.30713
2010-06-01,GBP_JPY,GBP,JPY,0.72839,0.38,0.34839
2010-07-01,GBP_JPY,GBP,JPY,0.73603,0.37,0.36602999999999997
2010-08-01,GBP_JPY,GBP,JPY,0.73296,0.36,0.37295999999999996
2010-09-01,GBP_JPY,GBP,JPY,0.72859,0.36,0.36859
2010-10-01,GBP_JPY,GBP,JPY,0.7384,0.34,0.3983999999999999
2010-11-01,GBP_JPY,GBP,JPY,0.73901,0.34,0.3990099999999999
2010-12-01,GBP_JPY,GBP,JPY,0.74962,0.34,0.40961999999999993
2011-01-01,GBP_JPY,GBP,JPY,0.76866,0.34,0.42866
2011-02-01,GBP_JPY,GBP,JPY,0.79962,0.34,0.45962
2011-03-01,GBP_JPY,GBP,JPY,0.80913,0.33615,0.47298
2011-04-01,GBP_JPY,GBP,JPY,0.82096,0.33286,0.48810000000000003
2011-05-01,GBP_JPY,GBP,JPY,0.82344,0.33214,0.49129999999999996
2011-06-01,GBP_JPY,GBP,JPY,0.82512,0.33214,0.49298
2011-07-01,GBP_JPY,GBP,JPY,0.8289,0.33214,0.49676
2011-08-01,GBP_JPY,GBP,JPY,0.85782,0.32857,0.52925
2011-09-01,GBP_JPY,GBP,JPY,0.9181,0.32929,0.5888100000000001
2011-10-01,GBP_JPY,GBP,JPY,0.96991,0.32929,0.64062
2011-11-01,GBP_JPY,GBP,JPY,1.01182,0.32929,0.6825299999999999
2011-12-01,GBP_JPY,GBP,JPY,1.06148,0.32929,0.7321899999999999
2012-01-01,GBP_JPY,GBP,JPY,1.08709,0.33077,0.7563199999999999
2012-02-01,GBP_JPY,GBP,JPY,1.07249,0.33167,0.7408199999999999
2012-03-01,GBP_JPY,GBP,JPY,1.03757,0.33167,0.7059000000000001
2012-04-01,GBP_JPY,GBP,JPY,1.01792,0.33167,0.6862499999999999
2012-05-01,GBP_JPY,GBP,JPY,1.005,0.33167,0.6733299999999999
2012-06-01,GBP_JPY,GBP,JPY,0.94978,0.33455,0.6152299999999999
2012-07-01,GBP_JPY,GBP,JPY,0.81735,0.32727,0.49008
2012-08-01,GBP_JPY,GBP,JPY,0.70481,0.32727,0.37754000000000004
2012-09-01,GBP_JPY,GBP,JPY,0.64803,0.32727,0.32076
2012-10-01,GBP_JPY,GBP,JPY,0.54397,0.32636,0.21760999999999997
2012-11-01,GBP_JPY,GBP,JPY,0.52452,0.31818,0.20633999999999997
2012-12-01,GBP_JPY,GBP,JPY,0.51848,0.30818,0.21030000000000004
2013-01-01,GBP_JPY,GBP,JPY,0.51228,0.29182,0.22045999999999993
2013-02-01,GBP_JPY,GBP,JPY,0.50988,0.26909,0.24079
2013-03-01,GBP_JPY,GBP,JPY,0.50688,0.25,0.25688
2013-04-01,GBP_JPY,GBP,JPY,0.50557,0.22818,0.27738999999999997
2013-05-01,GBP_JPY,GBP,JPY,0.50563,0.22818,0.27745000000000003
2013-06-01,GBP_JPY,GBP,JPY,0.50794,0.22818,0.27975999999999995
2013-07-01,GBP_JPY,GBP,JPY,0.50944,0.228,0.28144
2013-08-01,GBP_JPY,GBP,JPY,0.51262,0.228,0.28462
2013-09-01,GBP_JPY,GBP,JPY,0.51688,0.228,0.28888
2013-10-01,GBP_JPY,GBP,JPY,0.51663,0.221,0.29563000000000006
2013-11-01,GBP_JPY,GBP,JPY,0.52344,0.22,0.30344000000000004
2013-12-01,GBP_JPY,GBP,JPY,0.52474,0.22,0.30474
2014-01-01,GBP_JPY,GBP,JPY,0.52093,0.22,0.30093000000000003
2014-02-01,GBP_JPY,GBP,JPY,0.52153,0.212,0.3095300000000001
2014-03-01,GBP_JPY,GBP,JPY,0.52157,0.212,0.30957
2014-04-01,GBP_JPY,GBP,JPY,0.52665,0.212,0.31465
2014-05-01,GBP_JPY,GBP,JPY,0.52744,0.21,0.31744000000000006
2014-06-01,GBP_JPY,GBP,JPY,0.54394,0.21,0.33394
2014-07-01,GBP_JPY,GBP,JPY,0.55641,0.21,0.34641
2014-08-01,GBP_JPY,GBP,JPY,0.56119,0.21,0.35119
2014-09-01,GBP_JPY,GBP,JPY,0.56291,0.21,0.35291000000000006
2014-10-01,GBP_JPY,GBP,JPY,0.55836,0.192,0.36635999999999996
2014-11-01,GBP_JPY,GBP,JPY,0.55628,0.182,0.37428
2014-12-01,GBP_JPY,GBP,JPY,0.55818,0.179,0.37918
2015-01-01,GBP_JPY,GBP,JPY,0.5626,0.173,0.3896
2015-02-01,GBP_JPY,GBP,JPY,0.56363,0.171,0.3926299999999999
2015-03-01,GBP_JPY,GBP,JPY,0.56436,0.17,0.39435999999999993
2015-04-01,GBP_JPY,GBP,JPY,0.5695,0.17,0.39949999999999997
2015-05-01,GBP_JPY,GBP,JPY,0.56798,0.169,0.39898
2015-06-01,GBP_JPY,GBP,JPY,0.57188,0.169,0.40288
2015-07-01,GBP_JPY,GBP,JPY,0.58084,0.169,0.41184
2015-08-01,GBP_JPY,GBP,JPY,0.5867,0.169,0.41769999999999996
2015-09-01,GBP_JPY,GBP,JPY,0.58576,0.169,0.4167599999999999
2015-10-01,GBP_JPY,GBP,JPY,0.58006,0.169,0.41106
2015-11-01,GBP_JPY,GBP,JPY,0.57371,0.169,0.40471
2015-12-01,GBP_JPY,GBP,JPY,0.58277,0.169,0.41376999999999997
2016-01-01,GBP_JPY,GBP,JPY,0.58976,0.169,0.4207599999999999
2016-02-01,GBP_JPY,GBP,JPY,0.59073,0.098,0.49273
2016-03-01,GBP_JPY,GBP,JPY,0.58825,0.098,0.4902500000000001
2016-04-01,GBP_JPY,GBP,JPY,0.5889,0.06,0.5288999999999999
2016-05-01,GBP_JPY,GBP,JPY,0.58929,0.06,0.52929
2016-06-01,GBP_JPY,GBP,JPY,0.57468,0.059,0.5156799999999999
2016-07-01,GBP_JPY,GBP,JPY,0.5136,0.058,0.45559999999999995
2016-08-01,GBP_JPY,GBP,JPY,0.40613,0.058,0.34813
2016-09-01,GBP_JPY,GBP,JPY,0.37907,0.056,0.32307
2016-10-01,GBP_JPY,GBP,JPY,0.3975,0.056,0.3415
2016-11-01,GBP_JPY,GBP,JPY,0.39773,0.056,0.34173
2016-12-01,GBP_JPY,GBP,JPY,0.37226,0.056,0.31626
2017-01-01,GBP_JPY,GBP,JPY,0.3621,0.056,0.3061
2017-02-01,GBP_JPY,GBP,JPY,0.35674,0.056,0.30074
2017-03-01,GBP_JPY,GBP,JPY,0.34567,0.056,0.28967
2017-04-01,GBP_JPY,GBP,JPY,0.33513,0.056,0.27913
2017-05-01,GBP_JPY,GBP,JPY,0.31081,0.056,0.25481
2017-06-01,GBP_JPY,GBP,JPY,0.29442,0.056,0.23842000000000002
2017-07-01,GBP_JPY,GBP,JPY,0.2931,0.075,0.21810000000000002
2017-08-01,GBP_JPY,GBP,JPY,0.28119,0.056,0.22519
2017-09-01,GBP_JPY,GBP,JPY,0.30911,0.056,0.25311
2017-10-01,GBP_JPY,GBP,JPY,0.38187,0.063,0.31887
2017-11-01,GBP_JPY,GBP,JPY,0.51857,0.063,0.45557
2017-12-01,GBP_JPY,GBP,JPY,0.51871,0.063,0.45571
2018-01-01,GBP_JPY,GBP,JPY,0.5225,0.068,0.45449999999999996
2018-02-01,GBP_JPY,GBP,JPY,0.54683,0.068,0.47883000000000003
2018-03-01,GBP_JPY,GBP,JPY,0.62842,0.097,0.53142
2018-04-01,GBP_JPY,GBP,JPY,0.75629,0.097,0.65929
2018-05-01,GBP_JPY,GBP,JPY,0.64355,0.078,0.56555
2018-06-01,GBP_JPY,GBP,JPY,0.63868,0.078,0.5606800000000001
2018-07-01,GBP_JPY,GBP,JPY,0.74619,0.091,0.65519
2018-08-01,GBP_JPY,GBP,JPY,0.80519,0.091,0.71419
2018-09-01,GBP_JPY,GBP,JPY,0.80093,0.05,0.75093
2018-10-01,GBP_JPY,GBP,JPY,0.80618,0.05,0.75618
2018-11-01,GBP_JPY,GBP,JPY,0.87483,0.05,0.82483
2018-12-01,GBP_JPY,GBP,JPY,0.90444,0.05,0.85444
2019-01-01,GBP_JPY,GBP,JPY,0.91822,0.03,0.88822
2019-02-01,GBP_JPY,GBP,JPY,0.87598,0.03,0.84598
2019-03-01,GBP_JPY,GBP,JPY,0.84,0.05,0.7899999999999999
2019-04-01,GBP_JPY,GBP,JPY,0.82,0.05,0.7699999999999999
2019-05-01,GBP_JPY,GBP,JPY,0.8,0.049,0.751
2019-06-01,GBP_JPY,GBP,JPY,0.78,0.049,0.731
2019-07-01,GBP_JPY,GBP,JPY,0.77,0.049,0.721
2019-08-01,GBP_JPY,GBP,JPY,0.76,0.009,0.751
2019-09-01,GBP_JPY,GBP,JPY,0.77,0.009,0.761
2019-10-01,GBP_JPY,GBP,JPY,0.78,0.009,0.771
2019-11-01,GBP_JPY,GBP,JPY,0.79,0.018,0.772
2019-12-01,GBP_JPY,GBP,JPY,0.79,0.021,0.769
2020-01-01,GBP_JPY,GBP,JPY,0.74,0.021,0.719
2020-02-01,GBP_JPY,GBP,JPY,0.75,0.021,0.729
2020-03-01,GBP_JPY,GBP,JPY,0.53,0.006,0.524
2020-04-01,GBP_JPY,GBP,JPY,0.65,-0.039,0.6890000000000001
2020-05-01,GBP_JPY,GBP,JPY,0.33,-0.042,0.372
2020-06-01,GBP_JPY,GBP,JPY,0.19,-0.042,0.232
2020-07-01,GBP_JPY,GBP,JPY,0.1,-0.065,0.165
2020-08-01,GBP_JPY,GBP,JPY,0.07,-0.065,0.135
2020-09-01,GBP_JPY,GBP,JPY,0.06,-0.055,0.11499999999999999
2020-10-01,GBP_JPY,GBP,JPY,0.05,-0.055,0.10500000000000001
2020-11-01,GBP_JPY,GBP,JPY,0.04,-0.055,0.095
2020-12-01,GBP_JPY,GBP,JPY,0.03,-0.055,0.08499999999999999
2021-01-01,GBP_JPY,GBP,JPY,0.03,-0.055,0.08499999999999999
2021-02-01,GBP_JPY,GBP,JPY,0.05,-0.055,0.10500000000000001
2021-03-01,GBP_JPY,GBP,JPY,0.08,-0.065,0.14500000000000002
2021-04-01,GBP_JPY,GBP,JPY,0.09,-0.065,0.155
2021-05-01,GBP_JPY,GBP,JPY,0.08,-0.065,0.14500000000000002
2021-06-01,GBP_JPY,GBP,JPY,0.08,-0.072,0.152
2021-07-01,GBP_JPY,GBP,JPY,0.08,-0.072,0.152
2021-08-01,GBP_JPY,GBP,JPY,0.07,-0.072,0.14200000000000002
2021-09-01,GBP_JPY,GBP,JPY,0.07,-0.072,0.14200000000000002
2021-10-01,GBP_JPY,GBP,JPY,0.16,-0.072,0.23199999999999998
2021-11-01,GBP_JPY,GBP,JPY,0.13,-0.072,0.202
2021-12-01,GBP_JPY,GBP,JPY,0.16,-0.049,0.20900000000000002
2022-01-01,GBP_JPY,GBP,JPY,0.53,-0.049,0.5790000000000001
2022-02-01,GBP_JPY,GBP,JPY,0.81,-0.049,0.8590000000000001
2022-03-01,GBP_JPY,GBP,JPY,0.99,-0.049,1.039
2022-04-01,GBP_JPY,GBP,JPY,1.13,-0.049,1.1789999999999998
2022-05-01,GBP_JPY,GBP,JPY,1.31,-0.049,1.359
2022-06-01,GBP_JPY,GBP,JPY,1.57,0.005,1.5650000000000002
2022-07-01,GBP_JPY,GBP,JPY,1.84,-0.031,1.871
2022-08-01,GBP_JPY,GBP,JPY,2.23,-0.02,2.25
2022-09-01,GBP_JPY,GBP,JPY,2.91,-0.016,2.926
2022-10-01,GBP_JPY,GBP,JPY,3.39,-0.016,3.406
2022-11-01,GBP_JPY,GBP,JPY,3.52,-0.016,3.536
2022-12-01,GBP_JPY,GBP,JPY,3.78,-0.015,3.795
2023-01-01,GBP_JPY,GBP,JPY,4.01,-0.006,4.016
2023-02-01,GBP_JPY,GBP,JPY,4.21,0.001,4.209
2023-03-01,GBP_JPY,GBP,JPY,4.33,-0.008,4.338
2023-04-01,GBP_JPY,GBP,JPY,4.52,-0.001,4.521
2023-05-01,GBP_JPY,GBP,JPY,4.73,-0.019,4.7490000000000006
2023-06-01,GBP_JPY,GBP,JPY,5.09,-0.003,5.093
2023-07-01,GBP_JPY,GBP,JPY,5.49,-0.003,5.493
2023-08-01,GBP_JPY,GBP,JPY,5.53,-0.003,5.533
2023-09-01,GBP_JPY,GBP,JPY,5.52,0.024,5.4959999999999996
2023-10-01,GBP_JPY,GBP,JPY,5.4,-0.012,5.412
2023-11-01,GBP_JPY,GBP,JPY,5.36,0.024,5.336
2023-12-01,GBP_JPY,GBP,JPY,5.22,0.052,5.168
2024-01-01,GBP_JPY,GBP,JPY,5.2,0.025,5.175
2024-02-01,GBP_JPY,GBP,JPY,5.21,0.027,5.183
2024-03-01,GBP_JPY,GBP,JPY,5.2,0.109,5.091
2024-04-01,GBP_JPY,GBP,JPY,5.18,0.109,5.071
2024-05-01,GBP_JPY,GBP,JPY,5.16,0.129,5.031000000000001
2024-06-01,GBP_JPY,GBP,JPY,5.16,0.149,5.011
2024-07-01,GBP_JPY,GBP,JPY,5.09,0.166,4.9239999999999995
2024-08-01,GBP_JPY,GBP,JPY,4.91,0.255,4.655
2024-09-01,GBP_JPY,GBP,JPY,4.84,0.256,4.584
2024-10-01,GBP_JPY,GBP,JPY,4.75,0.256,4.494
2024-11-01,GBP_JPY,GBP,JPY,4.68,0.362,4.318
2024-12-01,GBP_JPY,GBP,JPY,4.64,0.386,4.254
2025-01-01,GBP_JPY,GBP,JPY,4.55,0.76727,3.78273
2025-02-01,GBP_JPY,GBP,JPY,4.44,0.79182,3.6481800000000004
2025-03-01,GBP_JPY,GBP,JPY,4.39,0.82091,3.5690899999999997
2025-04-01,GBP_JPY,GBP,JPY,4.26,0.78364,3.4763599999999997
2025-05-01,GBP_JPY,GBP,JPY,4.19,0.77545,3.41455
2025-06-01,GBP_JPY,GBP,JPY,4.15,0.77273,3.37727
2025-07-01,GBP_JPY,GBP,JPY,4.05,0.77273,3.2772699999999997
2025-08-01,GBP_JPY,GBP,JPY,3.98,0.77273,3.20727
2025-09-01,GBP_JPY,GBP,JPY,3.97,0.81818,3.1518200000000003
2025-10-01,GBP_JPY,GBP,JPY,3.93,0.80909,3.1209100000000003
2025-11-01,GBP_JPY,GBP,JPY,3.84,0.80636,3.03364
2025-12-01,GBP_JPY,GBP,JPY,3.75,1.07273,2.67727
2026-01-01,GBP_JPY,GBP,JPY,3.71,1.11636,2.5936399999999997
2026-02-01,GBP_JPY,GBP,JPY,3.71,1.22909,2.4809099999999997
2026-03-01,GBP_JPY,GBP,JPY,3.71,1.26882,2.44118
2026-04-01,GBP_JPY,GBP,JPY,3.71,1.26882,2.44118
1995-01-01,GBP_USD,GBP,USD,6.63778,6.24,0.39778
1995-02-01,GBP_USD,GBP,USD,6.80391,6.16,0.64391
1995-03-01,GBP_USD,GBP,USD,6.72554,6.15,0.5755399999999993
1995-04-01,GBP_USD,GBP,USD,6.73633,6.11,0.6263299999999994
1995-05-01,GBP_USD,GBP,USD,6.77616,6.02,0.7561600000000004
1995-06-01,GBP_USD,GBP,USD,6.71484,5.9,0.8148399999999993
1995-07-01,GBP_USD,GBP,USD,6.87686,5.77,1.1068600000000002
1995-08-01,GBP_USD,GBP,USD,6.87568,5.77,1.1056800000000004
1995-09-01,GBP_USD,GBP,USD,6.79539,5.73,1.0653899999999998
1995-10-01,GBP_USD,GBP,USD,6.81783,5.79,1.0278299999999998
1995-11-01,GBP_USD,GBP,USD,6.72088,5.74,0.98088
1995-12-01,GBP_USD,GBP,USD,6.54985,5.62,0.9298500000000001
1996-01-01,GBP_USD,GBP,USD,6.44718,5.39,1.0571800000000007
1996-02-01,GBP_USD,GBP,USD,6.24554,5.15,1.0955399999999997
1996-03-01,GBP_USD,GBP,USD,6.13988,5.29,0.8498799999999997
1996-04-01,GBP_USD,GBP,USD,6.08452,5.36,0.72452
1996-05-01,GBP_USD,GBP,USD,6.11651,5.36,0.7565099999999996
1996-06-01,GBP_USD,GBP,USD,5.93477,5.46,0.47477000000000036
1996-07-01,GBP_USD,GBP,USD,5.82167,5.53,0.2916699999999999
1996-08-01,GBP_USD,GBP,USD,5.83647,5.4,0.4364699999999999
1996-09-01,GBP_USD,GBP,USD,5.86365,5.51,0.35365
1996-10-01,GBP_USD,GBP,USD,6.01953,5.41,0.6095299999999995
1996-11-01,GBP_USD,GBP,USD,6.38579,5.38,1.0057900000000002
1996-12-01,GBP_USD,GBP,USD,6.43164,5.44,0.9916399999999994
1997-01-01,GBP_USD,GBP,USD,6.41491,5.43,0.9849100000000002
1997-02-01,GBP_USD,GBP,USD,6.28848,5.37,0.9184799999999997
1997-03-01,GBP_USD,GBP,USD,6.30413,5.53,0.7741299999999995
1997-04-01,GBP_USD,GBP,USD,6.45437,5.71,0.74437
1997-05-01,GBP_USD,GBP,USD,6.53214,5.7,0.8321399999999999
1997-06-01,GBP_USD,GBP,USD,6.66462,5.66,1.00462
1997-07-01,GBP_USD,GBP,USD,7.04144,5.6,1.44144
1997-08-01,GBP_USD,GBP,USD,7.24349,5.6,1.6434900000000008
1997-09-01,GBP_USD,GBP,USD,7.29687,5.6,1.6968700000000005
1997-10-01,GBP_USD,GBP,USD,7.35615,5.65,1.70615
1997-11-01,GBP_USD,GBP,USD,7.62617,5.74,1.88617
1997-12-01,GBP_USD,GBP,USD,7.7179,5.8,1.9179000000000004
1998-01-01,GBP_USD,GBP,USD,7.5854,5.54,2.0454
1998-02-01,GBP_USD,GBP,USD,7.54395,5.54,2.0039499999999997
1998-03-01,GBP_USD,GBP,USD,7.56676,5.58,1.9867600000000003
1998-04-01,GBP_USD,GBP,USD,7.53533,5.58,1.95533
1998-05-01,GBP_USD,GBP,USD,7.4881,5.59,1.8981000000000003
1998-06-01,GBP_USD,GBP,USD,7.71396,5.6,2.1139600000000005
1998-07-01,GBP_USD,GBP,USD,7.80622,5.59,2.21622
1998-08-01,GBP_USD,GBP,USD,7.72824,5.58,2.1482400000000004
1998-09-01,GBP_USD,GBP,USD,7.46768,5.41,2.0576799999999995
1998-10-01,GBP_USD,GBP,USD,7.22061,5.21,2.01061
1998-11-01,GBP_USD,GBP,USD,6.97448,5.24,1.7344799999999996
1998-12-01,GBP_USD,GBP,USD,6.46034,5.14,1.3203400000000007
1999-01-01,GBP_USD,GBP,USD,5.92171,4.89,1.0317100000000003
1999-02-01,GBP_USD,GBP,USD,5.53197,4.9,0.6319699999999999
1999-03-01,GBP_USD,GBP,USD,5.42287,4.91,0.5128699999999995
1999-04-01,GBP_USD,GBP,USD,5.31773,4.88,0.4377300000000002
1999-05-01,GBP_USD,GBP,USD,5.34875,4.92,0.42874999999999996
1999-06-01,GBP_USD,GBP,USD,5.22114,5.13,0.09114000000000022
1999-07-01,GBP_USD,GBP,USD,5.16688,5.24,-0.0731200000000003
1999-08-01,GBP_USD,GBP,USD,5.25409,5.41,-0.15591000000000044
1999-09-01,GBP_USD,GBP,USD,5.4107,5.5,-0.08929999999999971
1999-10-01,GBP_USD,GBP,USD,6.02564,6.13,-0.10435999999999979
1999-11-01,GBP_USD,GBP,USD,5.8725,6.0,-0.1275000000000004
1999-12-01,GBP_USD,GBP,USD,6.05531,6.05,0.005310000000000592
2000-01-01,GBP_USD,GBP,USD,6.13632,5.95,0.18632000000000026
2000-02-01,GBP_USD,GBP,USD,6.23781,6.01,0.22780999999999985
2000-03-01,GBP_USD,GBP,USD,6.22838,6.14,0.0883799999999999
2000-04-01,GBP_USD,GBP,USD,6.29647,6.28,0.016469999999999985
2000-05-01,GBP_USD,GBP,USD,6.30356,6.71,-0.4064399999999999
2000-06-01,GBP_USD,GBP,USD,6.22682,6.73,-0.5031800000000004
2000-07-01,GBP_USD,GBP,USD,6.19247,6.67,-0.4775299999999998
2000-08-01,GBP_USD,GBP,USD,6.21754,6.61,-0.3924600000000007
2000-09-01,GBP_USD,GBP,USD,6.20569,6.6,-0.39430999999999994
2000-10-01,GBP_USD,GBP,USD,6.16274,6.67,-0.5072599999999996
2000-11-01,GBP_USD,GBP,USD,6.08629,6.65,-0.5637100000000004
2000-12-01,GBP_USD,GBP,USD,5.95539,6.45,-0.49460999999999977
2001-01-01,GBP_USD,GBP,USD,5.84578,5.62,0.2257800000000003
2001-02-01,GBP_USD,GBP,USD,5.75655,5.26,0.49655000000000005
2001-03-01,GBP_USD,GBP,USD,5.55126,4.89,0.6612600000000004
2001-04-01,GBP_USD,GBP,USD,5.40449,4.53,0.8744899999999998
2001-05-01,GBP_USD,GBP,USD,5.24858,4.02,1.22858
2001-06-01,GBP_USD,GBP,USD,5.25854,3.74,1.5185399999999998
2001-07-01,GBP_USD,GBP,USD,5.25436,3.66,1.59436
2001-08-01,GBP_USD,GBP,USD,4.99658,3.48,1.5165799999999998
2001-09-01,GBP_USD,GBP,USD,4.72946,2.87,1.8594600000000003
2001-10-01,GBP_USD,GBP,USD,4.42821,2.31,2.11821
2001-11-01,GBP_USD,GBP,USD,3.99675,2.03,1.9667500000000002
2001-12-01,GBP_USD,GBP,USD,4.0506,1.83,2.2206
2002-01-01,GBP_USD,GBP,USD,4.04677,1.74,2.30677
2002-02-01,GBP_USD,GBP,USD,4.05268,1.82,2.2326799999999993
2002-03-01,GBP_USD,GBP,USD,4.13055,1.91,2.2205500000000002
2002-04-01,GBP_USD,GBP,USD,4.17319,1.87,2.30319
2002-05-01,GBP_USD,GBP,USD,4.1537,1.82,2.3336999999999994
2002-06-01,GBP_USD,GBP,USD,4.17758,1.81,2.36758
2002-07-01,GBP_USD,GBP,USD,4.06054,1.79,2.2705399999999996
2002-08-01,GBP_USD,GBP,USD,3.98654,1.73,2.25654
2002-09-01,GBP_USD,GBP,USD,3.98872,1.76,2.22872
2002-10-01,GBP_USD,GBP,USD,3.96401,1.73,2.23401
2002-11-01,GBP_USD,GBP,USD,3.97142,1.39,2.5814200000000005
2002-12-01,GBP_USD,GBP,USD,4.01777,1.34,2.6777699999999998
2003-01-01,GBP_USD,GBP,USD,3.98263,1.29,2.69263
2003-02-01,GBP_USD,GBP,USD,3.75425,1.27,2.48425
2003-03-01,GBP_USD,GBP,USD,3.65503,1.23,2.42503
2003-04-01,GBP_USD,GBP,USD,3.64598,1.24,2.4059800000000005
2003-05-01,GBP_USD,GBP,USD,3.63252,1.22,2.4125199999999998
2003-06-01,GBP_USD,GBP,USD,3.63966,1.04,2.59966
2003-07-01,GBP_USD,GBP,USD,3.49022,1.05,2.44022
2003-08-01,GBP_USD,GBP,USD,3.52249,1.08,2.44249
2003-09-01,GBP_USD,GBP,USD,3.6967,1.08,2.6167
2003-10-01,GBP_USD,GBP,USD,3.80338,1.1,2.70338
2003-11-01,GBP_USD,GBP,USD,3.98043,1.11,2.87043
2003-12-01,GBP_USD,GBP,USD,4.01864,1.1,2.9186400000000003
2004-01-01,GBP_USD,GBP,USD,4.05531,1.06,2.9953100000000004
2004-02-01,GBP_USD,GBP,USD,4.16654,1.05,3.1165400000000005
2004-03-01,GBP_USD,GBP,USD,4.29673,1.05,3.2467300000000003
2004-04-01,GBP_USD,GBP,USD,4.39472,1.08,3.3147200000000003
2004-05-01,GBP_USD,GBP,USD,4.52872,1.2,3.3287199999999997
2004-06-01,GBP_USD,GBP,USD,4.78974,1.46,3.32974
2004-07-01,GBP_USD,GBP,USD,4.85702,1.57,3.28702
2004-08-01,GBP_USD,GBP,USD,4.96284,1.68,3.28284
2004-09-01,GBP_USD,GBP,USD,4.9469,1.86,3.0869
2004-10-01,GBP_USD,GBP,USD,4.90071,2.04,2.86071
2004-11-01,GBP_USD,GBP,USD,4.88359,2.26,2.62359
2004-12-01,GBP_USD,GBP,USD,4.87103,2.45,2.42103
2005-01-01,GBP_USD,GBP,USD,4.87316,2.61,2.2631600000000005
2005-02-01,GBP_USD,GBP,USD,4.89069,2.77,2.12069
2005-03-01,GBP_USD,GBP,USD,4.98736,2.97,2.0173599999999996
2005-04-01,GBP_USD,GBP,USD,4.94336,3.09,1.8533600000000003
2005-05-01,GBP_USD,GBP,USD,4.89375,3.22,1.6737499999999996
2005-06-01,GBP_USD,GBP,USD,4.84144,3.38,1.4614400000000005
2005-07-01,GBP_USD,GBP,USD,4.65794,3.57,1.0879400000000001
2005-08-01,GBP_USD,GBP,USD,4.59465,3.77,0.8246499999999997
2005-09-01,GBP_USD,GBP,USD,4.59686,3.87,0.7268600000000003
2005-10-01,GBP_USD,GBP,USD,4.58701,4.13,0.45701000000000036
2005-11-01,GBP_USD,GBP,USD,4.61847,4.31,0.3084700000000007
2005-12-01,GBP_USD,GBP,USD,4.63732,4.45,0.1873199999999997
2006-01-01,GBP_USD,GBP,USD,4.60368,4.56,0.04368000000000016
2006-02-01,GBP_USD,GBP,USD,4.58199,4.72,-0.13800999999999952
2006-03-01,GBP_USD,GBP,USD,4.58741,4.88,-0.2925899999999997
2006-04-01,GBP_USD,GBP,USD,4.6296,5.03,-0.4004000000000003
2006-05-01,GBP_USD,GBP,USD,4.7015,5.15,-0.4485000000000001
2006-06-01,GBP_USD,GBP,USD,4.73498,5.35,-0.6150199999999995
2006-07-01,GBP_USD,GBP,USD,4.73322,5.46,-0.7267799999999998
2006-08-01,GBP_USD,GBP,USD,4.94425,5.38,-0.43574999999999964
2006-09-01,GBP_USD,GBP,USD,5.02501,5.34,-0.3149899999999999
2006-10-01,GBP_USD,GBP,USD,5.13176,5.33,-0.1982400000000002
2006-11-01,GBP_USD,GBP,USD,5.22544,5.32,-0.09456000000000042
2006-12-01,GBP_USD,GBP,USD,5.29167,5.32,-0.02833000000000041
2007-01-01,GBP_USD,GBP,USD,5.48623,5.32,0.16622999999999966
2007-02-01,GBP_USD,GBP,USD,5.5657,5.31,0.25570000000000004
2007-03-01,GBP_USD,GBP,USD,5.54946,5.3,0.24946000000000002
2007-04-01,GBP_USD,GBP,USD,5.64899,5.31,0.3389900000000008
2007-05-01,GBP_USD,GBP,USD,5.76742,5.31,0.4574200000000008
2007-06-01,GBP_USD,GBP,USD,5.88018,5.33,0.5501800000000001
2007-07-01,GBP_USD,GBP,USD,6.02396,5.32,0.7039599999999995
2007-08-01,GBP_USD,GBP,USD,6.41946,5.49,0.9294599999999997
2007-09-01,GBP_USD,GBP,USD,6.64694,5.46,1.1869399999999999
2007-10-01,GBP_USD,GBP,USD,6.27014,5.08,1.1901399999999995
2007-11-01,GBP_USD,GBP,USD,6.40858,4.97,1.43858
2007-12-01,GBP_USD,GBP,USD,6.35943,5.02,1.3394300000000001
2008-01-01,GBP_USD,GBP,USD,5.65965,3.84,1.8196500000000002
2008-02-01,GBP_USD,GBP,USD,5.64202,3.06,2.5820199999999995
2008-03-01,GBP_USD,GBP,USD,5.89929,2.79,3.1092899999999997
2008-04-01,GBP_USD,GBP,USD,5.91881,2.85,3.0688099999999996
2008-05-01,GBP_USD,GBP,USD,5.82639,2.66,3.16639
2008-06-01,GBP_USD,GBP,USD,5.92944,2.76,3.16944
2008-07-01,GBP_USD,GBP,USD,5.8322,2.79,3.0422000000000002
2008-08-01,GBP_USD,GBP,USD,5.76619,2.79,2.97619
2008-09-01,GBP_USD,GBP,USD,5.9106,3.59,2.3205999999999998
2008-10-01,GBP_USD,GBP,USD,6.13304,4.32,1.81304
2008-11-01,GBP_USD,GBP,USD,4.44684,2.36,2.08684
2008-12-01,GBP_USD,GBP,USD,3.17247,1.77,1.40247
2009-01-01,GBP_USD,GBP,USD,2.34276,1.02,1.3227600000000002
2009-02-01,GBP_USD,GBP,USD,2.09038,1.16,0.9303800000000002
2009-03-01,GBP_USD,GBP,USD,1.83139,1.07,0.76139
2009-04-01,GBP_USD,GBP,USD,1.53413,0.89,0.64413
2009-05-01,GBP_USD,GBP,USD,1.35795,0.57,0.78795
2009-06-01,GBP_USD,GBP,USD,1.24117,0.39,0.8511700000000001
2009-07-01,GBP_USD,GBP,USD,1.00113,0.35,0.6511300000000001
2009-08-01,GBP_USD,GBP,USD,0.77369,0.3,0.47369
2009-09-01,GBP_USD,GBP,USD,0.6056,0.25,0.3556
2009-10-01,GBP_USD,GBP,USD,0.57087,0.24,0.33087
2009-11-01,GBP_USD,GBP,USD,0.60936,0.21,0.39936000000000005
2009-12-01,GBP_USD,GBP,USD,0.60541,0.22,0.38541000000000003
2010-01-01,GBP_USD,GBP,USD,0.61265,0.2,0.41265
2010-02-01,GBP_USD,GBP,USD,0.6331,0.19,0.4431
2010-03-01,GBP_USD,GBP,USD,0.64549,0.23,0.41549
2010-04-01,GBP_USD,GBP,USD,0.65592,0.3,0.35591999999999996
2010-05-01,GBP_USD,GBP,USD,0.69713,0.45,0.24713000000000002
2010-06-01,GBP_USD,GBP,USD,0.72839,0.52,0.20838999999999996
2010-07-01,GBP_USD,GBP,USD,0.73603,0.41,0.32603
2010-08-01,GBP_USD,GBP,USD,0.73296,0.32,0.41295999999999994
2010-09-01,GBP_USD,GBP,USD,0.72859,0.28,0.44858999999999993
2010-10-01,GBP_USD,GBP,USD,0.7384,0.27,0.4683999999999999
2010-11-01,GBP_USD,GBP,USD,0.73901,0.27,0.4690099999999999
2010-12-01,GBP_USD,GBP,USD,0.74962,0.3,0.44961999999999996
2011-01-01,GBP_USD,GBP,USD,0.76866,0.29,0.47866000000000003
2011-02-01,GBP_USD,GBP,USD,0.79962,0.28,0.51962
2011-03-01,GBP_USD,GBP,USD,0.80913,0.28,0.52913
2011-04-01,GBP_USD,GBP,USD,0.82096,0.23,0.59096
2011-05-01,GBP_USD,GBP,USD,0.82344,0.21,0.61344
2011-06-01,GBP_USD,GBP,USD,0.82512,0.22,0.60512
2011-07-01,GBP_USD,GBP,USD,0.8289,0.24,0.5889
2011-08-01,GBP_USD,GBP,USD,0.85782,0.29,0.56782
2011-09-01,GBP_USD,GBP,USD,0.9181,0.33,0.5881000000000001
2011-10-01,GBP_USD,GBP,USD,0.96991,0.37,0.59991
2011-11-01,GBP_USD,GBP,USD,1.01182,0.41,0.60182
2011-12-01,GBP_USD,GBP,USD,1.06148,0.49,0.57148
2012-01-01,GBP_USD,GBP,USD,1.08709,0.4,0.6870899999999999
2012-02-01,GBP_USD,GBP,USD,1.07249,0.3,0.7724899999999999
2012-03-01,GBP_USD,GBP,USD,1.03757,0.29,0.7475700000000001
2012-04-01,GBP_USD,GBP,USD,1.01792,0.29,0.7279199999999999
2012-05-01,GBP_USD,GBP,USD,1.005,0.29,0.7149999999999999
2012-06-01,GBP_USD,GBP,USD,0.94978,0.32,0.62978
2012-07-01,GBP_USD,GBP,USD,0.81735,0.3,0.51735
2012-08-01,GBP_USD,GBP,USD,0.70481,0.26,0.44481000000000004
2012-09-01,GBP_USD,GBP,USD,0.64803,0.24,0.40803
2012-10-01,GBP_USD,GBP,USD,0.54397,0.23,0.31396999999999997
2012-11-01,GBP_USD,GBP,USD,0.52452,0.23,0.29452
2012-12-01,GBP_USD,GBP,USD,0.51848,0.24,0.27848000000000006
2013-01-01,GBP_USD,GBP,USD,0.51228,0.23,0.28228
2013-02-01,GBP_USD,GBP,USD,0.50988,0.22,0.28988
2013-03-01,GBP_USD,GBP,USD,0.50688,0.21,0.29688000000000003
2013-04-01,GBP_USD,GBP,USD,0.50557,0.2,0.30556999999999995
2013-05-01,GBP_USD,GBP,USD,0.50563,0.2,0.30563
2013-06-01,GBP_USD,GBP,USD,0.50794,0.19,0.31793999999999994
2013-07-01,GBP_USD,GBP,USD,0.50944,0.14,0.36944
2013-08-01,GBP_USD,GBP,USD,0.51262,0.12,0.39261999999999997
2013-09-01,GBP_USD,GBP,USD,0.51688,0.11,0.40688
2013-10-01,GBP_USD,GBP,USD,0.51663,0.12,0.39663000000000004
2013-11-01,GBP_USD,GBP,USD,0.52344,0.12,0.40344
2013-12-01,GBP_USD,GBP,USD,0.52474,0.14,0.38473999999999997
2014-01-01,GBP_USD,GBP,USD,0.52093,0.12,0.40093
2014-02-01,GBP_USD,GBP,USD,0.52153,0.13,0.39153000000000004
2014-03-01,GBP_USD,GBP,USD,0.52157,0.12,0.40157
2014-04-01,GBP_USD,GBP,USD,0.52665,0.12,0.40664999999999996
2014-05-01,GBP_USD,GBP,USD,0.52744,0.11,0.41744000000000003
2014-06-01,GBP_USD,GBP,USD,0.54394,0.11,0.43394
2014-07-01,GBP_USD,GBP,USD,0.55641,0.13,0.42640999999999996
2014-08-01,GBP_USD,GBP,USD,0.56119,0.13,0.43118999999999996
2014-09-01,GBP_USD,GBP,USD,0.56291,0.12,0.44291
2014-10-01,GBP_USD,GBP,USD,0.55836,0.12,0.43835999999999997
2014-11-01,GBP_USD,GBP,USD,0.55628,0.13,0.42628
2014-12-01,GBP_USD,GBP,USD,0.55818,0.15,0.40818
2015-01-01,GBP_USD,GBP,USD,0.5626,0.16,0.40259999999999996
2015-02-01,GBP_USD,GBP,USD,0.56363,0.15,0.41362999999999994
2015-03-01,GBP_USD,GBP,USD,0.56436,0.14,0.42435999999999996
2015-04-01,GBP_USD,GBP,USD,0.5695,0.13,0.4395
2015-05-01,GBP_USD,GBP,USD,0.56798,0.15,0.41798
2015-06-01,GBP_USD,GBP,USD,0.57188,0.18,0.39188000000000006
2015-07-01,GBP_USD,GBP,USD,0.58084,0.19,0.39084
2015-08-01,GBP_USD,GBP,USD,0.5867,0.26,0.3267
2015-09-01,GBP_USD,GBP,USD,0.58576,0.27,0.31575999999999993
2015-10-01,GBP_USD,GBP,USD,0.58006,0.25,0.33006
2015-11-01,GBP_USD,GBP,USD,0.57371,0.3,0.27371000000000006
2015-12-01,GBP_USD,GBP,USD,0.58277,0.54,0.042769999999999975
2016-01-01,GBP_USD,GBP,USD,0.58976,0.57,0.01976
2016-02-01,GBP_USD,GBP,USD,0.59073,0.54,0.05072999999999994
2016-03-01,GBP_USD,GBP,USD,0.58825,0.55,0.038250000000000006
2016-04-01,GBP_USD,GBP,USD,0.5889,0.55,0.038899999999999935
2016-05-01,GBP_USD,GBP,USD,0.58929,0.57,0.01929000000000003
2016-06-01,GBP_USD,GBP,USD,0.57468,0.55,0.024679999999999924
2016-07-01,GBP_USD,GBP,USD,0.5136,0.62,-0.10640000000000005
2016-08-01,GBP_USD,GBP,USD,0.40613,0.73,-0.32387
2016-09-01,GBP_USD,GBP,USD,0.37907,0.75,-0.37093
2016-10-01,GBP_USD,GBP,USD,0.3975,0.72,-0.32249999999999995
2016-11-01,GBP_USD,GBP,USD,0.39773,0.71,-0.31227
2016-12-01,GBP_USD,GBP,USD,0.37226,0.87,-0.49774
2017-01-01,GBP_USD,GBP,USD,0.3621,0.9,-0.5379
2017-02-01,GBP_USD,GBP,USD,0.35674,0.87,-0.51326
2017-03-01,GBP_USD,GBP,USD,0.34567,0.98,-0.6343300000000001
2017-04-01,GBP_USD,GBP,USD,0.33513,1.03,-0.6948700000000001
2017-05-01,GBP_USD,GBP,USD,0.31081,1.05,-0.73919
2017-06-01,GBP_USD,GBP,USD,0.29442,1.16,-0.8655799999999999
2017-07-01,GBP_USD,GBP,USD,0.2931,1.22,-0.9269
2017-08-01,GBP_USD,GBP,USD,0.28119,1.25,-0.96881
2017-09-01,GBP_USD,GBP,USD,0.30911,1.25,-0.94089
2017-10-01,GBP_USD,GBP,USD,0.38187,1.26,-0.8781300000000001
2017-11-01,GBP_USD,GBP,USD,0.51857,1.32,-0.8014300000000001
2017-12-01,GBP_USD,GBP,USD,0.51871,1.54,-1.02129
2018-01-01,GBP_USD,GBP,USD,0.5225,1.63,-1.1075
2018-02-01,GBP_USD,GBP,USD,0.54683,1.78,-1.2331699999999999
2018-03-01,GBP_USD,GBP,USD,0.62842,2.08,-1.45158
2018-04-01,GBP_USD,GBP,USD,0.75629,2.2,-1.4437100000000003
2018-05-01,GBP_USD,GBP,USD,0.64355,2.16,-1.5164500000000003
2018-06-01,GBP_USD,GBP,USD,0.63868,2.19,-1.55132
2018-07-01,GBP_USD,GBP,USD,0.74619,2.17,-1.42381
2018-08-01,GBP_USD,GBP,USD,0.80519,2.19,-1.3848099999999999
2018-09-01,GBP_USD,GBP,USD,0.80093,2.24,-1.43907
2018-10-01,GBP_USD,GBP,USD,0.80618,2.37,-1.5638200000000002
2018-11-01,GBP_USD,GBP,USD,0.87483,2.56,-1.68517
2018-12-01,GBP_USD,GBP,USD,0.90444,2.69,-1.7855599999999998
2019-01-01,GBP_USD,GBP,USD,0.91822,2.59,-1.6717799999999998
2019-02-01,GBP_USD,GBP,USD,0.87598,2.49,-1.6140200000000002
2019-03-01,GBP_USD,GBP,USD,0.84,2.48,-1.6400000000000001
2019-04-01,GBP_USD,GBP,USD,0.82,2.47,-1.6500000000000004
2019-05-01,GBP_USD,GBP,USD,0.8,2.44,-1.64
2019-06-01,GBP_USD,GBP,USD,0.78,2.3,-1.5199999999999998
2019-07-01,GBP_USD,GBP,USD,0.77,2.22,-1.4500000000000002
2019-08-01,GBP_USD,GBP,USD,0.76,2.06,-1.3
2019-09-01,GBP_USD,GBP,USD,0.77,2.03,-1.2599999999999998
2019-10-01,GBP_USD,GBP,USD,0.78,1.88,-1.0999999999999999
2019-11-01,GBP_USD,GBP,USD,0.79,1.77,-0.98
2019-12-01,GBP_USD,GBP,USD,0.79,1.76,-0.97
2020-01-01,GBP_USD,GBP,USD,0.74,1.65,-0.9099999999999999
2020-02-01,GBP_USD,GBP,USD,0.75,1.59,-0.8400000000000001
2020-03-01,GBP_USD,GBP,USD,0.53,1.35,-0.8200000000000001
2020-04-01,GBP_USD,GBP,USD,0.65,1.35,-0.7000000000000001
2020-05-01,GBP_USD,GBP,USD,0.33,0.17,0.16
2020-06-01,GBP_USD,GBP,USD,0.19,0.2,-0.010000000000000009
2020-07-01,GBP_USD,GBP,USD,0.1,0.18,-0.07999999999999999
2020-08-01,GBP_USD,GBP,USD,0.07,0.15,-0.07999999999999999
2020-09-01,GBP_USD,GBP,USD,0.06,0.13,-0.07
2020-10-01,GBP_USD,GBP,USD,0.05,0.12,-0.06999999999999999
2020-11-01,GBP_USD,GBP,USD,0.04,0.16,-0.12
2020-12-01,GBP_USD,GBP,USD,0.03,0.17,-0.14
2021-01-01,GBP_USD,GBP,USD,0.03,0.14,-0.11000000000000001
2021-02-01,GBP_USD,GBP,USD,0.05,0.11,-0.06
2021-03-01,GBP_USD,GBP,USD,0.08,0.1,-0.020000000000000004
2021-04-01,GBP_USD,GBP,USD,0.09,0.11,-0.020000000000000004
2021-05-01,GBP_USD,GBP,USD,0.08,0.1,-0.020000000000000004
2021-06-01,GBP_USD,GBP,USD,0.08,0.09,-0.009999999999999995
2021-07-01,GBP_USD,GBP,USD,0.08,0.1,-0.020000000000000004
2021-08-01,GBP_USD,GBP,USD,0.07,0.1,-0.03
2021-09-01,GBP_USD,GBP,USD,0.07,0.1,-0.03
2021-10-01,GBP_USD,GBP,USD,0.16,0.11,0.05
2021-11-01,GBP_USD,GBP,USD,0.13,0.14,-0.010000000000000009
2021-12-01,GBP_USD,GBP,USD,0.16,0.17,-0.010000000000000009
2022-01-01,GBP_USD,GBP,USD,0.53,0.22,0.31000000000000005
2022-02-01,GBP_USD,GBP,USD,0.81,0.38,0.43000000000000005
2022-03-01,GBP_USD,GBP,USD,0.99,0.73,0.26
2022-04-01,GBP_USD,GBP,USD,1.13,0.91,0.21999999999999986
2022-05-01,GBP_USD,GBP,USD,1.31,1.33,-0.020000000000000018
2022-06-01,GBP_USD,GBP,USD,1.57,1.87,-0.30000000000000004
2022-07-01,GBP_USD,GBP,USD,1.84,2.5,-0.6599999999999999
2022-08-01,GBP_USD,GBP,USD,2.23,2.76,-0.5299999999999998
2022-09-01,GBP_USD,GBP,USD,2.91,3.21,-0.2999999999999998
2022-10-01,GBP_USD,GBP,USD,3.39,3.85,-0.45999999999999996
2022-11-01,GBP_USD,GBP,USD,3.52,4.46,-0.94
2022-12-01,GBP_USD,GBP,USD,3.78,4.51,-0.73
2023-01-01,GBP_USD,GBP,USD,4.01,4.61,-0.6000000000000005
2023-02-01,GBP_USD,GBP,USD,4.21,4.74,-0.5300000000000002
2023-03-01,GBP_USD,GBP,USD,4.33,4.91,-0.5800000000000001
2023-04-01,GBP_USD,GBP,USD,4.52,5.03,-0.5100000000000007
2023-05-01,GBP_USD,GBP,USD,4.73,5.15,-0.41999999999999993
2023-06-01,GBP_USD,GBP,USD,5.09,5.22,-0.1299999999999999
2023-07-01,GBP_USD,GBP,USD,5.49,5.35,0.14000000000000057
2023-08-01,GBP_USD,GBP,USD,5.53,5.44,0.08999999999999986
2023-09-01,GBP_USD,GBP,USD,5.52,5.49,0.02999999999999936
2023-10-01,GBP_USD,GBP,USD,5.4,5.46,-0.05999999999999961
2023-11-01,GBP_USD,GBP,USD,5.36,5.41,-0.04999999999999982
2023-12-01,GBP_USD,GBP,USD,5.22,5.32,-0.10000000000000053
2024-01-01,GBP_USD,GBP,USD,5.2,5.26,-0.05999999999999961
2024-02-01,GBP_USD,GBP,USD,5.21,5.22,-0.009999999999999787
2024-03-01,GBP_USD,GBP,USD,5.2,5.29,-0.08999999999999986
2024-04-01,GBP_USD,GBP,USD,5.18,5.33,-0.15000000000000036
2024-05-01,GBP_USD,GBP,USD,5.16,5.33,-0.16999999999999993
2024-06-01,GBP_USD,GBP,USD,5.16,5.28,-0.1200000000000001
2024-07-01,GBP_USD,GBP,USD,5.09,5.31,-0.21999999999999975
2024-08-01,GBP_USD,GBP,USD,4.91,5.12,-0.20999999999999996
2024-09-01,GBP_USD,GBP,USD,4.84,4.86,-0.020000000000000462
2024-10-01,GBP_USD,GBP,USD,4.75,4.62,0.1299999999999999
2024-11-01,GBP_USD,GBP,USD,4.68,4.53,0.14999999999999947
2024-12-01,GBP_USD,GBP,USD,4.64,4.46,0.17999999999999972
2025-01-01,GBP_USD,GBP,USD,4.55,4.33,0.21999999999999975
2025-02-01,GBP_USD,GBP,USD,4.44,4.34,0.10000000000000053
2025-03-01,GBP_USD,GBP,USD,4.39,4.29,0.09999999999999964
2025-04-01,GBP_USD,GBP,USD,4.26,4.32,-0.0600000000000005
2025-05-01,GBP_USD,GBP,USD,4.19,4.29,-0.09999999999999964
2025-06-01,GBP_USD,GBP,USD,4.15,4.31,-0.15999999999999925
2025-07-01,GBP_USD,GBP,USD,4.05,4.28,-0.23000000000000043
2025-08-01,GBP_USD,GBP,USD,3.98,4.22,-0.23999999999999977
2025-09-01,GBP_USD,GBP,USD,3.97,4.1,-0.12999999999999945
2025-10-01,GBP_USD,GBP,USD,3.93,3.98,-0.04999999999999982
2025-11-01,GBP_USD,GBP,USD,3.84,3.86,-0.020000000000000018
2025-12-01,GBP_USD,GBP,USD,3.75,3.74,0.009999999999999787
2026-01-01,GBP_USD,GBP,USD,3.71,3.63,0.08000000000000007
2026-02-01,GBP_USD,GBP,USD,3.71,3.66,0.04999999999999982
2026-03-01,GBP_USD,GBP,USD,3.71,3.69,0.020000000000000018
2026-04-01,GBP_USD,GBP,USD,3.71,3.77,-0.06000000000000005
2002-04-01,NZD_JPY,NZD,JPY,5.68,0.1,5.58
2002-05-01,NZD_JPY,NZD,JPY,5.83,0.08,5.75
2002-06-01,NZD_JPY,NZD,JPY,5.96,0.09,5.87
2002-07-01,NZD_JPY,NZD,JPY,6.0,0.09,5.91
2002-08-01,NZD_JPY,NZD,JPY,5.87,0.07,5.8
2002-09-01,NZD_JPY,NZD,JPY,5.86,0.08,5.78
2002-10-01,NZD_JPY,NZD,JPY,5.88,0.08,5.8
2002-11-01,NZD_JPY,NZD,JPY,5.9,0.08,5.82
2002-12-01,NZD_JPY,NZD,JPY,5.92,0.1,5.82
2003-01-01,NZD_JPY,NZD,JPY,5.86,0.1,5.760000000000001
2003-02-01,NZD_JPY,NZD,JPY,5.82,0.09,5.73
2003-03-01,NZD_JPY,NZD,JPY,5.81,0.08,5.7299999999999995
2003-04-01,NZD_JPY,NZD,JPY,5.73,0.08,5.65
2003-05-01,NZD_JPY,NZD,JPY,5.38,0.08,5.3
2003-06-01,NZD_JPY,NZD,JPY,5.23,0.09,5.140000000000001
2003-07-01,NZD_JPY,NZD,JPY,5.11,0.09,5.0200000000000005
2003-08-01,NZD_JPY,NZD,JPY,5.11,0.09,5.0200000000000005
2003-09-01,NZD_JPY,NZD,JPY,5.15,0.09,5.0600000000000005
2003-10-01,NZD_JPY,NZD,JPY,5.19,0.09,5.1000000000000005
2003-11-01,NZD_JPY,NZD,JPY,5.37,0.08,5.29
2003-12-01,NZD_JPY,NZD,JPY,5.32,0.1,5.220000000000001
2004-01-01,NZD_JPY,NZD,JPY,5.35,0.09,5.26
2004-02-01,NZD_JPY,NZD,JPY,5.59,0.09,5.5
2004-03-01,NZD_JPY,NZD,JPY,5.54,0.08,5.46
2004-04-01,NZD_JPY,NZD,JPY,5.59,0.08,5.51
2004-05-01,NZD_JPY,NZD,JPY,5.9,0.08,5.82
2004-06-01,NZD_JPY,NZD,JPY,6.07,0.09,5.98
2004-07-01,NZD_JPY,NZD,JPY,6.25,0.09,6.16
2004-08-01,NZD_JPY,NZD,JPY,6.44,0.09,6.3500000000000005
2004-09-01,NZD_JPY,NZD,JPY,6.64,0.09,6.55
2004-10-01,NZD_JPY,NZD,JPY,6.75,0.09,6.66
2004-11-01,NZD_JPY,NZD,JPY,6.72,0.09,6.63
2004-12-01,NZD_JPY,NZD,JPY,6.71,0.1,6.61
2005-01-01,NZD_JPY,NZD,JPY,6.76,0.1,6.66
2005-02-01,NZD_JPY,NZD,JPY,6.83,0.1,6.73
2005-03-01,NZD_JPY,NZD,JPY,6.99,0.08,6.91
2005-04-01,NZD_JPY,NZD,JPY,7.05,0.08,6.97
2005-05-01,NZD_JPY,NZD,JPY,7.05,0.08,6.97
2005-06-01,NZD_JPY,NZD,JPY,7.03,0.09,6.94
2005-07-01,NZD_JPY,NZD,JPY,7.03,0.09,6.94
2005-08-01,NZD_JPY,NZD,JPY,7.03,0.09,6.94
2005-09-01,NZD_JPY,NZD,JPY,7.09,0.09,7.0
2005-10-01,NZD_JPY,NZD,JPY,7.28,0.09,7.19
2005-11-01,NZD_JPY,NZD,JPY,7.54,0.09,7.45
2005-12-01,NZD_JPY,NZD,JPY,7.66,0.1,7.5600000000000005
2006-01-01,NZD_JPY,NZD,JPY,7.64,0.1036,7.5363999999999995
2006-02-01,NZD_JPY,NZD,JPY,7.53,0.11,7.42
2006-03-01,NZD_JPY,NZD,JPY,7.49,0.1255,7.3645000000000005
2006-04-01,NZD_JPY,NZD,JPY,7.47,0.14,7.33
2006-05-01,NZD_JPY,NZD,JPY,7.49,0.27,7.220000000000001
2006-06-01,NZD_JPY,NZD,JPY,7.47,0.35,7.12
2006-07-01,NZD_JPY,NZD,JPY,7.48,0.44,7.04
2006-08-01,NZD_JPY,NZD,JPY,7.49,0.432,7.058
2006-09-01,NZD_JPY,NZD,JPY,7.56,0.436,7.124
2006-10-01,NZD_JPY,NZD,JPY,7.66,0.447,7.213
2006-11-01,NZD_JPY,NZD,JPY,7.61,0.502,7.1080000000000005
2006-12-01,NZD_JPY,NZD,JPY,7.66,0.54,7.12
2007-01-01,NZD_JPY,NZD,JPY,7.7,0.54,7.16
2007-02-01,NZD_JPY,NZD,JPY,7.75,0.66,7.09
2007-03-01,NZD_JPY,NZD,JPY,7.88,0.66,7.22
2007-04-01,NZD_JPY,NZD,JPY,7.98,0.65,7.33
2007-05-01,NZD_JPY,NZD,JPY,8.09,0.67,7.42
2007-06-01,NZD_JPY,NZD,JPY,8.32,0.73,7.59
2007-07-01,NZD_JPY,NZD,JPY,8.44,0.77,7.67
2007-08-01,NZD_JPY,NZD,JPY,8.72,0.84,7.880000000000001
2007-09-01,NZD_JPY,NZD,JPY,8.81,0.85,7.960000000000001
2007-10-01,NZD_JPY,NZD,JPY,8.68,0.85,7.83
2007-11-01,NZD_JPY,NZD,JPY,8.73,0.87,7.86
2007-12-01,NZD_JPY,NZD,JPY,8.9,0.86,8.040000000000001
2008-01-01,NZD_JPY,NZD,JPY,8.75,0.85,7.9
2008-02-01,NZD_JPY,NZD,JPY,8.82,0.85,7.970000000000001
2008-03-01,NZD_JPY,NZD,JPY,8.91,0.84,8.07
2008-04-01,NZD_JPY,NZD,JPY,8.87,0.84,8.03
2008-05-01,NZD_JPY,NZD,JPY,8.71,0.84,7.870000000000001
2008-06-01,NZD_JPY,NZD,JPY,8.68,0.86,7.819999999999999
2008-07-01,NZD_JPY,NZD,JPY,8.46,0.85,7.610000000000001
2008-08-01,NZD_JPY,NZD,JPY,8.2,0.85,7.35
2008-09-01,NZD_JPY,NZD,JPY,7.95,0.87,7.08
2008-10-01,NZD_JPY,NZD,JPY,7.43,0.89,6.54
2008-11-01,NZD_JPY,NZD,JPY,6.25,0.88,5.37
2008-12-01,NZD_JPY,NZD,JPY,5.23,0.74,4.49
2009-01-01,NZD_JPY,NZD,JPY,4.38,0.72,3.66
2009-02-01,NZD_JPY,NZD,JPY,3.4,0.71,2.69
2009-03-01,NZD_JPY,NZD,JPY,3.24,0.65,2.5900000000000003
2009-04-01,NZD_JPY,NZD,JPY,3.12,0.6,2.52
2009-05-01,NZD_JPY,NZD,JPY,2.82,0.57,2.25
2009-06-01,NZD_JPY,NZD,JPY,2.78,0.56,2.2199999999999998
2009-07-01,NZD_JPY,NZD,JPY,2.79,0.55,2.24
2009-08-01,NZD_JPY,NZD,JPY,2.76,0.54,2.2199999999999998
2009-09-01,NZD_JPY,NZD,JPY,2.77,0.54,2.23
2009-10-01,NZD_JPY,NZD,JPY,2.79,0.53,2.26
2009-11-01,NZD_JPY,NZD,JPY,2.8,0.51,2.29
2009-12-01,NZD_JPY,NZD,JPY,2.78,0.46,2.32
2010-01-01,NZD_JPY,NZD,JPY,2.78,0.45,2.3299999999999996
2010-02-01,NZD_JPY,NZD,JPY,2.73,0.44,2.29
2010-03-01,NZD_JPY,NZD,JPY,2.67,0.43,2.2399999999999998
2010-04-01,NZD_JPY,NZD,JPY,2.69,0.4,2.29
2010-05-01,NZD_JPY,NZD,JPY,2.89,0.39,2.5
2010-06-01,NZD_JPY,NZD,JPY,3.07,0.38,2.69
2010-07-01,NZD_JPY,NZD,JPY,3.23,0.37,2.86
2010-08-01,NZD_JPY,NZD,JPY,3.25,0.36,2.89
2010-09-01,NZD_JPY,NZD,JPY,3.18,0.36,2.8200000000000003
2010-10-01,NZD_JPY,NZD,JPY,3.18,0.34,2.8400000000000003
2010-11-01,NZD_JPY,NZD,JPY,3.17,0.34,2.83
2010-12-01,NZD_JPY,NZD,JPY,3.17,0.34,2.83
2011-01-01,NZD_JPY,NZD,JPY,3.19,0.34,2.85
2011-02-01,NZD_JPY,NZD,JPY,3.13,0.34,2.79
2011-03-01,NZD_JPY,NZD,JPY,2.69,0.33615,2.35385
2011-04-01,NZD_JPY,NZD,JPY,2.65,0.33286,2.3171399999999998
2011-05-01,NZD_JPY,NZD,JPY,2.66,0.33214,2.3278600000000003
2011-06-01,NZD_JPY,NZD,JPY,2.65,0.33214,2.31786
2011-07-01,NZD_JPY,NZD,JPY,2.71,0.33214,2.37786
2011-08-01,NZD_JPY,NZD,JPY,2.9,0.32857,2.57143
2011-09-01,NZD_JPY,NZD,JPY,2.88,0.32929,2.55071
2011-10-01,NZD_JPY,NZD,JPY,2.76,0.32929,2.43071
2011-11-01,NZD_JPY,NZD,JPY,2.69,0.32929,2.36071
2011-12-01,NZD_JPY,NZD,JPY,2.69,0.32929,2.36071
2012-01-01,NZD_JPY,NZD,JPY,2.74,0.33077,2.40923
2012-02-01,NZD_JPY,NZD,JPY,2.75,0.33167,2.41833
2012-03-01,NZD_JPY,NZD,JPY,2.74,0.33167,2.4083300000000003
2012-04-01,NZD_JPY,NZD,JPY,2.74,0.33167,2.4083300000000003
2012-05-01,NZD_JPY,NZD,JPY,2.59,0.33167,2.25833
2012-06-01,NZD_JPY,NZD,JPY,2.61,0.33455,2.2754499999999998
2012-07-01,NZD_JPY,NZD,JPY,2.67,0.32727,2.34273
2012-08-01,NZD_JPY,NZD,JPY,2.64,0.32727,2.31273
2012-09-01,NZD_JPY,NZD,JPY,2.64,0.32727,2.31273
2012-10-01,NZD_JPY,NZD,JPY,2.65,0.32636,2.32364
2012-11-01,NZD_JPY,NZD,JPY,2.64,0.31818,2.32182
2012-12-01,NZD_JPY,NZD,JPY,2.65,0.30818,2.34182
2013-01-01,NZD_JPY,NZD,JPY,2.66,0.29182,2.36818
2013-02-01,NZD_JPY,NZD,JPY,2.66,0.26909,2.3909100000000003
2013-03-01,NZD_JPY,NZD,JPY,2.64,0.25,2.39
2013-04-01,NZD_JPY,NZD,JPY,2.65,0.22818,2.42182
2013-05-01,NZD_JPY,NZD,JPY,2.64,0.22818,2.41182
2013-06-01,NZD_JPY,NZD,JPY,2.64,0.22818,2.41182
2013-07-01,NZD_JPY,NZD,JPY,2.64,0.228,2.412
2013-08-01,NZD_JPY,NZD,JPY,2.64,0.228,2.412
2013-09-01,NZD_JPY,NZD,JPY,2.65,0.228,2.4219999999999997
2013-10-01,NZD_JPY,NZD,JPY,2.67,0.221,2.449
2013-11-01,NZD_JPY,NZD,JPY,2.66,0.22,2.44
2013-12-01,NZD_JPY,NZD,JPY,2.73,0.22,2.51
2014-01-01,NZD_JPY,NZD,JPY,2.88,0.22,2.6599999999999997
2014-02-01,NZD_JPY,NZD,JPY,2.93,0.212,2.718
2014-03-01,NZD_JPY,NZD,JPY,3.05,0.212,2.8379999999999996
2014-04-01,NZD_JPY,NZD,JPY,3.24,0.212,3.028
2014-05-01,NZD_JPY,NZD,JPY,3.38,0.21,3.17
2014-06-01,NZD_JPY,NZD,JPY,3.52,0.21,3.31
2014-07-01,NZD_JPY,NZD,JPY,3.67,0.21,3.46
2014-08-01,NZD_JPY,NZD,JPY,3.69,0.21,3.48
2014-09-01,NZD_JPY,NZD,JPY,3.71,0.21,3.5
2014-10-01,NZD_JPY,NZD,JPY,3.68,0.192,3.488
2014-11-01,NZD_JPY,NZD,JPY,3.67,0.182,3.488
2014-12-01,NZD_JPY,NZD,JPY,3.67,0.179,3.491
2015-01-01,NZD_JPY,NZD,JPY,3.67,0.173,3.497
2015-02-01,NZD_JPY,NZD,JPY,3.63,0.171,3.459
2015-03-01,NZD_JPY,NZD,JPY,3.63,0.17,3.46
2015-04-01,NZD_JPY,NZD,JPY,3.63,0.17,3.46
2015-05-01,NZD_JPY,NZD,JPY,3.53,0.169,3.3609999999999998
2015-06-01,NZD_JPY,NZD,JPY,3.33,0.169,3.161
2015-07-01,NZD_JPY,NZD,JPY,3.13,0.169,2.961
2015-08-01,NZD_JPY,NZD,JPY,2.95,0.169,2.781
2015-09-01,NZD_JPY,NZD,JPY,2.85,0.169,2.681
2015-10-01,NZD_JPY,NZD,JPY,2.86,0.169,2.691
2015-11-01,NZD_JPY,NZD,JPY,2.89,0.169,2.721
2015-12-01,NZD_JPY,NZD,JPY,2.79,0.169,2.621
2016-01-01,NZD_JPY,NZD,JPY,2.73,0.169,2.561
2016-02-01,NZD_JPY,NZD,JPY,2.62,0.098,2.5220000000000002
2016-03-01,NZD_JPY,NZD,JPY,2.43,0.098,2.3320000000000003
2016-04-01,NZD_JPY,NZD,JPY,2.34,0.06,2.28
2016-05-01,NZD_JPY,NZD,JPY,2.38,0.06,2.32
2016-06-01,NZD_JPY,NZD,JPY,2.37,0.059,2.311
2016-07-01,NZD_JPY,NZD,JPY,2.37,0.058,2.3120000000000003
2016-08-01,NZD_JPY,NZD,JPY,2.24,0.058,2.1820000000000004
2016-09-01,NZD_JPY,NZD,JPY,2.23,0.056,2.174
2016-10-01,NZD_JPY,NZD,JPY,2.15,0.056,2.094
2016-11-01,NZD_JPY,NZD,JPY,2.07,0.056,2.014
2016-12-01,NZD_JPY,NZD,JPY,2.03,0.056,1.9739999999999998
2017-01-01,NZD_JPY,NZD,JPY,1.98,0.056,1.924
2017-02-01,NZD_JPY,NZD,JPY,2.02,0.056,1.964
2017-03-01,NZD_JPY,NZD,JPY,1.98,0.056,1.924
2017-04-01,NZD_JPY,NZD,JPY,1.97,0.056,1.914
2017-05-01,NZD_JPY,NZD,JPY,1.98,0.056,1.924
2017-06-01,NZD_JPY,NZD,JPY,1.95,0.056,1.894
2017-07-01,NZD_JPY,NZD,JPY,1.96,0.075,1.885
2017-08-01,NZD_JPY,NZD,JPY,1.95,0.056,1.894
2017-09-01,NZD_JPY,NZD,JPY,1.95,0.056,1.894
2017-10-01,NZD_JPY,NZD,JPY,1.94,0.063,1.877
2017-11-01,NZD_JPY,NZD,JPY,1.93,0.063,1.867
2017-12-01,NZD_JPY,NZD,JPY,1.88,0.063,1.817
2018-01-01,NZD_JPY,NZD,JPY,1.88,0.068,1.8119999999999998
2018-02-01,NZD_JPY,NZD,JPY,1.91,0.068,1.8419999999999999
2018-03-01,NZD_JPY,NZD,JPY,1.93,0.097,1.833
2018-04-01,NZD_JPY,NZD,JPY,2.01,0.097,1.9129999999999998
2018-05-01,NZD_JPY,NZD,JPY,2.01,0.078,1.9319999999999997
2018-06-01,NZD_JPY,NZD,JPY,2.01,0.078,1.9319999999999997
2018-07-01,NZD_JPY,NZD,JPY,1.94,0.091,1.849
2018-08-01,NZD_JPY,NZD,JPY,1.9,0.091,1.809
2018-09-01,NZD_JPY,NZD,JPY,1.9,0.05,1.8499999999999999
2018-10-01,NZD_JPY,NZD,JPY,1.89,0.05,1.8399999999999999
2018-11-01,NZD_JPY,NZD,JPY,1.98,0.05,1.93
2018-12-01,NZD_JPY,NZD,JPY,1.98,0.05,1.93
2019-01-01,NZD_JPY,NZD,JPY,1.91,0.03,1.88
2019-02-01,NZD_JPY,NZD,JPY,1.9,0.03,1.8699999999999999
2019-03-01,NZD_JPY,NZD,JPY,1.88,0.05,1.8299999999999998
2019-04-01,NZD_JPY,NZD,JPY,1.81,0.05,1.76
2019-05-01,NZD_JPY,NZD,JPY,1.72,0.049,1.671
2019-06-01,NZD_JPY,NZD,JPY,1.6,0.049,1.5510000000000002
2019-07-01,NZD_JPY,NZD,JPY,1.55,0.049,1.5010000000000001
2019-08-01,NZD_JPY,NZD,JPY,1.25,0.009,1.241
2019-09-01,NZD_JPY,NZD,JPY,1.15,0.009,1.141
2019-10-01,NZD_JPY,NZD,JPY,1.05,0.009,1.0410000000000001
2019-11-01,NZD_JPY,NZD,JPY,1.18,0.018,1.162
2019-12-01,NZD_JPY,NZD,JPY,1.22,0.021,1.199
2020-01-01,NZD_JPY,NZD,JPY,1.27,0.021,1.249
2020-02-01,NZD_JPY,NZD,JPY,1.18,0.021,1.159
2020-03-01,NZD_JPY,NZD,JPY,0.71,0.006,0.704
2020-04-01,NZD_JPY,NZD,JPY,0.39,-0.039,0.429
2020-05-01,NZD_JPY,NZD,JPY,0.26,-0.042,0.302
2020-06-01,NZD_JPY,NZD,JPY,0.28,-0.042,0.322
2020-07-01,NZD_JPY,NZD,JPY,0.3,-0.065,0.365
2020-08-01,NZD_JPY,NZD,JPY,0.29,-0.065,0.355
2020-09-01,NZD_JPY,NZD,JPY,0.3,-0.055,0.355
2020-10-01,NZD_JPY,NZD,JPY,0.27,-0.055,0.325
2020-11-01,NZD_JPY,NZD,JPY,0.27,-0.055,0.325
2020-12-01,NZD_JPY,NZD,JPY,0.26,-0.055,0.315
2021-01-01,NZD_JPY,NZD,JPY,0.28,-0.055,0.335
2021-02-01,NZD_JPY,NZD,JPY,0.28,-0.055,0.335
2021-03-01,NZD_JPY,NZD,JPY,0.33,-0.065,0.395
2021-04-01,NZD_JPY,NZD,JPY,0.34,-0.065,0.405
2021-05-01,NZD_JPY,NZD,JPY,0.35,-0.065,0.415
2021-06-01,NZD_JPY,NZD,JPY,0.33,-0.072,0.402
2021-07-01,NZD_JPY,NZD,JPY,0.4,-0.072,0.47200000000000003
2021-08-01,NZD_JPY,NZD,JPY,0.54,-0.072,0.612
2021-09-01,NZD_JPY,NZD,JPY,0.57,-0.072,0.6419999999999999
2021-10-01,NZD_JPY,NZD,JPY,0.7,-0.072,0.7719999999999999
2021-11-01,NZD_JPY,NZD,JPY,0.83,-0.072,0.9019999999999999
2021-12-01,NZD_JPY,NZD,JPY,0.91,-0.049,0.9590000000000001
2022-01-01,NZD_JPY,NZD,JPY,1.03,-0.049,1.079
2022-02-01,NZD_JPY,NZD,JPY,1.21,-0.049,1.259
2022-03-01,NZD_JPY,NZD,JPY,1.49,-0.049,1.539
2022-04-01,NZD_JPY,NZD,JPY,1.81,-0.049,1.859
2022-05-01,NZD_JPY,NZD,JPY,2.22,-0.049,2.269
2022-06-01,NZD_JPY,NZD,JPY,2.68,0.005,2.6750000000000003
2022-07-01,NZD_JPY,NZD,JPY,3.03,-0.031,3.061
2022-08-01,NZD_JPY,NZD,JPY,3.31,-0.02,3.33
2022-09-01,NZD_JPY,NZD,JPY,3.64,-0.016,3.656
2022-10-01,NZD_JPY,NZD,JPY,4.0,-0.016,4.016
2022-11-01,NZD_JPY,NZD,JPY,4.24,-0.016,4.256
2022-12-01,NZD_JPY,NZD,JPY,4.53,-0.015,4.545
2023-01-01,NZD_JPY,NZD,JPY,4.81,-0.006,4.816
2023-02-01,NZD_JPY,NZD,JPY,5.01,0.001,5.0089999999999995
2023-03-01,NZD_JPY,NZD,JPY,5.15,-0.008,5.158
2023-04-01,NZD_JPY,NZD,JPY,5.49,-0.001,5.4910000000000005
2023-05-01,NZD_JPY,NZD,JPY,5.67,-0.019,5.689
2023-06-01,NZD_JPY,NZD,JPY,5.68,-0.003,5.683
2023-07-01,NZD_JPY,NZD,JPY,5.67,-0.003,5.673
2023-08-01,NZD_JPY,NZD,JPY,5.64,-0.003,5.643
2023-09-01,NZD_JPY,NZD,JPY,5.68,0.024,5.656
2023-10-01,NZD_JPY,NZD,JPY,5.68,-0.012,5.691999999999999
2023-11-01,NZD_JPY,NZD,JPY,5.63,0.024,5.606
2023-12-01,NZD_JPY,NZD,JPY,5.63,0.052,5.578
2024-01-01,NZD_JPY,NZD,JPY,5.64,0.025,5.614999999999999
2024-02-01,NZD_JPY,NZD,JPY,5.71,0.027,5.683
2024-03-01,NZD_JPY,NZD,JPY,5.64,0.109,5.531
2024-04-01,NZD_JPY,NZD,JPY,5.63,0.109,5.521
2024-05-01,NZD_JPY,NZD,JPY,5.62,0.129,5.491
2024-06-01,NZD_JPY,NZD,JPY,5.62,0.149,5.471
2024-07-01,NZD_JPY,NZD,JPY,5.55,0.166,5.3839999999999995
2024-08-01,NZD_JPY,NZD,JPY,5.3,0.255,5.045
2024-09-01,NZD_JPY,NZD,JPY,5.05,0.256,4.794
2024-10-01,NZD_JPY,NZD,JPY,4.65,0.256,4.394
2024-11-01,NZD_JPY,NZD,JPY,4.42,0.362,4.058
2024-12-01,NZD_JPY,NZD,JPY,4.27,0.386,3.8839999999999995
2025-01-01,NZD_JPY,NZD,JPY,4.05,0.76727,3.28273
2025-02-01,NZD_JPY,NZD,JPY,3.81,0.79182,3.01818
2025-03-01,NZD_JPY,NZD,JPY,3.67,0.82091,2.84909
2025-04-01,NZD_JPY,NZD,JPY,3.49,0.78364,2.70636
2025-05-01,NZD_JPY,NZD,JPY,3.34,0.77545,2.5645499999999997
2025-06-01,NZD_JPY,NZD,JPY,3.3,0.77273,2.5272699999999997
2025-07-01,NZD_JPY,NZD,JPY,3.25,0.77273,2.47727
2025-08-01,NZD_JPY,NZD,JPY,3.1,0.77273,2.32727
2025-09-01,NZD_JPY,NZD,JPY,2.93,0.81818,2.1118200000000003
2025-10-01,NZD_JPY,NZD,JPY,2.58,0.80909,1.7709100000000002
2025-11-01,NZD_JPY,NZD,JPY,2.47,0.80636,1.6636400000000002
2025-12-01,NZD_JPY,NZD,JPY,2.49,1.07273,1.4172700000000003
2026-01-01,NZD_JPY,NZD,JPY,2.5,1.11636,1.38364
2026-02-01,NZD_JPY,NZD,JPY,2.49,1.22909,1.2609100000000002
2026-03-01,NZD_JPY,NZD,JPY,2.51,1.26882,1.2411799999999997
2026-04-01,NZD_JPY,NZD,JPY,2.56,1.26882,1.29118
1995-01-01,NZD_USD,NZD,USD,9.29,6.24,3.049999999999999
1995-02-01,NZD_USD,NZD,USD,9.37,6.16,3.209999999999999
1995-03-01,NZD_USD,NZD,USD,9.42,6.15,3.2699999999999996
1995-04-01,NZD_USD,NZD,USD,9.23,6.11,3.12
1995-05-01,NZD_USD,NZD,USD,9.1,6.02,3.08
1995-06-01,NZD_USD,NZD,USD,9.04,5.9,3.139999999999999
1995-07-01,NZD_USD,NZD,USD,8.84,5.77,3.0700000000000003
1995-08-01,NZD_USD,NZD,USD,9.03,5.77,3.26
1995-09-01,NZD_USD,NZD,USD,9.22,5.73,3.49
1995-10-01,NZD_USD,NZD,USD,8.69,5.79,2.8999999999999995
1995-11-01,NZD_USD,NZD,USD,8.31,5.74,2.5700000000000003
1995-12-01,NZD_USD,NZD,USD,8.56,5.62,2.9400000000000004
1996-01-01,NZD_USD,NZD,USD,8.61,5.39,3.2199999999999998
1996-02-01,NZD_USD,NZD,USD,8.51,5.15,3.3599999999999994
1996-03-01,NZD_USD,NZD,USD,8.86,5.29,3.5699999999999994
1996-04-01,NZD_USD,NZD,USD,9.22,5.36,3.8600000000000003
1996-05-01,NZD_USD,NZD,USD,9.82,5.36,4.46
1996-06-01,NZD_USD,NZD,USD,10.04,5.46,4.579999999999999
1996-07-01,NZD_USD,NZD,USD,10.12,5.53,4.589999999999999
1996-08-01,NZD_USD,NZD,USD,9.87,5.4,4.469999999999999
1996-09-01,NZD_USD,NZD,USD,9.9,5.51,4.390000000000001
1996-10-01,NZD_USD,NZD,USD,9.61,5.41,4.199999999999999
1996-11-01,NZD_USD,NZD,USD,8.97,5.38,3.5900000000000007
1996-12-01,NZD_USD,NZD,USD,8.08,5.44,2.6399999999999997
1997-01-01,NZD_USD,NZD,USD,7.55,5.43,2.12
1997-02-01,NZD_USD,NZD,USD,7.46,5.37,2.09
1997-03-01,NZD_USD,NZD,USD,7.58,5.53,2.05
1997-04-01,NZD_USD,NZD,USD,7.49,5.71,1.7800000000000002
1997-05-01,NZD_USD,NZD,USD,7.02,5.7,1.3199999999999994
1997-06-01,NZD_USD,NZD,USD,6.96,5.66,1.2999999999999998
1997-07-01,NZD_USD,NZD,USD,7.79,5.6,2.1900000000000004
1997-08-01,NZD_USD,NZD,USD,8.34,5.6,2.74
1997-09-01,NZD_USD,NZD,USD,8.06,5.6,2.460000000000001
1997-10-01,NZD_USD,NZD,USD,7.76,5.65,2.1099999999999994
1997-11-01,NZD_USD,NZD,USD,7.6,5.74,1.8599999999999994
1997-12-01,NZD_USD,NZD,USD,8.3,5.8,2.500000000000001
1998-01-01,NZD_USD,NZD,USD,8.89,5.54,3.3500000000000005
1998-02-01,NZD_USD,NZD,USD,8.95,5.54,3.4099999999999993
1998-03-01,NZD_USD,NZD,USD,9.0,5.58,3.42
1998-04-01,NZD_USD,NZD,USD,9.26,5.58,3.6799999999999997
1998-05-01,NZD_USD,NZD,USD,8.88,5.59,3.290000000000001
1998-06-01,NZD_USD,NZD,USD,9.15,5.6,3.5500000000000007
1998-07-01,NZD_USD,NZD,USD,7.75,5.59,2.16
1998-08-01,NZD_USD,NZD,USD,6.79,5.58,1.21
1998-09-01,NZD_USD,NZD,USD,5.79,5.41,0.3799999999999999
1998-10-01,NZD_USD,NZD,USD,4.85,5.21,-0.3600000000000003
1998-11-01,NZD_USD,NZD,USD,4.5,5.24,-0.7400000000000002
1998-12-01,NZD_USD,NZD,USD,4.38,5.14,-0.7599999999999998
1999-01-01,NZD_USD,NZD,USD,4.47,4.89,-0.41999999999999993
1999-02-01,NZD_USD,NZD,USD,4.3,4.9,-0.6000000000000005
1999-03-01,NZD_USD,NZD,USD,4.59,4.91,-0.3200000000000003
1999-04-01,NZD_USD,NZD,USD,4.64,4.88,-0.2400000000000002
1999-05-01,NZD_USD,NZD,USD,4.67,4.92,-0.25
1999-06-01,NZD_USD,NZD,USD,4.74,5.13,-0.3899999999999997
1999-07-01,NZD_USD,NZD,USD,4.72,5.24,-0.5200000000000005
1999-08-01,NZD_USD,NZD,USD,4.77,5.41,-0.6400000000000006
1999-09-01,NZD_USD,NZD,USD,4.94,5.5,-0.5599999999999996
1999-10-01,NZD_USD,NZD,USD,5.1,6.13,-1.0300000000000002
1999-11-01,NZD_USD,NZD,USD,5.35,6.0,-0.6500000000000004
1999-12-01,NZD_USD,NZD,USD,5.67,6.05,-0.3799999999999999
2000-01-01,NZD_USD,NZD,USD,5.68,5.95,-0.27000000000000046
2000-02-01,NZD_USD,NZD,USD,5.93,6.01,-0.08000000000000007
2000-03-01,NZD_USD,NZD,USD,6.26,6.14,0.1200000000000001
2000-04-01,NZD_USD,NZD,USD,6.49,6.28,0.20999999999999996
2000-05-01,NZD_USD,NZD,USD,6.77,6.71,0.05999999999999961
2000-06-01,NZD_USD,NZD,USD,6.88,6.73,0.14999999999999947
2000-07-01,NZD_USD,NZD,USD,6.83,6.67,0.16000000000000014
2000-08-01,NZD_USD,NZD,USD,6.74,6.61,0.1299999999999999
2000-09-01,NZD_USD,NZD,USD,6.66,6.6,0.0600000000000005
2000-10-01,NZD_USD,NZD,USD,6.65,6.67,-0.019999999999999574
2000-11-01,NZD_USD,NZD,USD,6.64,6.65,-0.010000000000000675
2000-12-01,NZD_USD,NZD,USD,6.71,6.45,0.2599999999999998
2001-01-01,NZD_USD,NZD,USD,6.53,5.62,0.9100000000000001
2001-02-01,NZD_USD,NZD,USD,6.48,5.26,1.2200000000000006
2001-03-01,NZD_USD,NZD,USD,6.25,4.89,1.3600000000000003
2001-04-01,NZD_USD,NZD,USD,5.97,4.53,1.4399999999999995
2001-05-01,NZD_USD,NZD,USD,5.79,4.02,1.7700000000000005
2001-06-01,NZD_USD,NZD,USD,5.82,3.74,2.08
2001-07-01,NZD_USD,NZD,USD,5.79,3.66,2.13
2001-08-01,NZD_USD,NZD,USD,5.83,3.48,2.35
2001-09-01,NZD_USD,NZD,USD,5.57,2.87,2.7
2001-10-01,NZD_USD,NZD,USD,5.15,2.31,2.8400000000000003
2001-11-01,NZD_USD,NZD,USD,4.87,2.03,2.8400000000000003
2001-12-01,NZD_USD,NZD,USD,4.86,1.83,3.0300000000000002
2002-01-01,NZD_USD,NZD,USD,4.86,1.74,3.12
2002-02-01,NZD_USD,NZD,USD,4.93,1.82,3.1099999999999994
2002-03-01,NZD_USD,NZD,USD,5.31,1.91,3.3999999999999995
2002-04-01,NZD_USD,NZD,USD,5.68,1.87,3.8099999999999996
2002-05-01,NZD_USD,NZD,USD,5.83,1.82,4.01
2002-06-01,NZD_USD,NZD,USD,5.96,1.81,4.15
2002-07-01,NZD_USD,NZD,USD,6.0,1.79,4.21
2002-08-01,NZD_USD,NZD,USD,5.87,1.73,4.140000000000001
2002-09-01,NZD_USD,NZD,USD,5.86,1.76,4.1000000000000005
2002-10-01,NZD_USD,NZD,USD,5.88,1.73,4.15
2002-11-01,NZD_USD,NZD,USD,5.9,1.39,4.510000000000001
2002-12-01,NZD_USD,NZD,USD,5.92,1.34,4.58
2003-01-01,NZD_USD,NZD,USD,5.86,1.29,4.57
2003-02-01,NZD_USD,NZD,USD,5.82,1.27,4.550000000000001
2003-03-01,NZD_USD,NZD,USD,5.81,1.23,4.58
2003-04-01,NZD_USD,NZD,USD,5.73,1.24,4.49
2003-05-01,NZD_USD,NZD,USD,5.38,1.22,4.16
2003-06-01,NZD_USD,NZD,USD,5.23,1.04,4.19
2003-07-01,NZD_USD,NZD,USD,5.11,1.05,4.0600000000000005
2003-08-01,NZD_USD,NZD,USD,5.11,1.08,4.03
2003-09-01,NZD_USD,NZD,USD,5.15,1.08,4.07
2003-10-01,NZD_USD,NZD,USD,5.19,1.1,4.09
2003-11-01,NZD_USD,NZD,USD,5.37,1.11,4.26
2003-12-01,NZD_USD,NZD,USD,5.32,1.1,4.220000000000001
2004-01-01,NZD_USD,NZD,USD,5.35,1.06,4.289999999999999
2004-02-01,NZD_USD,NZD,USD,5.59,1.05,4.54
2004-03-01,NZD_USD,NZD,USD,5.54,1.05,4.49
2004-04-01,NZD_USD,NZD,USD,5.59,1.08,4.51
2004-05-01,NZD_USD,NZD,USD,5.9,1.2,4.7
2004-06-01,NZD_USD,NZD,USD,6.07,1.46,4.61
2004-07-01,NZD_USD,NZD,USD,6.25,1.57,4.68
2004-08-01,NZD_USD,NZD,USD,6.44,1.68,4.760000000000001
2004-09-01,NZD_USD,NZD,USD,6.64,1.86,4.779999999999999
2004-10-01,NZD_USD,NZD,USD,6.75,2.04,4.71
2004-11-01,NZD_USD,NZD,USD,6.72,2.26,4.46
2004-12-01,NZD_USD,NZD,USD,6.71,2.45,4.26
2005-01-01,NZD_USD,NZD,USD,6.76,2.61,4.15
2005-02-01,NZD_USD,NZD,USD,6.83,2.77,4.0600000000000005
2005-03-01,NZD_USD,NZD,USD,6.99,2.97,4.02
2005-04-01,NZD_USD,NZD,USD,7.05,3.09,3.96
2005-05-01,NZD_USD,NZD,USD,7.05,3.22,3.8299999999999996
2005-06-01,NZD_USD,NZD,USD,7.03,3.38,3.6500000000000004
2005-07-01,NZD_USD,NZD,USD,7.03,3.57,3.4600000000000004
2005-08-01,NZD_USD,NZD,USD,7.03,3.77,3.2600000000000002
2005-09-01,NZD_USD,NZD,USD,7.09,3.87,3.2199999999999998
2005-10-01,NZD_USD,NZD,USD,7.28,4.13,3.1500000000000004
2005-11-01,NZD_USD,NZD,USD,7.54,4.31,3.2300000000000004
2005-12-01,NZD_USD,NZD,USD,7.66,4.45,3.21
2006-01-01,NZD_USD,NZD,USD,7.64,4.56,3.08
2006-02-01,NZD_USD,NZD,USD,7.53,4.72,2.8100000000000005
2006-03-01,NZD_USD,NZD,USD,7.49,4.88,2.6100000000000003
2006-04-01,NZD_USD,NZD,USD,7.47,5.03,2.4399999999999995
2006-05-01,NZD_USD,NZD,USD,7.49,5.15,2.34
2006-06-01,NZD_USD,NZD,USD,7.47,5.35,2.12
2006-07-01,NZD_USD,NZD,USD,7.48,5.46,2.0200000000000005
2006-08-01,NZD_USD,NZD,USD,7.49,5.38,2.1100000000000003
2006-09-01,NZD_USD,NZD,USD,7.56,5.34,2.2199999999999998
2006-10-01,NZD_USD,NZD,USD,7.66,5.33,2.33
2006-11-01,NZD_USD,NZD,USD,7.61,5.32,2.29
2006-12-01,NZD_USD,NZD,USD,7.66,5.32,2.34
2007-01-01,NZD_USD,NZD,USD,7.7,5.32,2.38
2007-02-01,NZD_USD,NZD,USD,7.75,5.31,2.4400000000000004
2007-03-01,NZD_USD,NZD,USD,7.88,5.3,2.58
2007-04-01,NZD_USD,NZD,USD,7.98,5.31,2.670000000000001
2007-05-01,NZD_USD,NZD,USD,8.09,5.31,2.7800000000000002
2007-06-01,NZD_USD,NZD,USD,8.32,5.33,2.99
2007-07-01,NZD_USD,NZD,USD,8.44,5.32,3.119999999999999
2007-08-01,NZD_USD,NZD,USD,8.72,5.49,3.2300000000000004
2007-09-01,NZD_USD,NZD,USD,8.81,5.46,3.3500000000000005
2007-10-01,NZD_USD,NZD,USD,8.68,5.08,3.5999999999999996
2007-11-01,NZD_USD,NZD,USD,8.73,4.97,3.7600000000000007
2007-12-01,NZD_USD,NZD,USD,8.9,5.02,3.880000000000001
2008-01-01,NZD_USD,NZD,USD,8.75,3.84,4.91
2008-02-01,NZD_USD,NZD,USD,8.82,3.06,5.76
2008-03-01,NZD_USD,NZD,USD,8.91,2.79,6.12
2008-04-01,NZD_USD,NZD,USD,8.87,2.85,6.02
2008-05-01,NZD_USD,NZD,USD,8.71,2.66,6.050000000000001
2008-06-01,NZD_USD,NZD,USD,8.68,2.76,5.92
2008-07-01,NZD_USD,NZD,USD,8.46,2.79,5.670000000000001
2008-08-01,NZD_USD,NZD,USD,8.2,2.79,5.409999999999999
2008-09-01,NZD_USD,NZD,USD,7.95,3.59,4.36
2008-10-01,NZD_USD,NZD,USD,7.43,4.32,3.1099999999999994
2008-11-01,NZD_USD,NZD,USD,6.25,2.36,3.89
2008-12-01,NZD_USD,NZD,USD,5.23,1.77,3.4600000000000004
2009-01-01,NZD_USD,NZD,USD,4.38,1.02,3.36
2009-02-01,NZD_USD,NZD,USD,3.4,1.16,2.24
2009-03-01,NZD_USD,NZD,USD,3.24,1.07,2.17
2009-04-01,NZD_USD,NZD,USD,3.12,0.89,2.23
2009-05-01,NZD_USD,NZD,USD,2.82,0.57,2.25
2009-06-01,NZD_USD,NZD,USD,2.78,0.39,2.3899999999999997
2009-07-01,NZD_USD,NZD,USD,2.79,0.35,2.44
2009-08-01,NZD_USD,NZD,USD,2.76,0.3,2.46
2009-09-01,NZD_USD,NZD,USD,2.77,0.25,2.52
2009-10-01,NZD_USD,NZD,USD,2.79,0.24,2.55
2009-11-01,NZD_USD,NZD,USD,2.8,0.21,2.59
2009-12-01,NZD_USD,NZD,USD,2.78,0.22,2.5599999999999996
2010-01-01,NZD_USD,NZD,USD,2.78,0.2,2.5799999999999996
2010-02-01,NZD_USD,NZD,USD,2.73,0.19,2.54
2010-03-01,NZD_USD,NZD,USD,2.67,0.23,2.44
2010-04-01,NZD_USD,NZD,USD,2.69,0.3,2.39
2010-05-01,NZD_USD,NZD,USD,2.89,0.45,2.44
2010-06-01,NZD_USD,NZD,USD,3.07,0.52,2.55
2010-07-01,NZD_USD,NZD,USD,3.23,0.41,2.82
2010-08-01,NZD_USD,NZD,USD,3.25,0.32,2.93
2010-09-01,NZD_USD,NZD,USD,3.18,0.28,2.9000000000000004
2010-10-01,NZD_USD,NZD,USD,3.18,0.27,2.91
2010-11-01,NZD_USD,NZD,USD,3.17,0.27,2.9
2010-12-01,NZD_USD,NZD,USD,3.17,0.3,2.87
2011-01-01,NZD_USD,NZD,USD,3.19,0.29,2.9
2011-02-01,NZD_USD,NZD,USD,3.13,0.28,2.8499999999999996
2011-03-01,NZD_USD,NZD,USD,2.69,0.28,2.41
2011-04-01,NZD_USD,NZD,USD,2.65,0.23,2.42
2011-05-01,NZD_USD,NZD,USD,2.66,0.21,2.45
2011-06-01,NZD_USD,NZD,USD,2.65,0.22,2.4299999999999997
2011-07-01,NZD_USD,NZD,USD,2.71,0.24,2.4699999999999998
2011-08-01,NZD_USD,NZD,USD,2.9,0.29,2.61
2011-09-01,NZD_USD,NZD,USD,2.88,0.33,2.55
2011-10-01,NZD_USD,NZD,USD,2.76,0.37,2.3899999999999997
2011-11-01,NZD_USD,NZD,USD,2.69,0.41,2.28
2011-12-01,NZD_USD,NZD,USD,2.69,0.49,2.2
2012-01-01,NZD_USD,NZD,USD,2.74,0.4,2.3400000000000003
2012-02-01,NZD_USD,NZD,USD,2.75,0.3,2.45
2012-03-01,NZD_USD,NZD,USD,2.74,0.29,2.45
2012-04-01,NZD_USD,NZD,USD,2.74,0.29,2.45
2012-05-01,NZD_USD,NZD,USD,2.59,0.29,2.3
2012-06-01,NZD_USD,NZD,USD,2.61,0.32,2.29
2012-07-01,NZD_USD,NZD,USD,2.67,0.3,2.37
2012-08-01,NZD_USD,NZD,USD,2.64,0.26,2.38
2012-09-01,NZD_USD,NZD,USD,2.64,0.24,2.4000000000000004
2012-10-01,NZD_USD,NZD,USD,2.65,0.23,2.42
2012-11-01,NZD_USD,NZD,USD,2.64,0.23,2.41
2012-12-01,NZD_USD,NZD,USD,2.65,0.24,2.41
2013-01-01,NZD_USD,NZD,USD,2.66,0.23,2.43
2013-02-01,NZD_USD,NZD,USD,2.66,0.22,2.44
2013-03-01,NZD_USD,NZD,USD,2.64,0.21,2.43
2013-04-01,NZD_USD,NZD,USD,2.65,0.2,2.4499999999999997
2013-05-01,NZD_USD,NZD,USD,2.64,0.2,2.44
2013-06-01,NZD_USD,NZD,USD,2.64,0.19,2.45
2013-07-01,NZD_USD,NZD,USD,2.64,0.14,2.5
2013-08-01,NZD_USD,NZD,USD,2.64,0.12,2.52
2013-09-01,NZD_USD,NZD,USD,2.65,0.11,2.54
2013-10-01,NZD_USD,NZD,USD,2.67,0.12,2.55
2013-11-01,NZD_USD,NZD,USD,2.66,0.12,2.54
2013-12-01,NZD_USD,NZD,USD,2.73,0.14,2.59
2014-01-01,NZD_USD,NZD,USD,2.88,0.12,2.76
2014-02-01,NZD_USD,NZD,USD,2.93,0.13,2.8000000000000003
2014-03-01,NZD_USD,NZD,USD,3.05,0.12,2.9299999999999997
2014-04-01,NZD_USD,NZD,USD,3.24,0.12,3.12
2014-05-01,NZD_USD,NZD,USD,3.38,0.11,3.27
2014-06-01,NZD_USD,NZD,USD,3.52,0.11,3.41
2014-07-01,NZD_USD,NZD,USD,3.67,0.13,3.54
2014-08-01,NZD_USD,NZD,USD,3.69,0.13,3.56
2014-09-01,NZD_USD,NZD,USD,3.71,0.12,3.59
2014-10-01,NZD_USD,NZD,USD,3.68,0.12,3.56
2014-11-01,NZD_USD,NZD,USD,3.67,0.13,3.54
2014-12-01,NZD_USD,NZD,USD,3.67,0.15,3.52
2015-01-01,NZD_USD,NZD,USD,3.67,0.16,3.51
2015-02-01,NZD_USD,NZD,USD,3.63,0.15,3.48
2015-03-01,NZD_USD,NZD,USD,3.63,0.14,3.4899999999999998
2015-04-01,NZD_USD,NZD,USD,3.63,0.13,3.5
2015-05-01,NZD_USD,NZD,USD,3.53,0.15,3.38
2015-06-01,NZD_USD,NZD,USD,3.33,0.18,3.15
2015-07-01,NZD_USD,NZD,USD,3.13,0.19,2.94
2015-08-01,NZD_USD,NZD,USD,2.95,0.26,2.6900000000000004
2015-09-01,NZD_USD,NZD,USD,2.85,0.27,2.58
2015-10-01,NZD_USD,NZD,USD,2.86,0.25,2.61
2015-11-01,NZD_USD,NZD,USD,2.89,0.3,2.5900000000000003
2015-12-01,NZD_USD,NZD,USD,2.79,0.54,2.25
2016-01-01,NZD_USD,NZD,USD,2.73,0.57,2.16
2016-02-01,NZD_USD,NZD,USD,2.62,0.54,2.08
2016-03-01,NZD_USD,NZD,USD,2.43,0.55,1.8800000000000001
2016-04-01,NZD_USD,NZD,USD,2.34,0.55,1.7899999999999998
2016-05-01,NZD_USD,NZD,USD,2.38,0.57,1.81
2016-06-01,NZD_USD,NZD,USD,2.37,0.55,1.82
2016-07-01,NZD_USD,NZD,USD,2.37,0.62,1.75
2016-08-01,NZD_USD,NZD,USD,2.24,0.73,1.5100000000000002
2016-09-01,NZD_USD,NZD,USD,2.23,0.75,1.48
2016-10-01,NZD_USD,NZD,USD,2.15,0.72,1.43
2016-11-01,NZD_USD,NZD,USD,2.07,0.71,1.3599999999999999
2016-12-01,NZD_USD,NZD,USD,2.03,0.87,1.1599999999999997
2017-01-01,NZD_USD,NZD,USD,1.98,0.9,1.08
2017-02-01,NZD_USD,NZD,USD,2.02,0.87,1.15
2017-03-01,NZD_USD,NZD,USD,1.98,0.98,1.0
2017-04-01,NZD_USD,NZD,USD,1.97,1.03,0.94
2017-05-01,NZD_USD,NZD,USD,1.98,1.05,0.9299999999999999
2017-06-01,NZD_USD,NZD,USD,1.95,1.16,0.79
2017-07-01,NZD_USD,NZD,USD,1.96,1.22,0.74
2017-08-01,NZD_USD,NZD,USD,1.95,1.25,0.7
2017-09-01,NZD_USD,NZD,USD,1.95,1.25,0.7
2017-10-01,NZD_USD,NZD,USD,1.94,1.26,0.6799999999999999
2017-11-01,NZD_USD,NZD,USD,1.93,1.32,0.6099999999999999
2017-12-01,NZD_USD,NZD,USD,1.88,1.54,0.33999999999999986
2018-01-01,NZD_USD,NZD,USD,1.88,1.63,0.25
2018-02-01,NZD_USD,NZD,USD,1.91,1.78,0.1299999999999999
2018-03-01,NZD_USD,NZD,USD,1.93,2.08,-0.15000000000000013
2018-04-01,NZD_USD,NZD,USD,2.01,2.2,-0.1900000000000004
2018-05-01,NZD_USD,NZD,USD,2.01,2.16,-0.15000000000000036
2018-06-01,NZD_USD,NZD,USD,2.01,2.19,-0.18000000000000016
2018-07-01,NZD_USD,NZD,USD,1.94,2.17,-0.22999999999999998
2018-08-01,NZD_USD,NZD,USD,1.9,2.19,-0.29000000000000004
2018-09-01,NZD_USD,NZD,USD,1.9,2.24,-0.3400000000000003
2018-10-01,NZD_USD,NZD,USD,1.89,2.37,-0.4800000000000002
2018-11-01,NZD_USD,NZD,USD,1.98,2.56,-0.5800000000000001
2018-12-01,NZD_USD,NZD,USD,1.98,2.69,-0.71
2019-01-01,NZD_USD,NZD,USD,1.91,2.59,-0.6799999999999999
2019-02-01,NZD_USD,NZD,USD,1.9,2.49,-0.5900000000000003
2019-03-01,NZD_USD,NZD,USD,1.88,2.48,-0.6000000000000001
2019-04-01,NZD_USD,NZD,USD,1.81,2.47,-0.6600000000000001
2019-05-01,NZD_USD,NZD,USD,1.72,2.44,-0.72
2019-06-01,NZD_USD,NZD,USD,1.6,2.3,-0.6999999999999997
2019-07-01,NZD_USD,NZD,USD,1.55,2.22,-0.6700000000000002
2019-08-01,NZD_USD,NZD,USD,1.25,2.06,-0.81
2019-09-01,NZD_USD,NZD,USD,1.15,2.03,-0.8799999999999999
2019-10-01,NZD_USD,NZD,USD,1.05,1.88,-0.8299999999999998
2019-11-01,NZD_USD,NZD,USD,1.18,1.77,-0.5900000000000001
2019-12-01,NZD_USD,NZD,USD,1.22,1.76,-0.54
2020-01-01,NZD_USD,NZD,USD,1.27,1.65,-0.3799999999999999
2020-02-01,NZD_USD,NZD,USD,1.18,1.59,-0.41000000000000014
2020-03-01,NZD_USD,NZD,USD,0.71,1.35,-0.6400000000000001
2020-04-01,NZD_USD,NZD,USD,0.39,1.35,-0.9600000000000001
2020-05-01,NZD_USD,NZD,USD,0.26,0.17,0.09
2020-06-01,NZD_USD,NZD,USD,0.28,0.2,0.08000000000000002
2020-07-01,NZD_USD,NZD,USD,0.3,0.18,0.12
2020-08-01,NZD_USD,NZD,USD,0.29,0.15,0.13999999999999999
2020-09-01,NZD_USD,NZD,USD,0.3,0.13,0.16999999999999998
2020-10-01,NZD_USD,NZD,USD,0.27,0.12,0.15000000000000002
2020-11-01,NZD_USD,NZD,USD,0.27,0.16,0.11000000000000001
2020-12-01,NZD_USD,NZD,USD,0.26,0.17,0.09
2021-01-01,NZD_USD,NZD,USD,0.28,0.14,0.14
2021-02-01,NZD_USD,NZD,USD,0.28,0.11,0.17000000000000004
2021-03-01,NZD_USD,NZD,USD,0.33,0.1,0.23
2021-04-01,NZD_USD,NZD,USD,0.34,0.11,0.23000000000000004
2021-05-01,NZD_USD,NZD,USD,0.35,0.1,0.24999999999999997
2021-06-01,NZD_USD,NZD,USD,0.33,0.09,0.24000000000000002
2021-07-01,NZD_USD,NZD,USD,0.4,0.1,0.30000000000000004
2021-08-01,NZD_USD,NZD,USD,0.54,0.1,0.44000000000000006
2021-09-01,NZD_USD,NZD,USD,0.57,0.1,0.47
2021-10-01,NZD_USD,NZD,USD,0.7,0.11,0.59
2021-11-01,NZD_USD,NZD,USD,0.83,0.14,0.69
2021-12-01,NZD_USD,NZD,USD,0.91,0.17,0.74
2022-01-01,NZD_USD,NZD,USD,1.03,0.22,0.81
2022-02-01,NZD_USD,NZD,USD,1.21,0.38,0.83
2022-03-01,NZD_USD,NZD,USD,1.49,0.73,0.76
2022-04-01,NZD_USD,NZD,USD,1.81,0.91,0.9
2022-05-01,NZD_USD,NZD,USD,2.22,1.33,0.8900000000000001
2022-06-01,NZD_USD,NZD,USD,2.68,1.87,0.81
2022-07-01,NZD_USD,NZD,USD,3.03,2.5,0.5299999999999998
2022-08-01,NZD_USD,NZD,USD,3.31,2.76,0.5500000000000003
2022-09-01,NZD_USD,NZD,USD,3.64,3.21,0.43000000000000016
2022-10-01,NZD_USD,NZD,USD,4.0,3.85,0.1499999999999999
2022-11-01,NZD_USD,NZD,USD,4.24,4.46,-0.21999999999999975
2022-12-01,NZD_USD,NZD,USD,4.53,4.51,0.020000000000000462
2023-01-01,NZD_USD,NZD,USD,4.81,4.61,0.1999999999999993
2023-02-01,NZD_USD,NZD,USD,5.01,4.74,0.2699999999999996
2023-03-01,NZD_USD,NZD,USD,5.15,4.91,0.2400000000000002
2023-04-01,NZD_USD,NZD,USD,5.49,5.03,0.45999999999999996
2023-05-01,NZD_USD,NZD,USD,5.67,5.15,0.5199999999999996
2023-06-01,NZD_USD,NZD,USD,5.68,5.22,0.45999999999999996
2023-07-01,NZD_USD,NZD,USD,5.67,5.35,0.3200000000000003
2023-08-01,NZD_USD,NZD,USD,5.64,5.44,0.1999999999999993
2023-09-01,NZD_USD,NZD,USD,5.68,5.49,0.1899999999999995
2023-10-01,NZD_USD,NZD,USD,5.68,5.46,0.21999999999999975
2023-11-01,NZD_USD,NZD,USD,5.63,5.41,0.21999999999999975
2023-12-01,NZD_USD,NZD,USD,5.63,5.32,0.3099999999999996
2024-01-01,NZD_USD,NZD,USD,5.64,5.26,0.3799999999999999
2024-02-01,NZD_USD,NZD,USD,5.71,5.22,0.4900000000000002
2024-03-01,NZD_USD,NZD,USD,5.64,5.29,0.34999999999999964
2024-04-01,NZD_USD,NZD,USD,5.63,5.33,0.2999999999999998
2024-05-01,NZD_USD,NZD,USD,5.62,5.33,0.29000000000000004
2024-06-01,NZD_USD,NZD,USD,5.62,5.28,0.33999999999999986
2024-07-01,NZD_USD,NZD,USD,5.55,5.31,0.2400000000000002
2024-08-01,NZD_USD,NZD,USD,5.3,5.12,0.17999999999999972
2024-09-01,NZD_USD,NZD,USD,5.05,4.86,0.1899999999999995
2024-10-01,NZD_USD,NZD,USD,4.65,4.62,0.03000000000000025
2024-11-01,NZD_USD,NZD,USD,4.42,4.53,-0.11000000000000032
2024-12-01,NZD_USD,NZD,USD,4.27,4.46,-0.1900000000000004
2025-01-01,NZD_USD,NZD,USD,4.05,4.33,-0.28000000000000025
2025-02-01,NZD_USD,NZD,USD,3.81,4.34,-0.5299999999999998
2025-03-01,NZD_USD,NZD,USD,3.67,4.29,-0.6200000000000001
2025-04-01,NZD_USD,NZD,USD,3.49,4.32,-0.8300000000000001
2025-05-01,NZD_USD,NZD,USD,3.34,4.29,-0.9500000000000002
2025-06-01,NZD_USD,NZD,USD,3.3,4.31,-1.0099999999999998
2025-07-01,NZD_USD,NZD,USD,3.25,4.28,-1.0300000000000002
2025-08-01,NZD_USD,NZD,USD,3.1,4.22,-1.1199999999999997
2025-09-01,NZD_USD,NZD,USD,2.93,4.1,-1.1699999999999995
2025-10-01,NZD_USD,NZD,USD,2.58,3.98,-1.4
2025-11-01,NZD_USD,NZD,USD,2.47,3.86,-1.3899999999999997
2025-12-01,NZD_USD,NZD,USD,2.49,3.74,-1.25
2026-01-01,NZD_USD,NZD,USD,2.5,3.63,-1.13
2026-02-01,NZD_USD,NZD,USD,2.49,3.66,-1.17
2026-03-01,NZD_USD,NZD,USD,2.51,3.69,-1.1800000000000002
2026-04-01,NZD_USD,NZD,USD,2.56,3.77,-1.21
1995-01-01,USD_CAD,USD,CAD,6.24,7.838,-1.5979999999999999
1995-02-01,USD_CAD,USD,CAD,6.16,8.118,-1.9580000000000002
1995-03-01,USD_CAD,USD,CAD,6.15,8.314782609,-2.1647826089999995
1995-04-01,USD_CAD,USD,CAD,6.11,8.148421053,-2.0384210529999995
1995-05-01,USD_CAD,USD,CAD,6.02,7.561363636,-1.5413636360000007
1995-06-01,USD_CAD,USD,CAD,5.9,7.047727273,-1.1477272729999992
1995-07-01,USD_CAD,USD,CAD,5.77,6.666,-0.8960000000000008
1995-08-01,USD_CAD,USD,CAD,5.77,6.586818182,-0.8168181820000004
1995-09-01,USD_CAD,USD,CAD,5.73,6.6875,-0.9574999999999996
1995-10-01,USD_CAD,USD,CAD,5.79,6.697619048,-0.9076190479999999
1995-11-01,USD_CAD,USD,CAD,5.74,6.008095238,-0.2680952379999999
1995-12-01,USD_CAD,USD,CAD,5.62,5.895263158,-0.27526315799999956
1996-01-01,USD_CAD,USD,CAD,5.39,5.546818182,-0.1568181820000003
1996-02-01,USD_CAD,USD,CAD,5.15,5.222857143,-0.07285714299999935
1996-03-01,USD_CAD,USD,CAD,5.29,5.214761905,0.07523809500000045
1996-04-01,USD_CAD,USD,CAD,5.36,5.008571429,0.35142857100000047
1996-05-01,USD_CAD,USD,CAD,5.36,4.809090909,0.5509090910000003
1996-06-01,USD_CAD,USD,CAD,5.46,4.849,0.6109999999999998
1996-07-01,USD_CAD,USD,CAD,5.53,4.732727273,0.7972727270000002
1996-08-01,USD_CAD,USD,CAD,5.4,4.267619048,1.132380952
1996-09-01,USD_CAD,USD,CAD,5.51,4.0785,1.4314999999999998
1996-10-01,USD_CAD,USD,CAD,5.41,3.516818182,1.893181818
1996-11-01,USD_CAD,USD,CAD,5.38,3.0195,2.3605
1996-12-01,USD_CAD,USD,CAD,5.44,3.1225,2.3175000000000003
1997-01-01,USD_CAD,USD,CAD,5.43,3.152727273,2.2772727269999997
1997-02-01,USD_CAD,USD,CAD,5.37,3.116,2.254
1997-03-01,USD_CAD,USD,CAD,5.53,3.2175,2.3125000000000004
1997-04-01,USD_CAD,USD,CAD,5.71,3.460454545,2.249545455
1997-05-01,USD_CAD,USD,CAD,5.7,3.321904762,2.3780952380000002
1997-06-01,USD_CAD,USD,CAD,5.66,3.265238095,2.394761905
1997-07-01,USD_CAD,USD,CAD,5.6,3.531818182,2.068181818
1997-08-01,USD_CAD,USD,CAD,5.6,3.638,1.9619999999999997
1997-09-01,USD_CAD,USD,CAD,5.6,3.626666667,1.9733333329999998
1997-10-01,USD_CAD,USD,CAD,5.65,3.799545455,1.8504545450000003
1997-11-01,USD_CAD,USD,CAD,5.74,3.994736842,1.7452631580000002
1997-12-01,USD_CAD,USD,CAD,5.8,4.567142857,1.2328571429999995
1998-01-01,USD_CAD,USD,CAD,5.54,4.651904762,0.888095238
1998-02-01,USD_CAD,USD,CAD,5.54,4.9775,0.5625
1998-03-01,USD_CAD,USD,CAD,5.58,4.874090909,0.7059090909999997
1998-04-01,USD_CAD,USD,CAD,5.58,4.898095238,0.6819047620000003
1998-05-01,USD_CAD,USD,CAD,5.59,5.02,0.5700000000000003
1998-06-01,USD_CAD,USD,CAD,5.6,5.016818182,0.5831818179999999
1998-07-01,USD_CAD,USD,CAD,5.59,5.051363636,0.5386363640000003
1998-08-01,USD_CAD,USD,CAD,5.58,5.3055,0.27449999999999974
1998-09-01,USD_CAD,USD,CAD,5.41,5.60047619,-0.19047619000000005
1998-10-01,USD_CAD,USD,CAD,5.21,5.275238095,-0.06523809499999977
1998-11-01,USD_CAD,USD,CAD,5.24,5.147,0.09299999999999997
1998-12-01,USD_CAD,USD,CAD,5.14,5.002857143,0.13714285699999973
1999-01-01,USD_CAD,USD,CAD,4.89,5.0045,-0.11450000000000049
1999-02-01,USD_CAD,USD,CAD,4.9,5.0335,-0.13349999999999973
1999-03-01,USD_CAD,USD,CAD,4.91,5.057391304,-0.1473913040000001
1999-04-01,USD_CAD,USD,CAD,4.88,4.716666667,0.16333333299999975
1999-05-01,USD_CAD,USD,CAD,4.92,4.6155,0.3045
1999-06-01,USD_CAD,USD,CAD,5.13,4.815454545,0.3145454550000002
1999-07-01,USD_CAD,USD,CAD,5.24,4.792857143,0.4471428570000002
1999-08-01,USD_CAD,USD,CAD,5.41,4.924761905,0.4852380949999997
1999-09-01,USD_CAD,USD,CAD,5.5,4.83047619,0.6695238100000003
1999-10-01,USD_CAD,USD,CAD,6.13,5.014,1.1159999999999997
1999-11-01,USD_CAD,USD,CAD,6.0,5.040952381,0.9590476189999997
1999-12-01,USD_CAD,USD,CAD,6.05,5.135238095,0.9147619049999998
2000-01-01,USD_CAD,USD,CAD,5.95,5.025,0.9249999999999998
2000-02-01,USD_CAD,USD,CAD,6.01,5.0325,0.9775
2000-03-01,USD_CAD,USD,CAD,6.14,5.108,1.032
2000-04-01,USD_CAD,USD,CAD,6.28,5.35,0.9300000000000006
2000-05-01,USD_CAD,USD,CAD,6.71,5.664,1.0460000000000003
2000-06-01,USD_CAD,USD,CAD,6.73,5.5525,1.1775000000000002
2000-07-01,USD_CAD,USD,CAD,6.67,5.6,1.0700000000000003
2000-08-01,USD_CAD,USD,CAD,6.61,5.618,0.992
2000-09-01,USD_CAD,USD,CAD,6.6,5.5725,1.0274999999999999
2000-10-01,USD_CAD,USD,CAD,6.67,5.5975,1.0724999999999998
2000-11-01,USD_CAD,USD,CAD,6.65,5.668,0.9820000000000002
2000-12-01,USD_CAD,USD,CAD,6.45,5.52,0.9300000000000006
2001-01-01,USD_CAD,USD,CAD,5.62,5.236,0.38400000000000034
2001-02-01,USD_CAD,USD,CAD,5.26,5.0475,0.21249999999999947
2001-03-01,USD_CAD,USD,CAD,4.89,4.595,0.29499999999999993
2001-04-01,USD_CAD,USD,CAD,4.53,4.5025,0.027499999999999858
2001-05-01,USD_CAD,USD,CAD,4.02,4.34,-0.3200000000000003
2001-06-01,USD_CAD,USD,CAD,3.74,4.26,-0.5199999999999996
2001-07-01,USD_CAD,USD,CAD,3.66,4.18,-0.5199999999999996
2001-08-01,USD_CAD,USD,CAD,3.48,3.936,-0.45599999999999996
2001-09-01,USD_CAD,USD,CAD,2.87,3.3325,-0.4624999999999999
2001-10-01,USD_CAD,USD,CAD,2.31,2.728,-0.41800000000000015
2001-11-01,USD_CAD,USD,CAD,2.03,2.1525,-0.12250000000000005
2001-12-01,USD_CAD,USD,CAD,1.83,2.0,-0.16999999999999993
2002-01-01,USD_CAD,USD,CAD,1.74,1.914,-0.17399999999999993
2002-02-01,USD_CAD,USD,CAD,1.82,2.015,-0.19500000000000006
2002-03-01,USD_CAD,USD,CAD,1.91,2.155,-0.24499999999999988
2002-04-01,USD_CAD,USD,CAD,1.87,2.325,-0.45500000000000007
2002-05-01,USD_CAD,USD,CAD,1.82,2.514,-0.6939999999999997
2002-06-01,USD_CAD,USD,CAD,1.81,2.69,-0.8799999999999999
2002-07-01,USD_CAD,USD,CAD,1.79,2.782,-0.992
2002-08-01,USD_CAD,USD,CAD,1.73,2.83,-1.1
2002-09-01,USD_CAD,USD,CAD,1.76,2.805,-1.0450000000000002
2002-10-01,USD_CAD,USD,CAD,1.73,2.768,-1.0379999999999998
2002-11-01,USD_CAD,USD,CAD,1.39,2.7,-1.3100000000000003
2002-12-01,USD_CAD,USD,CAD,1.34,2.6775,-1.3375000000000001
2003-01-01,USD_CAD,USD,CAD,1.29,2.716,-1.4260000000000002
2003-02-01,USD_CAD,USD,CAD,1.27,2.8125,-1.5425
2003-03-01,USD_CAD,USD,CAD,1.23,3.0375,-1.8075
2003-04-01,USD_CAD,USD,CAD,1.24,3.196,-1.9560000000000002
2003-05-01,USD_CAD,USD,CAD,1.22,3.1775,-1.9575000000000002
2003-06-01,USD_CAD,USD,CAD,1.04,3.0975,-2.0575
2003-07-01,USD_CAD,USD,CAD,1.05,2.912,-1.8619999999999999
2003-08-01,USD_CAD,USD,CAD,1.08,2.7775,-1.6974999999999998
2003-09-01,USD_CAD,USD,CAD,1.08,2.6325,-1.5524999999999998
2003-10-01,USD_CAD,USD,CAD,1.1,2.618,-1.5179999999999998
2003-11-01,USD_CAD,USD,CAD,1.11,2.7,-1.59
2003-12-01,USD_CAD,USD,CAD,1.1,2.624,-1.524
2004-01-01,USD_CAD,USD,CAD,1.06,2.3725,-1.3125
2004-02-01,USD_CAD,USD,CAD,1.05,2.195,-1.1449999999999998
2004-03-01,USD_CAD,USD,CAD,1.05,2.038,-0.9879999999999998
2004-04-01,USD_CAD,USD,CAD,1.08,1.9625,-0.8824999999999998
2004-05-01,USD_CAD,USD,CAD,1.2,1.97,-0.77
2004-06-01,USD_CAD,USD,CAD,1.46,2.008,-0.548
2004-07-01,USD_CAD,USD,CAD,1.57,2.035,-0.4650000000000001
2004-08-01,USD_CAD,USD,CAD,1.68,2.0625,-0.38250000000000006
2004-09-01,USD_CAD,USD,CAD,1.86,2.346,-0.486
2004-10-01,USD_CAD,USD,CAD,2.04,2.5325,-0.49250000000000016
2004-11-01,USD_CAD,USD,CAD,2.26,2.64,-0.38000000000000034
2004-12-01,USD_CAD,USD,CAD,2.45,2.466,-0.016000000000000014
2005-01-01,USD_CAD,USD,CAD,2.61,2.455,0.1549999999999998
2005-02-01,USD_CAD,USD,CAD,2.77,2.445,0.3250000000000002
2005-03-01,USD_CAD,USD,CAD,2.97,2.498,0.472
2005-04-01,USD_CAD,USD,CAD,3.09,2.47,0.6199999999999997
2005-05-01,USD_CAD,USD,CAD,3.22,2.46,0.7600000000000002
2005-06-01,USD_CAD,USD,CAD,3.38,2.448,0.9319999999999999
2005-07-01,USD_CAD,USD,CAD,3.57,2.555,1.0149999999999997
2005-08-01,USD_CAD,USD,CAD,3.77,2.68,1.0899999999999999
2005-09-01,USD_CAD,USD,CAD,3.87,2.795,1.0750000000000002
2005-10-01,USD_CAD,USD,CAD,4.13,2.98,1.15
2005-11-01,USD_CAD,USD,CAD,4.31,3.206,1.1039999999999996
2005-12-01,USD_CAD,USD,CAD,4.45,3.35,1.1
2006-01-01,USD_CAD,USD,CAD,4.56,3.42,1.1399999999999997
2006-02-01,USD_CAD,USD,CAD,4.72,3.63,1.0899999999999999
2006-03-01,USD_CAD,USD,CAD,4.88,3.76,1.12
2006-04-01,USD_CAD,USD,CAD,5.03,3.96,1.0700000000000003
2006-05-01,USD_CAD,USD,CAD,5.15,4.126,1.024
2006-06-01,USD_CAD,USD,CAD,5.35,4.24,1.1099999999999994
2006-07-01,USD_CAD,USD,CAD,5.46,4.2,1.2599999999999998
2006-08-01,USD_CAD,USD,CAD,5.38,4.132,1.2480000000000002
2006-09-01,USD_CAD,USD,CAD,5.34,4.15,1.1899999999999995
2006-10-01,USD_CAD,USD,CAD,5.33,4.1575,1.1725000000000003
2006-11-01,USD_CAD,USD,CAD,5.32,4.178,1.1420000000000003
2006-12-01,USD_CAD,USD,CAD,5.32,4.16,1.1600000000000001
2007-01-01,USD_CAD,USD,CAD,5.32,4.156,1.1640000000000006
2007-02-01,USD_CAD,USD,CAD,5.31,4.18,1.13
2007-03-01,USD_CAD,USD,CAD,5.3,4.1675,1.1324999999999994
2007-04-01,USD_CAD,USD,CAD,5.31,4.1625,1.1475
2007-05-01,USD_CAD,USD,CAD,5.31,4.19,1.1199999999999992
2007-06-01,USD_CAD,USD,CAD,5.33,4.36,0.9699999999999998
2007-07-01,USD_CAD,USD,CAD,5.32,4.4975,0.8225000000000007
2007-08-01,USD_CAD,USD,CAD,5.49,4.262,1.2280000000000006
2007-09-01,USD_CAD,USD,CAD,5.46,3.9975,1.4625
2007-10-01,USD_CAD,USD,CAD,5.08,3.936,1.1440000000000001
2007-11-01,USD_CAD,USD,CAD,4.97,3.9625,1.0074999999999998
2007-12-01,USD_CAD,USD,CAD,5.02,3.8325,1.1874999999999996
2008-01-01,USD_CAD,USD,CAD,3.84,3.582,0.258
2008-02-01,USD_CAD,USD,CAD,3.06,3.265,-0.20500000000000007
2008-03-01,USD_CAD,USD,CAD,2.79,2.185,0.605
2008-04-01,USD_CAD,USD,CAD,2.85,2.404,0.4460000000000002
2008-05-01,USD_CAD,USD,CAD,2.66,2.65,0.010000000000000231
2008-06-01,USD_CAD,USD,CAD,2.76,2.6125,0.14749999999999996
2008-07-01,USD_CAD,USD,CAD,2.79,2.368,0.42200000000000015
2008-08-01,USD_CAD,USD,CAD,2.79,2.47,0.31999999999999984
2008-09-01,USD_CAD,USD,CAD,3.59,2.1175,1.4724999999999997
2008-10-01,USD_CAD,USD,CAD,4.32,1.556,2.7640000000000002
2008-11-01,USD_CAD,USD,CAD,2.36,1.7825,0.5774999999999999
2008-12-01,USD_CAD,USD,CAD,1.77,1.05,0.72
2009-01-01,USD_CAD,USD,CAD,1.02,0.8025,0.21750000000000003
2009-02-01,USD_CAD,USD,CAD,1.16,0.7275,0.4324999999999999
2009-03-01,USD_CAD,USD,CAD,1.07,0.4075,0.6625000000000001
2009-04-01,USD_CAD,USD,CAD,0.89,0.324,0.5660000000000001
2009-05-01,USD_CAD,USD,CAD,0.57,0.18,0.38999999999999996
2009-06-01,USD_CAD,USD,CAD,0.39,0.225,0.165
2009-07-01,USD_CAD,USD,CAD,0.35,0.234,0.11599999999999996
2009-08-01,USD_CAD,USD,CAD,0.3,0.23,0.06999999999999998
2009-09-01,USD_CAD,USD,CAD,0.25,0.22,0.03
2009-10-01,USD_CAD,USD,CAD,0.24,0.215,0.024999999999999994
2009-11-01,USD_CAD,USD,CAD,0.21,0.215,-0.0050000000000000044
2009-12-01,USD_CAD,USD,CAD,0.22,0.198,0.021999999999999992
2010-01-01,USD_CAD,USD,CAD,0.2,0.1725,0.027500000000000024
2010-02-01,USD_CAD,USD,CAD,0.19,0.165,0.024999999999999994
2010-03-01,USD_CAD,USD,CAD,0.23,0.228,0.0020000000000000018
2010-04-01,USD_CAD,USD,CAD,0.3,0.3375,-0.03750000000000003
2010-05-01,USD_CAD,USD,CAD,0.45,0.39,0.06
2010-06-01,USD_CAD,USD,CAD,0.52,0.522,-0.0020000000000000018
2010-07-01,USD_CAD,USD,CAD,0.41,0.575,-0.16499999999999998
2010-08-01,USD_CAD,USD,CAD,0.32,0.66,-0.34
2010-09-01,USD_CAD,USD,CAD,0.28,0.85,-0.57
2010-10-01,USD_CAD,USD,CAD,0.27,0.895,-0.625
2010-11-01,USD_CAD,USD,CAD,0.27,0.9525,-0.6825
2010-12-01,USD_CAD,USD,CAD,0.3,0.994,-0.694
2011-01-01,USD_CAD,USD,CAD,0.29,0.9625,-0.6725000000000001
2011-02-01,USD_CAD,USD,CAD,0.28,0.9525,-0.6725
2011-03-01,USD_CAD,USD,CAD,0.28,0.926,-0.646
2011-04-01,USD_CAD,USD,CAD,0.23,0.965,-0.735
2011-05-01,USD_CAD,USD,CAD,0.21,0.9625,-0.7525000000000001
2011-06-01,USD_CAD,USD,CAD,0.22,0.928,-0.7080000000000001
2011-07-01,USD_CAD,USD,CAD,0.24,0.9225,-0.6825
2011-08-01,USD_CAD,USD,CAD,0.29,0.874,-0.5840000000000001
2011-09-01,USD_CAD,USD,CAD,0.33,0.8725,-0.5425
2011-10-01,USD_CAD,USD,CAD,0.37,0.8625,-0.49250000000000005
2011-11-01,USD_CAD,USD,CAD,0.41,0.882,-0.47200000000000003
2011-12-01,USD_CAD,USD,CAD,0.49,0.83,-0.33999999999999997
2012-01-01,USD_CAD,USD,CAD,0.4,0.825,-0.42499999999999993
2012-02-01,USD_CAD,USD,CAD,0.3,0.918,-0.6180000000000001
2012-03-01,USD_CAD,USD,CAD,0.29,0.915,-0.625
2012-04-01,USD_CAD,USD,CAD,0.29,0.9825,-0.6925000000000001
2012-05-01,USD_CAD,USD,CAD,0.29,0.988,-0.698
2012-06-01,USD_CAD,USD,CAD,0.32,0.8825,-0.5625
2012-07-01,USD_CAD,USD,CAD,0.3,0.8875,-0.5874999999999999
2012-08-01,USD_CAD,USD,CAD,0.26,1.002,-0.742
2012-09-01,USD_CAD,USD,CAD,0.24,1.0075,-0.7675000000000001
2012-10-01,USD_CAD,USD,CAD,0.23,0.976,-0.746
2012-11-01,USD_CAD,USD,CAD,0.23,0.97,-0.74
2012-12-01,USD_CAD,USD,CAD,0.24,0.945,-0.705
2013-01-01,USD_CAD,USD,CAD,0.23,0.92,-0.6900000000000001
2013-02-01,USD_CAD,USD,CAD,0.22,0.9475,-0.7275
2013-03-01,USD_CAD,USD,CAD,0.21,0.9625,-0.7525000000000001
2013-04-01,USD_CAD,USD,CAD,0.2,0.9825,-0.7825
2013-05-01,USD_CAD,USD,CAD,0.2,0.998,-0.798
2013-06-01,USD_CAD,USD,CAD,0.19,1.025,-0.835
2013-07-01,USD_CAD,USD,CAD,0.14,1.012,-0.872
2013-08-01,USD_CAD,USD,CAD,0.12,0.9925,-0.8725
2013-09-01,USD_CAD,USD,CAD,0.11,0.9875,-0.8775000000000001
2013-10-01,USD_CAD,USD,CAD,0.12,0.924,-0.804
2013-11-01,USD_CAD,USD,CAD,0.12,0.925,-0.805
2013-12-01,USD_CAD,USD,CAD,0.14,0.9175,-0.7775
2014-01-01,USD_CAD,USD,CAD,0.12,0.894,-0.774
2014-02-01,USD_CAD,USD,CAD,0.13,0.87,-0.74
2014-03-01,USD_CAD,USD,CAD,0.12,0.8425,-0.7225
2014-04-01,USD_CAD,USD,CAD,0.12,0.926,-0.806
2014-05-01,USD_CAD,USD,CAD,0.11,0.925,-0.8150000000000001
2014-06-01,USD_CAD,USD,CAD,0.11,0.935,-0.8250000000000001
2014-07-01,USD_CAD,USD,CAD,0.13,0.948,-0.818
2014-08-01,USD_CAD,USD,CAD,0.13,0.95,-0.82
2014-09-01,USD_CAD,USD,CAD,0.12,0.9275,-0.8075
2014-10-01,USD_CAD,USD,CAD,0.12,0.894,-0.774
2014-11-01,USD_CAD,USD,CAD,0.13,0.9025,-0.7725
2014-12-01,USD_CAD,USD,CAD,0.15,0.902,-0.752
2015-01-01,USD_CAD,USD,CAD,0.16,0.765,-0.605
2015-02-01,USD_CAD,USD,CAD,0.15,0.5325,-0.38249999999999995
2015-03-01,USD_CAD,USD,CAD,0.14,0.5525,-0.4125
2015-04-01,USD_CAD,USD,CAD,0.13,0.618,-0.488
2015-05-01,USD_CAD,USD,CAD,0.15,0.6575,-0.5075
2015-06-01,USD_CAD,USD,CAD,0.18,0.61,-0.43
2015-07-01,USD_CAD,USD,CAD,0.19,0.47,-0.27999999999999997
2015-08-01,USD_CAD,USD,CAD,0.26,0.385,-0.125
2015-09-01,USD_CAD,USD,CAD,0.27,0.4,-0.13
2015-10-01,USD_CAD,USD,CAD,0.25,0.4025,-0.15250000000000002
2015-11-01,USD_CAD,USD,CAD,0.3,0.4525,-0.15250000000000002
2015-12-01,USD_CAD,USD,CAD,0.54,0.484,0.05600000000000005
2016-01-01,USD_CAD,USD,CAD,0.57,0.435,0.13499999999999995
2016-02-01,USD_CAD,USD,CAD,0.54,0.4575,0.08250000000000002
2016-03-01,USD_CAD,USD,CAD,0.55,0.46,0.09000000000000002
2016-04-01,USD_CAD,USD,CAD,0.55,0.5125,0.03750000000000009
2016-05-01,USD_CAD,USD,CAD,0.57,0.5075,0.0625
2016-06-01,USD_CAD,USD,CAD,0.55,0.51,0.040000000000000036
2016-07-01,USD_CAD,USD,CAD,0.62,0.5,0.12
2016-08-01,USD_CAD,USD,CAD,0.73,0.506,0.22399999999999998
2016-09-01,USD_CAD,USD,CAD,0.75,0.505,0.245
2016-10-01,USD_CAD,USD,CAD,0.72,0.4875,0.23249999999999998
2016-11-01,USD_CAD,USD,CAD,0.71,0.48,0.22999999999999998
2016-12-01,USD_CAD,USD,CAD,0.87,0.4775,0.3925
2017-01-01,USD_CAD,USD,CAD,0.9,0.45,0.45
2017-02-01,USD_CAD,USD,CAD,0.87,0.465,0.40499999999999997
2017-03-01,USD_CAD,USD,CAD,0.98,0.498,0.482
2017-04-01,USD_CAD,USD,CAD,1.03,0.535,0.495
2017-05-01,USD_CAD,USD,CAD,1.05,0.512,0.538
2017-06-01,USD_CAD,USD,CAD,1.16,0.565,0.595
2017-07-01,USD_CAD,USD,CAD,1.22,0.73,0.49
2017-08-01,USD_CAD,USD,CAD,1.25,0.722,0.528
2017-09-01,USD_CAD,USD,CAD,1.25,0.98,0.27
2017-10-01,USD_CAD,USD,CAD,1.26,0.96,0.30000000000000004
2017-11-01,USD_CAD,USD,CAD,1.32,0.88,0.44000000000000006
2017-12-01,USD_CAD,USD,CAD,1.54,0.96,0.5800000000000001
2018-01-01,USD_CAD,USD,CAD,1.63,1.164,0.46599999999999997
2018-02-01,USD_CAD,USD,CAD,1.78,1.1625,0.6174999999999999
2018-03-01,USD_CAD,USD,CAD,2.08,1.095,0.9850000000000001
2018-04-01,USD_CAD,USD,CAD,2.2,1.165,1.0350000000000001
2018-05-01,USD_CAD,USD,CAD,2.16,1.246,0.9140000000000001
2018-06-01,USD_CAD,USD,CAD,2.19,1.2375,0.9524999999999999
2018-07-01,USD_CAD,USD,CAD,2.17,1.375,0.7949999999999999
2018-08-01,USD_CAD,USD,CAD,2.19,1.488,0.702
2018-09-01,USD_CAD,USD,CAD,2.24,1.5175,0.7225000000000001
2018-10-01,USD_CAD,USD,CAD,2.37,1.66,0.7100000000000002
2018-11-01,USD_CAD,USD,CAD,2.56,1.7125,0.8475000000000001
2018-12-01,USD_CAD,USD,CAD,2.69,1.66,1.03
2019-01-01,USD_CAD,USD,CAD,2.59,1.634,0.956
2019-02-01,USD_CAD,USD,CAD,2.49,1.665,0.8250000000000002
2019-03-01,USD_CAD,USD,CAD,2.48,1.66,0.8200000000000001
2019-04-01,USD_CAD,USD,CAD,2.47,1.675,0.7950000000000002
2019-05-01,USD_CAD,USD,CAD,2.44,1.678,0.762
2019-06-01,USD_CAD,USD,CAD,2.3,1.665,0.6349999999999998
2019-07-01,USD_CAD,USD,CAD,2.22,1.654,0.5660000000000003
2019-08-01,USD_CAD,USD,CAD,2.06,1.635,0.42500000000000004
2019-09-01,USD_CAD,USD,CAD,2.03,1.6275,0.40249999999999986
2019-10-01,USD_CAD,USD,CAD,1.88,1.654,0.22599999999999998
2019-11-01,USD_CAD,USD,CAD,1.77,1.6625,0.10749999999999993
2019-12-01,USD_CAD,USD,CAD,1.76,1.6575,0.10250000000000004
2020-01-01,USD_CAD,USD,CAD,1.65,1.646,0.0040000000000000036
2020-02-01,USD_CAD,USD,CAD,1.59,1.6325,-0.04249999999999998
2020-03-01,USD_CAD,USD,CAD,1.35,0.6725,0.6775000000000001
2020-04-01,USD_CAD,USD,CAD,1.35,0.246,1.104
2020-05-01,USD_CAD,USD,CAD,0.17,0.235,-0.06499999999999997
2020-06-01,USD_CAD,USD,CAD,0.2,0.1925,0.007500000000000007
2020-07-01,USD_CAD,USD,CAD,0.18,0.18,0.0
2020-08-01,USD_CAD,USD,CAD,0.15,0.1575,-0.007500000000000007
2020-09-01,USD_CAD,USD,CAD,0.13,0.142,-0.011999999999999983
2020-10-01,USD_CAD,USD,CAD,0.12,0.1,0.01999999999999999
2020-11-01,USD_CAD,USD,CAD,0.16,0.1075,0.052500000000000005
2020-12-01,USD_CAD,USD,CAD,0.17,0.106,0.06400000000000002
2021-01-01,USD_CAD,USD,CAD,0.14,0.0575,0.08250000000000002
2021-02-01,USD_CAD,USD,CAD,0.11,0.0825,0.027499999999999997
2021-03-01,USD_CAD,USD,CAD,0.1,0.106,-0.0059999999999999915
2021-04-01,USD_CAD,USD,CAD,0.11,0.0925,0.0175
2021-05-01,USD_CAD,USD,CAD,0.1,0.0975,0.0025000000000000022
2021-06-01,USD_CAD,USD,CAD,0.09,0.128,-0.038000000000000006
2021-07-01,USD_CAD,USD,CAD,0.1,0.1675,-0.0675
2021-08-01,USD_CAD,USD,CAD,0.1,0.1775,-0.07749999999999999
2021-09-01,USD_CAD,USD,CAD,0.1,0.132,-0.032
2021-10-01,USD_CAD,USD,CAD,0.11,0.12,-0.009999999999999995
2021-11-01,USD_CAD,USD,CAD,0.14,0.1175,0.02250000000000002
2021-12-01,USD_CAD,USD,CAD,0.17,0.078,0.09200000000000001
2022-01-01,USD_CAD,USD,CAD,0.22,0.305,-0.08499999999999999
2022-02-01,USD_CAD,USD,CAD,0.38,0.325,0.05499999999999999
2022-03-01,USD_CAD,USD,CAD,0.73,0.566,0.16400000000000003
2022-04-01,USD_CAD,USD,CAD,0.91,1.0475,-0.13750000000000007
2022-05-01,USD_CAD,USD,CAD,1.33,1.3675,-0.03749999999999987
2022-06-01,USD_CAD,USD,CAD,1.87,1.834,0.03600000000000003
2022-07-01,USD_CAD,USD,CAD,2.5,2.445,0.05500000000000016
2022-08-01,USD_CAD,USD,CAD,2.76,2.908,-0.14800000000000013
2022-09-01,USD_CAD,USD,CAD,3.21,3.42,-0.20999999999999996
2022-10-01,USD_CAD,USD,CAD,3.85,3.76,0.0900000000000003
2022-11-01,USD_CAD,USD,CAD,4.46,3.988,0.472
2022-12-01,USD_CAD,USD,CAD,4.51,4.1675,0.34249999999999936
2023-01-01,USD_CAD,USD,CAD,4.61,4.325,0.28500000000000014
2023-02-01,USD_CAD,USD,CAD,4.74,4.45,0.29000000000000004
2023-03-01,USD_CAD,USD,CAD,4.91,4.388,0.5220000000000002
2023-04-01,USD_CAD,USD,CAD,5.03,4.3675,0.6625000000000005
2023-05-01,USD_CAD,USD,CAD,5.15,4.478,0.6720000000000006
2023-06-01,USD_CAD,USD,CAD,5.22,4.8325,0.3875000000000002
2023-07-01,USD_CAD,USD,CAD,5.35,4.935,0.41500000000000004
2023-08-01,USD_CAD,USD,CAD,5.44,5.054,0.3860000000000001
2023-09-01,USD_CAD,USD,CAD,5.49,5.0375,0.45250000000000057
2023-10-01,USD_CAD,USD,CAD,5.46,5.08,0.3799999999999999
2023-11-01,USD_CAD,USD,CAD,5.41,4.996,0.4139999999999997
2023-12-01,USD_CAD,USD,CAD,5.32,4.9475,0.3725000000000005
2024-01-01,USD_CAD,USD,CAD,5.26,4.948,0.3119999999999994
2024-02-01,USD_CAD,USD,CAD,5.22,4.935,0.28500000000000014
2024-03-01,USD_CAD,USD,CAD,5.29,4.905,0.3849999999999998
2024-04-01,USD_CAD,USD,CAD,5.33,4.925,0.40500000000000025
2024-05-01,USD_CAD,USD,CAD,5.33,4.868,0.46199999999999974
2024-06-01,USD_CAD,USD,CAD,5.28,4.6475,0.6325000000000003
2024-07-01,USD_CAD,USD,CAD,5.31,4.508,0.8019999999999996
2024-08-01,USD_CAD,USD,CAD,5.12,4.2325,0.8875000000000002
2024-09-01,USD_CAD,USD,CAD,4.86,4.0425,0.8174999999999999
2024-10-01,USD_CAD,USD,CAD,4.62,3.71,0.9100000000000001
2024-11-01,USD_CAD,USD,CAD,4.53,3.48,1.0500000000000003
2024-12-01,USD_CAD,USD,CAD,4.46,3.195,1.2650000000000001
2025-01-01,USD_CAD,USD,CAD,4.33,3.058,1.2720000000000002
2025-02-01,USD_CAD,USD,CAD,4.34,2.8425,1.4975
2025-03-01,USD_CAD,USD,CAD,4.29,2.66,1.63
2025-04-01,USD_CAD,USD,CAD,4.32,2.622,1.6980000000000004
2025-05-01,USD_CAD,USD,CAD,4.29,2.6225,1.6675
2025-06-01,USD_CAD,USD,CAD,4.31,2.66,1.6499999999999995
2025-07-01,USD_CAD,USD,CAD,4.28,2.662,1.6180000000000003
2025-08-01,USD_CAD,USD,CAD,4.22,2.655,1.565
2025-09-01,USD_CAD,USD,CAD,4.1,2.4925,1.6074999999999995
2025-10-01,USD_CAD,USD,CAD,3.98,2.334,1.646
2025-11-01,USD_CAD,USD,CAD,3.86,2.185,1.6749999999999998
2025-12-01,USD_CAD,USD,CAD,3.74,2.164,1.576
2026-01-01,USD_CAD,USD,CAD,3.63,2.19,1.44
2026-02-01,USD_CAD,USD,CAD,3.66,2.1775,1.4825
2026-03-01,USD_CAD,USD,CAD,3.69,2.23,1.46
2026-04-01,USD_CAD,USD,CAD,3.77,2.272,1.4980000000000002
1999-07-01,USD_CHF,USD,CHF,5.24,0.955,4.285
1999-08-01,USD_CHF,USD,CHF,5.41,0.92453125,4.48546875
1999-09-01,USD_CHF,USD,CHF,5.5,0.900516,4.599484
1999-10-01,USD_CHF,USD,CHF,6.13,1.8848,4.2452
1999-11-01,USD_CHF,USD,CHF,6.0,1.6871356,4.3128644000000005
1999-12-01,USD_CHF,USD,CHF,6.05,1.74320418181818,4.30679581818182
2000-01-01,USD_CHF,USD,CHF,5.95,1.72924735,4.22075265
2000-02-01,USD_CHF,USD,CHF,6.01,2.23797919047619,3.7720208095238097
2000-03-01,USD_CHF,USD,CHF,6.14,2.43072330434783,3.7092766956521697
2000-04-01,USD_CHF,USD,CHF,6.28,2.8121195,3.4678805
2000-05-01,USD_CHF,USD,CHF,6.71,3.01037731818182,3.69962268181818
2000-06-01,USD_CHF,USD,CHF,6.73,3.20290635,3.5270936500000003
2000-07-01,USD_CHF,USD,CHF,6.67,3.29050628571429,3.3794937142857098
2000-08-01,USD_CHF,USD,CHF,6.61,3.30846527272727,3.3015347272727302
2000-09-01,USD_CHF,USD,CHF,6.6,3.3217070952381,3.2782929047618996
2000-10-01,USD_CHF,USD,CHF,6.67,3.34387236363636,3.32612763636364
2000-11-01,USD_CHF,USD,CHF,6.65,3.34746895454545,3.3025310454545505
2000-12-01,USD_CHF,USD,CHF,6.45,3.25550668421053,3.19449331578947
2001-01-01,USD_CHF,USD,CHF,5.62,3.25396728571429,2.3660327142857103
2001-02-01,USD_CHF,USD,CHF,5.26,3.34404575,1.91595425
2001-03-01,USD_CHF,USD,CHF,4.89,3.26320313636364,1.62679686363636
2001-04-01,USD_CHF,USD,CHF,4.53,3.12508536842105,1.4049146315789502
2001-05-01,USD_CHF,USD,CHF,4.02,3.0529099047619,0.9670900952380994
2001-06-01,USD_CHF,USD,CHF,3.74,3.10380645,0.6361935500000002
2001-07-01,USD_CHF,USD,CHF,3.66,3.12780690909091,0.53219309090909
2001-08-01,USD_CHF,USD,CHF,3.48,3.07501459090909,0.40498540909090996
2001-09-01,USD_CHF,USD,CHF,2.87,2.66832555,0.20167445000000006
2001-10-01,USD_CHF,USD,CHF,2.31,2.06915434782609,0.24084565217391019
2001-11-01,USD_CHF,USD,CHF,2.03,1.93803509090909,0.09196490909090982
2001-12-01,USD_CHF,USD,CHF,1.83,1.74428288888889,0.08571711111111013
2002-01-01,USD_CHF,USD,CHF,1.74,1.60372514285714,0.13627485714286003
2002-02-01,USD_CHF,USD,CHF,1.82,1.5666706,0.25332940000000015
2002-03-01,USD_CHF,USD,CHF,1.91,1.60416375,0.3058362499999998
2002-04-01,USD_CHF,USD,CHF,1.87,1.46064661904762,0.40935338095238016
2002-05-01,USD_CHF,USD,CHF,1.82,1.1634939,0.6565061000000001
2002-06-01,USD_CHF,USD,CHF,1.81,1.14959405,0.6604059500000001
2002-07-01,USD_CHF,USD,CHF,1.79,1.00306152173913,0.7869384782608699
2002-08-01,USD_CHF,USD,CHF,1.73,0.668342047619048,1.061657952380952
2002-09-01,USD_CHF,USD,CHF,1.76,0.612999095238095,1.147000904761905
2002-10-01,USD_CHF,USD,CHF,1.73,0.627853739130435,1.102146260869565
2002-11-01,USD_CHF,USD,CHF,1.39,0.592497857142857,0.7975021428571429
2002-12-01,USD_CHF,USD,CHF,1.34,0.54338995,0.7966100500000001
2003-01-01,USD_CHF,USD,CHF,1.29,0.508735476190476,0.781264523809524
2003-02-01,USD_CHF,USD,CHF,1.27,0.48923735,0.78076265
2003-03-01,USD_CHF,USD,CHF,1.23,0.233193714285714,0.996806285714286
2003-04-01,USD_CHF,USD,CHF,1.24,0.1737809,1.0662191
2003-05-01,USD_CHF,USD,CHF,1.22,0.1585085,1.0614915
2003-06-01,USD_CHF,USD,CHF,1.04,0.15839465,0.8816053500000001
2003-07-01,USD_CHF,USD,CHF,1.05,0.16359952173913,0.8864004782608701
2003-08-01,USD_CHF,USD,CHF,1.08,0.1508667,0.9291333
2003-09-01,USD_CHF,USD,CHF,1.08,0.138722590909091,0.9412774090909091
2003-10-01,USD_CHF,USD,CHF,1.1,0.129131043478261,0.9708689565217391
2003-11-01,USD_CHF,USD,CHF,1.11,0.14283225,0.9671677500000001
2003-12-01,USD_CHF,USD,CHF,1.1,0.136828571428571,0.9631714285714291
2004-01-01,USD_CHF,USD,CHF,1.06,0.1284939,0.9315061
2004-02-01,USD_CHF,USD,CHF,1.05,0.14803445,0.90196555
2004-03-01,USD_CHF,USD,CHF,1.05,0.158294043478261,0.891705956521739
2004-04-01,USD_CHF,USD,CHF,1.08,0.18674945,0.8932505500000001
2004-05-01,USD_CHF,USD,CHF,1.2,0.182353368421053,1.017646631578947
2004-06-01,USD_CHF,USD,CHF,1.46,0.328464045454545,1.131535954545455
2004-07-01,USD_CHF,USD,CHF,1.57,0.422401363636364,1.1475986363636361
2004-08-01,USD_CHF,USD,CHF,1.68,0.471912181818182,1.208087818181818
2004-09-01,USD_CHF,USD,CHF,1.86,0.584377681818182,1.275622318181818
2004-10-01,USD_CHF,USD,CHF,2.04,0.620791047619048,1.4192089523809521
2004-11-01,USD_CHF,USD,CHF,2.26,0.648511,1.6114889999999997
2004-12-01,USD_CHF,USD,CHF,2.45,0.649346863636364,1.8006531363636362
2005-01-01,USD_CHF,USD,CHF,2.61,0.651069238095238,1.958930761904762
2005-02-01,USD_CHF,USD,CHF,2.77,0.6771861,2.0928139
2005-03-01,USD_CHF,USD,CHF,2.97,0.666316238095238,2.3036837619047623
2005-04-01,USD_CHF,USD,CHF,3.09,0.67295219047619,2.41704780952381
2005-05-01,USD_CHF,USD,CHF,3.22,0.67066215,2.54933785
2005-06-01,USD_CHF,USD,CHF,3.38,0.672201227272727,2.7077987727272728
2005-07-01,USD_CHF,USD,CHF,3.57,0.666276380952381,2.9037236190476188
2005-08-01,USD_CHF,USD,CHF,3.77,0.675881090909091,3.094118909090909
2005-09-01,USD_CHF,USD,CHF,3.87,0.674919636363636,3.195080363636364
2005-10-01,USD_CHF,USD,CHF,4.13,0.722154380952381,3.407845619047619
2005-11-01,USD_CHF,USD,CHF,4.31,0.865552090909091,3.4444479090909086
2005-12-01,USD_CHF,USD,CHF,4.45,0.9330752,3.5169248
2006-01-01,USD_CHF,USD,CHF,4.56,0.924489476190476,3.6355105238095238
2006-02-01,USD_CHF,USD,CHF,4.72,0.9967605,3.7232394999999996
2006-03-01,USD_CHF,USD,CHF,4.88,1.11319943478261,3.76680056521739
2006-04-01,USD_CHF,USD,CHF,5.03,1.17550216666667,3.85449783333333
2006-05-01,USD_CHF,USD,CHF,5.15,1.30199257142857,3.8480074285714303
2006-06-01,USD_CHF,USD,CHF,5.35,1.37270757142857,3.9772924285714297
2006-07-01,USD_CHF,USD,CHF,5.46,1.42769528571429,4.03230471428571
2006-08-01,USD_CHF,USD,CHF,5.38,1.52308863636364,3.85691136363636
2006-09-01,USD_CHF,USD,CHF,5.34,1.643369,3.696631
2006-10-01,USD_CHF,USD,CHF,5.33,1.74738009090909,3.5826199090909103
2006-11-01,USD_CHF,USD,CHF,5.32,1.80596172727273,3.5140382727272703
2006-12-01,USD_CHF,USD,CHF,5.32,1.90840782352941,3.4115921764705903
2007-01-01,USD_CHF,USD,CHF,5.32,2.05046923809524,3.26953076190476
2007-02-01,USD_CHF,USD,CHF,5.31,2.11132155,3.1986784499999996
2007-03-01,USD_CHF,USD,CHF,5.3,2.15987477272727,3.14012522727273
2007-04-01,USD_CHF,USD,CHF,5.31,2.22386673684211,3.0861332631578895
2007-05-01,USD_CHF,USD,CHF,5.31,2.31683825,2.9931617499999996
2007-06-01,USD_CHF,USD,CHF,5.33,2.44371828571429,2.88628171428571
2007-07-01,USD_CHF,USD,CHF,5.32,2.61172740909091,2.70827259090909
2007-08-01,USD_CHF,USD,CHF,5.49,2.60672072727273,2.88327927272727
2007-09-01,USD_CHF,USD,CHF,5.46,2.49345425,2.96654575
2007-10-01,USD_CHF,USD,CHF,5.08,2.45670126086957,2.62329873913043
2007-11-01,USD_CHF,USD,CHF,4.97,2.29504331818182,2.6749566818181796
2007-12-01,USD_CHF,USD,CHF,5.02,2.34431588235294,2.6756841176470596
2008-01-01,USD_CHF,USD,CHF,3.84,2.28750271428571,1.5524972857142898
2008-02-01,USD_CHF,USD,CHF,3.06,2.41745680952381,0.6425431904761902
2008-03-01,USD_CHF,USD,CHF,2.79,2.28812894736842,0.5018710526315799
2008-04-01,USD_CHF,USD,CHF,2.85,2.18122622727273,0.66877377272727
2008-05-01,USD_CHF,USD,CHF,2.66,2.0428156,0.6171844000000002
2008-06-01,USD_CHF,USD,CHF,2.76,2.1437270952381,0.6162729047619
2008-07-01,USD_CHF,USD,CHF,2.79,2.20689582608696,0.58310417391304
2008-08-01,USD_CHF,USD,CHF,2.79,2.1833859,0.6066140999999998
2008-09-01,USD_CHF,USD,CHF,3.59,2.124653,1.465347
2008-10-01,USD_CHF,USD,CHF,4.32,1.41079118181818,2.9092088181818205
2008-11-01,USD_CHF,USD,CHF,2.36,0.700317846153846,1.659682153846154
2008-12-01,USD_CHF,USD,CHF,1.77,0.1075305,1.6624695
2009-01-01,USD_CHF,USD,CHF,1.02,0.0938757,0.9261243
2009-02-01,USD_CHF,USD,CHF,1.16,0.110002944444444,1.049997055555556
2009-03-01,USD_CHF,USD,CHF,1.07,0.113013047619048,0.9569869523809521
2009-04-01,USD_CHF,USD,CHF,0.89,0.0902461818181818,0.7997538181818182
2009-05-01,USD_CHF,USD,CHF,0.57,0.0912780588235294,0.47872194117647054
2009-06-01,USD_CHF,USD,CHF,0.39,0.0871305263157895,0.3028694736842105
2009-07-01,USD_CHF,USD,CHF,0.35,0.0717845652173913,0.2782154347826087
2009-08-01,USD_CHF,USD,CHF,0.3,0.0738368095238095,0.2261631904761905
2009-09-01,USD_CHF,USD,CHF,0.25,0.073400380952381,0.176599619047619
2009-10-01,USD_CHF,USD,CHF,0.24,0.0850033333333333,0.15499666666666667
2009-11-01,USD_CHF,USD,CHF,0.21,0.118535785714286,0.091464214285714
2009-12-01,USD_CHF,USD,CHF,0.22,0.115619909090909,0.104380090909091
2010-01-01,USD_CHF,USD,CHF,0.2,0.0903594,0.1096406
2010-02-01,USD_CHF,USD,CHF,0.19,0.09874325,0.09125675
2010-03-01,USD_CHF,USD,CHF,0.23,0.0957777272727273,0.13422227272727272
2010-04-01,USD_CHF,USD,CHF,0.3,0.0879435,0.21205649999999998
2010-05-01,USD_CHF,USD,CHF,0.45,0.08190975,0.36809025
2010-06-01,USD_CHF,USD,CHF,0.52,0.11774075,0.40225925
2010-07-01,USD_CHF,USD,CHF,0.41,0.18285119047619,0.22714880952380997
2010-08-01,USD_CHF,USD,CHF,0.32,0.20656935,0.11343065
2010-09-01,USD_CHF,USD,CHF,0.28,0.213812095238095,0.06618790476190503
2010-10-01,USD_CHF,USD,CHF,0.27,0.24791775,0.022082250000000025
2010-11-01,USD_CHF,USD,CHF,0.27,0.18600105,0.08399895000000002
2010-12-01,USD_CHF,USD,CHF,0.3,0.191368111111111,0.108631888888889
2011-01-01,USD_CHF,USD,CHF,0.29,0.15081019047619,0.13918980952381
2011-02-01,USD_CHF,USD,CHF,0.28,0.13954275,0.14045725000000003
2011-03-01,USD_CHF,USD,CHF,0.28,0.155124173913043,0.12487582608695702
2011-04-01,USD_CHF,USD,CHF,0.23,0.139454111111111,0.09054588888888901
2011-05-01,USD_CHF,USD,CHF,0.21,0.119449863636364,0.09055013636363599
2011-06-01,USD_CHF,USD,CHF,0.22,0.10205965,0.11794035
2011-07-01,USD_CHF,USD,CHF,0.24,0.0909554761904762,0.1490445238095238
2011-08-01,USD_CHF,USD,CHF,0.29,-0.0675968,0.3575968
2011-09-01,USD_CHF,USD,CHF,0.33,-0.0610702727272727,0.39107027272727274
2011-10-01,USD_CHF,USD,CHF,0.37,-0.0933598947368421,0.4633598947368421
2011-11-01,USD_CHF,USD,CHF,0.41,-0.0653187,0.4753187
2011-12-01,USD_CHF,USD,CHF,0.49,0.08,0.41
2012-01-01,USD_CHF,USD,CHF,0.4,0.0402932857142857,0.3597067142857143
2012-02-01,USD_CHF,USD,CHF,0.3,0.0178765,0.28212349999999997
2012-03-01,USD_CHF,USD,CHF,0.29,0.05129925,0.23870075
2012-04-01,USD_CHF,USD,CHF,0.29,0.0136988333333333,0.27630116666666665
2012-05-01,USD_CHF,USD,CHF,0.29,-0.0154980555555556,0.3054980555555556
2012-06-01,USD_CHF,USD,CHF,0.32,-0.0573110588235294,0.3773110588235294
2012-07-01,USD_CHF,USD,CHF,0.3,-0.173395066666667,0.473395066666667
2012-08-01,USD_CHF,USD,CHF,0.26,-0.207230666666667,0.467230666666667
2012-09-01,USD_CHF,USD,CHF,0.24,-0.150658058823529,0.390658058823529
2012-10-01,USD_CHF,USD,CHF,0.23,-0.06339775,0.29339775
2012-11-01,USD_CHF,USD,CHF,0.23,-0.144987368421053,0.374987368421053
2012-12-01,USD_CHF,USD,CHF,0.24,-0.051343,0.291343
2013-01-01,USD_CHF,USD,CHF,0.23,-0.1080856,0.3380856
2013-02-01,USD_CHF,USD,CHF,0.22,-0.0634238666666667,0.2834238666666667
2013-03-01,USD_CHF,USD,CHF,0.21,-0.0596407368421053,0.2696407368421053
2013-04-01,USD_CHF,USD,CHF,0.2,-0.0647253333333333,0.2647253333333333
2013-05-01,USD_CHF,USD,CHF,0.2,-0.05881175,0.25881175
2013-06-01,USD_CHF,USD,CHF,0.19,-0.0602111052631579,0.25021110526315793
2013-07-01,USD_CHF,USD,CHF,0.14,-0.0558058260869565,0.1958058260869565
2013-08-01,USD_CHF,USD,CHF,0.12,-0.06065045,0.18065045
2013-09-01,USD_CHF,USD,CHF,0.11,-0.0511073157894737,0.1611073157894737
2013-10-01,USD_CHF,USD,CHF,0.12,0.0159292,0.10407079999999999
2013-11-01,USD_CHF,USD,CHF,0.12,-0.0169540555555556,0.1369540555555556
2013-12-01,USD_CHF,USD,CHF,0.14,0.0174349166666667,0.12256508333333331
2014-01-01,USD_CHF,USD,CHF,0.12,-0.0433244,0.16332439999999998
2014-02-01,USD_CHF,USD,CHF,0.13,-0.04796675,0.17796675
2014-03-01,USD_CHF,USD,CHF,0.12,-0.0400058571428571,0.1600058571428571
2014-04-01,USD_CHF,USD,CHF,0.12,-0.0292094,0.1492094
2014-05-01,USD_CHF,USD,CHF,0.11,-0.03160255,0.14160255
2014-06-01,USD_CHF,USD,CHF,0.11,-0.012441,0.122441
2014-07-01,USD_CHF,USD,CHF,0.13,0.0333333333333333,0.0966666666666667
2014-08-01,USD_CHF,USD,CHF,0.13,0.038,0.092
2014-09-01,USD_CHF,USD,CHF,0.12,0.025,0.095
2014-10-01,USD_CHF,USD,CHF,0.12,0.04,0.07999999999999999
2014-11-01,USD_CHF,USD,CHF,0.13,0.0414285714285714,0.0885714285714286
2014-12-01,USD_CHF,USD,CHF,0.15,0.040234375,0.10976562499999999
2015-01-01,USD_CHF,USD,CHF,0.16,-0.416666666666667,0.576666666666667
2015-02-01,USD_CHF,USD,CHF,0.15,-0.675,0.8250000000000001
2015-03-01,USD_CHF,USD,CHF,0.14,-0.788842625,0.928842625
2015-04-01,USD_CHF,USD,CHF,0.13,-0.685416666666667,0.815416666666667
2015-05-01,USD_CHF,USD,CHF,0.15,-0.81541675,0.96541675
2015-06-01,USD_CHF,USD,CHF,0.18,-0.767575833333333,0.9475758333333331
2015-07-01,USD_CHF,USD,CHF,0.19,-0.7443055,0.9343055
2015-08-01,USD_CHF,USD,CHF,0.26,-0.78125,1.04125
2015-09-01,USD_CHF,USD,CHF,0.27,-0.756176166666667,1.0261761666666671
2015-10-01,USD_CHF,USD,CHF,0.25,-0.845,1.095
2015-11-01,USD_CHF,USD,CHF,0.3,-0.680833,0.9808330000000001
2015-12-01,USD_CHF,USD,CHF,0.54,-0.740213833333333,1.280213833333333
2016-01-01,USD_CHF,USD,CHF,0.57,-0.745873,1.3158729999999998
2016-02-01,USD_CHF,USD,CHF,0.54,-0.8886364,1.4286364
2016-03-01,USD_CHF,USD,CHF,0.55,-0.774167,1.324167
2016-04-01,USD_CHF,USD,CHF,0.55,-0.746875,1.296875
2016-05-01,USD_CHF,USD,CHF,0.57,-0.765375,1.335375
2016-06-01,USD_CHF,USD,CHF,0.55,-0.718645,1.268645
2016-07-01,USD_CHF,USD,CHF,0.62,-0.77,1.3900000000000001
2016-08-01,USD_CHF,USD,CHF,0.73,-0.75,1.48
2016-09-01,USD_CHF,USD,CHF,0.75,-0.75,1.5
2016-10-01,USD_CHF,USD,CHF,0.72,-0.75,1.47
2016-11-01,USD_CHF,USD,CHF,0.71,-0.76,1.47
2016-12-01,USD_CHF,USD,CHF,0.87,-0.8,1.67
2017-01-01,USD_CHF,USD,CHF,0.9,-0.93,1.83
2017-02-01,USD_CHF,USD,CHF,0.87,-0.803778166666667,1.6737781666666671
2017-03-01,USD_CHF,USD,CHF,0.98,-0.815,1.795
2017-04-01,USD_CHF,USD,CHF,1.03,-0.7901191,1.8201190999999999
2017-05-01,USD_CHF,USD,CHF,1.05,-0.89770825,1.94770825
2017-06-01,USD_CHF,USD,CHF,1.16,-0.775,1.935
2017-07-01,USD_CHF,USD,CHF,1.22,-0.805833333333333,2.025833333333333
2017-08-01,USD_CHF,USD,CHF,1.25,-0.815,2.065
2017-09-01,USD_CHF,USD,CHF,1.25,-0.84525,2.09525
2017-10-01,USD_CHF,USD,CHF,1.26,-0.925185222222222,2.185185222222222
2017-11-01,USD_CHF,USD,CHF,1.32,-0.906642166666667,2.226642166666667
2017-12-01,USD_CHF,USD,CHF,1.54,-0.864305555555556,2.404305555555556
2018-01-01,USD_CHF,USD,CHF,1.63,-0.87154745,2.50154745
2018-02-01,USD_CHF,USD,CHF,1.78,-0.8715625,2.6515625
2018-03-01,USD_CHF,USD,CHF,2.08,-0.79524075,2.87524075
2018-04-01,USD_CHF,USD,CHF,2.2,-0.80023515,3.00023515
2018-05-01,USD_CHF,USD,CHF,2.16,-0.7861775,2.9461775
2018-06-01,USD_CHF,USD,CHF,2.19,-0.790477142857143,2.980477142857143
2018-07-01,USD_CHF,USD,CHF,2.17,-0.780435909090909,2.950435909090909
2018-08-01,USD_CHF,USD,CHF,2.19,-0.777280909090909,2.967280909090909
2018-09-01,USD_CHF,USD,CHF,2.24,-0.780283888888889,3.020283888888889
2018-10-01,USD_CHF,USD,CHF,2.37,-0.831076428571429,3.201076428571429
2018-11-01,USD_CHF,USD,CHF,2.56,-0.815,3.375
2018-12-01,USD_CHF,USD,CHF,2.69,-0.776,3.466
2019-01-01,USD_CHF,USD,CHF,2.59,-0.813503555555556,3.403503555555556
2019-02-01,USD_CHF,USD,CHF,2.49,-0.768617571428571,3.2586175714285712
2019-03-01,USD_CHF,USD,CHF,2.48,-0.756575222222222,3.236575222222222
2019-04-01,USD_CHF,USD,CHF,2.47,-0.7475,3.2175000000000002
2019-05-01,USD_CHF,USD,CHF,2.44,-0.7752625,3.2152624999999997
2019-06-01,USD_CHF,USD,CHF,2.3,-0.780555,3.080555
2019-07-01,USD_CHF,USD,CHF,2.22,-0.84,3.06
2019-08-01,USD_CHF,USD,CHF,2.06,-0.8075,2.8675
2019-09-01,USD_CHF,USD,CHF,2.03,-0.79125,2.82125
2019-10-01,USD_CHF,USD,CHF,1.88,-0.756590909090909,2.6365909090909088
2019-11-01,USD_CHF,USD,CHF,1.77,-0.705643333333333,2.475643333333333
2019-12-01,USD_CHF,USD,CHF,1.76,-0.736666666666667,2.496666666666667
2020-01-01,USD_CHF,USD,CHF,1.65,-0.74875,2.3987499999999997
2020-02-01,USD_CHF,USD,CHF,1.59,-0.7164475,2.3064475
2020-03-01,USD_CHF,USD,CHF,1.35,-0.675,2.0250000000000004
2020-04-01,USD_CHF,USD,CHF,1.35,-0.624583333333333,1.9745833333333331
2020-05-01,USD_CHF,USD,CHF,0.17,-0.663348888888889,0.833348888888889
2020-06-01,USD_CHF,USD,CHF,0.2,-0.6658145,0.8658144999999999
2020-07-01,USD_CHF,USD,CHF,0.18,-0.69071347826087,0.8707134782608701
2020-08-01,USD_CHF,USD,CHF,0.15,-0.706807142857143,0.856807142857143
2020-09-01,USD_CHF,USD,CHF,0.13,-0.708714090909091,0.838714090909091
2020-10-01,USD_CHF,USD,CHF,0.12,-0.698181818181818,0.818181818181818
2020-11-01,USD_CHF,USD,CHF,0.16,-0.73,0.89
2020-12-01,USD_CHF,USD,CHF,0.17,-0.742727272727273,0.912727272727273
2021-01-01,USD_CHF,USD,CHF,0.14,-0.729838,0.869838
2021-02-01,USD_CHF,USD,CHF,0.11,-0.732424,0.842424
2021-03-01,USD_CHF,USD,CHF,0.1,-0.73,0.83
2021-04-01,USD_CHF,USD,CHF,0.11,-0.7285415,0.8385414999999999
2021-05-01,USD_CHF,USD,CHF,0.1,-0.735221052631579,0.835221052631579
2021-06-01,USD_CHF,USD,CHF,0.09,-0.737727272727273,0.827727272727273
2021-07-01,USD_CHF,USD,CHF,0.1,-0.736136363636364,0.836136363636364
2021-08-01,USD_CHF,USD,CHF,0.1,-0.738181818181818,0.838181818181818
2021-09-01,USD_CHF,USD,CHF,0.1,-0.82,0.9199999999999999
2021-10-01,USD_CHF,USD,CHF,0.11,-0.726692380952381,0.836692380952381
2021-11-01,USD_CHF,USD,CHF,0.14,-0.693960909090909,0.833960909090909
2021-12-01,USD_CHF,USD,CHF,0.17,-0.71745652173913,0.88745652173913
2022-01-01,USD_CHF,USD,CHF,0.22,-0.714190952380952,0.934190952380952
2022-02-01,USD_CHF,USD,CHF,0.38,-0.684792,1.064792
2022-03-01,USD_CHF,USD,CHF,0.73,-0.682174347826087,1.4121743478260869
2022-04-01,USD_CHF,USD,CHF,0.91,-0.6725,1.5825
2022-05-01,USD_CHF,USD,CHF,1.33,-0.685,2.015
2022-06-01,USD_CHF,USD,CHF,1.87,-0.508571428571429,2.378571428571429
2022-07-01,USD_CHF,USD,CHF,2.5,-0.11,2.61
2022-08-01,USD_CHF,USD,CHF,2.76,-0.0245454545454545,2.784545454545454
2022-09-01,USD_CHF,USD,CHF,3.21,0.1475,3.0625
2022-10-01,USD_CHF,USD,CHF,3.85,0.52875,3.32125
2022-11-01,USD_CHF,USD,CHF,4.46,0.54,3.92
2022-12-01,USD_CHF,USD,CHF,4.51,0.736349047619048,3.773650952380952
2023-01-01,USD_CHF,USD,CHF,4.61,0.986904761904762,3.6230952380952384
2023-02-01,USD_CHF,USD,CHF,4.74,1.0,3.74
2023-03-01,USD_CHF,USD,CHF,4.91,1.36382260869565,3.54617739130435
2023-04-01,USD_CHF,USD,CHF,5.03,1.45,3.58
2023-05-01,USD_CHF,USD,CHF,5.15,1.45,3.7
2023-06-01,USD_CHF,USD,CHF,5.22,1.59045454545455,3.6295454545454495
2023-07-01,USD_CHF,USD,CHF,5.35,1.72,3.63
2023-08-01,USD_CHF,USD,CHF,5.44,1.76727272727273,3.67272727272727
2023-09-01,USD_CHF,USD,CHF,5.49,1.77,3.72
2023-10-01,USD_CHF,USD,CHF,5.46,1.77,3.69
2023-11-01,USD_CHF,USD,CHF,5.41,1.73181818181818,3.6781818181818204
2023-12-01,USD_CHF,USD,CHF,5.32,1.6525,3.6675000000000004
2024-01-01,USD_CHF,USD,CHF,5.26,1.6852380952381,3.5747619047618997
2024-02-01,USD_CHF,USD,CHF,5.22,1.7,3.5199999999999996
2024-03-01,USD_CHF,USD,CHF,5.29,1.5,3.79
2024-04-01,USD_CHF,USD,CHF,5.33,1.5,3.83
2024-05-01,USD_CHF,USD,CHF,5.33,1.5,3.83
2024-06-01,USD_CHF,USD,CHF,5.28,1.427,3.853
2024-07-01,USD_CHF,USD,CHF,5.31,1.19347826086957,4.116521739130429
2024-08-01,USD_CHF,USD,CHF,5.12,1.06647238095238,4.05352761904762
2024-09-01,USD_CHF,USD,CHF,4.86,1.02214285714286,3.8378571428571404
2024-10-01,USD_CHF,USD,CHF,4.62,0.894492608695652,3.7255073913043484
2024-11-01,USD_CHF,USD,CHF,4.53,0.806508095238095,3.7234919047619055
2024-12-01,USD_CHF,USD,CHF,4.46,0.60075,3.85925
2025-01-01,USD_CHF,USD,CHF,4.33,0.408095238095238,3.921904761904762
2025-02-01,USD_CHF,USD,CHF,4.34,0.37125,3.96875
2025-03-01,USD_CHF,USD,CHF,4.29,0.312911904761905,3.977088095238095
2025-04-01,USD_CHF,USD,CHF,4.32,0.15585,4.16415
2025-05-01,USD_CHF,USD,CHF,4.29,0.092,4.198
2025-06-01,USD_CHF,USD,CHF,4.31,0.039603,4.270397
2025-07-01,USD_CHF,USD,CHF,4.28,-0.0406521739130435,4.320652173913044
2025-08-01,USD_CHF,USD,CHF,4.22,-0.0615,4.281499999999999
2025-09-01,USD_CHF,USD,CHF,4.1,-0.0596968181818182,4.159696818181818
2025-10-01,USD_CHF,USD,CHF,3.98,-0.0643113043478261,4.0443113043478265
2025-11-01,USD_CHF,USD,CHF,3.86,-0.0475,3.9074999999999998
2025-12-01,USD_CHF,USD,CHF,3.74,-0.0482128571428571,3.7882128571428573
2026-01-01,USD_CHF,USD,CHF,3.63,-0.0388865,3.6688864999999997
2026-02-01,USD_CHF,USD,CHF,3.66,-0.0435,3.7035
2026-03-01,USD_CHF,USD,CHF,3.69,-0.0411959090909091,3.7311959090909093
2026-04-01,USD_CHF,USD,CHF,3.77,-0.04,3.81
2002-04-01,USD_JPY,USD,JPY,1.87,0.1,1.77
2002-05-01,USD_JPY,USD,JPY,1.82,0.08,1.74
2002-06-01,USD_JPY,USD,JPY,1.81,0.09,1.72
2002-07-01,USD_JPY,USD,JPY,1.79,0.09,1.7
2002-08-01,USD_JPY,USD,JPY,1.73,0.07,1.66
2002-09-01,USD_JPY,USD,JPY,1.76,0.08,1.68
2002-10-01,USD_JPY,USD,JPY,1.73,0.08,1.65
2002-11-01,USD_JPY,USD,JPY,1.39,0.08,1.3099999999999998
2002-12-01,USD_JPY,USD,JPY,1.34,0.1,1.24
2003-01-01,USD_JPY,USD,JPY,1.29,0.1,1.19
2003-02-01,USD_JPY,USD,JPY,1.27,0.09,1.18
2003-03-01,USD_JPY,USD,JPY,1.23,0.08,1.15
2003-04-01,USD_JPY,USD,JPY,1.24,0.08,1.16
2003-05-01,USD_JPY,USD,JPY,1.22,0.08,1.14
2003-06-01,USD_JPY,USD,JPY,1.04,0.09,0.9500000000000001
2003-07-01,USD_JPY,USD,JPY,1.05,0.09,0.9600000000000001
2003-08-01,USD_JPY,USD,JPY,1.08,0.09,0.9900000000000001
2003-09-01,USD_JPY,USD,JPY,1.08,0.09,0.9900000000000001
2003-10-01,USD_JPY,USD,JPY,1.1,0.09,1.01
2003-11-01,USD_JPY,USD,JPY,1.11,0.08,1.03
2003-12-01,USD_JPY,USD,JPY,1.1,0.1,1.0
2004-01-01,USD_JPY,USD,JPY,1.06,0.09,0.9700000000000001
2004-02-01,USD_JPY,USD,JPY,1.05,0.09,0.9600000000000001
2004-03-01,USD_JPY,USD,JPY,1.05,0.08,0.9700000000000001
2004-04-01,USD_JPY,USD,JPY,1.08,0.08,1.0
2004-05-01,USD_JPY,USD,JPY,1.2,0.08,1.1199999999999999
2004-06-01,USD_JPY,USD,JPY,1.46,0.09,1.3699999999999999
2004-07-01,USD_JPY,USD,JPY,1.57,0.09,1.48
2004-08-01,USD_JPY,USD,JPY,1.68,0.09,1.5899999999999999
2004-09-01,USD_JPY,USD,JPY,1.86,0.09,1.77
2004-10-01,USD_JPY,USD,JPY,2.04,0.09,1.95
2004-11-01,USD_JPY,USD,JPY,2.26,0.09,2.17
2004-12-01,USD_JPY,USD,JPY,2.45,0.1,2.35
2005-01-01,USD_JPY,USD,JPY,2.61,0.1,2.51
2005-02-01,USD_JPY,USD,JPY,2.77,0.1,2.67
2005-03-01,USD_JPY,USD,JPY,2.97,0.08,2.89
2005-04-01,USD_JPY,USD,JPY,3.09,0.08,3.01
2005-05-01,USD_JPY,USD,JPY,3.22,0.08,3.14
2005-06-01,USD_JPY,USD,JPY,3.38,0.09,3.29
2005-07-01,USD_JPY,USD,JPY,3.57,0.09,3.48
2005-08-01,USD_JPY,USD,JPY,3.77,0.09,3.68
2005-09-01,USD_JPY,USD,JPY,3.87,0.09,3.7800000000000002
2005-10-01,USD_JPY,USD,JPY,4.13,0.09,4.04
2005-11-01,USD_JPY,USD,JPY,4.31,0.09,4.22
2005-12-01,USD_JPY,USD,JPY,4.45,0.1,4.3500000000000005
2006-01-01,USD_JPY,USD,JPY,4.56,0.1036,4.4563999999999995
2006-02-01,USD_JPY,USD,JPY,4.72,0.11,4.609999999999999
2006-03-01,USD_JPY,USD,JPY,4.88,0.1255,4.7545
2006-04-01,USD_JPY,USD,JPY,5.03,0.14,4.890000000000001
2006-05-01,USD_JPY,USD,JPY,5.15,0.27,4.880000000000001
2006-06-01,USD_JPY,USD,JPY,5.35,0.35,5.0
2006-07-01,USD_JPY,USD,JPY,5.46,0.44,5.02
2006-08-01,USD_JPY,USD,JPY,5.38,0.432,4.9479999999999995
2006-09-01,USD_JPY,USD,JPY,5.34,0.436,4.904
2006-10-01,USD_JPY,USD,JPY,5.33,0.447,4.883
2006-11-01,USD_JPY,USD,JPY,5.32,0.502,4.8180000000000005
2006-12-01,USD_JPY,USD,JPY,5.32,0.54,4.78
2007-01-01,USD_JPY,USD,JPY,5.32,0.54,4.78
2007-02-01,USD_JPY,USD,JPY,5.31,0.66,4.6499999999999995
2007-03-01,USD_JPY,USD,JPY,5.3,0.66,4.64
2007-04-01,USD_JPY,USD,JPY,5.31,0.65,4.659999999999999
2007-05-01,USD_JPY,USD,JPY,5.31,0.67,4.64
2007-06-01,USD_JPY,USD,JPY,5.33,0.73,4.6
2007-07-01,USD_JPY,USD,JPY,5.32,0.77,4.550000000000001
2007-08-01,USD_JPY,USD,JPY,5.49,0.84,4.65
2007-09-01,USD_JPY,USD,JPY,5.46,0.85,4.61
2007-10-01,USD_JPY,USD,JPY,5.08,0.85,4.23
2007-11-01,USD_JPY,USD,JPY,4.97,0.87,4.1
2007-12-01,USD_JPY,USD,JPY,5.02,0.86,4.159999999999999
2008-01-01,USD_JPY,USD,JPY,3.84,0.85,2.9899999999999998
2008-02-01,USD_JPY,USD,JPY,3.06,0.85,2.21
2008-03-01,USD_JPY,USD,JPY,2.79,0.84,1.9500000000000002
2008-04-01,USD_JPY,USD,JPY,2.85,0.84,2.0100000000000002
2008-05-01,USD_JPY,USD,JPY,2.66,0.84,1.8200000000000003
2008-06-01,USD_JPY,USD,JPY,2.76,0.86,1.9
2008-07-01,USD_JPY,USD,JPY,2.79,0.85,1.94
2008-08-01,USD_JPY,USD,JPY,2.79,0.85,1.94
2008-09-01,USD_JPY,USD,JPY,3.59,0.87,2.7199999999999998
2008-10-01,USD_JPY,USD,JPY,4.32,0.89,3.43
2008-11-01,USD_JPY,USD,JPY,2.36,0.88,1.48
2008-12-01,USD_JPY,USD,JPY,1.77,0.74,1.03
2009-01-01,USD_JPY,USD,JPY,1.02,0.72,0.30000000000000004
2009-02-01,USD_JPY,USD,JPY,1.16,0.71,0.44999999999999996
2009-03-01,USD_JPY,USD,JPY,1.07,0.65,0.42000000000000004
2009-04-01,USD_JPY,USD,JPY,0.89,0.6,0.29000000000000004
2009-05-01,USD_JPY,USD,JPY,0.57,0.57,0.0
2009-06-01,USD_JPY,USD,JPY,0.39,0.56,-0.17000000000000004
2009-07-01,USD_JPY,USD,JPY,0.35,0.55,-0.20000000000000007
2009-08-01,USD_JPY,USD,JPY,0.3,0.54,-0.24000000000000005
2009-09-01,USD_JPY,USD,JPY,0.25,0.54,-0.29000000000000004
2009-10-01,USD_JPY,USD,JPY,0.24,0.53,-0.29000000000000004
2009-11-01,USD_JPY,USD,JPY,0.21,0.51,-0.30000000000000004
2009-12-01,USD_JPY,USD,JPY,0.22,0.46,-0.24000000000000002
2010-01-01,USD_JPY,USD,JPY,0.2,0.45,-0.25
2010-02-01,USD_JPY,USD,JPY,0.19,0.44,-0.25
2010-03-01,USD_JPY,USD,JPY,0.23,0.43,-0.19999999999999998
2010-04-01,USD_JPY,USD,JPY,0.3,0.4,-0.10000000000000003
2010-05-01,USD_JPY,USD,JPY,0.45,0.39,0.06
2010-06-01,USD_JPY,USD,JPY,0.52,0.38,0.14
2010-07-01,USD_JPY,USD,JPY,0.41,0.37,0.03999999999999998
2010-08-01,USD_JPY,USD,JPY,0.32,0.36,-0.03999999999999998
2010-09-01,USD_JPY,USD,JPY,0.28,0.36,-0.07999999999999996
2010-10-01,USD_JPY,USD,JPY,0.27,0.34,-0.07
2010-11-01,USD_JPY,USD,JPY,0.27,0.34,-0.07
2010-12-01,USD_JPY,USD,JPY,0.3,0.34,-0.040000000000000036
2011-01-01,USD_JPY,USD,JPY,0.29,0.34,-0.050000000000000044
2011-02-01,USD_JPY,USD,JPY,0.28,0.34,-0.06
2011-03-01,USD_JPY,USD,JPY,0.28,0.33615,-0.05614999999999998
2011-04-01,USD_JPY,USD,JPY,0.23,0.33286,-0.10285999999999998
2011-05-01,USD_JPY,USD,JPY,0.21,0.33214,-0.12214
2011-06-01,USD_JPY,USD,JPY,0.22,0.33214,-0.11213999999999999
2011-07-01,USD_JPY,USD,JPY,0.24,0.33214,-0.09214
2011-08-01,USD_JPY,USD,JPY,0.29,0.32857,-0.03856999999999999
2011-09-01,USD_JPY,USD,JPY,0.33,0.32929,0.0007099999999999884
2011-10-01,USD_JPY,USD,JPY,0.37,0.32929,0.04070999999999997
2011-11-01,USD_JPY,USD,JPY,0.41,0.32929,0.08070999999999995
2011-12-01,USD_JPY,USD,JPY,0.49,0.32929,0.16070999999999996
2012-01-01,USD_JPY,USD,JPY,0.4,0.33077,0.06923000000000001
2012-02-01,USD_JPY,USD,JPY,0.3,0.33167,-0.03167000000000003
2012-03-01,USD_JPY,USD,JPY,0.29,0.33167,-0.04167000000000004
2012-04-01,USD_JPY,USD,JPY,0.29,0.33167,-0.04167000000000004
2012-05-01,USD_JPY,USD,JPY,0.29,0.33167,-0.04167000000000004
2012-06-01,USD_JPY,USD,JPY,0.32,0.33455,-0.014550000000000007
2012-07-01,USD_JPY,USD,JPY,0.3,0.32727,-0.027270000000000016
2012-08-01,USD_JPY,USD,JPY,0.26,0.32727,-0.06727
2012-09-01,USD_JPY,USD,JPY,0.24,0.32727,-0.08727000000000001
2012-10-01,USD_JPY,USD,JPY,0.23,0.32636,-0.09635999999999997
2012-11-01,USD_JPY,USD,JPY,0.23,0.31818,-0.08818000000000001
2012-12-01,USD_JPY,USD,JPY,0.24,0.30818,-0.06818000000000002
2013-01-01,USD_JPY,USD,JPY,0.23,0.29182,-0.061820000000000014
2013-02-01,USD_JPY,USD,JPY,0.22,0.26909,-0.049089999999999995
2013-03-01,USD_JPY,USD,JPY,0.21,0.25,-0.04000000000000001
2013-04-01,USD_JPY,USD,JPY,0.2,0.22818,-0.028179999999999983
2013-05-01,USD_JPY,USD,JPY,0.2,0.22818,-0.028179999999999983
2013-06-01,USD_JPY,USD,JPY,0.19,0.22818,-0.03817999999999999
2013-07-01,USD_JPY,USD,JPY,0.14,0.228,-0.088
2013-08-01,USD_JPY,USD,JPY,0.12,0.228,-0.10800000000000001
2013-09-01,USD_JPY,USD,JPY,0.11,0.228,-0.11800000000000001
2013-10-01,USD_JPY,USD,JPY,0.12,0.221,-0.101
2013-11-01,USD_JPY,USD,JPY,0.12,0.22,-0.1
2013-12-01,USD_JPY,USD,JPY,0.14,0.22,-0.07999999999999999
2014-01-01,USD_JPY,USD,JPY,0.12,0.22,-0.1
2014-02-01,USD_JPY,USD,JPY,0.13,0.212,-0.08199999999999999
2014-03-01,USD_JPY,USD,JPY,0.12,0.212,-0.092
2014-04-01,USD_JPY,USD,JPY,0.12,0.212,-0.092
2014-05-01,USD_JPY,USD,JPY,0.11,0.21,-0.09999999999999999
2014-06-01,USD_JPY,USD,JPY,0.11,0.21,-0.09999999999999999
2014-07-01,USD_JPY,USD,JPY,0.13,0.21,-0.07999999999999999
2014-08-01,USD_JPY,USD,JPY,0.13,0.21,-0.07999999999999999
2014-09-01,USD_JPY,USD,JPY,0.12,0.21,-0.09
2014-10-01,USD_JPY,USD,JPY,0.12,0.192,-0.07200000000000001
2014-11-01,USD_JPY,USD,JPY,0.13,0.182,-0.05199999999999999
2014-12-01,USD_JPY,USD,JPY,0.15,0.179,-0.028999999999999998
2015-01-01,USD_JPY,USD,JPY,0.16,0.173,-0.012999999999999984
2015-02-01,USD_JPY,USD,JPY,0.15,0.171,-0.02100000000000002
2015-03-01,USD_JPY,USD,JPY,0.14,0.17,-0.03
2015-04-01,USD_JPY,USD,JPY,0.13,0.17,-0.04000000000000001
2015-05-01,USD_JPY,USD,JPY,0.15,0.169,-0.019000000000000017
2015-06-01,USD_JPY,USD,JPY,0.18,0.169,0.010999999999999982
2015-07-01,USD_JPY,USD,JPY,0.19,0.169,0.02099999999999999
2015-08-01,USD_JPY,USD,JPY,0.26,0.169,0.091
2015-09-01,USD_JPY,USD,JPY,0.27,0.169,0.101
2015-10-01,USD_JPY,USD,JPY,0.25,0.169,0.08099999999999999
2015-11-01,USD_JPY,USD,JPY,0.3,0.169,0.13099999999999998
2015-12-01,USD_JPY,USD,JPY,0.54,0.169,0.371
2016-01-01,USD_JPY,USD,JPY,0.57,0.169,0.4009999999999999
2016-02-01,USD_JPY,USD,JPY,0.54,0.098,0.44200000000000006
2016-03-01,USD_JPY,USD,JPY,0.55,0.098,0.45200000000000007
2016-04-01,USD_JPY,USD,JPY,0.55,0.06,0.49000000000000005
2016-05-01,USD_JPY,USD,JPY,0.57,0.06,0.51
2016-06-01,USD_JPY,USD,JPY,0.55,0.059,0.49100000000000005
2016-07-01,USD_JPY,USD,JPY,0.62,0.058,0.5619999999999999
2016-08-01,USD_JPY,USD,JPY,0.73,0.058,0.6719999999999999
2016-09-01,USD_JPY,USD,JPY,0.75,0.056,0.694
2016-10-01,USD_JPY,USD,JPY,0.72,0.056,0.6639999999999999
2016-11-01,USD_JPY,USD,JPY,0.71,0.056,0.6539999999999999
2016-12-01,USD_JPY,USD,JPY,0.87,0.056,0.814
2017-01-01,USD_JPY,USD,JPY,0.9,0.056,0.844
2017-02-01,USD_JPY,USD,JPY,0.87,0.056,0.814
2017-03-01,USD_JPY,USD,JPY,0.98,0.056,0.9239999999999999
2017-04-01,USD_JPY,USD,JPY,1.03,0.056,0.974
2017-05-01,USD_JPY,USD,JPY,1.05,0.056,0.994
2017-06-01,USD_JPY,USD,JPY,1.16,0.056,1.1039999999999999
2017-07-01,USD_JPY,USD,JPY,1.22,0.075,1.145
2017-08-01,USD_JPY,USD,JPY,1.25,0.056,1.194
2017-09-01,USD_JPY,USD,JPY,1.25,0.056,1.194
2017-10-01,USD_JPY,USD,JPY,1.26,0.063,1.197
2017-11-01,USD_JPY,USD,JPY,1.32,0.063,1.2570000000000001
2017-12-01,USD_JPY,USD,JPY,1.54,0.063,1.477
2018-01-01,USD_JPY,USD,JPY,1.63,0.068,1.5619999999999998
2018-02-01,USD_JPY,USD,JPY,1.78,0.068,1.712
2018-03-01,USD_JPY,USD,JPY,2.08,0.097,1.983
2018-04-01,USD_JPY,USD,JPY,2.2,0.097,2.103
2018-05-01,USD_JPY,USD,JPY,2.16,0.078,2.0820000000000003
2018-06-01,USD_JPY,USD,JPY,2.19,0.078,2.112
2018-07-01,USD_JPY,USD,JPY,2.17,0.091,2.0789999999999997
2018-08-01,USD_JPY,USD,JPY,2.19,0.091,2.0989999999999998
2018-09-01,USD_JPY,USD,JPY,2.24,0.05,2.1900000000000004
2018-10-01,USD_JPY,USD,JPY,2.37,0.05,2.3200000000000003
2018-11-01,USD_JPY,USD,JPY,2.56,0.05,2.5100000000000002
2018-12-01,USD_JPY,USD,JPY,2.69,0.05,2.64
2019-01-01,USD_JPY,USD,JPY,2.59,0.03,2.56
2019-02-01,USD_JPY,USD,JPY,2.49,0.03,2.4600000000000004
2019-03-01,USD_JPY,USD,JPY,2.48,0.05,2.43
2019-04-01,USD_JPY,USD,JPY,2.47,0.05,2.4200000000000004
2019-05-01,USD_JPY,USD,JPY,2.44,0.049,2.391
2019-06-01,USD_JPY,USD,JPY,2.3,0.049,2.251
2019-07-01,USD_JPY,USD,JPY,2.22,0.049,2.1710000000000003
2019-08-01,USD_JPY,USD,JPY,2.06,0.009,2.051
2019-09-01,USD_JPY,USD,JPY,2.03,0.009,2.021
2019-10-01,USD_JPY,USD,JPY,1.88,0.009,1.871
2019-11-01,USD_JPY,USD,JPY,1.77,0.018,1.752
2019-12-01,USD_JPY,USD,JPY,1.76,0.021,1.739
2020-01-01,USD_JPY,USD,JPY,1.65,0.021,1.629
2020-02-01,USD_JPY,USD,JPY,1.59,0.021,1.5690000000000002
2020-03-01,USD_JPY,USD,JPY,1.35,0.006,1.344
2020-04-01,USD_JPY,USD,JPY,1.35,-0.039,1.389
2020-05-01,USD_JPY,USD,JPY,0.17,-0.042,0.21200000000000002
2020-06-01,USD_JPY,USD,JPY,0.2,-0.042,0.24200000000000002
2020-07-01,USD_JPY,USD,JPY,0.18,-0.065,0.245
2020-08-01,USD_JPY,USD,JPY,0.15,-0.065,0.215
2020-09-01,USD_JPY,USD,JPY,0.13,-0.055,0.185
2020-10-01,USD_JPY,USD,JPY,0.12,-0.055,0.175
2020-11-01,USD_JPY,USD,JPY,0.16,-0.055,0.215
2020-12-01,USD_JPY,USD,JPY,0.17,-0.055,0.225
2021-01-01,USD_JPY,USD,JPY,0.14,-0.055,0.195
2021-02-01,USD_JPY,USD,JPY,0.11,-0.055,0.165
2021-03-01,USD_JPY,USD,JPY,0.1,-0.065,0.165
2021-04-01,USD_JPY,USD,JPY,0.11,-0.065,0.175
2021-05-01,USD_JPY,USD,JPY,0.1,-0.065,0.165
2021-06-01,USD_JPY,USD,JPY,0.09,-0.072,0.16199999999999998
2021-07-01,USD_JPY,USD,JPY,0.1,-0.072,0.172
2021-08-01,USD_JPY,USD,JPY,0.1,-0.072,0.172
2021-09-01,USD_JPY,USD,JPY,0.1,-0.072,0.172
2021-10-01,USD_JPY,USD,JPY,0.11,-0.072,0.182
2021-11-01,USD_JPY,USD,JPY,0.14,-0.072,0.21200000000000002
2021-12-01,USD_JPY,USD,JPY,0.17,-0.049,0.21900000000000003
2022-01-01,USD_JPY,USD,JPY,0.22,-0.049,0.269
2022-02-01,USD_JPY,USD,JPY,0.38,-0.049,0.429
2022-03-01,USD_JPY,USD,JPY,0.73,-0.049,0.779
2022-04-01,USD_JPY,USD,JPY,0.91,-0.049,0.9590000000000001
2022-05-01,USD_JPY,USD,JPY,1.33,-0.049,1.379
2022-06-01,USD_JPY,USD,JPY,1.87,0.005,1.8650000000000002
2022-07-01,USD_JPY,USD,JPY,2.5,-0.031,2.531
2022-08-01,USD_JPY,USD,JPY,2.76,-0.02,2.78
2022-09-01,USD_JPY,USD,JPY,3.21,-0.016,3.226
2022-10-01,USD_JPY,USD,JPY,3.85,-0.016,3.866
2022-11-01,USD_JPY,USD,JPY,4.46,-0.016,4.476
2022-12-01,USD_JPY,USD,JPY,4.51,-0.015,4.5249999999999995
2023-01-01,USD_JPY,USD,JPY,4.61,-0.006,4.6160000000000005
2023-02-01,USD_JPY,USD,JPY,4.74,0.001,4.739
2023-03-01,USD_JPY,USD,JPY,4.91,-0.008,4.918
2023-04-01,USD_JPY,USD,JPY,5.03,-0.001,5.031000000000001
2023-05-01,USD_JPY,USD,JPY,5.15,-0.019,5.1690000000000005
2023-06-01,USD_JPY,USD,JPY,5.22,-0.003,5.223
2023-07-01,USD_JPY,USD,JPY,5.35,-0.003,5.353
2023-08-01,USD_JPY,USD,JPY,5.44,-0.003,5.4430000000000005
2023-09-01,USD_JPY,USD,JPY,5.49,0.024,5.466
2023-10-01,USD_JPY,USD,JPY,5.46,-0.012,5.4719999999999995
2023-11-01,USD_JPY,USD,JPY,5.41,0.024,5.386
2023-12-01,USD_JPY,USD,JPY,5.32,0.052,5.268000000000001
2024-01-01,USD_JPY,USD,JPY,5.26,0.025,5.234999999999999
2024-02-01,USD_JPY,USD,JPY,5.22,0.027,5.193
2024-03-01,USD_JPY,USD,JPY,5.29,0.109,5.181
2024-04-01,USD_JPY,USD,JPY,5.33,0.109,5.221
2024-05-01,USD_JPY,USD,JPY,5.33,0.129,5.2010000000000005
2024-06-01,USD_JPY,USD,JPY,5.28,0.149,5.131
2024-07-01,USD_JPY,USD,JPY,5.31,0.166,5.143999999999999
2024-08-01,USD_JPY,USD,JPY,5.12,0.255,4.865
2024-09-01,USD_JPY,USD,JPY,4.86,0.256,4.604
2024-10-01,USD_JPY,USD,JPY,4.62,0.256,4.364
2024-11-01,USD_JPY,USD,JPY,4.53,0.362,4.168
2024-12-01,USD_JPY,USD,JPY,4.46,0.386,4.074
2025-01-01,USD_JPY,USD,JPY,4.33,0.76727,3.56273
2025-02-01,USD_JPY,USD,JPY,4.34,0.79182,3.54818
2025-03-01,USD_JPY,USD,JPY,4.29,0.82091,3.46909
2025-04-01,USD_JPY,USD,JPY,4.32,0.78364,3.53636
2025-05-01,USD_JPY,USD,JPY,4.29,0.77545,3.51455
2025-06-01,USD_JPY,USD,JPY,4.31,0.77273,3.5372699999999995
2025-07-01,USD_JPY,USD,JPY,4.28,0.77273,3.50727
2025-08-01,USD_JPY,USD,JPY,4.22,0.77273,3.4472699999999996
2025-09-01,USD_JPY,USD,JPY,4.1,0.81818,3.2818199999999997
2025-10-01,USD_JPY,USD,JPY,3.98,0.80909,3.17091
2025-11-01,USD_JPY,USD,JPY,3.86,0.80636,3.0536399999999997
2025-12-01,USD_JPY,USD,JPY,3.74,1.07273,2.6672700000000003
2026-01-01,USD_JPY,USD,JPY,3.63,1.11636,2.5136399999999997
2026-02-01,USD_JPY,USD,JPY,3.66,1.22909,2.43091
2026-03-01,USD_JPY,USD,JPY,3.69,1.26882,2.4211799999999997
2026-04-01,USD_JPY,USD,JPY,3.77,1.26882,2.5011799999999997
