date,currency,rate,series_id
1995-01-01 00:00:00+00:00,AUD,8.37,IR3TIB01AUM156N
1995-02-01 00:00:00+00:00,AUD,8.08,IR3TIB01AUM156N
1995-03-01 00:00:00+00:00,AUD,8.13,IR3TIB01AUM156N
1995-04-01 00:00:00+00:00,AUD,7.89,IR3TIB01AUM156N
1995-05-01 00:00:00+00:00,AUD,7.7,IR3TIB01AUM156N
1995-06-01 00:00:00+00:00,AUD,7.55,IR3TIB01AUM156N
1995-07-01 00:00:00+00:00,AUD,7.56,IR3TIB01AUM156N
1995-08-01 00:00:00+00:00,AUD,7.58,IR3TIB01AUM156N
1995-09-01 00:00:00+00:00,AUD,7.49,IR3TIB01AUM156N
1995-10-01 00:00:00+00:00,AUD,7.47,IR3TIB01AUM156N
1995-11-01 00:00:00+00:00,AUD,7.46,IR3TIB01AUM156N
1995-12-01 00:00:00+00:00,AUD,7.43,IR3TIB01AUM156N
1996-01-01 00:00:00+00:00,AUD,7.46,IR3TIB01AUM156N
1996-02-01 00:00:00+00:00,AUD,7.47,IR3TIB01AUM156N
1996-03-01 00:00:00+00:00,AUD,7.53,IR3TIB01AUM156N
1996-04-01 00:00:00+00:00,AUD,7.57,IR3TIB01AUM156N
1996-05-01 00:00:00+00:00,AUD,7.55,IR3TIB01AUM156N
1996-06-01 00:00:00+00:00,AUD,7.57,IR3TIB01AUM156N
1996-07-01 00:00:00+00:00,AUD,7.56,IR3TIB01AUM156N
1996-08-01 00:00:00+00:00,AUD,6.92,IR3TIB01AUM156N
1996-09-01 00:00:00+00:00,AUD,6.91,IR3TIB01AUM156N
1996-10-01 00:00:00+00:00,AUD,6.7,IR3TIB01AUM156N
1996-11-01 00:00:00+00:00,AUD,6.45,IR3TIB01AUM156N
1996-12-01 00:00:00+00:00,AUD,6.13,IR3TIB01AUM156N
1997-01-01 00:00:00+00:00,AUD,5.82,IR3TIB01AUM156N
1997-02-01 00:00:00+00:00,AUD,5.91,IR3TIB01AUM156N
1997-03-01 00:00:00+00:00,AUD,6.05,IR3TIB01AUM156N
1997-04-01 00:00:00+00:00,AUD,6.04,IR3TIB01AUM156N
1997-05-01 00:00:00+00:00,AUD,5.87,IR3TIB01AUM156N
1997-06-01 00:00:00+00:00,AUD,5.35,IR3TIB01AUM156N
1997-07-01 00:00:00+00:00,AUD,5.19,IR3TIB01AUM156N
1997-08-01 00:00:00+00:00,AUD,4.9,IR3TIB01AUM156N
1997-09-01 00:00:00+00:00,AUD,4.77,IR3TIB01AUM156N
1997-10-01 00:00:00+00:00,AUD,4.83,IR3TIB01AUM156N
1997-11-01 00:00:00+00:00,AUD,4.95,IR3TIB01AUM156N
1997-12-01 00:00:00+00:00,AUD,5.07,IR3TIB01AUM156N
1998-01-01 00:00:00+00:00,AUD,4.99,IR3TIB01AUM156N
1998-02-01 00:00:00+00:00,AUD,4.97,IR3TIB01AUM156N
1998-03-01 00:00:00+00:00,AUD,4.96,IR3TIB01AUM156N
1998-04-01 00:00:00+00:00,AUD,4.92,IR3TIB01AUM156N
1998-05-01 00:00:00+00:00,AUD,4.96,IR3TIB01AUM156N
1998-06-01 00:00:00+00:00,AUD,5.32,IR3TIB01AUM156N
1998-07-01 00:00:00+00:00,AUD,5.17,IR3TIB01AUM156N
1998-08-01 00:00:00+00:00,AUD,5.19,IR3TIB01AUM156N
1998-09-01 00:00:00+00:00,AUD,5.03,IR3TIB01AUM156N
1998-10-01 00:00:00+00:00,AUD,4.83,IR3TIB01AUM156N
1998-11-01 00:00:00+00:00,AUD,4.88,IR3TIB01AUM156N
1998-12-01 00:00:00+00:00,AUD,4.8,IR3TIB01AUM156N
1999-01-01 00:00:00+00:00,AUD,4.79,IR3TIB01AUM156N
1999-02-01 00:00:00+00:00,AUD,4.77,IR3TIB01AUM156N
1999-03-01 00:00:00+00:00,AUD,4.81,IR3TIB01AUM156N
1999-04-01 00:00:00+00:00,AUD,4.76,IR3TIB01AUM156N
1999-05-01 00:00:00+00:00,AUD,4.86,IR3TIB01AUM156N
1999-06-01 00:00:00+00:00,AUD,4.93,IR3TIB01AUM156N
1999-07-01 00:00:00+00:00,AUD,4.89,IR3TIB01AUM156N
1999-08-01 00:00:00+00:00,AUD,4.92,IR3TIB01AUM156N
1999-09-01 00:00:00+00:00,AUD,5.01,IR3TIB01AUM156N
1999-10-01 00:00:00+00:00,AUD,5.31,IR3TIB01AUM156N
1999-11-01 00:00:00+00:00,AUD,5.44,IR3TIB01AUM156N
1999-12-01 00:00:00+00:00,AUD,5.65,IR3TIB01AUM156N
2000-01-01 00:00:00+00:00,AUD,5.66,IR3TIB01AUM156N
2000-02-01 00:00:00+00:00,AUD,5.8,IR3TIB01AUM156N
2000-03-01 00:00:00+00:00,AUD,5.89,IR3TIB01AUM156N
2000-04-01 00:00:00+00:00,AUD,6.04,IR3TIB01AUM156N
2000-05-01 00:00:00+00:00,AUD,6.31,IR3TIB01AUM156N
2000-06-01 00:00:00+00:00,AUD,6.23,IR3TIB01AUM156N
2000-07-01 00:00:00+00:00,AUD,6.2,IR3TIB01AUM156N
2000-08-01 00:00:00+00:00,AUD,6.49,IR3TIB01AUM156N
2000-09-01 00:00:00+00:00,AUD,6.57,IR3TIB01AUM156N
2000-10-01 00:00:00+00:00,AUD,6.41,IR3TIB01AUM156N
2000-11-01 00:00:00+00:00,AUD,6.33,IR3TIB01AUM156N
2000-12-01 00:00:00+00:00,AUD,6.2,IR3TIB01AUM156N
2001-01-01 00:00:00+00:00,AUD,5.91,IR3TIB01AUM156N
2001-02-01 00:00:00+00:00,AUD,5.59,IR3TIB01AUM156N
2001-03-01 00:00:00+00:00,AUD,5.14,IR3TIB01AUM156N
2001-04-01 00:00:00+00:00,AUD,4.86,IR3TIB01AUM156N
2001-05-01 00:00:00+00:00,AUD,4.89,IR3TIB01AUM156N
2001-06-01 00:00:00+00:00,AUD,4.97,IR3TIB01AUM156N
2001-07-01 00:00:00+00:00,AUD,5.04,IR3TIB01AUM156N
2001-08-01 00:00:00+00:00,AUD,4.95,IR3TIB01AUM156N
2001-09-01 00:00:00+00:00,AUD,4.55,IR3TIB01AUM156N
2001-10-01 00:00:00+00:00,AUD,4.36,IR3TIB01AUM156N
2001-11-01 00:00:00+00:00,AUD,4.28,IR3TIB01AUM156N
2001-12-01 00:00:00+00:00,AUD,4.25,IR3TIB01AUM156N
2002-01-01 00:00:00+00:00,AUD,4.26,IR3TIB01AUM156N
2002-02-01 00:00:00+00:00,AUD,4.31,IR3TIB01AUM156N
2002-03-01 00:00:00+00:00,AUD,4.46,IR3TIB01AUM156N
2002-04-01 00:00:00+00:00,AUD,4.59,IR3TIB01AUM156N
2002-05-01 00:00:00+00:00,AUD,4.84,IR3TIB01AUM156N
2002-06-01 00:00:00+00:00,AUD,5.07,IR3TIB01AUM156N
2002-07-01 00:00:00+00:00,AUD,4.98,IR3TIB01AUM156N
2002-08-01 00:00:00+00:00,AUD,4.96,IR3TIB01AUM156N
2002-09-01 00:00:00+00:00,AUD,4.92,IR3TIB01AUM156N
2002-10-01 00:00:00+00:00,AUD,4.9,IR3TIB01AUM156N
2002-11-01 00:00:00+00:00,AUD,4.84,IR3TIB01AUM156N
2002-12-01 00:00:00+00:00,AUD,4.83,IR3TIB01AUM156N
2003-01-01 00:00:00+00:00,AUD,4.8,IR3TIB01AUM156N
2003-02-01 00:00:00+00:00,AUD,4.75,IR3TIB01AUM156N
2003-03-01 00:00:00+00:00,AUD,4.76,IR3TIB01AUM156N
2003-04-01 00:00:00+00:00,AUD,4.79,IR3TIB01AUM156N
2003-05-01 00:00:00+00:00,AUD,4.78,IR3TIB01AUM156N
2003-06-01 00:00:00+00:00,AUD,4.67,IR3TIB01AUM156N
2003-07-01 00:00:00+00:00,AUD,4.72,IR3TIB01AUM156N
2003-08-01 00:00:00+00:00,AUD,4.82,IR3TIB01AUM156N
2003-09-01 00:00:00+00:00,AUD,4.91,IR3TIB01AUM156N
2003-10-01 00:00:00+00:00,AUD,4.97,IR3TIB01AUM156N
2003-11-01 00:00:00+00:00,AUD,5.31,IR3TIB01AUM156N
2003-12-01 00:00:00+00:00,AUD,5.47,IR3TIB01AUM156N
2004-01-01 00:00:00+00:00,AUD,5.55,IR3TIB01AUM156N
2004-02-01 00:00:00+00:00,AUD,5.57,IR3TIB01AUM156N
2004-03-01 00:00:00+00:00,AUD,5.51,IR3TIB01AUM156N
2004-04-01 00:00:00+00:00,AUD,5.54,IR3TIB01AUM156N
2004-05-01 00:00:00+00:00,AUD,5.51,IR3TIB01AUM156N
2004-06-01 00:00:00+00:00,AUD,5.49,IR3TIB01AUM156N
2004-07-01 00:00:00+00:00,AUD,5.46,IR3TIB01AUM156N
2004-08-01 00:00:00+00:00,AUD,5.44,IR3TIB01AUM156N
2004-09-01 00:00:00+00:00,AUD,5.42,IR3TIB01AUM156N
2004-10-01 00:00:00+00:00,AUD,5.41,IR3TIB01AUM156N
2004-11-01 00:00:00+00:00,AUD,5.43,IR3TIB01AUM156N
2004-12-01 00:00:00+00:00,AUD,5.41,IR3TIB01AUM156N
2005-01-01 00:00:00+00:00,AUD,5.42,IR3TIB01AUM156N
2005-02-01 00:00:00+00:00,AUD,5.63,IR3TIB01AUM156N
2005-03-01 00:00:00+00:00,AUD,5.81,IR3TIB01AUM156N
2005-04-01 00:00:00+00:00,AUD,5.75,IR3TIB01AUM156N
2005-05-01 00:00:00+00:00,AUD,5.68,IR3TIB01AUM156N
2005-06-01 00:00:00+00:00,AUD,5.66,IR3TIB01AUM156N
2005-07-01 00:00:00+00:00,AUD,5.65,IR3TIB01AUM156N
2005-08-01 00:00:00+00:00,AUD,5.62,IR3TIB01AUM156N
2005-09-01 00:00:00+00:00,AUD,5.62,IR3TIB01AUM156N
2005-10-01 00:00:00+00:00,AUD,5.63,IR3TIB01AUM156N
2005-11-01 00:00:00+00:00,AUD,5.63,IR3TIB01AUM156N
2005-12-01 00:00:00+00:00,AUD,5.63,IR3TIB01AUM156N
2006-01-01 00:00:00+00:00,AUD,5.63,IR3TIB01AUM156N
2006-02-01 00:00:00+00:00,AUD,5.61,IR3TIB01AUM156N
2006-03-01 00:00:00+00:00,AUD,5.61,IR3TIB01AUM156N
2006-04-01 00:00:00+00:00,AUD,5.69,IR3TIB01AUM156N
2006-05-01 00:00:00+00:00,AUD,5.87,IR3TIB01AUM156N
2006-06-01 00:00:00+00:00,AUD,5.96,IR3TIB01AUM156N
2006-07-01 00:00:00+00:00,AUD,6.05,IR3TIB01AUM156N
2006-08-01 00:00:00+00:00,AUD,6.19,IR3TIB01AUM156N
2006-09-01 00:00:00+00:00,AUD,6.21,IR3TIB01AUM156N
2006-10-01 00:00:00+00:00,AUD,6.28,IR3TIB01AUM156N
2006-11-01 00:00:00+00:00,AUD,6.37,IR3TIB01AUM156N
2006-12-01 00:00:00+00:00,AUD,6.39,IR3TIB01AUM156N
2007-01-01 00:00:00+00:00,AUD,6.43,IR3TIB01AUM156N
2007-02-01 00:00:00+00:00,AUD,6.37,IR3TIB01AUM156N
2007-03-01 00:00:00+00:00,AUD,6.43,IR3TIB01AUM156N
2007-04-01 00:00:00+00:00,AUD,6.48,IR3TIB01AUM156N
2007-05-01 00:00:00+00:00,AUD,6.37,IR3TIB01AUM156N
2007-06-01 00:00:00+00:00,AUD,6.42,IR3TIB01AUM156N
2007-07-01 00:00:00+00:00,AUD,6.47,IR3TIB01AUM156N
2007-08-01 00:00:00+00:00,AUD,6.75,IR3TIB01AUM156N
2007-09-01 00:00:00+00:00,AUD,6.94,IR3TIB01AUM156N
2007-10-01 00:00:00+00:00,AUD,6.91,IR3TIB01AUM156N
2007-11-01 00:00:00+00:00,AUD,7.15,IR3TIB01AUM156N
2007-12-01 00:00:00+00:00,AUD,7.29,IR3TIB01AUM156N
2008-01-01 00:00:00+00:00,AUD,7.18,IR3TIB01AUM156N
2008-02-01 00:00:00+00:00,AUD,7.69,IR3TIB01AUM156N
2008-03-01 00:00:00+00:00,AUD,7.9,IR3TIB01AUM156N
2008-04-01 00:00:00+00:00,AUD,7.84,IR3TIB01AUM156N
2008-05-01 00:00:00+00:00,AUD,7.75,IR3TIB01AUM156N
2008-06-01 00:00:00+00:00,AUD,7.81,IR3TIB01AUM156N
2008-07-01 00:00:00+00:00,AUD,7.75,IR3TIB01AUM156N
2008-08-01 00:00:00+00:00,AUD,7.31,IR3TIB01AUM156N
2008-09-01 00:00:00+00:00,AUD,7.27,IR3TIB01AUM156N
2008-10-01 00:00:00+00:00,AUD,6.03,IR3TIB01AUM156N
2008-11-01 00:00:00+00:00,AUD,4.76,IR3TIB01AUM156N
2008-12-01 00:00:00+00:00,AUD,4.39,IR3TIB01AUM156N
2009-01-01 00:00:00+00:00,AUD,3.74,IR3TIB01AUM156N
2009-02-01 00:00:00+00:00,AUD,3.16,IR3TIB01AUM156N
2009-03-01 00:00:00+00:00,AUD,3.16,IR3TIB01AUM156N
2009-04-01 00:00:00+00:00,AUD,3.1,IR3TIB01AUM156N
2009-05-01 00:00:00+00:00,AUD,3.13,IR3TIB01AUM156N
2009-06-01 00:00:00+00:00,AUD,3.25,IR3TIB01AUM156N
2009-07-01 00:00:00+00:00,AUD,3.14,IR3TIB01AUM156N
2009-08-01 00:00:00+00:00,AUD,3.3,IR3TIB01AUM156N
2009-09-01 00:00:00+00:00,AUD,3.37,IR3TIB01AUM156N
2009-10-01 00:00:00+00:00,AUD,3.78,IR3TIB01AUM156N
2009-11-01 00:00:00+00:00,AUD,3.95,IR3TIB01AUM156N
2009-12-01 00:00:00+00:00,AUD,4.13,IR3TIB01AUM156N
2010-01-01 00:00:00+00:00,AUD,4.2,IR3TIB01AUM156N
2010-02-01 00:00:00+00:00,AUD,4.16,IR3TIB01AUM156N
2010-03-01 00:00:00+00:00,AUD,4.33,IR3TIB01AUM156N
2010-04-01 00:00:00+00:00,AUD,4.55,IR3TIB01AUM156N
2010-05-01 00:00:00+00:00,AUD,4.81,IR3TIB01AUM156N
2010-06-01 00:00:00+00:00,AUD,4.89,IR3TIB01AUM156N
2010-07-01 00:00:00+00:00,AUD,4.84,IR3TIB01AUM156N
2010-08-01 00:00:00+00:00,AUD,4.74,IR3TIB01AUM156N
2010-09-01 00:00:00+00:00,AUD,4.82,IR3TIB01AUM156N
2010-10-01 00:00:00+00:00,AUD,4.81,IR3TIB01AUM156N
2010-11-01 00:00:00+00:00,AUD,5.01,IR3TIB01AUM156N
2010-12-01 00:00:00+00:00,AUD,5.03,IR3TIB01AUM156N
2011-01-01 00:00:00+00:00,AUD,4.96,IR3TIB01AUM156N
2011-02-01 00:00:00+00:00,AUD,4.92,IR3TIB01AUM156N
2011-03-01 00:00:00+00:00,AUD,4.92,IR3TIB01AUM156N
2011-04-01 00:00:00+00:00,AUD,4.9,IR3TIB01AUM156N
2011-05-01 00:00:00+00:00,AUD,5.0,IR3TIB01AUM156N
2011-06-01 00:00:00+00:00,AUD,4.99,IR3TIB01AUM156N
2011-07-01 00:00:00+00:00,AUD,4.96,IR3TIB01AUM156N
2011-08-01 00:00:00+00:00,AUD,4.86,IR3TIB01AUM156N
2011-09-01 00:00:00+00:00,AUD,4.81,IR3TIB01AUM156N
2011-10-01 00:00:00+00:00,AUD,4.72,IR3TIB01AUM156N
2011-11-01 00:00:00+00:00,AUD,4.62,IR3TIB01AUM156N
2011-12-01 00:00:00+00:00,AUD,4.51,IR3TIB01AUM156N
2012-01-01 00:00:00+00:00,AUD,4.41,IR3TIB01AUM156N
2012-02-01 00:00:00+00:00,AUD,4.37,IR3TIB01AUM156N
2012-03-01 00:00:00+00:00,AUD,4.44,IR3TIB01AUM156N
2012-04-01 00:00:00+00:00,AUD,4.2,IR3TIB01AUM156N
2012-05-01 00:00:00+00:00,AUD,3.66,IR3TIB01AUM156N
2012-06-01 00:00:00+00:00,AUD,3.49,IR3TIB01AUM156N
2012-07-01 00:00:00+00:00,AUD,3.55,IR3TIB01AUM156N
2012-08-01 00:00:00+00:00,AUD,3.62,IR3TIB01AUM156N
2012-09-01 00:00:00+00:00,AUD,3.49,IR3TIB01AUM156N
2012-10-01 00:00:00+00:00,AUD,3.16,IR3TIB01AUM156N
2012-11-01 00:00:00+00:00,AUD,3.24,IR3TIB01AUM156N
2012-12-01 00:00:00+00:00,AUD,3.11,IR3TIB01AUM156N
2013-01-01 00:00:00+00:00,AUD,3.0,IR3TIB01AUM156N
2013-02-01 00:00:00+00:00,AUD,2.94,IR3TIB01AUM156N
2013-03-01 00:00:00+00:00,AUD,3.05,IR3TIB01AUM156N
2013-04-01 00:00:00+00:00,AUD,3.02,IR3TIB01AUM156N
2013-05-01 00:00:00+00:00,AUD,2.82,IR3TIB01AUM156N
2013-06-01 00:00:00+00:00,AUD,2.8,IR3TIB01AUM156N
2013-07-01 00:00:00+00:00,AUD,2.76,IR3TIB01AUM156N
2013-08-01 00:00:00+00:00,AUD,2.6,IR3TIB01AUM156N
2013-09-01 00:00:00+00:00,AUD,2.58,IR3TIB01AUM156N
2013-10-01 00:00:00+00:00,AUD,2.58,IR3TIB01AUM156N
2013-11-01 00:00:00+00:00,AUD,2.58,IR3TIB01AUM156N
2013-12-01 00:00:00+00:00,AUD,2.6,IR3TIB01AUM156N
2014-01-01 00:00:00+00:00,AUD,2.62,IR3TIB01AUM156N
2014-02-01 00:00:00+00:00,AUD,2.63,IR3TIB01AUM156N
2014-03-01 00:00:00+00:00,AUD,2.65,IR3TIB01AUM156N
2014-04-01 00:00:00+00:00,AUD,2.68,IR3TIB01AUM156N
2014-05-01 00:00:00+00:00,AUD,2.69,IR3TIB01AUM156N
2014-06-01 00:00:00+00:00,AUD,2.7,IR3TIB01AUM156N
2014-07-01 00:00:00+00:00,AUD,2.65,IR3TIB01AUM156N
2014-08-01 00:00:00+00:00,AUD,2.63,IR3TIB01AUM156N
2014-09-01 00:00:00+00:00,AUD,2.66,IR3TIB01AUM156N
2014-10-01 00:00:00+00:00,AUD,2.72,IR3TIB01AUM156N
2014-11-01 00:00:00+00:00,AUD,2.75,IR3TIB01AUM156N
2014-12-01 00:00:00+00:00,AUD,2.75,IR3TIB01AUM156N
2015-01-01 00:00:00+00:00,AUD,2.7,IR3TIB01AUM156N
2015-02-01 00:00:00+00:00,AUD,2.36,IR3TIB01AUM156N
2015-03-01 00:00:00+00:00,AUD,2.3,IR3TIB01AUM156N
2015-04-01 00:00:00+00:00,AUD,2.25,IR3TIB01AUM156N
2015-05-01 00:00:00+00:00,AUD,2.15,IR3TIB01AUM156N
2015-06-01 00:00:00+00:00,AUD,2.15,IR3TIB01AUM156N
2015-07-01 00:00:00+00:00,AUD,2.14,IR3TIB01AUM156N
2015-08-01 00:00:00+00:00,AUD,2.14,IR3TIB01AUM156N
2015-09-01 00:00:00+00:00,AUD,2.17,IR3TIB01AUM156N
2015-10-01 00:00:00+00:00,AUD,2.15,IR3TIB01AUM156N
2015-11-01 00:00:00+00:00,AUD,2.22,IR3TIB01AUM156N
2015-12-01 00:00:00+00:00,AUD,2.34,IR3TIB01AUM156N
2016-01-01 00:00:00+00:00,AUD,2.3,IR3TIB01AUM156N
2016-02-01 00:00:00+00:00,AUD,2.28,IR3TIB01AUM156N
2016-03-01 00:00:00+00:00,AUD,2.31,IR3TIB01AUM156N
2016-04-01 00:00:00+00:00,AUD,2.26,IR3TIB01AUM156N
2016-05-01 00:00:00+00:00,AUD,2.0,IR3TIB01AUM156N
2016-06-01 00:00:00+00:00,AUD,1.99,IR3TIB01AUM156N
2016-07-01 00:00:00+00:00,AUD,1.93,IR3TIB01AUM156N
2016-08-01 00:00:00+00:00,AUD,1.76,IR3TIB01AUM156N
2016-09-01 00:00:00+00:00,AUD,1.73,IR3TIB01AUM156N
2016-10-01 00:00:00+00:00,AUD,1.74,IR3TIB01AUM156N
2016-11-01 00:00:00+00:00,AUD,1.76,IR3TIB01AUM156N
2016-12-01 00:00:00+00:00,AUD,1.78,IR3TIB01AUM156N
2017-01-01 00:00:00+00:00,AUD,1.78,IR3TIB01AUM156N
2017-02-01 00:00:00+00:00,AUD,1.78,IR3TIB01AUM156N
2017-03-01 00:00:00+00:00,AUD,1.79,IR3TIB01AUM156N
2017-04-01 00:00:00+00:00,AUD,1.77,IR3TIB01AUM156N
2017-05-01 00:00:00+00:00,AUD,1.73,IR3TIB01AUM156N
2017-06-01 00:00:00+00:00,AUD,1.72,IR3TIB01AUM156N
2017-07-01 00:00:00+00:00,AUD,1.7,IR3TIB01AUM156N
2017-08-01 00:00:00+00:00,AUD,1.7,IR3TIB01AUM156N
2017-09-01 00:00:00+00:00,AUD,1.72,IR3TIB01AUM156N
2017-10-01 00:00:00+00:00,AUD,1.7,IR3TIB01AUM156N
2017-11-01 00:00:00+00:00,AUD,1.72,IR3TIB01AUM156N
2017-12-01 00:00:00+00:00,AUD,1.77,IR3TIB01AUM156N
2018-01-01 00:00:00+00:00,AUD,1.79,IR3TIB01AUM156N
2018-02-01 00:00:00+00:00,AUD,1.77,IR3TIB01AUM156N
2018-03-01 00:00:00+00:00,AUD,1.93,IR3TIB01AUM156N
2018-04-01 00:00:00+00:00,AUD,2.06,IR3TIB01AUM156N
2018-05-01 00:00:00+00:00,AUD,1.96,IR3TIB01AUM156N
2018-06-01 00:00:00+00:00,AUD,2.07,IR3TIB01AUM156N
2018-07-01 00:00:00+00:00,AUD,2.02,IR3TIB01AUM156N
2018-08-01 00:00:00+00:00,AUD,1.96,IR3TIB01AUM156N
2018-09-01 00:00:00+00:00,AUD,1.93,IR3TIB01AUM156N
2018-10-01 00:00:00+00:00,AUD,1.93,IR3TIB01AUM156N
2018-11-01 00:00:00+00:00,AUD,1.94,IR3TIB01AUM156N
2018-12-01 00:00:00+00:00,AUD,2.02,IR3TIB01AUM156N
2019-01-01 00:00:00+00:00,AUD,2.07,IR3TIB01AUM156N
2019-02-01 00:00:00+00:00,AUD,1.96,IR3TIB01AUM156N
2019-03-01 00:00:00+00:00,AUD,1.83,IR3TIB01AUM156N
2019-04-01 00:00:00+00:00,AUD,1.68,IR3TIB01AUM156N
2019-05-01 00:00:00+00:00,AUD,1.54,IR3TIB01AUM156N
2019-06-01 00:00:00+00:00,AUD,1.29,IR3TIB01AUM156N
2019-07-01 00:00:00+00:00,AUD,1.11,IR3TIB01AUM156N
2019-08-01 00:00:00+00:00,AUD,0.98,IR3TIB01AUM156N
2019-09-01 00:00:00+00:00,AUD,0.98,IR3TIB01AUM156N
2019-10-01 00:00:00+00:00,AUD,0.88,IR3TIB01AUM156N
2019-11-01 00:00:00+00:00,AUD,0.91,IR3TIB01AUM156N
2019-12-01 00:00:00+00:00,AUD,0.9,IR3TIB01AUM156N
2020-01-01 00:00:00+00:00,AUD,0.89,IR3TIB01AUM156N
2020-02-01 00:00:00+00:00,AUD,0.89,IR3TIB01AUM156N
2020-03-01 00:00:00+00:00,AUD,0.53,IR3TIB01AUM156N
2020-04-01 00:00:00+00:00,AUD,0.17,IR3TIB01AUM156N
2020-05-01 00:00:00+00:00,AUD,0.1,IR3TIB01AUM156N
2020-06-01 00:00:00+00:00,AUD,0.1,IR3TIB01AUM156N
2020-07-01 00:00:00+00:00,AUD,0.1,IR3TIB01AUM156N
2020-08-01 00:00:00+00:00,AUD,0.1,IR3TIB01AUM156N
2020-09-01 00:00:00+00:00,AUD,0.09,IR3TIB01AUM156N
2020-10-01 00:00:00+00:00,AUD,0.07,IR3TIB01AUM156N
2020-11-01 00:00:00+00:00,AUD,0.02,IR3TIB01AUM156N
2020-12-01 00:00:00+00:00,AUD,0.02,IR3TIB01AUM156N
2021-01-01 00:00:00+00:00,AUD,0.01,IR3TIB01AUM156N
2021-02-01 00:00:00+00:00,AUD,0.01,IR3TIB01AUM156N
2021-03-01 00:00:00+00:00,AUD,0.03,IR3TIB01AUM156N
2021-04-01 00:00:00+00:00,AUD,0.04,IR3TIB01AUM156N
2021-05-01 00:00:00+00:00,AUD,0.04,IR3TIB01AUM156N
2021-06-01 00:00:00+00:00,AUD,0.03,IR3TIB01AUM156N
2021-07-01 00:00:00+00:00,AUD,0.02,IR3TIB01AUM156N
2021-08-01 00:00:00+00:00,AUD,0.01,IR3TIB01AUM156N
2021-09-01 00:00:00+00:00,AUD,0.01,IR3TIB01AUM156N
2021-10-01 00:00:00+00:00,AUD,0.04,IR3TIB01AUM156N
2021-11-01 00:00:00+00:00,AUD,0.04,IR3TIB01AUM156N
2021-12-01 00:00:00+00:00,AUD,0.06,IR3TIB01AUM156N
2022-01-01 00:00:00+00:00,AUD,0.07,IR3TIB01AUM156N
2022-02-01 00:00:00+00:00,AUD,0.07,IR3TIB01AUM156N
2022-03-01 00:00:00+00:00,AUD,0.17,IR3TIB01AUM156N
2022-04-01 00:00:00+00:00,AUD,0.41,IR3TIB01AUM156N
2022-05-01 00:00:00+00:00,AUD,1.0,IR3TIB01AUM156N
2022-06-01 00:00:00+00:00,AUD,1.6,IR3TIB01AUM156N
2022-07-01 00:00:00+00:00,AUD,2.07,IR3TIB01AUM156N
2022-08-01 00:00:00+00:00,AUD,2.31,IR3TIB01AUM156N
2022-09-01 00:00:00+00:00,AUD,2.76,IR3TIB01AUM156N
2022-10-01 00:00:00+00:00,AUD,2.95,IR3TIB01AUM156N
2022-11-01 00:00:00+00:00,AUD,3.06,IR3TIB01AUM156N
2022-12-01 00:00:00+00:00,AUD,3.17,IR3TIB01AUM156N
2023-01-01 00:00:00+00:00,AUD,3.32,IR3TIB01AUM156N
2023-02-01 00:00:00+00:00,AUD,3.46,IR3TIB01AUM156N
2023-03-01 00:00:00+00:00,AUD,3.64,IR3TIB01AUM156N
2023-04-01 00:00:00+00:00,AUD,3.66,IR3TIB01AUM156N
2023-05-01 00:00:00+00:00,AUD,3.9,IR3TIB01AUM156N
2023-06-01 00:00:00+00:00,AUD,4.25,IR3TIB01AUM156N
2023-07-01 00:00:00+00:00,AUD,4.3,IR3TIB01AUM156N
2023-08-01 00:00:00+00:00,AUD,4.15,IR3TIB01AUM156N
2023-09-01 00:00:00+00:00,AUD,4.13,IR3TIB01AUM156N
2023-10-01 00:00:00+00:00,AUD,4.21,IR3TIB01AUM156N
2023-11-01 00:00:00+00:00,AUD,4.38,IR3TIB01AUM156N
2023-12-01 00:00:00+00:00,AUD,4.35,IR3TIB01AUM156N
2024-01-01 00:00:00+00:00,AUD,4.35,IR3TIB01AUM156N
2024-02-01 00:00:00+00:00,AUD,4.34,IR3TIB01AUM156N
2024-03-01 00:00:00+00:00,AUD,4.35,IR3TIB01AUM156N
2024-04-01 00:00:00+00:00,AUD,4.37,IR3TIB01AUM156N
2024-05-01 00:00:00+00:00,AUD,4.36,IR3TIB01AUM156N
2024-06-01 00:00:00+00:00,AUD,4.39,IR3TIB01AUM156N
2024-07-01 00:00:00+00:00,AUD,4.46,IR3TIB01AUM156N
2024-08-01 00:00:00+00:00,AUD,4.38,IR3TIB01AUM156N
2024-09-01 00:00:00+00:00,AUD,4.42,IR3TIB01AUM156N
2024-10-01 00:00:00+00:00,AUD,4.41,IR3TIB01AUM156N
2024-11-01 00:00:00+00:00,AUD,4.42,IR3TIB01AUM156N
2024-12-01 00:00:00+00:00,AUD,4.44,IR3TIB01AUM156N
2025-01-01 00:00:00+00:00,AUD,4.33,IR3TIB01AUM156N
2025-02-01 00:00:00+00:00,AUD,4.17,IR3TIB01AUM156N
2025-03-01 00:00:00+00:00,AUD,4.12,IR3TIB01AUM156N
2025-04-01 00:00:00+00:00,AUD,4.02,IR3TIB01AUM156N
2025-05-01 00:00:00+00:00,AUD,3.78,IR3TIB01AUM156N
2025-06-01 00:00:00+00:00,AUD,3.69,IR3TIB01AUM156N
2025-07-01 00:00:00+00:00,AUD,3.68,IR3TIB01AUM156N
2025-08-01 00:00:00+00:00,AUD,3.61,IR3TIB01AUM156N
2025-09-01 00:00:00+00:00,AUD,3.58,IR3TIB01AUM156N
2025-10-01 00:00:00+00:00,AUD,3.56,IR3TIB01AUM156N
2025-11-01 00:00:00+00:00,AUD,3.65,IR3TIB01AUM156N
2025-12-01 00:00:00+00:00,AUD,3.71,IR3TIB01AUM156N
2026-01-01 00:00:00+00:00,AUD,3.77,IR3TIB01AUM156N
2026-02-01 00:00:00+00:00,AUD,3.96,IR3TIB01AUM156N
2026-03-01 00:00:00+00:00,AUD,4.19,IR3TIB01AUM156N
2026-04-01 00:00:00+00:00,AUD,4.34,IR3TIB01AUM156N
1995-01-01 00:00:00+00:00,CAD,7.838,IR3TIB01CAM156N
1995-02-01 00:00:00+00:00,CAD,8.118,IR3TIB01CAM156N
1995-03-01 00:00:00+00:00,CAD,8.314782609,IR3TIB01CAM156N
1995-04-01 00:00:00+00:00,CAD,8.148421053,IR3TIB01CAM156N
1995-05-01 00:00:00+00:00,CAD,7.561363636,IR3TIB01CAM156N
1995-06-01 00:00:00+00:00,CAD,7.047727273,IR3TIB01CAM156N
1995-07-01 00:00:00+00:00,CAD,6.666,IR3TIB01CAM156N
1995-08-01 00:00:00+00:00,CAD,6.586818182,IR3TIB01CAM156N
1995-09-01 00:00:00+00:00,CAD,6.6875,IR3TIB01CAM156N
1995-10-01 00:00:00+00:00,CAD,6.697619048,IR3TIB01CAM156N
1995-11-01 00:00:00+00:00,CAD,6.008095238,IR3TIB01CAM156N
1995-12-01 00:00:00+00:00,CAD,5.895263158,IR3TIB01CAM156N
1996-01-01 00:00:00+00:00,CAD,5.546818182,IR3TIB01CAM156N
1996-02-01 00:00:00+00:00,CAD,5.222857143,IR3TIB01CAM156N
1996-03-01 00:00:00+00:00,CAD,5.214761905,IR3TIB01CAM156N
1996-04-01 00:00:00+00:00,CAD,5.008571429,IR3TIB01CAM156N
1996-05-01 00:00:00+00:00,CAD,4.809090909,IR3TIB01CAM156N
1996-06-01 00:00:00+00:00,CAD,4.849,IR3TIB01CAM156N
1996-07-01 00:00:00+00:00,CAD,4.732727273,IR3TIB01CAM156N
1996-08-01 00:00:00+00:00,CAD,4.267619048,IR3TIB01CAM156N
1996-09-01 00:00:00+00:00,CAD,4.0785,IR3TIB01CAM156N
1996-10-01 00:00:00+00:00,CAD,3.516818182,IR3TIB01CAM156N
1996-11-01 00:00:00+00:00,CAD,3.0195,IR3TIB01CAM156N
1996-12-01 00:00:00+00:00,CAD,3.1225,IR3TIB01CAM156N
1997-01-01 00:00:00+00:00,CAD,3.152727273,IR3TIB01CAM156N
1997-02-01 00:00:00+00:00,CAD,3.116,IR3TIB01CAM156N
1997-03-01 00:00:00+00:00,CAD,3.2175,IR3TIB01CAM156N
1997-04-01 00:00:00+00:00,CAD,3.460454545,IR3TIB01CAM156N
1997-05-01 00:00:00+00:00,CAD,3.321904762,IR3TIB01CAM156N
1997-06-01 00:00:00+00:00,CAD,3.265238095,IR3TIB01CAM156N
1997-07-01 00:00:00+00:00,CAD,3.531818182,IR3TIB01CAM156N
1997-08-01 00:00:00+00:00,CAD,3.638,IR3TIB01CAM156N
1997-09-01 00:00:00+00:00,CAD,3.626666667,IR3TIB01CAM156N
1997-10-01 00:00:00+00:00,CAD,3.799545455,IR3TIB01CAM156N
1997-11-01 00:00:00+00:00,CAD,3.994736842,IR3TIB01CAM156N
1997-12-01 00:00:00+00:00,CAD,4.567142857,IR3TIB01CAM156N
1998-01-01 00:00:00+00:00,CAD,4.651904762,IR3TIB01CAM156N
1998-02-01 00:00:00+00:00,CAD,4.9775,IR3TIB01CAM156N
1998-03-01 00:00:00+00:00,CAD,4.874090909,IR3TIB01CAM156N
1998-04-01 00:00:00+00:00,CAD,4.898095238,IR3TIB01CAM156N
1998-05-01 00:00:00+00:00,CAD,5.02,IR3TIB01CAM156N
1998-06-01 00:00:00+00:00,CAD,5.016818182,IR3TIB01CAM156N
1998-07-01 00:00:00+00:00,CAD,5.051363636,IR3TIB01CAM156N
1998-08-01 00:00:00+00:00,CAD,5.3055,IR3TIB01CAM156N
1998-09-01 00:00:00+00:00,CAD,5.60047619,IR3TIB01CAM156N
1998-10-01 00:00:00+00:00,CAD,5.275238095,IR3TIB01CAM156N
1998-11-01 00:00:00+00:00,CAD,5.147,IR3TIB01CAM156N
1998-12-01 00:00:00+00:00,CAD,5.002857143,IR3TIB01CAM156N
1999-01-01 00:00:00+00:00,CAD,5.0045,IR3TIB01CAM156N
1999-02-01 00:00:00+00:00,CAD,5.0335,IR3TIB01CAM156N
1999-03-01 00:00:00+00:00,CAD,5.057391304,IR3TIB01CAM156N
1999-04-01 00:00:00+00:00,CAD,4.716666667,IR3TIB01CAM156N
1999-05-01 00:00:00+00:00,CAD,4.6155,IR3TIB01CAM156N
1999-06-01 00:00:00+00:00,CAD,4.815454545,IR3TIB01CAM156N
1999-07-01 00:00:00+00:00,CAD,4.792857143,IR3TIB01CAM156N
1999-08-01 00:00:00+00:00,CAD,4.924761905,IR3TIB01CAM156N
1999-09-01 00:00:00+00:00,CAD,4.83047619,IR3TIB01CAM156N
1999-10-01 00:00:00+00:00,CAD,5.014,IR3TIB01CAM156N
1999-11-01 00:00:00+00:00,CAD,5.040952381,IR3TIB01CAM156N
1999-12-01 00:00:00+00:00,CAD,5.135238095,IR3TIB01CAM156N
2000-01-01 00:00:00+00:00,CAD,5.025,IR3TIB01CAM156N
2000-02-01 00:00:00+00:00,CAD,5.0325,IR3TIB01CAM156N
2000-03-01 00:00:00+00:00,CAD,5.108,IR3TIB01CAM156N
2000-04-01 00:00:00+00:00,CAD,5.35,IR3TIB01CAM156N
2000-05-01 00:00:00+00:00,CAD,5.664,IR3TIB01CAM156N
2000-06-01 00:00:00+00:00,CAD,5.5525,IR3TIB01CAM156N
2000-07-01 00:00:00+00:00,CAD,5.6,IR3TIB01CAM156N
2000-08-01 00:00:00+00:00,CAD,5.618,IR3TIB01CAM156N
2000-09-01 00:00:00+00:00,CAD,5.5725,IR3TIB01CAM156N
2000-10-01 00:00:00+00:00,CAD,5.5975,IR3TIB01CAM156N
2000-11-01 00:00:00+00:00,CAD,5.668,IR3TIB01CAM156N
2000-12-01 00:00:00+00:00,CAD,5.52,IR3TIB01CAM156N
2001-01-01 00:00:00+00:00,CAD,5.236,IR3TIB01CAM156N
2001-02-01 00:00:00+00:00,CAD,5.0475,IR3TIB01CAM156N
2001-03-01 00:00:00+00:00,CAD,4.595,IR3TIB01CAM156N
2001-04-01 00:00:00+00:00,CAD,4.5025,IR3TIB01CAM156N
2001-05-01 00:00:00+00:00,CAD,4.34,IR3TIB01CAM156N
2001-06-01 00:00:00+00:00,CAD,4.26,IR3TIB01CAM156N
2001-07-01 00:00:00+00:00,CAD,4.18,IR3TIB01CAM156N
2001-08-01 00:00:00+00:00,CAD,3.936,IR3TIB01CAM156N
2001-09-01 00:00:00+00:00,CAD,3.3325,IR3TIB01CAM156N
2001-10-01 00:00:00+00:00,CAD,2.728,IR3TIB01CAM156N
2001-11-01 00:00:00+00:00,CAD,2.1525,IR3TIB01CAM156N
2001-12-01 00:00:00+00:00,CAD,2.0,IR3TIB01CAM156N
2002-01-01 00:00:00+00:00,CAD,1.914,IR3TIB01CAM156N
2002-02-01 00:00:00+00:00,CAD,2.015,IR3TIB01CAM156N
2002-03-01 00:00:00+00:00,CAD,2.155,IR3TIB01CAM156N
2002-04-01 00:00:00+00:00,CAD,2.325,IR3TIB01CAM156N
2002-05-01 00:00:00+00:00,CAD,2.514,IR3TIB01CAM156N
2002-06-01 00:00:00+00:00,CAD,2.69,IR3TIB01CAM156N
2002-07-01 00:00:00+00:00,CAD,2.782,IR3TIB01CAM156N
2002-08-01 00:00:00+00:00,CAD,2.83,IR3TIB01CAM156N
2002-09-01 00:00:00+00:00,CAD,2.805,IR3TIB01CAM156N
2002-10-01 00:00:00+00:00,CAD,2.768,IR3TIB01CAM156N
2002-11-01 00:00:00+00:00,CAD,2.7,IR3TIB01CAM156N
2002-12-01 00:00:00+00:00,CAD,2.6775,IR3TIB01CAM156N
2003-01-01 00:00:00+00:00,CAD,2.716,IR3TIB01CAM156N
2003-02-01 00:00:00+00:00,CAD,2.8125,IR3TIB01CAM156N
2003-03-01 00:00:00+00:00,CAD,3.0375,IR3TIB01CAM156N
2003-04-01 00:00:00+00:00,CAD,3.196,IR3TIB01CAM156N
2003-05-01 00:00:00+00:00,CAD,3.1775,IR3TIB01CAM156N
2003-06-01 00:00:00+00:00,CAD,3.0975,IR3TIB01CAM156N
2003-07-01 00:00:00+00:00,CAD,2.912,IR3TIB01CAM156N
2003-08-01 00:00:00+00:00,CAD,2.7775,IR3TIB01CAM156N
2003-09-01 00:00:00+00:00,CAD,2.6325,IR3TIB01CAM156N
2003-10-01 00:00:00+00:00,CAD,2.618,IR3TIB01CAM156N
2003-11-01 00:00:00+00:00,CAD,2.7,IR3TIB01CAM156N
2003-12-01 00:00:00+00:00,CAD,2.624,IR3TIB01CAM156N
2004-01-01 00:00:00+00:00,CAD,2.3725,IR3TIB01CAM156N
2004-02-01 00:00:00+00:00,CAD,2.195,IR3TIB01CAM156N
2004-03-01 00:00:00+00:00,CAD,2.038,IR3TIB01CAM156N
2004-04-01 00:00:00+00:00,CAD,1.9625,IR3TIB01CAM156N
2004-05-01 00:00:00+00:00,CAD,1.97,IR3TIB01CAM156N
2004-06-01 00:00:00+00:00,CAD,2.008,IR3TIB01CAM156N
2004-07-01 00:00:00+00:00,CAD,2.035,IR3TIB01CAM156N
2004-08-01 00:00:00+00:00,CAD,2.0625,IR3TIB01CAM156N
2004-09-01 00:00:00+00:00,CAD,2.346,IR3TIB01CAM156N
2004-10-01 00:00:00+00:00,CAD,2.5325,IR3TIB01CAM156N
2004-11-01 00:00:00+00:00,CAD,2.64,IR3TIB01CAM156N
2004-12-01 00:00:00+00:00,CAD,2.466,IR3TIB01CAM156N
2005-01-01 00:00:00+00:00,CAD,2.455,IR3TIB01CAM156N
2005-02-01 00:00:00+00:00,CAD,2.445,IR3TIB01CAM156N
2005-03-01 00:00:00+00:00,CAD,2.498,IR3TIB01CAM156N
2005-04-01 00:00:00+00:00,CAD,2.47,IR3TIB01CAM156N
2005-05-01 00:00:00+00:00,CAD,2.46,IR3TIB01CAM156N
2005-06-01 00:00:00+00:00,CAD,2.448,IR3TIB01CAM156N
2005-07-01 00:00:00+00:00,CAD,2.555,IR3TIB01CAM156N
2005-08-01 00:00:00+00:00,CAD,2.68,IR3TIB01CAM156N
2005-09-01 00:00:00+00:00,CAD,2.795,IR3TIB01CAM156N
2005-10-01 00:00:00+00:00,CAD,2.98,IR3TIB01CAM156N
2005-11-01 00:00:00+00:00,CAD,3.206,IR3TIB01CAM156N
2005-12-01 00:00:00+00:00,CAD,3.35,IR3TIB01CAM156N
2006-01-01 00:00:00+00:00,CAD,3.42,IR3TIB01CAM156N
2006-02-01 00:00:00+00:00,CAD,3.63,IR3TIB01CAM156N
2006-03-01 00:00:00+00:00,CAD,3.76,IR3TIB01CAM156N
2006-04-01 00:00:00+00:00,CAD,3.96,IR3TIB01CAM156N
2006-05-01 00:00:00+00:00,CAD,4.126,IR3TIB01CAM156N
2006-06-01 00:00:00+00:00,CAD,4.24,IR3TIB01CAM156N
2006-07-01 00:00:00+00:00,CAD,4.2,IR3TIB01CAM156N
2006-08-01 00:00:00+00:00,CAD,4.132,IR3TIB01CAM156N
2006-09-01 00:00:00+00:00,CAD,4.15,IR3TIB01CAM156N
2006-10-01 00:00:00+00:00,CAD,4.1575,IR3TIB01CAM156N
2006-11-01 00:00:00+00:00,CAD,4.178,IR3TIB01CAM156N
2006-12-01 00:00:00+00:00,CAD,4.16,IR3TIB01CAM156N
2007-01-01 00:00:00+00:00,CAD,4.156,IR3TIB01CAM156N
2007-02-01 00:00:00+00:00,CAD,4.18,IR3TIB01CAM156N
2007-03-01 00:00:00+00:00,CAD,4.1675,IR3TIB01CAM156N
2007-04-01 00:00:00+00:00,CAD,4.1625,IR3TIB01CAM156N
2007-05-01 00:00:00+00:00,CAD,4.19,IR3TIB01CAM156N
2007-06-01 00:00:00+00:00,CAD,4.36,IR3TIB01CAM156N
2007-07-01 00:00:00+00:00,CAD,4.4975,IR3TIB01CAM156N
2007-08-01 00:00:00+00:00,CAD,4.262,IR3TIB01CAM156N
2007-09-01 00:00:00+00:00,CAD,3.9975,IR3TIB01CAM156N
2007-10-01 00:00:00+00:00,CAD,3.936,IR3TIB01CAM156N
2007-11-01 00:00:00+00:00,CAD,3.9625,IR3TIB01CAM156N
2007-12-01 00:00:00+00:00,CAD,3.8325,IR3TIB01CAM156N
2008-01-01 00:00:00+00:00,CAD,3.582,IR3TIB01CAM156N
2008-02-01 00:00:00+00:00,CAD,3.265,IR3TIB01CAM156N
2008-03-01 00:00:00+00:00,CAD,2.185,IR3TIB01CAM156N
2008-04-01 00:00:00+00:00,CAD,2.404,IR3TIB01CAM156N
2008-05-01 00:00:00+00:00,CAD,2.65,IR3TIB01CAM156N
2008-06-01 00:00:00+00:00,CAD,2.6125,IR3TIB01CAM156N
2008-07-01 00:00:00+00:00,CAD,2.368,IR3TIB01CAM156N
2008-08-01 00:00:00+00:00,CAD,2.47,IR3TIB01CAM156N
2008-09-01 00:00:00+00:00,CAD,2.1175,IR3TIB01CAM156N
2008-10-01 00:00:00+00:00,CAD,1.556,IR3TIB01CAM156N
2008-11-01 00:00:00+00:00,CAD,1.7825,IR3TIB01CAM156N
2008-12-01 00:00:00+00:00,CAD,1.05,IR3TIB01CAM156N
2009-01-01 00:00:00+00:00,CAD,0.8025,IR3TIB01CAM156N
2009-02-01 00:00:00+00:00,CAD,0.7275,IR3TIB01CAM156N
2009-03-01 00:00:00+00:00,CAD,0.4075,IR3TIB01CAM156N
2009-04-01 00:00:00+00:00,CAD,0.324,IR3TIB01CAM156N
2009-05-01 00:00:00+00:00,CAD,0.18,IR3TIB01CAM156N
2009-06-01 00:00:00+00:00,CAD,0.225,IR3TIB01CAM156N
2009-07-01 00:00:00+00:00,CAD,0.234,IR3TIB01CAM156N
2009-08-01 00:00:00+00:00,CAD,0.23,IR3TIB01CAM156N
2009-09-01 00:00:00+00:00,CAD,0.22,IR3TIB01CAM156N
2009-10-01 00:00:00+00:00,CAD,0.215,IR3TIB01CAM156N
2009-11-01 00:00:00+00:00,CAD,0.215,IR3TIB01CAM156N
2009-12-01 00:00:00+00:00,CAD,0.198,IR3TIB01CAM156N
2010-01-01 00:00:00+00:00,CAD,0.1725,IR3TIB01CAM156N
2010-02-01 00:00:00+00:00,CAD,0.165,IR3TIB01CAM156N
2010-03-01 00:00:00+00:00,CAD,0.228,IR3TIB01CAM156N
2010-04-01 00:00:00+00:00,CAD,0.3375,IR3TIB01CAM156N
2010-05-01 00:00:00+00:00,CAD,0.39,IR3TIB01CAM156N
2010-06-01 00:00:00+00:00,CAD,0.522,IR3TIB01CAM156N
2010-07-01 00:00:00+00:00,CAD,0.575,IR3TIB01CAM156N
2010-08-01 00:00:00+00:00,CAD,0.66,IR3TIB01CAM156N
2010-09-01 00:00:00+00:00,CAD,0.85,IR3TIB01CAM156N
2010-10-01 00:00:00+00:00,CAD,0.895,IR3TIB01CAM156N
2010-11-01 00:00:00+00:00,CAD,0.9525,IR3TIB01CAM156N
2010-12-01 00:00:00+00:00,CAD,0.994,IR3TIB01CAM156N
2011-01-01 00:00:00+00:00,CAD,0.9625,IR3TIB01CAM156N
2011-02-01 00:00:00+00:00,CAD,0.9525,IR3TIB01CAM156N
2011-03-01 00:00:00+00:00,CAD,0.926,IR3TIB01CAM156N
2011-04-01 00:00:00+00:00,CAD,0.965,IR3TIB01CAM156N
2011-05-01 00:00:00+00:00,CAD,0.9625,IR3TIB01CAM156N
2011-06-01 00:00:00+00:00,CAD,0.928,IR3TIB01CAM156N
2011-07-01 00:00:00+00:00,CAD,0.9225,IR3TIB01CAM156N
2011-08-01 00:00:00+00:00,CAD,0.874,IR3TIB01CAM156N
2011-09-01 00:00:00+00:00,CAD,0.8725,IR3TIB01CAM156N
2011-10-01 00:00:00+00:00,CAD,0.8625,IR3TIB01CAM156N
2011-11-01 00:00:00+00:00,CAD,0.882,IR3TIB01CAM156N
2011-12-01 00:00:00+00:00,CAD,0.83,IR3TIB01CAM156N
2012-01-01 00:00:00+00:00,CAD,0.825,IR3TIB01CAM156N
2012-02-01 00:00:00+00:00,CAD,0.918,IR3TIB01CAM156N
2012-03-01 00:00:00+00:00,CAD,0.915,IR3TIB01CAM156N
2012-04-01 00:00:00+00:00,CAD,0.9825,IR3TIB01CAM156N
2012-05-01 00:00:00+00:00,CAD,0.988,IR3TIB01CAM156N
2012-06-01 00:00:00+00:00,CAD,0.8825,IR3TIB01CAM156N
2012-07-01 00:00:00+00:00,CAD,0.8875,IR3TIB01CAM156N
2012-08-01 00:00:00+00:00,CAD,1.002,IR3TIB01CAM156N
2012-09-01 00:00:00+00:00,CAD,1.0075,IR3TIB01CAM156N
2012-10-01 00:00:00+00:00,CAD,0.976,IR3TIB01CAM156N
2012-11-01 00:00:00+00:00,CAD,0.97,IR3TIB01CAM156N
2012-12-01 00:00:00+00:00,CAD,0.945,IR3TIB01CAM156N
2013-01-01 00:00:00+00:00,CAD,0.92,IR3TIB01CAM156N
2013-02-01 00:00:00+00:00,CAD,0.9475,IR3TIB01CAM156N
2013-03-01 00:00:00+00:00,CAD,0.9625,IR3TIB01CAM156N
2013-04-01 00:00:00+00:00,CAD,0.9825,IR3TIB01CAM156N
2013-05-01 00:00:00+00:00,CAD,0.998,IR3TIB01CAM156N
2013-06-01 00:00:00+00:00,CAD,1.025,IR3TIB01CAM156N
2013-07-01 00:00:00+00:00,CAD,1.012,IR3TIB01CAM156N
2013-08-01 00:00:00+00:00,CAD,0.9925,IR3TIB01CAM156N
2013-09-01 00:00:00+00:00,CAD,0.9875,IR3TIB01CAM156N
2013-10-01 00:00:00+00:00,CAD,0.924,IR3TIB01CAM156N
2013-11-01 00:00:00+00:00,CAD,0.925,IR3TIB01CAM156N
2013-12-01 00:00:00+00:00,CAD,0.9175,IR3TIB01CAM156N
2014-01-01 00:00:00+00:00,CAD,0.894,IR3TIB01CAM156N
2014-02-01 00:00:00+00:00,CAD,0.87,IR3TIB01CAM156N
2014-03-01 00:00:00+00:00,CAD,0.8425,IR3TIB01CAM156N
2014-04-01 00:00:00+00:00,CAD,0.926,IR3TIB01CAM156N
2014-05-01 00:00:00+00:00,CAD,0.925,IR3TIB01CAM156N
2014-06-01 00:00:00+00:00,CAD,0.935,IR3TIB01CAM156N
2014-07-01 00:00:00+00:00,CAD,0.948,IR3TIB01CAM156N
2014-08-01 00:00:00+00:00,CAD,0.95,IR3TIB01CAM156N
2014-09-01 00:00:00+00:00,CAD,0.9275,IR3TIB01CAM156N
2014-10-01 00:00:00+00:00,CAD,0.894,IR3TIB01CAM156N
2014-11-01 00:00:00+00:00,CAD,0.9025,IR3TIB01CAM156N
2014-12-01 00:00:00+00:00,CAD,0.902,IR3TIB01CAM156N
2015-01-01 00:00:00+00:00,CAD,0.765,IR3TIB01CAM156N
2015-02-01 00:00:00+00:00,CAD,0.5325,IR3TIB01CAM156N
2015-03-01 00:00:00+00:00,CAD,0.5525,IR3TIB01CAM156N
2015-04-01 00:00:00+00:00,CAD,0.618,IR3TIB01CAM156N
2015-05-01 00:00:00+00:00,CAD,0.6575,IR3TIB01CAM156N
2015-06-01 00:00:00+00:00,CAD,0.61,IR3TIB01CAM156N
2015-07-01 00:00:00+00:00,CAD,0.47,IR3TIB01CAM156N
2015-08-01 00:00:00+00:00,CAD,0.385,IR3TIB01CAM156N
2015-09-01 00:00:00+00:00,CAD,0.4,IR3TIB01CAM156N
2015-10-01 00:00:00+00:00,CAD,0.4025,IR3TIB01CAM156N
2015-11-01 00:00:00+00:00,CAD,0.4525,IR3TIB01CAM156N
2015-12-01 00:00:00+00:00,CAD,0.484,IR3TIB01CAM156N
2016-01-01 00:00:00+00:00,CAD,0.435,IR3TIB01CAM156N
2016-02-01 00:00:00+00:00,CAD,0.4575,IR3TIB01CAM156N
2016-03-01 00:00:00+00:00,CAD,0.46,IR3TIB01CAM156N
2016-04-01 00:00:00+00:00,CAD,0.5125,IR3TIB01CAM156N
2016-05-01 00:00:00+00:00,CAD,0.5075,IR3TIB01CAM156N
2016-06-01 00:00:00+00:00,CAD,0.51,IR3TIB01CAM156N
2016-07-01 00:00:00+00:00,CAD,0.5,IR3TIB01CAM156N
2016-08-01 00:00:00+00:00,CAD,0.506,IR3TIB01CAM156N
2016-09-01 00:00:00+00:00,CAD,0.505,IR3TIB01CAM156N
2016-10-01 00:00:00+00:00,CAD,0.4875,IR3TIB01CAM156N
2016-11-01 00:00:00+00:00,CAD,0.48,IR3TIB01CAM156N
2016-12-01 00:00:00+00:00,CAD,0.4775,IR3TIB01CAM156N
2017-01-01 00:00:00+00:00,CAD,0.45,IR3TIB01CAM156N
2017-02-01 00:00:00+00:00,CAD,0.465,IR3TIB01CAM156N
2017-03-01 00:00:00+00:00,CAD,0.498,IR3TIB01CAM156N
2017-04-01 00:00:00+00:00,CAD,0.535,IR3TIB01CAM156N
2017-05-01 00:00:00+00:00,CAD,0.512,IR3TIB01CAM156N
2017-06-01 00:00:00+00:00,CAD,0.565,IR3TIB01CAM156N
2017-07-01 00:00:00+00:00,CAD,0.73,IR3TIB01CAM156N
2017-08-01 00:00:00+00:00,CAD,0.722,IR3TIB01CAM156N
2017-09-01 00:00:00+00:00,CAD,0.98,IR3TIB01CAM156N
2017-10-01 00:00:00+00:00,CAD,0.96,IR3TIB01CAM156N
2017-11-01 00:00:00+00:00,CAD,0.88,IR3TIB01CAM156N
2017-12-01 00:00:00+00:00,CAD,0.96,IR3TIB01CAM156N
2018-01-01 00:00:00+00:00,CAD,1.164,IR3TIB01CAM156N
2018-02-01 00:00:00+00:00,CAD,1.1625,IR3TIB01CAM156N
2018-03-01 00:00:00+00:00,CAD,1.095,IR3TIB01CAM156N
2018-04-01 00:00:00+00:00,CAD,1.165,IR3TIB01CAM156N
2018-05-01 00:00:00+00:00,CAD,1.246,IR3TIB01CAM156N
2018-06-01 00:00:00+00:00,CAD,1.2375,IR3TIB01CAM156N
2018-07-01 00:00:00+00:00,CAD,1.375,IR3TIB01CAM156N
2018-08-01 00:00:00+00:00,CAD,1.488,IR3TIB01CAM156N
2018-09-01 00:00:00+00:00,CAD,1.5175,IR3TIB01CAM156N
2018-10-01 00:00:00+00:00,CAD,1.66,IR3TIB01CAM156N
2018-11-01 00:00:00+00:00,CAD,1.7125,IR3TIB01CAM156N
2018-12-01 00:00:00+00:00,CAD,1.66,IR3TIB01CAM156N
2019-01-01 00:00:00+00:00,CAD,1.634,IR3TIB01CAM156N
2019-02-01 00:00:00+00:00,CAD,1.665,IR3TIB01CAM156N
2019-03-01 00:00:00+00:00,CAD,1.66,IR3TIB01CAM156N
2019-04-01 00:00:00+00:00,CAD,1.675,IR3TIB01CAM156N
2019-05-01 00:00:00+00:00,CAD,1.678,IR3TIB01CAM156N
2019-06-01 00:00:00+00:00,CAD,1.665,IR3TIB01CAM156N
2019-07-01 00:00:00+00:00,CAD,1.654,IR3TIB01CAM156N
2019-08-01 00:00:00+00:00,CAD,1.635,IR3TIB01CAM156N
2019-09-01 00:00:00+00:00,CAD,1.6275,IR3TIB01CAM156N
2019-10-01 00:00:00+00:00,CAD,1.654,IR3TIB01CAM156N
2019-11-01 00:00:00+00:00,CAD,1.6625,IR3TIB01CAM156N
2019-12-01 00:00:00+00:00,CAD,1.6575,IR3TIB01CAM156N
2020-01-01 00:00:00+00:00,CAD,1.646,IR3TIB01CAM156N
2020-02-01 00:00:00+00:00,CAD,1.6325,IR3TIB01CAM156N
2020-03-01 00:00:00+00:00,CAD,0.6725,IR3TIB01CAM156N
2020-04-01 00:00:00+00:00,CAD,0.246,IR3TIB01CAM156N
2020-05-01 00:00:00+00:00,CAD,0.235,IR3TIB01CAM156N
2020-06-01 00:00:00+00:00,CAD,0.1925,IR3TIB01CAM156N
2020-07-01 00:00:00+00:00,CAD,0.18,IR3TIB01CAM156N
2020-08-01 00:00:00+00:00,CAD,0.1575,IR3TIB01CAM156N
2020-09-01 00:00:00+00:00,CAD,0.142,IR3TIB01CAM156N
2020-10-01 00:00:00+00:00,CAD,0.1,IR3TIB01CAM156N
2020-11-01 00:00:00+00:00,CAD,0.1075,IR3TIB01CAM156N
2020-12-01 00:00:00+00:00,CAD,0.106,IR3TIB01CAM156N
2021-01-01 00:00:00+00:00,CAD,0.0575,IR3TIB01CAM156N
2021-02-01 00:00:00+00:00,CAD,0.0825,IR3TIB01CAM156N
2021-03-01 00:00:00+00:00,CAD,0.106,IR3TIB01CAM156N
2021-04-01 00:00:00+00:00,CAD,0.0925,IR3TIB01CAM156N
2021-05-01 00:00:00+00:00,CAD,0.0975,IR3TIB01CAM156N
2021-06-01 00:00:00+00:00,CAD,0.128,IR3TIB01CAM156N
2021-07-01 00:00:00+00:00,CAD,0.1675,IR3TIB01CAM156N
2021-08-01 00:00:00+00:00,CAD,0.1775,IR3TIB01CAM156N
2021-09-01 00:00:00+00:00,CAD,0.132,IR3TIB01CAM156N
2021-10-01 00:00:00+00:00,CAD,0.12,IR3TIB01CAM156N
2021-11-01 00:00:00+00:00,CAD,0.1175,IR3TIB01CAM156N
2021-12-01 00:00:00+00:00,CAD,0.078,IR3TIB01CAM156N
2022-01-01 00:00:00+00:00,CAD,0.305,IR3TIB01CAM156N
2022-02-01 00:00:00+00:00,CAD,0.325,IR3TIB01CAM156N
2022-03-01 00:00:00+00:00,CAD,0.566,IR3TIB01CAM156N
2022-04-01 00:00:00+00:00,CAD,1.0475,IR3TIB01CAM156N
2022-05-01 00:00:00+00:00,CAD,1.3675,IR3TIB01CAM156N
2022-06-01 00:00:00+00:00,CAD,1.834,IR3TIB01CAM156N
2022-07-01 00:00:00+00:00,CAD,2.445,IR3TIB01CAM156N
2022-08-01 00:00:00+00:00,CAD,2.908,IR3TIB01CAM156N
2022-09-01 00:00:00+00:00,CAD,3.42,IR3TIB01CAM156N
2022-10-01 00:00:00+00:00,CAD,3.76,IR3TIB01CAM156N
2022-11-01 00:00:00+00:00,CAD,3.988,IR3TIB01CAM156N
2022-12-01 00:00:00+00:00,CAD,4.1675,IR3TIB01CAM156N
2023-01-01 00:00:00+00:00,CAD,4.325,IR3TIB01CAM156N
2023-02-01 00:00:00+00:00,CAD,4.45,IR3TIB01CAM156N
2023-03-01 00:00:00+00:00,CAD,4.388,IR3TIB01CAM156N
2023-04-01 00:00:00+00:00,CAD,4.3675,IR3TIB01CAM156N
2023-05-01 00:00:00+00:00,CAD,4.478,IR3TIB01CAM156N
2023-06-01 00:00:00+00:00,CAD,4.8325,IR3TIB01CAM156N
2023-07-01 00:00:00+00:00,CAD,4.935,IR3TIB01CAM156N
2023-08-01 00:00:00+00:00,CAD,5.054,IR3TIB01CAM156N
2023-09-01 00:00:00+00:00,CAD,5.0375,IR3TIB01CAM156N
2023-10-01 00:00:00+00:00,CAD,5.08,IR3TIB01CAM156N
2023-11-01 00:00:00+00:00,CAD,4.996,IR3TIB01CAM156N
2023-12-01 00:00:00+00:00,CAD,4.9475,IR3TIB01CAM156N
2024-01-01 00:00:00+00:00,CAD,4.948,IR3TIB01CAM156N
2024-02-01 00:00:00+00:00,CAD,4.935,IR3TIB01CAM156N
2024-03-01 00:00:00+00:00,CAD,4.905,IR3TIB01CAM156N
2024-04-01 00:00:00+00:00,CAD,4.925,IR3TIB01CAM156N
2024-05-01 00:00:00+00:00,CAD,4.868,IR3TIB01CAM156N
2024-06-01 00:00:00+00:00,CAD,4.6475,IR3TIB01CAM156N
2024-07-01 00:00:00+00:00,CAD,4.508,IR3TIB01CAM156N
2024-08-01 00:00:00+00:00,CAD,4.2325,IR3TIB01CAM156N
2024-09-01 00:00:00+00:00,CAD,4.0425,IR3TIB01CAM156N
2024-10-01 00:00:00+00:00,CAD,3.71,IR3TIB01CAM156N
2024-11-01 00:00:00+00:00,CAD,3.48,IR3TIB01CAM156N
2024-12-01 00:00:00+00:00,CAD,3.195,IR3TIB01CAM156N
2025-01-01 00:00:00+00:00,CAD,3.058,IR3TIB01CAM156N
2025-02-01 00:00:00+00:00,CAD,2.8425,IR3TIB01CAM156N
2025-03-01 00:00:00+00:00,CAD,2.66,IR3TIB01CAM156N
2025-04-01 00:00:00+00:00,CAD,2.622,IR3TIB01CAM156N
2025-05-01 00:00:00+00:00,CAD,2.6225,IR3TIB01CAM156N
2025-06-01 00:00:00+00:00,CAD,2.66,IR3TIB01CAM156N
2025-07-01 00:00:00+00:00,CAD,2.662,IR3TIB01CAM156N
2025-08-01 00:00:00+00:00,CAD,2.655,IR3TIB01CAM156N
2025-09-01 00:00:00+00:00,CAD,2.4925,IR3TIB01CAM156N
2025-10-01 00:00:00+00:00,CAD,2.334,IR3TIB01CAM156N
2025-11-01 00:00:00+00:00,CAD,2.185,IR3TIB01CAM156N
2025-12-01 00:00:00+00:00,CAD,2.164,IR3TIB01CAM156N
2026-01-01 00:00:00+00:00,CAD,2.19,IR3TIB01CAM156N
2026-02-01 00:00:00+00:00,CAD,2.1775,IR3TIB01CAM156N
2026-03-01 00:00:00+00:00,CAD,2.23,IR3TIB01CAM156N
2026-04-01 00:00:00+00:00,CAD,2.272,IR3TIB01CAM156N
1999-07-01 00:00:00+00:00,CHF,0.955,IR3TIB01CHM156N
1999-08-01 00:00:00+00:00,CHF,0.92453125,IR3TIB01CHM156N
1999-09-01 00:00:00+00:00,CHF,0.900516,IR3TIB01CHM156N
1999-10-01 00:00:00+00:00,CHF,1.8848,IR3TIB01CHM156N
1999-11-01 00:00:00+00:00,CHF,1.6871356,IR3TIB01CHM156N
1999-12-01 00:00:00+00:00,CHF,1.74320418181818,IR3TIB01CHM156N
2000-01-01 00:00:00+00:00,CHF,1.72924735,IR3TIB01CHM156N
2000-02-01 00:00:00+00:00,CHF,2.23797919047619,IR3TIB01CHM156N
2000-03-01 00:00:00+00:00,CHF,2.43072330434783,IR3TIB01CHM156N
2000-04-01 00:00:00+00:00,CHF,2.8121195,IR3TIB01CHM156N
2000-05-01 00:00:00+00:00,CHF,3.01037731818182,IR3TIB01CHM156N
2000-06-01 00:00:00+00:00,CHF,3.20290635,IR3TIB01CHM156N
2000-07-01 00:00:00+00:00,CHF,3.29050628571429,IR3TIB01CHM156N
2000-08-01 00:00:00+00:00,CHF,3.30846527272727,IR3TIB01CHM156N
2000-09-01 00:00:00+00:00,CHF,3.3217070952381,IR3TIB01CHM156N
2000-10-01 00:00:00+00:00,CHF,3.34387236363636,IR3TIB01CHM156N
2000-11-01 00:00:00+00:00,CHF,3.34746895454545,IR3TIB01CHM156N
2000-12-01 00:00:00+00:00,CHF,3.25550668421053,IR3TIB01CHM156N
2001-01-01 00:00:00+00:00,CHF,3.25396728571429,IR3TIB01CHM156N
2001-02-01 00:00:00+00:00,CHF,3.34404575,IR3TIB01CHM156N
2001-03-01 00:00:00+00:00,CHF,3.26320313636364,IR3TIB01CHM156N
2001-04-01 00:00:00+00:00,CHF,3.12508536842105,IR3TIB01CHM156N
2001-05-01 00:00:00+00:00,CHF,3.0529099047619,IR3TIB01CHM156N
2001-06-01 00:00:00+00:00,CHF,3.10380645,IR3TIB01CHM156N
2001-07-01 00:00:00+00:00,CHF,3.12780690909091,IR3TIB01CHM156N
2001-08-01 00:00:00+00:00,CHF,3.07501459090909,IR3TIB01CHM156N
2001-09-01 00:00:00+00:00,CHF,2.66832555,IR3TIB01CHM156N
2001-10-01 00:00:00+00:00,CHF,2.06915434782609,IR3TIB01CHM156N
2001-11-01 00:00:00+00:00,CHF,1.93803509090909,IR3TIB01CHM156N
2001-12-01 00:00:00+00:00,CHF,1.74428288888889,IR3TIB01CHM156N
2002-01-01 00:00:00+00:00,CHF,1.60372514285714,IR3TIB01CHM156N
2002-02-01 00:00:00+00:00,CHF,1.5666706,IR3TIB01CHM156N
2002-03-01 00:00:00+00:00,CHF,1.60416375,IR3TIB01CHM156N
2002-04-01 00:00:00+00:00,CHF,1.46064661904762,IR3TIB01CHM156N
2002-05-01 00:00:00+00:00,CHF,1.1634939,IR3TIB01CHM156N
2002-06-01 00:00:00+00:00,CHF,1.14959405,IR3TIB01CHM156N
2002-07-01 00:00:00+00:00,CHF,1.00306152173913,IR3TIB01CHM156N
2002-08-01 00:00:00+00:00,CHF,0.668342047619048,IR3TIB01CHM156N
2002-09-01 00:00:00+00:00,CHF,0.612999095238095,IR3TIB01CHM156N
2002-10-01 00:00:00+00:00,CHF,0.627853739130435,IR3TIB01CHM156N
2002-11-01 00:00:00+00:00,CHF,0.592497857142857,IR3TIB01CHM156N
2002-12-01 00:00:00+00:00,CHF,0.54338995,IR3TIB01CHM156N
2003-01-01 00:00:00+00:00,CHF,0.508735476190476,IR3TIB01CHM156N
2003-02-01 00:00:00+00:00,CHF,0.48923735,IR3TIB01CHM156N
2003-03-01 00:00:00+00:00,CHF,0.233193714285714,IR3TIB01CHM156N
2003-04-01 00:00:00+00:00,CHF,0.1737809,IR3TIB01CHM156N
2003-05-01 00:00:00+00:00,CHF,0.1585085,IR3TIB01CHM156N
2003-06-01 00:00:00+00:00,CHF,0.15839465,IR3TIB01CHM156N
2003-07-01 00:00:00+00:00,CHF,0.16359952173913,IR3TIB01CHM156N
2003-08-01 00:00:00+00:00,CHF,0.1508667,IR3TIB01CHM156N
2003-09-01 00:00:00+00:00,CHF,0.138722590909091,IR3TIB01CHM156N
2003-10-01 00:00:00+00:00,CHF,0.129131043478261,IR3TIB01CHM156N
2003-11-01 00:00:00+00:00,CHF,0.14283225,IR3TIB01CHM156N
2003-12-01 00:00:00+00:00,CHF,0.136828571428571,IR3TIB01CHM156N
2004-01-01 00:00:00+00:00,CHF,0.1284939,IR3TIB01CHM156N
2004-02-01 00:00:00+00:00,CHF,0.14803445,IR3TIB01CHM156N
2004-03-01 00:00:00+00:00,CHF,0.158294043478261,IR3TIB01CHM156N
2004-04-01 00:00:00+00:00,CHF,0.18674945,IR3TIB01CHM156N
2004-05-01 00:00:00+00:00,CHF,0.182353368421053,IR3TIB01CHM156N
2004-06-01 00:00:00+00:00,CHF,0.328464045454545,IR3TIB01CHM156N
2004-07-01 00:00:00+00:00,CHF,0.422401363636364,IR3TIB01CHM156N
2004-08-01 00:00:00+00:00,CHF,0.471912181818182,IR3TIB01CHM156N
2004-09-01 00:00:00+00:00,CHF,0.584377681818182,IR3TIB01CHM156N
2004-10-01 00:00:00+00:00,CHF,0.620791047619048,IR3TIB01CHM156N
2004-11-01 00:00:00+00:00,CHF,0.648511,IR3TIB01CHM156N
2004-12-01 00:00:00+00:00,CHF,0.649346863636364,IR3TIB01CHM156N
2005-01-01 00:00:00+00:00,CHF,0.651069238095238,IR3TIB01CHM156N
2005-02-01 00:00:00+00:00,CHF,0.6771861,IR3TIB01CHM156N
2005-03-01 00:00:00+00:00,CHF,0.666316238095238,IR3TIB01CHM156N
2005-04-01 00:00:00+00:00,CHF,0.67295219047619,IR3TIB01CHM156N
2005-05-01 00:00:00+00:00,CHF,0.67066215,IR3TIB01CHM156N
2005-06-01 00:00:00+00:00,CHF,0.672201227272727,IR3TIB01CHM156N
2005-07-01 00:00:00+00:00,CHF,0.666276380952381,IR3TIB01CHM156N
2005-08-01 00:00:00+00:00,CHF,0.675881090909091,IR3TIB01CHM156N
2005-09-01 00:00:00+00:00,CHF,0.674919636363636,IR3TIB01CHM156N
2005-10-01 00:00:00+00:00,CHF,0.722154380952381,IR3TIB01CHM156N
2005-11-01 00:00:00+00:00,CHF,0.865552090909091,IR3TIB01CHM156N
2005-12-01 00:00:00+00:00,CHF,0.9330752,IR3TIB01CHM156N
2006-01-01 00:00:00+00:00,CHF,0.924489476190476,IR3TIB01CHM156N
2006-02-01 00:00:00+00:00,CHF,0.9967605,IR3TIB01CHM156N
2006-03-01 00:00:00+00:00,CHF,1.11319943478261,IR3TIB01CHM156N
2006-04-01 00:00:00+00:00,CHF,1.17550216666667,IR3TIB01CHM156N
2006-05-01 00:00:00+00:00,CHF,1.30199257142857,IR3TIB01CHM156N
2006-06-01 00:00:00+00:00,CHF,1.37270757142857,IR3TIB01CHM156N
2006-07-01 00:00:00+00:00,CHF,1.42769528571429,IR3TIB01CHM156N
2006-08-01 00:00:00+00:00,CHF,1.52308863636364,IR3TIB01CHM156N
2006-09-01 00:00:00+00:00,CHF,1.643369,IR3TIB01CHM156N
2006-10-01 00:00:00+00:00,CHF,1.74738009090909,IR3TIB01CHM156N
2006-11-01 00:00:00+00:00,CHF,1.80596172727273,IR3TIB01CHM156N
2006-12-01 00:00:00+00:00,CHF,1.90840782352941,IR3TIB01CHM156N
2007-01-01 00:00:00+00:00,CHF,2.05046923809524,IR3TIB01CHM156N
2007-02-01 00:00:00+00:00,CHF,2.11132155,IR3TIB01CHM156N
2007-03-01 00:00:00+00:00,CHF,2.15987477272727,IR3TIB01CHM156N
2007-04-01 00:00:00+00:00,CHF,2.22386673684211,IR3TIB01CHM156N
2007-05-01 00:00:00+00:00,CHF,2.31683825,IR3TIB01CHM156N
2007-06-01 00:00:00+00:00,CHF,2.44371828571429,IR3TIB01CHM156N
2007-07-01 00:00:00+00:00,CHF,2.61172740909091,IR3TIB01CHM156N
2007-08-01 00:00:00+00:00,CHF,2.60672072727273,IR3TIB01CHM156N
2007-09-01 00:00:00+00:00,CHF,2.49345425,IR3TIB01CHM156N
2007-10-01 00:00:00+00:00,CHF,2.45670126086957,IR3TIB01CHM156N
2007-11-01 00:00:00+00:00,CHF,2.29504331818182,IR3TIB01CHM156N
2007-12-01 00:00:00+00:00,CHF,2.34431588235294,IR3TIB01CHM156N
2008-01-01 00:00:00+00:00,CHF,2.28750271428571,IR3TIB01CHM156N
2008-02-01 00:00:00+00:00,CHF,2.41745680952381,IR3TIB01CHM156N
2008-03-01 00:00:00+00:00,CHF,2.28812894736842,IR3TIB01CHM156N
2008-04-01 00:00:00+00:00,CHF,2.18122622727273,IR3TIB01CHM156N
2008-05-01 00:00:00+00:00,CHF,2.0428156,IR3TIB01CHM156N
2008-06-01 00:00:00+00:00,CHF,2.1437270952381,IR3TIB01CHM156N
2008-07-01 00:00:00+00:00,CHF,2.20689582608696,IR3TIB01CHM156N
2008-08-01 00:00:00+00:00,CHF,2.1833859,IR3TIB01CHM156N
2008-09-01 00:00:00+00:00,CHF,2.124653,IR3TIB01CHM156N
2008-10-01 00:00:00+00:00,CHF,1.41079118181818,IR3TIB01CHM156N
2008-11-01 00:00:00+00:00,CHF,0.700317846153846,IR3TIB01CHM156N
2008-12-01 00:00:00+00:00,CHF,0.1075305,IR3TIB01CHM156N
2009-01-01 00:00:00+00:00,CHF,0.0938757,IR3TIB01CHM156N
2009-02-01 00:00:00+00:00,CHF,0.110002944444444,IR3TIB01CHM156N
2009-03-01 00:00:00+00:00,CHF,0.113013047619048,IR3TIB01CHM156N
2009-04-01 00:00:00+00:00,CHF,0.0902461818181818,IR3TIB01CHM156N
2009-05-01 00:00:00+00:00,CHF,0.0912780588235294,IR3TIB01CHM156N
2009-06-01 00:00:00+00:00,CHF,0.0871305263157895,IR3TIB01CHM156N
2009-07-01 00:00:00+00:00,CHF,0.0717845652173913,IR3TIB01CHM156N
2009-08-01 00:00:00+00:00,CHF,0.0738368095238095,IR3TIB01CHM156N
2009-09-01 00:00:00+00:00,CHF,0.073400380952381,IR3TIB01CHM156N
2009-10-01 00:00:00+00:00,CHF,0.0850033333333333,IR3TIB01CHM156N
2009-11-01 00:00:00+00:00,CHF,0.118535785714286,IR3TIB01CHM156N
2009-12-01 00:00:00+00:00,CHF,0.115619909090909,IR3TIB01CHM156N
2010-01-01 00:00:00+00:00,CHF,0.0903594,IR3TIB01CHM156N
2010-02-01 00:00:00+00:00,CHF,0.09874325,IR3TIB01CHM156N
2010-03-01 00:00:00+00:00,CHF,0.0957777272727273,IR3TIB01CHM156N
2010-04-01 00:00:00+00:00,CHF,0.0879435,IR3TIB01CHM156N
2010-05-01 00:00:00+00:00,CHF,0.08190975,IR3TIB01CHM156N
2010-06-01 00:00:00+00:00,CHF,0.11774075,IR3TIB01CHM156N
2010-07-01 00:00:00+00:00,CHF,0.18285119047619,IR3TIB01CHM156N
2010-08-01 00:00:00+00:00,CHF,0.20656935,IR3TIB01CHM156N
2010-09-01 00:00:00+00:00,CHF,0.213812095238095,IR3TIB01CHM156N
2010-10-01 00:00:00+00:00,CHF,0.24791775,IR3TIB01CHM156N
2010-11-01 00:00:00+00:00,CHF,0.18600105,IR3TIB01CHM156N
2010-12-01 00:00:00+00:00,CHF,0.191368111111111,IR3TIB01CHM156N
2011-01-01 00:00:00+00:00,CHF,0.15081019047619,IR3TIB01CHM156N
2011-02-01 00:00:00+00:00,CHF,0.13954275,IR3TIB01CHM156N
2011-03-01 00:00:00+00:00,CHF,0.155124173913043,IR3TIB01CHM156N
2011-04-01 00:00:00+00:00,CHF,0.139454111111111,IR3TIB01CHM156N
2011-05-01 00:00:00+00:00,CHF,0.119449863636364,IR3TIB01CHM156N
2011-06-01 00:00:00+00:00,CHF,0.10205965,IR3TIB01CHM156N
2011-07-01 00:00:00+00:00,CHF,0.0909554761904762,IR3TIB01CHM156N
2011-08-01 00:00:00+00:00,CHF,-0.0675968,IR3TIB01CHM156N
2011-09-01 00:00:00+00:00,CHF,-0.0610702727272727,IR3TIB01CHM156N
2011-10-01 00:00:00+00:00,CHF,-0.0933598947368421,IR3TIB01CHM156N
2011-11-01 00:00:00+00:00,CHF,-0.0653187,IR3TIB01CHM156N
2011-12-01 00:00:00+00:00,CHF,0.08,IR3TIB01CHM156N
2012-01-01 00:00:00+00:00,CHF,0.0402932857142857,IR3TIB01CHM156N
2012-02-01 00:00:00+00:00,CHF,0.0178765,IR3TIB01CHM156N
2012-03-01 00:00:00+00:00,CHF,0.05129925,IR3TIB01CHM156N
2012-04-01 00:00:00+00:00,CHF,0.0136988333333333,IR3TIB01CHM156N
2012-05-01 00:00:00+00:00,CHF,-0.0154980555555556,IR3TIB01CHM156N
2012-06-01 00:00:00+00:00,CHF,-0.0573110588235294,IR3TIB01CHM156N
2012-07-01 00:00:00+00:00,CHF,-0.173395066666667,IR3TIB01CHM156N
2012-08-01 00:00:00+00:00,CHF,-0.207230666666667,IR3TIB01CHM156N
2012-09-01 00:00:00+00:00,CHF,-0.150658058823529,IR3TIB01CHM156N
2012-10-01 00:00:00+00:00,CHF,-0.06339775,IR3TIB01CHM156N
2012-11-01 00:00:00+00:00,CHF,-0.144987368421053,IR3TIB01CHM156N
2012-12-01 00:00:00+00:00,CHF,-0.051343,IR3TIB01CHM156N
2013-01-01 00:00:00+00:00,CHF,-0.1080856,IR3TIB01CHM156N
2013-02-01 00:00:00+00:00,CHF,-0.0634238666666667,IR3TIB01CHM156N
2013-03-01 00:00:00+00:00,CHF,-0.0596407368421053,IR3TIB01CHM156N
2013-04-01 00:00:00+00:00,CHF,-0.0647253333333333,IR3TIB01CHM156N
2013-05-01 00:00:00+00:00,CHF,-0.05881175,IR3TIB01CHM156N
2013-06-01 00:00:00+00:00,CHF,-0.0602111052631579,IR3TIB01CHM156N
2013-07-01 00:00:00+00:00,CHF,-0.0558058260869565,IR3TIB01CHM156N
2013-08-01 00:00:00+00:00,CHF,-0.06065045,IR3TIB01CHM156N
2013-09-01 00:00:00+00:00,CHF,-0.0511073157894737,IR3TIB01CHM156N
2013-10-01 00:00:00+00:00,CHF,0.0159292,IR3TIB01CHM156N
2013-11-01 00:00:00+00:00,CHF,-0.0169540555555556,IR3TIB01CHM156N
2013-12-01 00:00:00+00:00,CHF,0.0174349166666667,IR3TIB01CHM156N
2014-01-01 00:00:00+00:00,CHF,-0.0433244,IR3TIB01CHM156N
2014-02-01 00:00:00+00:00,CHF,-0.04796675,IR3TIB01CHM156N
2014-03-01 00:00:00+00:00,CHF,-0.0400058571428571,IR3TIB01CHM156N
2014-04-01 00:00:00+00:00,CHF,-0.0292094,IR3TIB01CHM156N
2014-05-01 00:00:00+00:00,CHF,-0.03160255,IR3TIB01CHM156N
2014-06-01 00:00:00+00:00,CHF,-0.012441,IR3TIB01CHM156N
2014-07-01 00:00:00+00:00,CHF,0.0333333333333333,IR3TIB01CHM156N
2014-08-01 00:00:00+00:00,CHF,0.038,IR3TIB01CHM156N
2014-09-01 00:00:00+00:00,CHF,0.025,IR3TIB01CHM156N
2014-10-01 00:00:00+00:00,CHF,0.04,IR3TIB01CHM156N
2014-11-01 00:00:00+00:00,CHF,0.0414285714285714,IR3TIB01CHM156N
2014-12-01 00:00:00+00:00,CHF,0.040234375,IR3TIB01CHM156N
2015-01-01 00:00:00+00:00,CHF,-0.416666666666667,IR3TIB01CHM156N
2015-02-01 00:00:00+00:00,CHF,-0.675,IR3TIB01CHM156N
2015-03-01 00:00:00+00:00,CHF,-0.788842625,IR3TIB01CHM156N
2015-04-01 00:00:00+00:00,CHF,-0.685416666666667,IR3TIB01CHM156N
2015-05-01 00:00:00+00:00,CHF,-0.81541675,IR3TIB01CHM156N
2015-06-01 00:00:00+00:00,CHF,-0.767575833333333,IR3TIB01CHM156N
2015-07-01 00:00:00+00:00,CHF,-0.7443055,IR3TIB01CHM156N
2015-08-01 00:00:00+00:00,CHF,-0.78125,IR3TIB01CHM156N
2015-09-01 00:00:00+00:00,CHF,-0.756176166666667,IR3TIB01CHM156N
2015-10-01 00:00:00+00:00,CHF,-0.845,IR3TIB01CHM156N
2015-11-01 00:00:00+00:00,CHF,-0.680833,IR3TIB01CHM156N
2015-12-01 00:00:00+00:00,CHF,-0.740213833333333,IR3TIB01CHM156N
2016-01-01 00:00:00+00:00,CHF,-0.745873,IR3TIB01CHM156N
2016-02-01 00:00:00+00:00,CHF,-0.8886364,IR3TIB01CHM156N
2016-03-01 00:00:00+00:00,CHF,-0.774167,IR3TIB01CHM156N
2016-04-01 00:00:00+00:00,CHF,-0.746875,IR3TIB01CHM156N
2016-05-01 00:00:00+00:00,CHF,-0.765375,IR3TIB01CHM156N
2016-06-01 00:00:00+00:00,CHF,-0.718645,IR3TIB01CHM156N
2016-07-01 00:00:00+00:00,CHF,-0.77,IR3TIB01CHM156N
2016-08-01 00:00:00+00:00,CHF,-0.75,IR3TIB01CHM156N
2016-09-01 00:00:00+00:00,CHF,-0.75,IR3TIB01CHM156N
2016-10-01 00:00:00+00:00,CHF,-0.75,IR3TIB01CHM156N
2016-11-01 00:00:00+00:00,CHF,-0.76,IR3TIB01CHM156N
2016-12-01 00:00:00+00:00,CHF,-0.8,IR3TIB01CHM156N
2017-01-01 00:00:00+00:00,CHF,-0.93,IR3TIB01CHM156N
2017-02-01 00:00:00+00:00,CHF,-0.803778166666667,IR3TIB01CHM156N
2017-03-01 00:00:00+00:00,CHF,-0.815,IR3TIB01CHM156N
2017-04-01 00:00:00+00:00,CHF,-0.7901191,IR3TIB01CHM156N
2017-05-01 00:00:00+00:00,CHF,-0.89770825,IR3TIB01CHM156N
2017-06-01 00:00:00+00:00,CHF,-0.775,IR3TIB01CHM156N
2017-07-01 00:00:00+00:00,CHF,-0.805833333333333,IR3TIB01CHM156N
2017-08-01 00:00:00+00:00,CHF,-0.815,IR3TIB01CHM156N
2017-09-01 00:00:00+00:00,CHF,-0.84525,IR3TIB01CHM156N
2017-10-01 00:00:00+00:00,CHF,-0.925185222222222,IR3TIB01CHM156N
2017-11-01 00:00:00+00:00,CHF,-0.906642166666667,IR3TIB01CHM156N
2017-12-01 00:00:00+00:00,CHF,-0.864305555555556,IR3TIB01CHM156N
2018-01-01 00:00:00+00:00,CHF,-0.87154745,IR3TIB01CHM156N
2018-02-01 00:00:00+00:00,CHF,-0.8715625,IR3TIB01CHM156N
2018-03-01 00:00:00+00:00,CHF,-0.79524075,IR3TIB01CHM156N
2018-04-01 00:00:00+00:00,CHF,-0.80023515,IR3TIB01CHM156N
2018-05-01 00:00:00+00:00,CHF,-0.7861775,IR3TIB01CHM156N
2018-06-01 00:00:00+00:00,CHF,-0.790477142857143,IR3TIB01CHM156N
2018-07-01 00:00:00+00:00,CHF,-0.780435909090909,IR3TIB01CHM156N
2018-08-01 00:00:00+00:00,CHF,-0.777280909090909,IR3TIB01CHM156N
2018-09-01 00:00:00+00:00,CHF,-0.780283888888889,IR3TIB01CHM156N
2018-10-01 00:00:00+00:00,CHF,-0.831076428571429,IR3TIB01CHM156N
2018-11-01 00:00:00+00:00,CHF,-0.815,IR3TIB01CHM156N
2018-12-01 00:00:00+00:00,CHF,-0.776,IR3TIB01CHM156N
2019-01-01 00:00:00+00:00,CHF,-0.813503555555556,IR3TIB01CHM156N
2019-02-01 00:00:00+00:00,CHF,-0.768617571428571,IR3TIB01CHM156N
2019-03-01 00:00:00+00:00,CHF,-0.756575222222222,IR3TIB01CHM156N
2019-04-01 00:00:00+00:00,CHF,-0.7475,IR3TIB01CHM156N
2019-05-01 00:00:00+00:00,CHF,-0.7752625,IR3TIB01CHM156N
2019-06-01 00:00:00+00:00,CHF,-0.780555,IR3TIB01CHM156N
2019-07-01 00:00:00+00:00,CHF,-0.84,IR3TIB01CHM156N
2019-08-01 00:00:00+00:00,CHF,-0.8075,IR3TIB01CHM156N
2019-09-01 00:00:00+00:00,CHF,-0.79125,IR3TIB01CHM156N
2019-10-01 00:00:00+00:00,CHF,-0.756590909090909,IR3TIB01CHM156N
2019-11-01 00:00:00+00:00,CHF,-0.705643333333333,IR3TIB01CHM156N
2019-12-01 00:00:00+00:00,CHF,-0.736666666666667,IR3TIB01CHM156N
2020-01-01 00:00:00+00:00,CHF,-0.74875,IR3TIB01CHM156N
2020-02-01 00:00:00+00:00,CHF,-0.7164475,IR3TIB01CHM156N
2020-03-01 00:00:00+00:00,CHF,-0.675,IR3TIB01CHM156N
2020-04-01 00:00:00+00:00,CHF,-0.624583333333333,IR3TIB01CHM156N
2020-05-01 00:00:00+00:00,CHF,-0.663348888888889,IR3TIB01CHM156N
2020-06-01 00:00:00+00:00,CHF,-0.6658145,IR3TIB01CHM156N
2020-07-01 00:00:00+00:00,CHF,-0.69071347826087,IR3TIB01CHM156N
2020-08-01 00:00:00+00:00,CHF,-0.706807142857143,IR3TIB01CHM156N
2020-09-01 00:00:00+00:00,CHF,-0.708714090909091,IR3TIB01CHM156N
2020-10-01 00:00:00+00:00,CHF,-0.698181818181818,IR3TIB01CHM156N
2020-11-01 00:00:00+00:00,CHF,-0.73,IR3TIB01CHM156N
2020-12-01 00:00:00+00:00,CHF,-0.742727272727273,IR3TIB01CHM156N
2021-01-01 00:00:00+00:00,CHF,-0.729838,IR3TIB01CHM156N
2021-02-01 00:00:00+00:00,CHF,-0.732424,IR3TIB01CHM156N
2021-03-01 00:00:00+00:00,CHF,-0.73,IR3TIB01CHM156N
2021-04-01 00:00:00+00:00,CHF,-0.7285415,IR3TIB01CHM156N
2021-05-01 00:00:00+00:00,CHF,-0.735221052631579,IR3TIB01CHM156N
2021-06-01 00:00:00+00:00,CHF,-0.737727272727273,IR3TIB01CHM156N
2021-07-01 00:00:00+00:00,CHF,-0.736136363636364,IR3TIB01CHM156N
2021-08-01 00:00:00+00:00,CHF,-0.738181818181818,IR3TIB01CHM156N
2021-09-01 00:00:00+00:00,CHF,-0.82,IR3TIB01CHM156N
2021-10-01 00:00:00+00:00,CHF,-0.726692380952381,IR3TIB01CHM156N
2021-11-01 00:00:00+00:00,CHF,-0.693960909090909,IR3TIB01CHM156N
2021-12-01 00:00:00+00:00,CHF,-0.71745652173913,IR3TIB01CHM156N
2022-01-01 00:00:00+00:00,CHF,-0.714190952380952,IR3TIB01CHM156N
2022-02-01 00:00:00+00:00,CHF,-0.684792,IR3TIB01CHM156N
2022-03-01 00:00:00+00:00,CHF,-0.682174347826087,IR3TIB01CHM156N
2022-04-01 00:00:00+00:00,CHF,-0.6725,IR3TIB01CHM156N
2022-05-01 00:00:00+00:00,CHF,-0.685,IR3TIB01CHM156N
2022-06-01 00:00:00+00:00,CHF,-0.508571428571429,IR3TIB01CHM156N
2022-07-01 00:00:00+00:00,CHF,-0.11,IR3TIB01CHM156N
2022-08-01 00:00:00+00:00,CHF,-0.0245454545454545,IR3TIB01CHM156N
2022-09-01 00:00:00+00:00,CHF,0.1475,IR3TIB01CHM156N
2022-10-01 00:00:00+00:00,CHF,0.52875,IR3TIB01CHM156N
2022-11-01 00:00:00+00:00,CHF,0.54,IR3TIB01CHM156N
2022-12-01 00:00:00+00:00,CHF,0.736349047619048,IR3TIB01CHM156N
2023-01-01 00:00:00+00:00,CHF,0.986904761904762,IR3TIB01CHM156N
2023-02-01 00:00:00+00:00,CHF,1.0,IR3TIB01CHM156N
2023-03-01 00:00:00+00:00,CHF,1.36382260869565,IR3TIB01CHM156N
2023-04-01 00:00:00+00:00,CHF,1.45,IR3TIB01CHM156N
2023-05-01 00:00:00+00:00,CHF,1.45,IR3TIB01CHM156N
2023-06-01 00:00:00+00:00,CHF,1.59045454545455,IR3TIB01CHM156N
2023-07-01 00:00:00+00:00,CHF,1.72,IR3TIB01CHM156N
2023-08-01 00:00:00+00:00,CHF,1.76727272727273,IR3TIB01CHM156N
2023-09-01 00:00:00+00:00,CHF,1.77,IR3TIB01CHM156N
2023-10-01 00:00:00+00:00,CHF,1.77,IR3TIB01CHM156N
2023-11-01 00:00:00+00:00,CHF,1.73181818181818,IR3TIB01CHM156N
2023-12-01 00:00:00+00:00,CHF,1.6525,IR3TIB01CHM156N
2024-01-01 00:00:00+00:00,CHF,1.6852380952381,IR3TIB01CHM156N
2024-02-01 00:00:00+00:00,CHF,1.7,IR3TIB01CHM156N
2024-03-01 00:00:00+00:00,CHF,1.5,IR3TIB01CHM156N
2024-04-01 00:00:00+00:00,CHF,1.5,IR3TIB01CHM156N
2024-05-01 00:00:00+00:00,CHF,1.5,IR3TIB01CHM156N
2024-06-01 00:00:00+00:00,CHF,1.427,IR3TIB01CHM156N
2024-07-01 00:00:00+00:00,CHF,1.19347826086957,IR3TIB01CHM156N
2024-08-01 00:00:00+00:00,CHF,1.06647238095238,IR3TIB01CHM156N
2024-09-01 00:00:00+00:00,CHF,1.02214285714286,IR3TIB01CHM156N
2024-10-01 00:00:00+00:00,CHF,0.894492608695652,IR3TIB01CHM156N
2024-11-01 00:00:00+00:00,CHF,0.806508095238095,IR3TIB01CHM156N
2024-12-01 00:00:00+00:00,CHF,0.60075,IR3TIB01CHM156N
2025-01-01 00:00:00+00:00,CHF,0.408095238095238,IR3TIB01CHM156N
2025-02-01 00:00:00+00:00,CHF,0.37125,IR3TIB01CHM156N
2025-03-01 00:00:00+00:00,CHF,0.312911904761905,IR3TIB01CHM156N
2025-04-01 00:00:00+00:00,CHF,0.15585,IR3TIB01CHM156N
2025-05-01 00:00:00+00:00,CHF,0.092,IR3TIB01CHM156N
2025-06-01 00:00:00+00:00,CHF,0.039603,IR3TIB01CHM156N
2025-07-01 00:00:00+00:00,CHF,-0.0406521739130435,IR3TIB01CHM156N
2025-08-01 00:00:00+00:00,CHF,-0.0615,IR3TIB01CHM156N
2025-09-01 00:00:00+00:00,CHF,-0.0596968181818182,IR3TIB01CHM156N
2025-10-01 00:00:00+00:00,CHF,-0.0643113043478261,IR3TIB01CHM156N
2025-11-01 00:00:00+00:00,CHF,-0.0475,IR3TIB01CHM156N
2025-12-01 00:00:00+00:00,CHF,-0.0482128571428571,IR3TIB01CHM156N
2026-01-01 00:00:00+00:00,CHF,-0.0388865,IR3TIB01CHM156N
2026-02-01 00:00:00+00:00,CHF,-0.0435,IR3TIB01CHM156N
2026-03-01 00:00:00+00:00,CHF,-0.0411959090909091,IR3TIB01CHM156N
2026-04-01 00:00:00+00:00,CHF,-0.04,IR3TIB01CHM156N
1995-01-01 00:00:00+00:00,EUR,6.66,IR3TIB01EZM156N
1995-02-01 00:00:00+00:00,EUR,6.59,IR3TIB01EZM156N
1995-03-01 00:00:00+00:00,EUR,7.58,IR3TIB01EZM156N
1995-04-01 00:00:00+00:00,EUR,7.29,IR3TIB01EZM156N
1995-05-01 00:00:00+00:00,EUR,7.04,IR3TIB01EZM156N
1995-06-01 00:00:00+00:00,EUR,7.08,IR3TIB01EZM156N
1995-07-01 00:00:00+00:00,EUR,6.92,IR3TIB01EZM156N
1995-08-01 00:00:00+00:00,EUR,6.66,IR3TIB01EZM156N
1995-09-01 00:00:00+00:00,EUR,6.5,IR3TIB01EZM156N
1995-10-01 00:00:00+00:00,EUR,6.75,IR3TIB01EZM156N
1995-11-01 00:00:00+00:00,EUR,6.45,IR3TIB01EZM156N
1995-12-01 00:00:00+00:00,EUR,6.32,IR3TIB01EZM156N
1996-01-01 00:00:00+00:00,EUR,5.81,IR3TIB01EZM156N
1996-02-01 00:00:00+00:00,EUR,5.58,IR3TIB01EZM156N
1996-03-01 00:00:00+00:00,EUR,5.5,IR3TIB01EZM156N
1996-04-01 00:00:00+00:00,EUR,5.27,IR3TIB01EZM156N
1996-05-01 00:00:00+00:00,EUR,5.06,IR3TIB01EZM156N
1996-06-01 00:00:00+00:00,EUR,5.08,IR3TIB01EZM156N
1996-07-01 00:00:00+00:00,EUR,5.06,IR3TIB01EZM156N
1996-08-01 00:00:00+00:00,EUR,5.08,IR3TIB01EZM156N
1996-09-01 00:00:00+00:00,EUR,4.86,IR3TIB01EZM156N
1996-10-01 00:00:00+00:00,EUR,4.69,IR3TIB01EZM156N
1996-11-01 00:00:00+00:00,EUR,4.57,IR3TIB01EZM156N
1996-12-01 00:00:00+00:00,EUR,4.5,IR3TIB01EZM156N
1997-01-01 00:00:00+00:00,EUR,4.39,IR3TIB01EZM156N
1997-02-01 00:00:00+00:00,EUR,4.43,IR3TIB01EZM156N
1997-03-01 00:00:00+00:00,EUR,4.5,IR3TIB01EZM156N
1997-04-01 00:00:00+00:00,EUR,4.39,IR3TIB01EZM156N
1997-05-01 00:00:00+00:00,EUR,4.3,IR3TIB01EZM156N
1997-06-01 00:00:00+00:00,EUR,4.29,IR3TIB01EZM156N
1997-07-01 00:00:00+00:00,EUR,4.3,IR3TIB01EZM156N
1997-08-01 00:00:00+00:00,EUR,4.36,IR3TIB01EZM156N
1997-09-01 00:00:00+00:00,EUR,4.31,IR3TIB01EZM156N
1997-10-01 00:00:00+00:00,EUR,4.44,IR3TIB01EZM156N
1997-11-01 00:00:00+00:00,EUR,4.49,IR3TIB01EZM156N
1997-12-01 00:00:00+00:00,EUR,4.37,IR3TIB01EZM156N
1998-01-01 00:00:00+00:00,EUR,4.26,IR3TIB01EZM156N
1998-02-01 00:00:00+00:00,EUR,4.24,IR3TIB01EZM156N
1998-03-01 00:00:00+00:00,EUR,4.11,IR3TIB01EZM156N
1998-04-01 00:00:00+00:00,EUR,4.09,IR3TIB01EZM156N
1998-05-01 00:00:00+00:00,EUR,4.06,IR3TIB01EZM156N
1998-06-01 00:00:00+00:00,EUR,4.02,IR3TIB01EZM156N
1998-07-01 00:00:00+00:00,EUR,3.95,IR3TIB01EZM156N
1998-08-01 00:00:00+00:00,EUR,3.93,IR3TIB01EZM156N
1998-09-01 00:00:00+00:00,EUR,3.93,IR3TIB01EZM156N
1998-10-01 00:00:00+00:00,EUR,3.81,IR3TIB01EZM156N
1998-11-01 00:00:00+00:00,EUR,3.69,IR3TIB01EZM156N
1998-12-01 00:00:00+00:00,EUR,3.37,IR3TIB01EZM156N
1999-01-01 00:00:00+00:00,EUR,3.1321,IR3TIB01EZM156N
1999-02-01 00:00:00+00:00,EUR,3.0934,IR3TIB01EZM156N
1999-03-01 00:00:00+00:00,EUR,3.04669565217391,IR3TIB01EZM156N
1999-04-01 00:00:00+00:00,EUR,2.69645454545455,IR3TIB01EZM156N
1999-05-01 00:00:00+00:00,EUR,2.57895238095238,IR3TIB01EZM156N
1999-06-01 00:00:00+00:00,EUR,2.62668181818182,IR3TIB01EZM156N
1999-07-01 00:00:00+00:00,EUR,2.67645454545455,IR3TIB01EZM156N
1999-08-01 00:00:00+00:00,EUR,2.69504545454545,IR3TIB01EZM156N
1999-09-01 00:00:00+00:00,EUR,2.72668181818182,IR3TIB01EZM156N
1999-10-01 00:00:00+00:00,EUR,3.37566666666667,IR3TIB01EZM156N
1999-11-01 00:00:00+00:00,EUR,3.46768181818182,IR3TIB01EZM156N
1999-12-01 00:00:00+00:00,EUR,3.44604545454545,IR3TIB01EZM156N
2000-01-01 00:00:00+00:00,EUR,3.34314285714286,IR3TIB01EZM156N
2000-02-01 00:00:00+00:00,EUR,3.53676190476191,IR3TIB01EZM156N
2000-03-01 00:00:00+00:00,EUR,3.74704347826087,IR3TIB01EZM156N
2000-04-01 00:00:00+00:00,EUR,3.92527777777778,IR3TIB01EZM156N
2000-05-01 00:00:00+00:00,EUR,4.36204545454546,IR3TIB01EZM156N
2000-06-01 00:00:00+00:00,EUR,4.50172727272727,IR3TIB01EZM156N
2000-07-01 00:00:00+00:00,EUR,4.58290476190476,IR3TIB01EZM156N
2000-08-01 00:00:00+00:00,EUR,4.77708695652174,IR3TIB01EZM156N
2000-09-01 00:00:00+00:00,EUR,4.85280952380952,IR3TIB01EZM156N
2000-10-01 00:00:00+00:00,EUR,5.04127272727273,IR3TIB01EZM156N
2000-11-01 00:00:00+00:00,EUR,5.09195454545454,IR3TIB01EZM156N
2000-12-01 00:00:00+00:00,EUR,4.93915789473684,IR3TIB01EZM156N
2001-01-01 00:00:00+00:00,EUR,4.77072727272727,IR3TIB01EZM156N
2001-02-01 00:00:00+00:00,EUR,4.7558,IR3TIB01EZM156N
2001-03-01 00:00:00+00:00,EUR,4.70863636363636,IR3TIB01EZM156N
2001-04-01 00:00:00+00:00,EUR,4.682,IR3TIB01EZM156N
2001-05-01 00:00:00+00:00,EUR,4.63668181818182,IR3TIB01EZM156N
2001-06-01 00:00:00+00:00,EUR,4.45357142857143,IR3TIB01EZM156N
2001-07-01 00:00:00+00:00,EUR,4.46713636363636,IR3TIB01EZM156N
2001-08-01 00:00:00+00:00,EUR,4.35352173913043,IR3TIB01EZM156N
2001-09-01 00:00:00+00:00,EUR,3.98285,IR3TIB01EZM156N
2001-10-01 00:00:00+00:00,EUR,3.59986956521739,IR3TIB01EZM156N
2001-11-01 00:00:00+00:00,EUR,3.38568181818182,IR3TIB01EZM156N
2001-12-01 00:00:00+00:00,EUR,3.34488888888889,IR3TIB01EZM156N
2002-01-01 00:00:00+00:00,EUR,3.33877272727273,IR3TIB01EZM156N
2002-02-01 00:00:00+00:00,EUR,3.3571,IR3TIB01EZM156N
2002-03-01 00:00:00+00:00,EUR,3.3908,IR3TIB01EZM156N
2002-04-01 00:00:00+00:00,EUR,3.40690476190476,IR3TIB01EZM156N
2002-05-01 00:00:00+00:00,EUR,3.46713636363636,IR3TIB01EZM156N
2002-06-01 00:00:00+00:00,EUR,3.464,IR3TIB01EZM156N
2002-07-01 00:00:00+00:00,EUR,3.41,IR3TIB01EZM156N
2002-08-01 00:00:00+00:00,EUR,3.35190909090909,IR3TIB01EZM156N
2002-09-01 00:00:00+00:00,EUR,3.31014285714286,IR3TIB01EZM156N
2002-10-01 00:00:00+00:00,EUR,3.26126086956522,IR3TIB01EZM156N
2002-11-01 00:00:00+00:00,EUR,3.12414285714286,IR3TIB01EZM156N
2002-12-01 00:00:00+00:00,EUR,2.94105,IR3TIB01EZM156N
2003-01-01 00:00:00+00:00,EUR,2.83181818181818,IR3TIB01EZM156N
2003-02-01 00:00:00+00:00,EUR,2.68745,IR3TIB01EZM156N
2003-03-01 00:00:00+00:00,EUR,2.52995238095238,IR3TIB01EZM156N
2003-04-01 00:00:00+00:00,EUR,2.53335,IR3TIB01EZM156N
2003-05-01 00:00:00+00:00,EUR,2.40052380952381,IR3TIB01EZM156N
2003-06-01 00:00:00+00:00,EUR,2.15185714285714,IR3TIB01EZM156N
2003-07-01 00:00:00+00:00,EUR,2.13004347826087,IR3TIB01EZM156N
2003-08-01 00:00:00+00:00,EUR,2.14042857142857,IR3TIB01EZM156N
2003-09-01 00:00:00+00:00,EUR,2.14731818181818,IR3TIB01EZM156N
2003-10-01 00:00:00+00:00,EUR,2.1435652173913,IR3TIB01EZM156N
2003-11-01 00:00:00+00:00,EUR,2.15905,IR3TIB01EZM156N
2003-12-01 00:00:00+00:00,EUR,2.14633333333333,IR3TIB01EZM156N
2004-01-01 00:00:00+00:00,EUR,2.08947619047619,IR3TIB01EZM156N
2004-02-01 00:00:00+00:00,EUR,2.07055,IR3TIB01EZM156N
2004-03-01 00:00:00+00:00,EUR,2.02882608695652,IR3TIB01EZM156N
2004-04-01 00:00:00+00:00,EUR,2.04875,IR3TIB01EZM156N
2004-05-01 00:00:00+00:00,EUR,2.08585714285714,IR3TIB01EZM156N
2004-06-01 00:00:00+00:00,EUR,2.11268181818182,IR3TIB01EZM156N
2004-07-01 00:00:00+00:00,EUR,2.11604545454546,IR3TIB01EZM156N
2004-08-01 00:00:00+00:00,EUR,2.11427272727273,IR3TIB01EZM156N
2004-09-01 00:00:00+00:00,EUR,2.11859090909091,IR3TIB01EZM156N
2004-10-01 00:00:00+00:00,EUR,2.14733333333333,IR3TIB01EZM156N
2004-11-01 00:00:00+00:00,EUR,2.17031818181818,IR3TIB01EZM156N
2004-12-01 00:00:00+00:00,EUR,2.17317391304348,IR3TIB01EZM156N
2005-01-01 00:00:00+00:00,EUR,2.14542857142857,IR3TIB01EZM156N
2005-02-01 00:00:00+00:00,EUR,2.13835,IR3TIB01EZM156N
2005-03-01 00:00:00+00:00,EUR,2.13719047619048,IR3TIB01EZM156N
2005-04-01 00:00:00+00:00,EUR,2.1372380952381,IR3TIB01EZM156N
2005-05-01 00:00:00+00:00,EUR,2.12563636363636,IR3TIB01EZM156N
2005-06-01 00:00:00+00:00,EUR,2.11104545454545,IR3TIB01EZM156N
2005-07-01 00:00:00+00:00,EUR,2.11942857142857,IR3TIB01EZM156N
2005-08-01 00:00:00+00:00,EUR,2.13247826086957,IR3TIB01EZM156N
2005-09-01 00:00:00+00:00,EUR,2.13913636363636,IR3TIB01EZM156N
2005-10-01 00:00:00+00:00,EUR,2.19661904761905,IR3TIB01EZM156N
2005-11-01 00:00:00+00:00,EUR,2.36086363636364,IR3TIB01EZM156N
2005-12-01 00:00:00+00:00,EUR,2.47285714285714,IR3TIB01EZM156N
2006-01-01 00:00:00+00:00,EUR,2.51168181818182,IR3TIB01EZM156N
2006-02-01 00:00:00+00:00,EUR,2.60035,IR3TIB01EZM156N
2006-03-01 00:00:00+00:00,EUR,2.72260869565217,IR3TIB01EZM156N
2006-04-01 00:00:00+00:00,EUR,2.79377777777778,IR3TIB01EZM156N
2006-05-01 00:00:00+00:00,EUR,2.889,IR3TIB01EZM156N
2006-06-01 00:00:00+00:00,EUR,2.98568181818182,IR3TIB01EZM156N
2006-07-01 00:00:00+00:00,EUR,3.10219047619048,IR3TIB01EZM156N
2006-08-01 00:00:00+00:00,EUR,3.22647826086957,IR3TIB01EZM156N
2006-09-01 00:00:00+00:00,EUR,3.33538095238095,IR3TIB01EZM156N
2006-10-01 00:00:00+00:00,EUR,3.502,IR3TIB01EZM156N
2006-11-01 00:00:00+00:00,EUR,3.59718181818182,IR3TIB01EZM156N
2006-12-01 00:00:00+00:00,EUR,3.68421052631579,IR3TIB01EZM156N
2007-01-01 00:00:00+00:00,EUR,3.75186363636364,IR3TIB01EZM156N
2007-02-01 00:00:00+00:00,EUR,3.8182,IR3TIB01EZM156N
2007-03-01 00:00:00+00:00,EUR,3.89090909090909,IR3TIB01EZM156N
2007-04-01 00:00:00+00:00,EUR,3.97526315789474,IR3TIB01EZM156N
2007-05-01 00:00:00+00:00,EUR,4.07136363636364,IR3TIB01EZM156N
2007-06-01 00:00:00+00:00,EUR,4.14776190476191,IR3TIB01EZM156N
2007-07-01 00:00:00+00:00,EUR,4.21618181818182,IR3TIB01EZM156N
2007-08-01 00:00:00+00:00,EUR,4.54360869565217,IR3TIB01EZM156N
2007-09-01 00:00:00+00:00,EUR,4.7417,IR3TIB01EZM156N
2007-10-01 00:00:00+00:00,EUR,4.68739130434783,IR3TIB01EZM156N
2007-11-01 00:00:00+00:00,EUR,4.63854545454545,IR3TIB01EZM156N
2007-12-01 00:00:00+00:00,EUR,4.84836842105263,IR3TIB01EZM156N
2008-01-01 00:00:00+00:00,EUR,4.48154545454545,IR3TIB01EZM156N
2008-02-01 00:00:00+00:00,EUR,4.36209523809524,IR3TIB01EZM156N
2008-03-01 00:00:00+00:00,EUR,4.59636842105263,IR3TIB01EZM156N
2008-04-01 00:00:00+00:00,EUR,4.7835,IR3TIB01EZM156N
2008-05-01 00:00:00+00:00,EUR,4.85738095238095,IR3TIB01EZM156N
2008-06-01 00:00:00+00:00,EUR,4.94052380952381,IR3TIB01EZM156N
2008-07-01 00:00:00+00:00,EUR,4.961,IR3TIB01EZM156N
2008-08-01 00:00:00+00:00,EUR,4.96519047619048,IR3TIB01EZM156N
2008-09-01 00:00:00+00:00,EUR,5.01918181818182,IR3TIB01EZM156N
2008-10-01 00:00:00+00:00,EUR,5.11308695652174,IR3TIB01EZM156N
2008-11-01 00:00:00+00:00,EUR,4.2383,IR3TIB01EZM156N
2008-12-01 00:00:00+00:00,EUR,3.29261904761905,IR3TIB01EZM156N
2009-01-01 00:00:00+00:00,EUR,2.45652380952381,IR3TIB01EZM156N
2009-02-01 00:00:00+00:00,EUR,1.94305,IR3TIB01EZM156N
2009-03-01 00:00:00+00:00,EUR,1.63545454545455,IR3TIB01EZM156N
2009-04-01 00:00:00+00:00,EUR,1.4223,IR3TIB01EZM156N
2009-05-01 00:00:00+00:00,EUR,1.2817,IR3TIB01EZM156N
2009-06-01 00:00:00+00:00,EUR,1.22790909090909,IR3TIB01EZM156N
2009-07-01 00:00:00+00:00,EUR,0.974956521739131,IR3TIB01EZM156N
2009-08-01 00:00:00+00:00,EUR,0.860476190476191,IR3TIB01EZM156N
2009-09-01 00:00:00+00:00,EUR,0.772090909090909,IR3TIB01EZM156N
2009-10-01 00:00:00+00:00,EUR,0.7375,IR3TIB01EZM156N
2009-11-01 00:00:00+00:00,EUR,0.716190476190476,IR3TIB01EZM156N
2009-12-01 00:00:00+00:00,EUR,0.712045454545454,IR3TIB01EZM156N
2010-01-01 00:00:00+00:00,EUR,0.67975,IR3TIB01EZM156N
2010-02-01 00:00:00+00:00,EUR,0.6617,IR3TIB01EZM156N
2010-03-01 00:00:00+00:00,EUR,0.64495652173913,IR3TIB01EZM156N
2010-04-01 00:00:00+00:00,EUR,0.6447,IR3TIB01EZM156N
2010-05-01 00:00:00+00:00,EUR,0.68652380952381,IR3TIB01EZM156N
2010-06-01 00:00:00+00:00,EUR,0.727590909090909,IR3TIB01EZM156N
2010-07-01 00:00:00+00:00,EUR,0.848818181818182,IR3TIB01EZM156N
2010-08-01 00:00:00+00:00,EUR,0.8955,IR3TIB01EZM156N
2010-09-01 00:00:00+00:00,EUR,0.8805,IR3TIB01EZM156N
2010-10-01 00:00:00+00:00,EUR,0.997666666666667,IR3TIB01EZM156N
2010-11-01 00:00:00+00:00,EUR,1.04204545454545,IR3TIB01EZM156N
2010-12-01 00:00:00+00:00,EUR,1.02169565217391,IR3TIB01EZM156N
2011-01-01 00:00:00+00:00,EUR,1.0172380952381,IR3TIB01EZM156N
2011-02-01 00:00:00+00:00,EUR,1.08675,IR3TIB01EZM156N
2011-03-01 00:00:00+00:00,EUR,1.17552173913043,IR3TIB01EZM156N
2011-04-01 00:00:00+00:00,EUR,1.32121052631579,IR3TIB01EZM156N
2011-05-01 00:00:00+00:00,EUR,1.42509090909091,IR3TIB01EZM156N
2011-06-01 00:00:00+00:00,EUR,1.48859090909091,IR3TIB01EZM156N
2011-07-01 00:00:00+00:00,EUR,1.59761904761905,IR3TIB01EZM156N
2011-08-01 00:00:00+00:00,EUR,1.55208695652174,IR3TIB01EZM156N
2011-09-01 00:00:00+00:00,EUR,1.53645454545455,IR3TIB01EZM156N
2011-10-01 00:00:00+00:00,EUR,1.57585714285714,IR3TIB01EZM156N
2011-11-01 00:00:00+00:00,EUR,1.48468181818182,IR3TIB01EZM156N
2011-12-01 00:00:00+00:00,EUR,1.42609523809524,IR3TIB01EZM156N
2012-01-01 00:00:00+00:00,EUR,1.22222727272727,IR3TIB01EZM156N
2012-02-01 00:00:00+00:00,EUR,1.04828571428571,IR3TIB01EZM156N
2012-03-01 00:00:00+00:00,EUR,0.858454545454546,IR3TIB01EZM156N
2012-04-01 00:00:00+00:00,EUR,0.744315789473684,IR3TIB01EZM156N
2012-05-01 00:00:00+00:00,EUR,0.684909090909091,IR3TIB01EZM156N
2012-06-01 00:00:00+00:00,EUR,0.658857142857143,IR3TIB01EZM156N
2012-07-01 00:00:00+00:00,EUR,0.497045454545455,IR3TIB01EZM156N
2012-08-01 00:00:00+00:00,EUR,0.332391304347826,IR3TIB01EZM156N
2012-09-01 00:00:00+00:00,EUR,0.2463,IR3TIB01EZM156N
2012-10-01 00:00:00+00:00,EUR,0.207913043478261,IR3TIB01EZM156N
2012-11-01 00:00:00+00:00,EUR,0.192,IR3TIB01EZM156N
2012-12-01 00:00:00+00:00,EUR,0.185473684210526,IR3TIB01EZM156N
2013-01-01 00:00:00+00:00,EUR,0.204909090909091,IR3TIB01EZM156N
2013-02-01 00:00:00+00:00,EUR,0.22335,IR3TIB01EZM156N
2013-03-01 00:00:00+00:00,EUR,0.20605,IR3TIB01EZM156N
2013-04-01 00:00:00+00:00,EUR,0.208904761904762,IR3TIB01EZM156N
2013-05-01 00:00:00+00:00,EUR,0.201227272727273,IR3TIB01EZM156N
2013-06-01 00:00:00+00:00,EUR,0.21025,IR3TIB01EZM156N
2013-07-01 00:00:00+00:00,EUR,0.221434782608696,IR3TIB01EZM156N
2013-08-01 00:00:00+00:00,EUR,0.225863636363636,IR3TIB01EZM156N
2013-09-01 00:00:00+00:00,EUR,0.223238095238095,IR3TIB01EZM156N
2013-10-01 00:00:00+00:00,EUR,0.225826086956522,IR3TIB01EZM156N
2013-11-01 00:00:00+00:00,EUR,0.223380952380952,IR3TIB01EZM156N
2013-12-01 00:00:00+00:00,EUR,0.2735,IR3TIB01EZM156N
2014-01-01 00:00:00+00:00,EUR,0.292045454545455,IR3TIB01EZM156N
2014-02-01 00:00:00+00:00,EUR,0.2881,IR3TIB01EZM156N
2014-03-01 00:00:00+00:00,EUR,0.305333333333333,IR3TIB01EZM156N
2014-04-01 00:00:00+00:00,EUR,0.32975,IR3TIB01EZM156N
2014-05-01 00:00:00+00:00,EUR,0.324571428571429,IR3TIB01EZM156N
2014-06-01 00:00:00+00:00,EUR,0.241428571428571,IR3TIB01EZM156N
2014-07-01 00:00:00+00:00,EUR,0.20504347826087,IR3TIB01EZM156N
2014-08-01 00:00:00+00:00,EUR,0.191571428571429,IR3TIB01EZM156N
2014-09-01 00:00:00+00:00,EUR,0.0970909090909091,IR3TIB01EZM156N
2014-10-01 00:00:00+00:00,EUR,0.0826086956521739,IR3TIB01EZM156N
2014-11-01 00:00:00+00:00,EUR,0.0809,IR3TIB01EZM156N
2014-12-01 00:00:00+00:00,EUR,0.0809047619047619,IR3TIB01EZM156N
2015-01-01 00:00:00+00:00,EUR,0.0626666666666667,IR3TIB01EZM156N
2015-02-01 00:00:00+00:00,EUR,0.0482,IR3TIB01EZM156N
2015-03-01 00:00:00+00:00,EUR,0.0271818181818182,IR3TIB01EZM156N
2015-04-01 00:00:00+00:00,EUR,0.0047,IR3TIB01EZM156N
2015-05-01 00:00:00+00:00,EUR,-0.0103684210526316,IR3TIB01EZM156N
2015-06-01 00:00:00+00:00,EUR,-0.0139090909090909,IR3TIB01EZM156N
2015-07-01 00:00:00+00:00,EUR,-0.0187391304347826,IR3TIB01EZM156N
2015-08-01 00:00:00+00:00,EUR,-0.0276666666666667,IR3TIB01EZM156N
2015-09-01 00:00:00+00:00,EUR,-0.0370454545454546,IR3TIB01EZM156N
2015-10-01 00:00:00+00:00,EUR,-0.0535909090909091,IR3TIB01EZM156N
2015-11-01 00:00:00+00:00,EUR,-0.0876190476190476,IR3TIB01EZM156N
2015-12-01 00:00:00+00:00,EUR,-0.126318181818182,IR3TIB01EZM156N
2016-01-01 00:00:00+00:00,EUR,-0.14615,IR3TIB01EZM156N
2016-02-01 00:00:00+00:00,EUR,-0.183571428571429,IR3TIB01EZM156N
2016-03-01 00:00:00+00:00,EUR,-0.22852380952381,IR3TIB01EZM156N
2016-04-01 00:00:00+00:00,EUR,-0.249190476190476,IR3TIB01EZM156N
2016-05-01 00:00:00+00:00,EUR,-0.257181818181818,IR3TIB01EZM156N
2016-06-01 00:00:00+00:00,EUR,-0.267909090909091,IR3TIB01EZM156N
2016-07-01 00:00:00+00:00,EUR,-0.294523809523809,IR3TIB01EZM156N
2016-08-01 00:00:00+00:00,EUR,-0.298217391304348,IR3TIB01EZM156N
2016-09-01 00:00:00+00:00,EUR,-0.301636363636364,IR3TIB01EZM156N
2016-10-01 00:00:00+00:00,EUR,-0.309,IR3TIB01EZM156N
2016-11-01 00:00:00+00:00,EUR,-0.312681818181818,IR3TIB01EZM156N
2016-12-01 00:00:00+00:00,EUR,-0.315761904761905,IR3TIB01EZM156N
2017-01-01 00:00:00+00:00,EUR,-0.325545454545455,IR3TIB01EZM156N
2017-02-01 00:00:00+00:00,EUR,-0.3286,IR3TIB01EZM156N
2017-03-01 00:00:00+00:00,EUR,-0.329347826086957,IR3TIB01EZM156N
2017-04-01 00:00:00+00:00,EUR,-0.330388888888889,IR3TIB01EZM156N
2017-05-01 00:00:00+00:00,EUR,-0.329454545454545,IR3TIB01EZM156N
2017-06-01 00:00:00+00:00,EUR,-0.33,IR3TIB01EZM156N
2017-07-01 00:00:00+00:00,EUR,-0.330428571428571,IR3TIB01EZM156N
2017-08-01 00:00:00+00:00,EUR,-0.329086956521739,IR3TIB01EZM156N
2017-09-01 00:00:00+00:00,EUR,-0.329380952380952,IR3TIB01EZM156N
2017-10-01 00:00:00+00:00,EUR,-0.329545454545455,IR3TIB01EZM156N
2017-11-01 00:00:00+00:00,EUR,-0.329,IR3TIB01EZM156N
2017-12-01 00:00:00+00:00,EUR,-0.327894736842105,IR3TIB01EZM156N
2018-01-01 00:00:00+00:00,EUR,-0.328454545454546,IR3TIB01EZM156N
2018-02-01 00:00:00+00:00,EUR,-0.3285,IR3TIB01EZM156N
2018-03-01 00:00:00+00:00,EUR,-0.327904761904762,IR3TIB01EZM156N
2018-04-01 00:00:00+00:00,EUR,-0.32845,IR3TIB01EZM156N
2018-05-01 00:00:00+00:00,EUR,-0.325227272727273,IR3TIB01EZM156N
2018-06-01 00:00:00+00:00,EUR,-0.322047619047619,IR3TIB01EZM156N
2018-07-01 00:00:00+00:00,EUR,-0.320727272727273,IR3TIB01EZM156N
2018-08-01 00:00:00+00:00,EUR,-0.319,IR3TIB01EZM156N
2018-09-01 00:00:00+00:00,EUR,-0.31885,IR3TIB01EZM156N
2018-10-01 00:00:00+00:00,EUR,-0.317695652173913,IR3TIB01EZM156N
2018-11-01 00:00:00+00:00,EUR,-0.316363636363636,IR3TIB01EZM156N
2018-12-01 00:00:00+00:00,EUR,-0.311894736842105,IR3TIB01EZM156N
2019-01-01 00:00:00+00:00,EUR,-0.308,IR3TIB01EZM156N
2019-02-01 00:00:00+00:00,EUR,-0.30845,IR3TIB01EZM156N
2019-03-01 00:00:00+00:00,EUR,-0.309190476190476,IR3TIB01EZM156N
2019-04-01 00:00:00+00:00,EUR,-0.31045,IR3TIB01EZM156N
2019-05-01 00:00:00+00:00,EUR,-0.311863636363636,IR3TIB01EZM156N
2019-06-01 00:00:00+00:00,EUR,-0.3289,IR3TIB01EZM156N
2019-07-01 00:00:00+00:00,EUR,-0.364869565217391,IR3TIB01EZM156N
2019-08-01 00:00:00+00:00,EUR,-0.407681818181818,IR3TIB01EZM156N
2019-09-01 00:00:00+00:00,EUR,-0.417571428571429,IR3TIB01EZM156N
2019-10-01 00:00:00+00:00,EUR,-0.412869565217391,IR3TIB01EZM156N
2019-11-01 00:00:00+00:00,EUR,-0.401285714285714,IR3TIB01EZM156N
2019-12-01 00:00:00+00:00,EUR,-0.3947,IR3TIB01EZM156N
2020-01-01 00:00:00+00:00,EUR,-0.391136363636364,IR3TIB01EZM156N
2020-02-01 00:00:00+00:00,EUR,-0.40885,IR3TIB01EZM156N
2020-03-01 00:00:00+00:00,EUR,-0.416636363636364,IR3TIB01EZM156N
2020-04-01 00:00:00+00:00,EUR,-0.25405,IR3TIB01EZM156N
2020-05-01 00:00:00+00:00,EUR,-0.27195,IR3TIB01EZM156N
2020-06-01 00:00:00+00:00,EUR,-0.376,IR3TIB01EZM156N
2020-07-01 00:00:00+00:00,EUR,-0.444130434782609,IR3TIB01EZM156N
2020-08-01 00:00:00+00:00,EUR,-0.479714285714286,IR3TIB01EZM156N
2020-09-01 00:00:00+00:00,EUR,-0.491363636363636,IR3TIB01EZM156N
2020-10-01 00:00:00+00:00,EUR,-0.509136363636364,IR3TIB01EZM156N
2020-11-01 00:00:00+00:00,EUR,-0.520857142857143,IR3TIB01EZM156N
2020-12-01 00:00:00+00:00,EUR,-0.538090909090909,IR3TIB01EZM156N
2021-01-01 00:00:00+00:00,EUR,-0.54715,IR3TIB01EZM156N
2021-02-01 00:00:00+00:00,EUR,-0.5411,IR3TIB01EZM156N
2021-03-01 00:00:00+00:00,EUR,-0.539086956521739,IR3TIB01EZM156N
2021-04-01 00:00:00+00:00,EUR,-0.53815,IR3TIB01EZM156N
2021-05-01 00:00:00+00:00,EUR,-0.540095238095238,IR3TIB01EZM156N
2021-06-01 00:00:00+00:00,EUR,-0.542909090909091,IR3TIB01EZM156N
2021-07-01 00:00:00+00:00,EUR,-0.544818181818182,IR3TIB01EZM156N
2021-08-01 00:00:00+00:00,EUR,-0.547590909090909,IR3TIB01EZM156N
2021-09-01 00:00:00+00:00,EUR,-0.545045454545454,IR3TIB01EZM156N
2021-10-01 00:00:00+00:00,EUR,-0.549809523809524,IR3TIB01EZM156N
2021-11-01 00:00:00+00:00,EUR,-0.567363636363636,IR3TIB01EZM156N
2021-12-01 00:00:00+00:00,EUR,-0.58195652173913,IR3TIB01EZM156N
2022-01-01 00:00:00+00:00,EUR,-0.560142857142857,IR3TIB01EZM156N
2022-02-01 00:00:00+00:00,EUR,-0.53150000005,IR3TIB01EZM156N
2022-03-01 00:00:00+00:00,EUR,-0.495434782608696,IR3TIB01EZM156N
2022-04-01 00:00:00+00:00,EUR,-0.447894736842105,IR3TIB01EZM156N
2022-05-01 00:00:00+00:00,EUR,-0.385727272727273,IR3TIB01EZM156N
2022-06-01 00:00:00+00:00,EUR,-0.239227272727273,IR3TIB01EZM156N
2022-07-01 00:00:00+00:00,EUR,0.0366190476190476,IR3TIB01EZM156N
2022-08-01 00:00:00+00:00,EUR,0.394739130434783,IR3TIB01EZM156N
2022-09-01 00:00:00+00:00,EUR,1.01086363636364,IR3TIB01EZM156N
2022-10-01 00:00:00+00:00,EUR,1.42766666666667,IR3TIB01EZM156N
2022-11-01 00:00:00+00:00,EUR,1.82522727272727,IR3TIB01EZM156N
2022-12-01 00:00:00+00:00,EUR,2.06347619047619,IR3TIB01EZM156N
2023-01-01 00:00:00+00:00,EUR,2.34486363636364,IR3TIB01EZM156N
2023-02-01 00:00:00+00:00,EUR,2.64035,IR3TIB01EZM156N
2023-03-01 00:00:00+00:00,EUR,2.91056521739131,IR3TIB01EZM156N
2023-04-01 00:00:00+00:00,EUR,3.167,IR3TIB01EZM156N
2023-05-01 00:00:00+00:00,EUR,3.3664347826087,IR3TIB01EZM156N
2023-06-01 00:00:00+00:00,EUR,3.53586363636364,IR3TIB01EZM156N
2023-07-01 00:00:00+00:00,EUR,3.67180952380952,IR3TIB01EZM156N
2023-08-01 00:00:00+00:00,EUR,3.78030434782609,IR3TIB01EZM156N
2023-09-01 00:00:00+00:00,EUR,3.88004761904762,IR3TIB01EZM156N
2023-10-01 00:00:00+00:00,EUR,3.96763636363636,IR3TIB01EZM156N
2023-11-01 00:00:00+00:00,EUR,3.97163636363636,IR3TIB01EZM156N
2023-12-01 00:00:00+00:00,EUR,3.93309523809524,IR3TIB01EZM156N
2024-01-01 00:00:00+00:00,EUR,3.92527272727273,IR3TIB01EZM156N
2024-02-01 00:00:00+00:00,EUR,3.92319047619048,IR3TIB01EZM156N
2024-03-01 00:00:00+00:00,EUR,3.92238095238095,IR3TIB01EZM156N
2024-04-01 00:00:00+00:00,EUR,3.88636363636364,IR3TIB01EZM156N
2024-05-01 00:00:00+00:00,EUR,3.81365217391304,IR3TIB01EZM156N
2024-06-01 00:00:00+00:00,EUR,3.7245,IR3TIB01EZM156N
2024-07-01 00:00:00+00:00,EUR,3.68482608695652,IR3TIB01EZM156N
2024-08-01 00:00:00+00:00,EUR,3.54759090909091,IR3TIB01EZM156N
2024-09-01 00:00:00+00:00,EUR,3.43371428571428,IR3TIB01EZM156N
2024-10-01 00:00:00+00:00,EUR,3.16660869565217,IR3TIB01EZM156N
2024-11-01 00:00:00+00:00,EUR,3.0067619047619,IR3TIB01EZM156N
2024-12-01 00:00:00+00:00,EUR,2.81609090909091,IR3TIB01EZM156N
2025-01-01 00:00:00+00:00,EUR,2.7031304348,IR3TIB01EZM156N
2025-02-01 00:00:00+00:00,EUR,2.52495,IR3TIB01EZM156N
2025-03-01 00:00:00+00:00,EUR,2.4424285714,IR3TIB01EZM156N
2025-04-01 00:00:00+00:00,EUR,2.2481818182,IR3TIB01EZM156N
2025-05-01 00:00:00+00:00,EUR,2.0912727273,IR3TIB01EZM156N
2025-06-01 00:00:00+00:00,EUR,1.9836190476,IR3TIB01EZM156N
2025-07-01 00:00:00+00:00,EUR,1.9863478261,IR3TIB01EZM156N
2025-08-01 00:00:00+00:00,EUR,2.0210952381,IR3TIB01EZM156N
2025-09-01 00:00:00+00:00,EUR,2.0272727273,IR3TIB01EZM156N
2025-10-01 00:00:00+00:00,EUR,2.0344347826,IR3TIB01EZM156N
2025-11-01 00:00:00+00:00,EUR,2.04165,IR3TIB01EZM156N
2025-12-01 00:00:00+00:00,EUR,2.0457826087,IR3TIB01EZM156N
2026-01-01 00:00:00+00:00,EUR,2.0277272727,IR3TIB01EZM156N
1995-01-01 00:00:00+00:00,GBP,6.63778,IR3TIB01GBM156N
1995-02-01 00:00:00+00:00,GBP,6.80391,IR3TIB01GBM156N
1995-03-01 00:00:00+00:00,GBP,6.72554,IR3TIB01GBM156N
1995-04-01 00:00:00+00:00,GBP,6.73633,IR3TIB01GBM156N
1995-05-01 00:00:00+00:00,GBP,6.77616,IR3TIB01GBM156N
1995-06-01 00:00:00+00:00,GBP,6.71484,IR3TIB01GBM156N
1995-07-01 00:00:00+00:00,GBP,6.87686,IR3TIB01GBM156N
1995-08-01 00:00:00+00:00,GBP,6.87568,IR3TIB01GBM156N
1995-09-01 00:00:00+00:00,GBP,6.79539,IR3TIB01GBM156N
1995-10-01 00:00:00+00:00,GBP,6.81783,IR3TIB01GBM156N
1995-11-01 00:00:00+00:00,GBP,6.72088,IR3TIB01GBM156N
1995-12-01 00:00:00+00:00,GBP,6.54985,IR3TIB01GBM156N
1996-01-01 00:00:00+00:00,GBP,6.44718,IR3TIB01GBM156N
1996-02-01 00:00:00+00:00,GBP,6.24554,IR3TIB01GBM156N
1996-03-01 00:00:00+00:00,GBP,6.13988,IR3TIB01GBM156N
1996-04-01 00:00:00+00:00,GBP,6.08452,IR3TIB01GBM156N
1996-05-01 00:00:00+00:00,GBP,6.11651,IR3TIB01GBM156N
1996-06-01 00:00:00+00:00,GBP,5.93477,IR3TIB01GBM156N
1996-07-01 00:00:00+00:00,GBP,5.82167,IR3TIB01GBM156N
1996-08-01 00:00:00+00:00,GBP,5.83647,IR3TIB01GBM156N
1996-09-01 00:00:00+00:00,GBP,5.86365,IR3TIB01GBM156N
1996-10-01 00:00:00+00:00,GBP,6.01953,IR3TIB01GBM156N
1996-11-01 00:00:00+00:00,GBP,6.38579,IR3TIB01GBM156N
1996-12-01 00:00:00+00:00,GBP,6.43164,IR3TIB01GBM156N
1997-01-01 00:00:00+00:00,GBP,6.41491,IR3TIB01GBM156N
1997-02-01 00:00:00+00:00,GBP,6.28848,IR3TIB01GBM156N
1997-03-01 00:00:00+00:00,GBP,6.30413,IR3TIB01GBM156N
1997-04-01 00:00:00+00:00,GBP,6.45437,IR3TIB01GBM156N
1997-05-01 00:00:00+00:00,GBP,6.53214,IR3TIB01GBM156N
1997-06-01 00:00:00+00:00,GBP,6.66462,IR3TIB01GBM156N
1997-07-01 00:00:00+00:00,GBP,7.04144,IR3TIB01GBM156N
1997-08-01 00:00:00+00:00,GBP,7.24349,IR3TIB01GBM156N
1997-09-01 00:00:00+00:00,GBP,7.29687,IR3TIB01GBM156N
1997-10-01 00:00:00+00:00,GBP,7.35615,IR3TIB01GBM156N
1997-11-01 00:00:00+00:00,GBP,7.62617,IR3TIB01GBM156N
1997-12-01 00:00:00+00:00,GBP,7.7179,IR3TIB01GBM156N
1998-01-01 00:00:00+00:00,GBP,7.5854,IR3TIB01GBM156N
1998-02-01 00:00:00+00:00,GBP,7.54395,IR3TIB01GBM156N
1998-03-01 00:00:00+00:00,GBP,7.56676,IR3TIB01GBM156N
1998-04-01 00:00:00+00:00,GBP,7.53533,IR3TIB01GBM156N
1998-05-01 00:00:00+00:00,GBP,7.4881,IR3TIB01GBM156N
1998-06-01 00:00:00+00:00,GBP,7.71396,IR3TIB01GBM156N
1998-07-01 00:00:00+00:00,GBP,7.80622,IR3TIB01GBM156N
1998-08-01 00:00:00+00:00,GBP,7.72824,IR3TIB01GBM156N
1998-09-01 00:00:00+00:00,GBP,7.46768,IR3TIB01GBM156N
1998-10-01 00:00:00+00:00,GBP,7.22061,IR3TIB01GBM156N
1998-11-01 00:00:00+00:00,GBP,6.97448,IR3TIB01GBM156N
1998-12-01 00:00:00+00:00,GBP,6.46034,IR3TIB01GBM156N
1999-01-01 00:00:00+00:00,GBP,5.92171,IR3TIB01GBM156N
1999-02-01 00:00:00+00:00,GBP,5.53197,IR3TIB01GBM156N
1999-03-01 00:00:00+00:00,GBP,5.42287,IR3TIB01GBM156N
1999-04-01 00:00:00+00:00,GBP,5.31773,IR3TIB01GBM156N
1999-05-01 00:00:00+00:00,GBP,5.34875,IR3TIB01GBM156N
1999-06-01 00:00:00+00:00,GBP,5.22114,IR3TIB01GBM156N
1999-07-01 00:00:00+00:00,GBP,5.16688,IR3TIB01GBM156N
1999-08-01 00:00:00+00:00,GBP,5.25409,IR3TIB01GBM156N
1999-09-01 00:00:00+00:00,GBP,5.4107,IR3TIB01GBM156N
1999-10-01 00:00:00+00:00,GBP,6.02564,IR3TIB01GBM156N
1999-11-01 00:00:00+00:00,GBP,5.8725,IR3TIB01GBM156N
1999-12-01 00:00:00+00:00,GBP,6.05531,IR3TIB01GBM156N
2000-01-01 00:00:00+00:00,GBP,6.13632,IR3TIB01GBM156N
2000-02-01 00:00:00+00:00,GBP,6.23781,IR3TIB01GBM156N
2000-03-01 00:00:00+00:00,GBP,6.22838,IR3TIB01GBM156N
2000-04-01 00:00:00+00:00,GBP,6.29647,IR3TIB01GBM156N
2000-05-01 00:00:00+00:00,GBP,6.30356,IR3TIB01GBM156N
2000-06-01 00:00:00+00:00,GBP,6.22682,IR3TIB01GBM156N
2000-07-01 00:00:00+00:00,GBP,6.19247,IR3TIB01GBM156N
2000-08-01 00:00:00+00:00,GBP,6.21754,IR3TIB01GBM156N
2000-09-01 00:00:00+00:00,GBP,6.20569,IR3TIB01GBM156N
2000-10-01 00:00:00+00:00,GBP,6.16274,IR3TIB01GBM156N
2000-11-01 00:00:00+00:00,GBP,6.08629,IR3TIB01GBM156N
2000-12-01 00:00:00+00:00,GBP,5.95539,IR3TIB01GBM156N
2001-01-01 00:00:00+00:00,GBP,5.84578,IR3TIB01GBM156N
2001-02-01 00:00:00+00:00,GBP,5.75655,IR3TIB01GBM156N
2001-03-01 00:00:00+00:00,GBP,5.55126,IR3TIB01GBM156N
2001-04-01 00:00:00+00:00,GBP,5.40449,IR3TIB01GBM156N
2001-05-01 00:00:00+00:00,GBP,5.24858,IR3TIB01GBM156N
2001-06-01 00:00:00+00:00,GBP,5.25854,IR3TIB01GBM156N
2001-07-01 00:00:00+00:00,GBP,5.25436,IR3TIB01GBM156N
2001-08-01 00:00:00+00:00,GBP,4.99658,IR3TIB01GBM156N
2001-09-01 00:00:00+00:00,GBP,4.72946,IR3TIB01GBM156N
2001-10-01 00:00:00+00:00,GBP,4.42821,IR3TIB01GBM156N
2001-11-01 00:00:00+00:00,GBP,3.99675,IR3TIB01GBM156N
2001-12-01 00:00:00+00:00,GBP,4.0506,IR3TIB01GBM156N
2002-01-01 00:00:00+00:00,GBP,4.04677,IR3TIB01GBM156N
2002-02-01 00:00:00+00:00,GBP,4.05268,IR3TIB01GBM156N
2002-03-01 00:00:00+00:00,GBP,4.13055,IR3TIB01GBM156N
2002-04-01 00:00:00+00:00,GBP,4.17319,IR3TIB01GBM156N
2002-05-01 00:00:00+00:00,GBP,4.1537,IR3TIB01GBM156N
2002-06-01 00:00:00+00:00,GBP,4.17758,IR3TIB01GBM156N
2002-07-01 00:00:00+00:00,GBP,4.06054,IR3TIB01GBM156N
2002-08-01 00:00:00+00:00,GBP,3.98654,IR3TIB01GBM156N
2002-09-01 00:00:00+00:00,GBP,3.98872,IR3TIB01GBM156N
2002-10-01 00:00:00+00:00,GBP,3.96401,IR3TIB01GBM156N
2002-11-01 00:00:00+00:00,GBP,3.97142,IR3TIB01GBM156N
2002-12-01 00:00:00+00:00,GBP,4.01777,IR3TIB01GBM156N
2003-01-01 00:00:00+00:00,GBP,3.98263,IR3TIB01GBM156N
2003-02-01 00:00:00+00:00,GBP,3.75425,IR3TIB01GBM156N
2003-03-01 00:00:00+00:00,GBP,3.65503,IR3TIB01GBM156N
2003-04-01 00:00:00+00:00,GBP,3.64598,IR3TIB01GBM156N
2003-05-01 00:00:00+00:00,GBP,3.63252,IR3TIB01GBM156N
2003-06-01 00:00:00+00:00,GBP,3.63966,IR3TIB01GBM156N
2003-07-01 00:00:00+00:00,GBP,3.49022,IR3TIB01GBM156N
2003-08-01 00:00:00+00:00,GBP,3.52249,IR3TIB01GBM156N
2003-09-01 00:00:00+00:00,GBP,3.6967,IR3TIB01GBM156N
2003-10-01 00:00:00+00:00,GBP,3.80338,IR3TIB01GBM156N
2003-11-01 00:00:00+00:00,GBP,3.98043,IR3TIB01GBM156N
2003-12-01 00:00:00+00:00,GBP,4.01864,IR3TIB01GBM156N
2004-01-01 00:00:00+00:00,GBP,4.05531,IR3TIB01GBM156N
2004-02-01 00:00:00+00:00,GBP,4.16654,IR3TIB01GBM156N
2004-03-01 00:00:00+00:00,GBP,4.29673,IR3TIB01GBM156N
2004-04-01 00:00:00+00:00,GBP,4.39472,IR3TIB01GBM156N
2004-05-01 00:00:00+00:00,GBP,4.52872,IR3TIB01GBM156N
2004-06-01 00:00:00+00:00,GBP,4.78974,IR3TIB01GBM156N
2004-07-01 00:00:00+00:00,GBP,4.85702,IR3TIB01GBM156N
2004-08-01 00:00:00+00:00,GBP,4.96284,IR3TIB01GBM156N
2004-09-01 00:00:00+00:00,GBP,4.9469,IR3TIB01GBM156N
2004-10-01 00:00:00+00:00,GBP,4.90071,IR3TIB01GBM156N
2004-11-01 00:00:00+00:00,GBP,4.88359,IR3TIB01GBM156N
2004-12-01 00:00:00+00:00,GBP,4.87103,IR3TIB01GBM156N
2005-01-01 00:00:00+00:00,GBP,4.87316,IR3TIB01GBM156N
2005-02-01 00:00:00+00:00,GBP,4.89069,IR3TIB01GBM156N
2005-03-01 00:00:00+00:00,GBP,4.98736,IR3TIB01GBM156N
2005-04-01 00:00:00+00:00,GBP,4.94336,IR3TIB01GBM156N
2005-05-01 00:00:00+00:00,GBP,4.89375,IR3TIB01GBM156N
2005-06-01 00:00:00+00:00,GBP,4.84144,IR3TIB01GBM156N
2005-07-01 00:00:00+00:00,GBP,4.65794,IR3TIB01GBM156N
2005-08-01 00:00:00+00:00,GBP,4.59465,IR3TIB01GBM156N
2005-09-01 00:00:00+00:00,GBP,4.59686,IR3TIB01GBM156N
2005-10-01 00:00:00+00:00,GBP,4.58701,IR3TIB01GBM156N
2005-11-01 00:00:00+00:00,GBP,4.61847,IR3TIB01GBM156N
2005-12-01 00:00:00+00:00,GBP,4.63732,IR3TIB01GBM156N
2006-01-01 00:00:00+00:00,GBP,4.60368,IR3TIB01GBM156N
2006-02-01 00:00:00+00:00,GBP,4.58199,IR3TIB01GBM156N
2006-03-01 00:00:00+00:00,GBP,4.58741,IR3TIB01GBM156N
2006-04-01 00:00:00+00:00,GBP,4.6296,IR3TIB01GBM156N
2006-05-01 00:00:00+00:00,GBP,4.7015,IR3TIB01GBM156N
2006-06-01 00:00:00+00:00,GBP,4.73498,IR3TIB01GBM156N
2006-07-01 00:00:00+00:00,GBP,4.73322,IR3TIB01GBM156N
2006-08-01 00:00:00+00:00,GBP,4.94425,IR3TIB01GBM156N
2006-09-01 00:00:00+00:00,GBP,5.02501,IR3TIB01GBM156N
2006-10-01 00:00:00+00:00,GBP,5.13176,IR3TIB01GBM156N
2006-11-01 00:00:00+00:00,GBP,5.22544,IR3TIB01GBM156N
2006-12-01 00:00:00+00:00,GBP,5.29167,IR3TIB01GBM156N
2007-01-01 00:00:00+00:00,GBP,5.48623,IR3TIB01GBM156N
2007-02-01 00:00:00+00:00,GBP,5.5657,IR3TIB01GBM156N
2007-03-01 00:00:00+00:00,GBP,5.54946,IR3TIB01GBM156N
2007-04-01 00:00:00+00:00,GBP,5.64899,IR3TIB01GBM156N
2007-05-01 00:00:00+00:00,GBP,5.76742,IR3TIB01GBM156N
2007-06-01 00:00:00+00:00,GBP,5.88018,IR3TIB01GBM156N
2007-07-01 00:00:00+00:00,GBP,6.02396,IR3TIB01GBM156N
2007-08-01 00:00:00+00:00,GBP,6.41946,IR3TIB01GBM156N
2007-09-01 00:00:00+00:00,GBP,6.64694,IR3TIB01GBM156N
2007-10-01 00:00:00+00:00,GBP,6.27014,IR3TIB01GBM156N
2007-11-01 00:00:00+00:00,GBP,6.40858,IR3TIB01GBM156N
2007-12-01 00:00:00+00:00,GBP,6.35943,IR3TIB01GBM156N
2008-01-01 00:00:00+00:00,GBP,5.65965,IR3TIB01GBM156N
2008-02-01 00:00:00+00:00,GBP,5.64202,IR3TIB01GBM156N
2008-03-01 00:00:00+00:00,GBP,5.89929,IR3TIB01GBM156N
2008-04-01 00:00:00+00:00,GBP,5.91881,IR3TIB01GBM156N
2008-05-01 00:00:00+00:00,GBP,5.82639,IR3TIB01GBM156N
2008-06-01 00:00:00+00:00,GBP,5.92944,IR3TIB01GBM156N
2008-07-01 00:00:00+00:00,GBP,5.8322,IR3TIB01GBM156N
2008-08-01 00:00:00+00:00,GBP,5.76619,IR3TIB01GBM156N
2008-09-01 00:00:00+00:00,GBP,5.9106,IR3TIB01GBM156N
2008-10-01 00:00:00+00:00,GBP,6.13304,IR3TIB01GBM156N
2008-11-01 00:00:00+00:00,GBP,4.44684,IR3TIB01GBM156N
2008-12-01 00:00:00+00:00,GBP,3.17247,IR3TIB01GBM156N
2009-01-01 00:00:00+00:00,GBP,2.34276,IR3TIB01GBM156N
2009-02-01 00:00:00+00:00,GBP,2.09038,IR3TIB01GBM156N
2009-03-01 00:00:00+00:00,GBP,1.83139,IR3TIB01GBM156N
2009-04-01 00:00:00+00:00,GBP,1.53413,IR3TIB01GBM156N
2009-05-01 00:00:00+00:00,GBP,1.35795,IR3TIB01GBM156N
2009-06-01 00:00:00+00:00,GBP,1.24117,IR3TIB01GBM156N
2009-07-01 00:00:00+00:00,GBP,1.00113,IR3TIB01GBM156N
2009-08-01 00:00:00+00:00,GBP,0.77369,IR3TIB01GBM156N
2009-09-01 00:00:00+00:00,GBP,0.6056,IR3TIB01GBM156N
2009-10-01 00:00:00+00:00,GBP,0.57087,IR3TIB01GBM156N
2009-11-01 00:00:00+00:00,GBP,0.60936,IR3TIB01GBM156N
2009-12-01 00:00:00+00:00,GBP,0.60541,IR3TIB01GBM156N
2010-01-01 00:00:00+00:00,GBP,0.61265,IR3TIB01GBM156N
2010-02-01 00:00:00+00:00,GBP,0.6331,IR3TIB01GBM156N
2010-03-01 00:00:00+00:00,GBP,0.64549,IR3TIB01GBM156N
2010-04-01 00:00:00+00:00,GBP,0.65592,IR3TIB01GBM156N
2010-05-01 00:00:00+00:00,GBP,0.69713,IR3TIB01GBM156N
2010-06-01 00:00:00+00:00,GBP,0.72839,IR3TIB01GBM156N
2010-07-01 00:00:00+00:00,GBP,0.73603,IR3TIB01GBM156N
2010-08-01 00:00:00+00:00,GBP,0.73296,IR3TIB01GBM156N
2010-09-01 00:00:00+00:00,GBP,0.72859,IR3TIB01GBM156N
2010-10-01 00:00:00+00:00,GBP,0.7384,IR3TIB01GBM156N
2010-11-01 00:00:00+00:00,GBP,0.73901,IR3TIB01GBM156N
2010-12-01 00:00:00+00:00,GBP,0.74962,IR3TIB01GBM156N
2011-01-01 00:00:00+00:00,GBP,0.76866,IR3TIB01GBM156N
2011-02-01 00:00:00+00:00,GBP,0.79962,IR3TIB01GBM156N
2011-03-01 00:00:00+00:00,GBP,0.80913,IR3TIB01GBM156N
2011-04-01 00:00:00+00:00,GBP,0.82096,IR3TIB01GBM156N
2011-05-01 00:00:00+00:00,GBP,0.82344,IR3TIB01GBM156N
2011-06-01 00:00:00+00:00,GBP,0.82512,IR3TIB01GBM156N
2011-07-01 00:00:00+00:00,GBP,0.8289,IR3TIB01GBM156N
2011-08-01 00:00:00+00:00,GBP,0.85782,IR3TIB01GBM156N
2011-09-01 00:00:00+00:00,GBP,0.9181,IR3TIB01GBM156N
2011-10-01 00:00:00+00:00,GBP,0.96991,IR3TIB01GBM156N
2011-11-01 00:00:00+00:00,GBP,1.01182,IR3TIB01GBM156N
2011-12-01 00:00:00+00:00,GBP,1.06148,IR3TIB01GBM156N
2012-01-01 00:00:00+00:00,GBP,1.08709,IR3TIB01GBM156N
2012-02-01 00:00:00+00:00,GBP,1.07249,IR3TIB01GBM156N
2012-03-01 00:00:00+00:00,GBP,1.03757,IR3TIB01GBM156N
2012-04-01 00:00:00+00:00,GBP,1.01792,IR3TIB01GBM156N
2012-05-01 00:00:00+00:00,GBP,1.005,IR3TIB01GBM156N
2012-06-01 00:00:00+00:00,GBP,0.94978,IR3TIB01GBM156N
2012-07-01 00:00:00+00:00,GBP,0.81735,IR3TIB01GBM156N
2012-08-01 00:00:00+00:00,GBP,0.70481,IR3TIB01GBM156N
2012-09-01 00:00:00+00:00,GBP,0.64803,IR3TIB01GBM156N
2012-10-01 00:00:00+00:00,GBP,0.54397,IR3TIB01GBM156N
2012-11-01 00:00:00+00:00,GBP,0.52452,IR3TIB01GBM156N
2012-12-01 00:00:00+00:00,GBP,0.51848,IR3TIB01GBM156N
2013-01-01 00:00:00+00:00,GBP,0.51228,IR3TIB01GBM156N
2013-02-01 00:00:00+00:00,GBP,0.50988,IR3TIB01GBM156N
2013-03-01 00:00:00+00:00,GBP,0.50688,IR3TIB01GBM156N
2013-04-01 00:00:00+00:00,GBP,0.50557,IR3TIB01GBM156N
2013-05-01 00:00:00+00:00,GBP,0.50563,IR3TIB01GBM156N
2013-06-01 00:00:00+00:00,GBP,0.50794,IR3TIB01GBM156N
2013-07-01 00:00:00+00:00,GBP,0.50944,IR3TIB01GBM156N
2013-08-01 00:00:00+00:00,GBP,0.51262,IR3TIB01GBM156N
2013-09-01 00:00:00+00:00,GBP,0.51688,IR3TIB01GBM156N
2013-10-01 00:00:00+00:00,GBP,0.51663,IR3TIB01GBM156N
2013-11-01 00:00:00+00:00,GBP,0.52344,IR3TIB01GBM156N
2013-12-01 00:00:00+00:00,GBP,0.52474,IR3TIB01GBM156N
2014-01-01 00:00:00+00:00,GBP,0.52093,IR3TIB01GBM156N
2014-02-01 00:00:00+00:00,GBP,0.52153,IR3TIB01GBM156N
2014-03-01 00:00:00+00:00,GBP,0.52157,IR3TIB01GBM156N
2014-04-01 00:00:00+00:00,GBP,0.52665,IR3TIB01GBM156N
2014-05-01 00:00:00+00:00,GBP,0.52744,IR3TIB01GBM156N
2014-06-01 00:00:00+00:00,GBP,0.54394,IR3TIB01GBM156N
2014-07-01 00:00:00+00:00,GBP,0.55641,IR3TIB01GBM156N
2014-08-01 00:00:00+00:00,GBP,0.56119,IR3TIB01GBM156N
2014-09-01 00:00:00+00:00,GBP,0.56291,IR3TIB01GBM156N
2014-10-01 00:00:00+00:00,GBP,0.55836,IR3TIB01GBM156N
2014-11-01 00:00:00+00:00,GBP,0.55628,IR3TIB01GBM156N
2014-12-01 00:00:00+00:00,GBP,0.55818,IR3TIB01GBM156N
2015-01-01 00:00:00+00:00,GBP,0.5626,IR3TIB01GBM156N
2015-02-01 00:00:00+00:00,GBP,0.56363,IR3TIB01GBM156N
2015-03-01 00:00:00+00:00,GBP,0.56436,IR3TIB01GBM156N
2015-04-01 00:00:00+00:00,GBP,0.5695,IR3TIB01GBM156N
2015-05-01 00:00:00+00:00,GBP,0.56798,IR3TIB01GBM156N
2015-06-01 00:00:00+00:00,GBP,0.57188,IR3TIB01GBM156N
2015-07-01 00:00:00+00:00,GBP,0.58084,IR3TIB01GBM156N
2015-08-01 00:00:00+00:00,GBP,0.5867,IR3TIB01GBM156N
2015-09-01 00:00:00+00:00,GBP,0.58576,IR3TIB01GBM156N
2015-10-01 00:00:00+00:00,GBP,0.58006,IR3TIB01GBM156N
2015-11-01 00:00:00+00:00,GBP,0.57371,IR3TIB01GBM156N
2015-12-01 00:00:00+00:00,GBP,0.58277,IR3TIB01GBM156N
2016-01-01 00:00:00+00:00,GBP,0.58976,IR3TIB01GBM156N
2016-02-01 00:00:00+00:00,GBP,0.59073,IR3TIB01GBM156N
2016-03-01 00:00:00+00:00,GBP,0.58825,IR3TIB01GBM156N
2016-04-01 00:00:00+00:00,GBP,0.5889,IR3TIB01GBM156N
2016-05-01 00:00:00+00:00,GBP,0.58929,IR3TIB01GBM156N
2016-06-01 00:00:00+00:00,GBP,0.57468,IR3TIB01GBM156N
2016-07-01 00:00:00+00:00,GBP,0.5136,IR3TIB01GBM156N
2016-08-01 00:00:00+00:00,GBP,0.40613,IR3TIB01GBM156N
2016-09-01 00:00:00+00:00,GBP,0.37907,IR3TIB01GBM156N
2016-10-01 00:00:00+00:00,GBP,0.3975,IR3TIB01GBM156N
2016-11-01 00:00:00+00:00,GBP,0.39773,IR3TIB01GBM156N
2016-12-01 00:00:00+00:00,GBP,0.37226,IR3TIB01GBM156N
2017-01-01 00:00:00+00:00,GBP,0.3621,IR3TIB01GBM156N
2017-02-01 00:00:00+00:00,GBP,0.35674,IR3TIB01GBM156N
2017-03-01 00:00:00+00:00,GBP,0.34567,IR3TIB01GBM156N
2017-04-01 00:00:00+00:00,GBP,0.33513,IR3TIB01GBM156N
2017-05-01 00:00:00+00:00,GBP,0.31081,IR3TIB01GBM156N
2017-06-01 00:00:00+00:00,GBP,0.29442,IR3TIB01GBM156N
2017-07-01 00:00:00+00:00,GBP,0.2931,IR3TIB01GBM156N
2017-08-01 00:00:00+00:00,GBP,0.28119,IR3TIB01GBM156N
2017-09-01 00:00:00+00:00,GBP,0.30911,IR3TIB01GBM156N
2017-10-01 00:00:00+00:00,GBP,0.38187,IR3TIB01GBM156N
2017-11-01 00:00:00+00:00,GBP,0.51857,IR3TIB01GBM156N
2017-12-01 00:00:00+00:00,GBP,0.51871,IR3TIB01GBM156N
2018-01-01 00:00:00+00:00,GBP,0.5225,IR3TIB01GBM156N
2018-02-01 00:00:00+00:00,GBP,0.54683,IR3TIB01GBM156N
2018-03-01 00:00:00+00:00,GBP,0.62842,IR3TIB01GBM156N
2018-04-01 00:00:00+00:00,GBP,0.75629,IR3TIB01GBM156N
2018-05-01 00:00:00+00:00,GBP,0.64355,IR3TIB01GBM156N
2018-06-01 00:00:00+00:00,GBP,0.63868,IR3TIB01GBM156N
2018-07-01 00:00:00+00:00,GBP,0.74619,IR3TIB01GBM156N
2018-08-01 00:00:00+00:00,GBP,0.80519,IR3TIB01GBM156N
2018-09-01 00:00:00+00:00,GBP,0.80093,IR3TIB01GBM156N
2018-10-01 00:00:00+00:00,GBP,0.80618,IR3TIB01GBM156N
2018-11-01 00:00:00+00:00,GBP,0.87483,IR3TIB01GBM156N
2018-12-01 00:00:00+00:00,GBP,0.90444,IR3TIB01GBM156N
2019-01-01 00:00:00+00:00,GBP,0.91822,IR3TIB01GBM156N
2019-02-01 00:00:00+00:00,GBP,0.87598,IR3TIB01GBM156N
2019-03-01 00:00:00+00:00,GBP,0.84,IR3TIB01GBM156N
2019-04-01 00:00:00+00:00,GBP,0.82,IR3TIB01GBM156N
2019-05-01 00:00:00+00:00,GBP,0.8,IR3TIB01GBM156N
2019-06-01 00:00:00+00:00,GBP,0.78,IR3TIB01GBM156N
2019-07-01 00:00:00+00:00,GBP,0.77,IR3TIB01GBM156N
2019-08-01 00:00:00+00:00,GBP,0.76,IR3TIB01GBM156N
2019-09-01 00:00:00+00:00,GBP,0.77,IR3TIB01GBM156N
2019-10-01 00:00:00+00:00,GBP,0.78,IR3TIB01GBM156N
2019-11-01 00:00:00+00:00,GBP,0.79,IR3TIB01GBM156N
2019-12-01 00:00:00+00:00,GBP,0.79,IR3TIB01GBM156N
2020-01-01 00:00:00+00:00,GBP,0.74,IR3TIB01GBM156N
2020-02-01 00:00:00+00:00,GBP,0.75,IR3TIB01GBM156N
2020-03-01 00:00:00+00:00,GBP,0.53,IR3TIB01GBM156N
2020-04-01 00:00:00+00:00,GBP,0.65,IR3TIB01GBM156N
2020-05-01 00:00:00+00:00,GBP,0.33,IR3TIB01GBM156N
2020-06-01 00:00:00+00:00,GBP,0.19,IR3TIB01GBM156N
2020-07-01 00:00:00+00:00,GBP,0.1,IR3TIB01GBM156N
2020-08-01 00:00:00+00:00,GBP,0.07,IR3TIB01GBM156N
2020-09-01 00:00:00+00:00,GBP,0.06,IR3TIB01GBM156N
2020-10-01 00:00:00+00:00,GBP,0.05,IR3TIB01GBM156N
2020-11-01 00:00:00+00:00,GBP,0.04,IR3TIB01GBM156N
2020-12-01 00:00:00+00:00,GBP,0.03,IR3TIB01GBM156N
2021-01-01 00:00:00+00:00,GBP,0.03,IR3TIB01GBM156N
2021-02-01 00:00:00+00:00,GBP,0.05,IR3TIB01GBM156N
2021-03-01 00:00:00+00:00,GBP,0.08,IR3TIB01GBM156N
2021-04-01 00:00:00+00:00,GBP,0.09,IR3TIB01GBM156N
2021-05-01 00:00:00+00:00,GBP,0.08,IR3TIB01GBM156N
2021-06-01 00:00:00+00:00,GBP,0.08,IR3TIB01GBM156N
2021-07-01 00:00:00+00:00,GBP,0.08,IR3TIB01GBM156N
2021-08-01 00:00:00+00:00,GBP,0.07,IR3TIB01GBM156N
2021-09-01 00:00:00+00:00,GBP,0.07,IR3TIB01GBM156N
2021-10-01 00:00:00+00:00,GBP,0.16,IR3TIB01GBM156N
2021-11-01 00:00:00+00:00,GBP,0.13,IR3TIB01GBM156N
2021-12-01 00:00:00+00:00,GBP,0.16,IR3TIB01GBM156N
2022-01-01 00:00:00+00:00,GBP,0.53,IR3TIB01GBM156N
2022-02-01 00:00:00+00:00,GBP,0.81,IR3TIB01GBM156N
2022-03-01 00:00:00+00:00,GBP,0.99,IR3TIB01GBM156N
2022-04-01 00:00:00+00:00,GBP,1.13,IR3TIB01GBM156N
2022-05-01 00:00:00+00:00,GBP,1.31,IR3TIB01GBM156N
2022-06-01 00:00:00+00:00,GBP,1.57,IR3TIB01GBM156N
2022-07-01 00:00:00+00:00,GBP,1.84,IR3TIB01GBM156N
2022-08-01 00:00:00+00:00,GBP,2.23,IR3TIB01GBM156N
2022-09-01 00:00:00+00:00,GBP,2.91,IR3TIB01GBM156N
2022-10-01 00:00:00+00:00,GBP,3.39,IR3TIB01GBM156N
2022-11-01 00:00:00+00:00,GBP,3.52,IR3TIB01GBM156N
2022-12-01 00:00:00+00:00,GBP,3.78,IR3TIB01GBM156N
2023-01-01 00:00:00+00:00,GBP,4.01,IR3TIB01GBM156N
2023-02-01 00:00:00+00:00,GBP,4.21,IR3TIB01GBM156N
2023-03-01 00:00:00+00:00,GBP,4.33,IR3TIB01GBM156N
2023-04-01 00:00:00+00:00,GBP,4.52,IR3TIB01GBM156N
2023-05-01 00:00:00+00:00,GBP,4.73,IR3TIB01GBM156N
2023-06-01 00:00:00+00:00,GBP,5.09,IR3TIB01GBM156N
2023-07-01 00:00:00+00:00,GBP,5.49,IR3TIB01GBM156N
2023-08-01 00:00:00+00:00,GBP,5.53,IR3TIB01GBM156N
2023-09-01 00:00:00+00:00,GBP,5.52,IR3TIB01GBM156N
2023-10-01 00:00:00+00:00,GBP,5.4,IR3TIB01GBM156N
2023-11-01 00:00:00+00:00,GBP,5.36,IR3TIB01GBM156N
2023-12-01 00:00:00+00:00,GBP,5.22,IR3TIB01GBM156N
2024-01-01 00:00:00+00:00,GBP,5.2,IR3TIB01GBM156N
2024-02-01 00:00:00+00:00,GBP,5.21,IR3TIB01GBM156N
2024-03-01 00:00:00+00:00,GBP,5.2,IR3TIB01GBM156N
2024-04-01 00:00:00+00:00,GBP,5.18,IR3TIB01GBM156N
2024-05-01 00:00:00+00:00,GBP,5.16,IR3TIB01GBM156N
2024-06-01 00:00:00+00:00,GBP,5.16,IR3TIB01GBM156N
2024-07-01 00:00:00+00:00,GBP,5.09,IR3TIB01GBM156N
2024-08-01 00:00:00+00:00,GBP,4.91,IR3TIB01GBM156N
2024-09-01 00:00:00+00:00,GBP,4.84,IR3TIB01GBM156N
2024-10-01 00:00:00+00:00,GBP,4.75,IR3TIB01GBM156N
2024-11-01 00:00:00+00:00,GBP,4.68,IR3TIB01GBM156N
2024-12-01 00:00:00+00:00,GBP,4.64,IR3TIB01GBM156N
2025-01-01 00:00:00+00:00,GBP,4.55,IR3TIB01GBM156N
2025-02-01 00:00:00+00:00,GBP,4.44,IR3TIB01GBM156N
2025-03-01 00:00:00+00:00,GBP,4.39,IR3TIB01GBM156N
2025-04-01 00:00:00+00:00,GBP,4.26,IR3TIB01GBM156N
2025-05-01 00:00:00+00:00,GBP,4.19,IR3TIB01GBM156N
2025-06-01 00:00:00+00:00,GBP,4.15,IR3TIB01GBM156N
2025-07-01 00:00:00+00:00,GBP,4.05,IR3TIB01GBM156N
2025-08-01 00:00:00+00:00,GBP,3.98,IR3TIB01GBM156N
2025-09-01 00:00:00+00:00,GBP,3.97,IR3TIB01GBM156N
2025-10-01 00:00:00+00:00,GBP,3.93,IR3TIB01GBM156N
2025-11-01 00:00:00+00:00,GBP,3.84,IR3TIB01GBM156N
2025-12-01 00:00:00+00:00,GBP,3.75,IR3TIB01GBM156N
2026-01-01 00:00:00+00:00,GBP,3.71,IR3TIB01GBM156N
2002-04-01 00:00:00+00:00,JPY,0.1,IR3TIB01JPM156N
2002-05-01 00:00:00+00:00,JPY,0.08,IR3TIB01JPM156N
2002-06-01 00:00:00+00:00,JPY,0.09,IR3TIB01JPM156N
2002-07-01 00:00:00+00:00,JPY,0.09,IR3TIB01JPM156N
2002-08-01 00:00:00+00:00,JPY,0.07,IR3TIB01JPM156N
2002-09-01 00:00:00+00:00,JPY,0.08,IR3TIB01JPM156N
2002-10-01 00:00:00+00:00,JPY,0.08,IR3TIB01JPM156N
2002-11-01 00:00:00+00:00,JPY,0.08,IR3TIB01JPM156N
2002-12-01 00:00:00+00:00,JPY,0.1,IR3TIB01JPM156N
2003-01-01 00:00:00+00:00,JPY,0.1,IR3TIB01JPM156N
2003-02-01 00:00:00+00:00,JPY,0.09,IR3TIB01JPM156N
2003-03-01 00:00:00+00:00,JPY,0.08,IR3TIB01JPM156N
2003-04-01 00:00:00+00:00,JPY,0.08,IR3TIB01JPM156N
2003-05-01 00:00:00+00:00,JPY,0.08,IR3TIB01JPM156N
2003-06-01 00:00:00+00:00,JPY,0.09,IR3TIB01JPM156N
2003-07-01 00:00:00+00:00,JPY,0.09,IR3TIB01JPM156N
2003-08-01 00:00:00+00:00,JPY,0.09,IR3TIB01JPM156N
2003-09-01 00:00:00+00:00,JPY,0.09,IR3TIB01JPM156N
2003-10-01 00:00:00+00:00,JPY,0.09,IR3TIB01JPM156N
2003-11-01 00:00:00+00:00,JPY,0.08,IR3TIB01JPM156N
2003-12-01 00:00:00+00:00,JPY,0.1,IR3TIB01JPM156N
2004-01-01 00:00:00+00:00,JPY,0.09,IR3TIB01JPM156N
2004-02-01 00:00:00+00:00,JPY,0.09,IR3TIB01JPM156N
2004-03-01 00:00:00+00:00,JPY,0.08,IR3TIB01JPM156N
2004-04-01 00:00:00+00:00,JPY,0.08,IR3TIB01JPM156N
2004-05-01 00:00:00+00:00,JPY,0.08,IR3TIB01JPM156N
2004-06-01 00:00:00+00:00,JPY,0.09,IR3TIB01JPM156N
2004-07-01 00:00:00+00:00,JPY,0.09,IR3TIB01JPM156N
2004-08-01 00:00:00+00:00,JPY,0.09,IR3TIB01JPM156N
2004-09-01 00:00:00+00:00,JPY,0.09,IR3TIB01JPM156N
2004-10-01 00:00:00+00:00,JPY,0.09,IR3TIB01JPM156N
2004-11-01 00:00:00+00:00,JPY,0.09,IR3TIB01JPM156N
2004-12-01 00:00:00+00:00,JPY,0.1,IR3TIB01JPM156N
2005-01-01 00:00:00+00:00,JPY,0.1,IR3TIB01JPM156N
2005-02-01 00:00:00+00:00,JPY,0.1,IR3TIB01JPM156N
2005-03-01 00:00:00+00:00,JPY,0.08,IR3TIB01JPM156N
2005-04-01 00:00:00+00:00,JPY,0.08,IR3TIB01JPM156N
2005-05-01 00:00:00+00:00,JPY,0.08,IR3TIB01JPM156N
2005-06-01 00:00:00+00:00,JPY,0.09,IR3TIB01JPM156N
2005-07-01 00:00:00+00:00,JPY,0.09,IR3TIB01JPM156N
2005-08-01 00:00:00+00:00,JPY,0.09,IR3TIB01JPM156N
2005-09-01 00:00:00+00:00,JPY,0.09,IR3TIB01JPM156N
2005-10-01 00:00:00+00:00,JPY,0.09,IR3TIB01JPM156N
2005-11-01 00:00:00+00:00,JPY,0.09,IR3TIB01JPM156N
2005-12-01 00:00:00+00:00,JPY,0.1,IR3TIB01JPM156N
2006-01-01 00:00:00+00:00,JPY,0.1036,IR3TIB01JPM156N
2006-02-01 00:00:00+00:00,JPY,0.11,IR3TIB01JPM156N
2006-03-01 00:00:00+00:00,JPY,0.1255,IR3TIB01JPM156N
2006-04-01 00:00:00+00:00,JPY,0.14,IR3TIB01JPM156N
2006-05-01 00:00:00+00:00,JPY,0.27,IR3TIB01JPM156N
2006-06-01 00:00:00+00:00,JPY,0.35,IR3TIB01JPM156N
2006-07-01 00:00:00+00:00,JPY,0.44,IR3TIB01JPM156N
2006-08-01 00:00:00+00:00,JPY,0.432,IR3TIB01JPM156N
2006-09-01 00:00:00+00:00,JPY,0.436,IR3TIB01JPM156N
2006-10-01 00:00:00+00:00,JPY,0.447,IR3TIB01JPM156N
2006-11-01 00:00:00+00:00,JPY,0.502,IR3TIB01JPM156N
2006-12-01 00:00:00+00:00,JPY,0.54,IR3TIB01JPM156N
2007-01-01 00:00:00+00:00,JPY,0.54,IR3TIB01JPM156N
2007-02-01 00:00:00+00:00,JPY,0.66,IR3TIB01JPM156N
2007-03-01 00:00:00+00:00,JPY,0.66,IR3TIB01JPM156N
2007-04-01 00:00:00+00:00,JPY,0.65,IR3TIB01JPM156N
2007-05-01 00:00:00+00:00,JPY,0.67,IR3TIB01JPM156N
2007-06-01 00:00:00+00:00,JPY,0.73,IR3TIB01JPM156N
2007-07-01 00:00:00+00:00,JPY,0.77,IR3TIB01JPM156N
2007-08-01 00:00:00+00:00,JPY,0.84,IR3TIB01JPM156N
2007-09-01 00:00:00+00:00,JPY,0.85,IR3TIB01JPM156N
2007-10-01 00:00:00+00:00,JPY,0.85,IR3TIB01JPM156N
2007-11-01 00:00:00+00:00,JPY,0.87,IR3TIB01JPM156N
2007-12-01 00:00:00+00:00,JPY,0.86,IR3TIB01JPM156N
2008-01-01 00:00:00+00:00,JPY,0.85,IR3TIB01JPM156N
2008-02-01 00:00:00+00:00,JPY,0.85,IR3TIB01JPM156N
2008-03-01 00:00:00+00:00,JPY,0.84,IR3TIB01JPM156N
2008-04-01 00:00:00+00:00,JPY,0.84,IR3TIB01JPM156N
2008-05-01 00:00:00+00:00,JPY,0.84,IR3TIB01JPM156N
2008-06-01 00:00:00+00:00,JPY,0.86,IR3TIB01JPM156N
2008-07-01 00:00:00+00:00,JPY,0.85,IR3TIB01JPM156N
2008-08-01 00:00:00+00:00,JPY,0.85,IR3TIB01JPM156N
2008-09-01 00:00:00+00:00,JPY,0.87,IR3TIB01JPM156N
2008-10-01 00:00:00+00:00,JPY,0.89,IR3TIB01JPM156N
2008-11-01 00:00:00+00:00,JPY,0.88,IR3TIB01JPM156N
2008-12-01 00:00:00+00:00,JPY,0.74,IR3TIB01JPM156N
2009-01-01 00:00:00+00:00,JPY,0.72,IR3TIB01JPM156N
2009-02-01 00:00:00+00:00,JPY,0.71,IR3TIB01JPM156N
2009-03-01 00:00:00+00:00,JPY,0.65,IR3TIB01JPM156N
2009-04-01 00:00:00+00:00,JPY,0.6,IR3TIB01JPM156N
2009-05-01 00:00:00+00:00,JPY,0.57,IR3TIB01JPM156N
2009-06-01 00:00:00+00:00,JPY,0.56,IR3TIB01JPM156N
2009-07-01 00:00:00+00:00,JPY,0.55,IR3TIB01JPM156N
2009-08-01 00:00:00+00:00,JPY,0.54,IR3TIB01JPM156N
2009-09-01 00:00:00+00:00,JPY,0.54,IR3TIB01JPM156N
2009-10-01 00:00:00+00:00,JPY,0.53,IR3TIB01JPM156N
2009-11-01 00:00:00+00:00,JPY,0.51,IR3TIB01JPM156N
2009-12-01 00:00:00+00:00,JPY,0.46,IR3TIB01JPM156N
2010-01-01 00:00:00+00:00,JPY,0.45,IR3TIB01JPM156N
2010-02-01 00:00:00+00:00,JPY,0.44,IR3TIB01JPM156N
2010-03-01 00:00:00+00:00,JPY,0.43,IR3TIB01JPM156N
2010-04-01 00:00:00+00:00,JPY,0.4,IR3TIB01JPM156N
2010-05-01 00:00:00+00:00,JPY,0.39,IR3TIB01JPM156N
2010-06-01 00:00:00+00:00,JPY,0.38,IR3TIB01JPM156N
2010-07-01 00:00:00+00:00,JPY,0.37,IR3TIB01JPM156N
2010-08-01 00:00:00+00:00,JPY,0.36,IR3TIB01JPM156N
2010-09-01 00:00:00+00:00,JPY,0.36,IR3TIB01JPM156N
2010-10-01 00:00:00+00:00,JPY,0.34,IR3TIB01JPM156N
2010-11-01 00:00:00+00:00,JPY,0.34,IR3TIB01JPM156N
2010-12-01 00:00:00+00:00,JPY,0.34,IR3TIB01JPM156N
2011-01-01 00:00:00+00:00,JPY,0.34,IR3TIB01JPM156N
2011-02-01 00:00:00+00:00,JPY,0.34,IR3TIB01JPM156N
2011-03-01 00:00:00+00:00,JPY,0.33615,IR3TIB01JPM156N
2011-04-01 00:00:00+00:00,JPY,0.33286,IR3TIB01JPM156N
2011-05-01 00:00:00+00:00,JPY,0.33214,IR3TIB01JPM156N
2011-06-01 00:00:00+00:00,JPY,0.33214,IR3TIB01JPM156N
2011-07-01 00:00:00+00:00,JPY,0.33214,IR3TIB01JPM156N
2011-08-01 00:00:00+00:00,JPY,0.32857,IR3TIB01JPM156N
2011-09-01 00:00:00+00:00,JPY,0.32929,IR3TIB01JPM156N
2011-10-01 00:00:00+00:00,JPY,0.32929,IR3TIB01JPM156N
2011-11-01 00:00:00+00:00,JPY,0.32929,IR3TIB01JPM156N
2011-12-01 00:00:00+00:00,JPY,0.32929,IR3TIB01JPM156N
2012-01-01 00:00:00+00:00,JPY,0.33077,IR3TIB01JPM156N
2012-02-01 00:00:00+00:00,JPY,0.33167,IR3TIB01JPM156N
2012-03-01 00:00:00+00:00,JPY,0.33167,IR3TIB01JPM156N
2012-04-01 00:00:00+00:00,JPY,0.33167,IR3TIB01JPM156N
2012-05-01 00:00:00+00:00,JPY,0.33167,IR3TIB01JPM156N
2012-06-01 00:00:00+00:00,JPY,0.33455,IR3TIB01JPM156N
2012-07-01 00:00:00+00:00,JPY,0.32727,IR3TIB01JPM156N
2012-08-01 00:00:00+00:00,JPY,0.32727,IR3TIB01JPM156N
2012-09-01 00:00:00+00:00,JPY,0.32727,IR3TIB01JPM156N
2012-10-01 00:00:00+00:00,JPY,0.32636,IR3TIB01JPM156N
2012-11-01 00:00:00+00:00,JPY,0.31818,IR3TIB01JPM156N
2012-12-01 00:00:00+00:00,JPY,0.30818,IR3TIB01JPM156N
2013-01-01 00:00:00+00:00,JPY,0.29182,IR3TIB01JPM156N
2013-02-01 00:00:00+00:00,JPY,0.26909,IR3TIB01JPM156N
2013-03-01 00:00:00+00:00,JPY,0.25,IR3TIB01JPM156N
2013-04-01 00:00:00+00:00,JPY,0.22818,IR3TIB01JPM156N
2013-05-01 00:00:00+00:00,JPY,0.22818,IR3TIB01JPM156N
2013-06-01 00:00:00+00:00,JPY,0.22818,IR3TIB01JPM156N
2013-07-01 00:00:00+00:00,JPY,0.228,IR3TIB01JPM156N
2013-08-01 00:00:00+00:00,JPY,0.228,IR3TIB01JPM156N
2013-09-01 00:00:00+00:00,JPY,0.228,IR3TIB01JPM156N
2013-10-01 00:00:00+00:00,JPY,0.221,IR3TIB01JPM156N
2013-11-01 00:00:00+00:00,JPY,0.22,IR3TIB01JPM156N
2013-12-01 00:00:00+00:00,JPY,0.22,IR3TIB01JPM156N
2014-01-01 00:00:00+00:00,JPY,0.22,IR3TIB01JPM156N
2014-02-01 00:00:00+00:00,JPY,0.212,IR3TIB01JPM156N
2014-03-01 00:00:00+00:00,JPY,0.212,IR3TIB01JPM156N
2014-04-01 00:00:00+00:00,JPY,0.212,IR3TIB01JPM156N
2014-05-01 00:00:00+00:00,JPY,0.21,IR3TIB01JPM156N
2014-06-01 00:00:00+00:00,JPY,0.21,IR3TIB01JPM156N
2014-07-01 00:00:00+00:00,JPY,0.21,IR3TIB01JPM156N
2014-08-01 00:00:00+00:00,JPY,0.21,IR3TIB01JPM156N
2014-09-01 00:00:00+00:00,JPY,0.21,IR3TIB01JPM156N
2014-10-01 00:00:00+00:00,JPY,0.192,IR3TIB01JPM156N
2014-11-01 00:00:00+00:00,JPY,0.182,IR3TIB01JPM156N
2014-12-01 00:00:00+00:00,JPY,0.179,IR3TIB01JPM156N
2015-01-01 00:00:00+00:00,JPY,0.173,IR3TIB01JPM156N
2015-02-01 00:00:00+00:00,JPY,0.171,IR3TIB01JPM156N
2015-03-01 00:00:00+00:00,JPY,0.17,IR3TIB01JPM156N
2015-04-01 00:00:00+00:00,JPY,0.17,IR3TIB01JPM156N
2015-05-01 00:00:00+00:00,JPY,0.169,IR3TIB01JPM156N
2015-06-01 00:00:00+00:00,JPY,0.169,IR3TIB01JPM156N
2015-07-01 00:00:00+00:00,JPY,0.169,IR3TIB01JPM156N
2015-08-01 00:00:00+00:00,JPY,0.169,IR3TIB01JPM156N
2015-09-01 00:00:00+00:00,JPY,0.169,IR3TIB01JPM156N
2015-10-01 00:00:00+00:00,JPY,0.169,IR3TIB01JPM156N
2015-11-01 00:00:00+00:00,JPY,0.169,IR3TIB01JPM156N
2015-12-01 00:00:00+00:00,JPY,0.169,IR3TIB01JPM156N
2016-01-01 00:00:00+00:00,JPY,0.169,IR3TIB01JPM156N
2016-02-01 00:00:00+00:00,JPY,0.098,IR3TIB01JPM156N
2016-03-01 00:00:00+00:00,JPY,0.098,IR3TIB01JPM156N
2016-04-01 00:00:00+00:00,JPY,0.06,IR3TIB01JPM156N
2016-05-01 00:00:00+00:00,JPY,0.06,IR3TIB01JPM156N
2016-06-01 00:00:00+00:00,JPY,0.059,IR3TIB01JPM156N
2016-07-01 00:00:00+00:00,JPY,0.058,IR3TIB01JPM156N
2016-08-01 00:00:00+00:00,JPY,0.058,IR3TIB01JPM156N
2016-09-01 00:00:00+00:00,JPY,0.056,IR3TIB01JPM156N
2016-10-01 00:00:00+00:00,JPY,0.056,IR3TIB01JPM156N
2016-11-01 00:00:00+00:00,JPY,0.056,IR3TIB01JPM156N
2016-12-01 00:00:00+00:00,JPY,0.056,IR3TIB01JPM156N
2017-01-01 00:00:00+00:00,JPY,0.056,IR3TIB01JPM156N
2017-02-01 00:00:00+00:00,JPY,0.056,IR3TIB01JPM156N
2017-03-01 00:00:00+00:00,JPY,0.056,IR3TIB01JPM156N
2017-04-01 00:00:00+00:00,JPY,0.056,IR3TIB01JPM156N
2017-05-01 00:00:00+00:00,JPY,0.056,IR3TIB01JPM156N
2017-06-01 00:00:00+00:00,JPY,0.056,IR3TIB01JPM156N
2017-07-01 00:00:00+00:00,JPY,0.075,IR3TIB01JPM156N
2017-08-01 00:00:00+00:00,JPY,0.056,IR3TIB01JPM156N
2017-09-01 00:00:00+00:00,JPY,0.056,IR3TIB01JPM156N
2017-10-01 00:00:00+00:00,JPY,0.063,IR3TIB01JPM156N
2017-11-01 00:00:00+00:00,JPY,0.063,IR3TIB01JPM156N
2017-12-01 00:00:00+00:00,JPY,0.063,IR3TIB01JPM156N
2018-01-01 00:00:00+00:00,JPY,0.068,IR3TIB01JPM156N
2018-02-01 00:00:00+00:00,JPY,0.068,IR3TIB01JPM156N
2018-03-01 00:00:00+00:00,JPY,0.097,IR3TIB01JPM156N
2018-04-01 00:00:00+00:00,JPY,0.097,IR3TIB01JPM156N
2018-05-01 00:00:00+00:00,JPY,0.078,IR3TIB01JPM156N
2018-06-01 00:00:00+00:00,JPY,0.078,IR3TIB01JPM156N
2018-07-01 00:00:00+00:00,JPY,0.091,IR3TIB01JPM156N
2018-08-01 00:00:00+00:00,JPY,0.091,IR3TIB01JPM156N
2018-09-01 00:00:00+00:00,JPY,0.05,IR3TIB01JPM156N
2018-10-01 00:00:00+00:00,JPY,0.05,IR3TIB01JPM156N
2018-11-01 00:00:00+00:00,JPY,0.05,IR3TIB01JPM156N
2018-12-01 00:00:00+00:00,JPY,0.05,IR3TIB01JPM156N
2019-01-01 00:00:00+00:00,JPY,0.03,IR3TIB01JPM156N
2019-02-01 00:00:00+00:00,JPY,0.03,IR3TIB01JPM156N
2019-03-01 00:00:00+00:00,JPY,0.05,IR3TIB01JPM156N
2019-04-01 00:00:00+00:00,JPY,0.05,IR3TIB01JPM156N
2019-05-01 00:00:00+00:00,JPY,0.049,IR3TIB01JPM156N
2019-06-01 00:00:00+00:00,JPY,0.049,IR3TIB01JPM156N
2019-07-01 00:00:00+00:00,JPY,0.049,IR3TIB01JPM156N
2019-08-01 00:00:00+00:00,JPY,0.009,IR3TIB01JPM156N
2019-09-01 00:00:00+00:00,JPY,0.009,IR3TIB01JPM156N
2019-10-01 00:00:00+00:00,JPY,0.009,IR3TIB01JPM156N
2019-11-01 00:00:00+00:00,JPY,0.018,IR3TIB01JPM156N
2019-12-01 00:00:00+00:00,JPY,0.021,IR3TIB01JPM156N
2020-01-01 00:00:00+00:00,JPY,0.021,IR3TIB01JPM156N
2020-02-01 00:00:00+00:00,JPY,0.021,IR3TIB01JPM156N
2020-03-01 00:00:00+00:00,JPY,0.006,IR3TIB01JPM156N
2020-04-01 00:00:00+00:00,JPY,-0.039,IR3TIB01JPM156N
2020-05-01 00:00:00+00:00,JPY,-0.042,IR3TIB01JPM156N
2020-06-01 00:00:00+00:00,JPY,-0.042,IR3TIB01JPM156N
2020-07-01 00:00:00+00:00,JPY,-0.065,IR3TIB01JPM156N
2020-08-01 00:00:00+00:00,JPY,-0.065,IR3TIB01JPM156N
2020-09-01 00:00:00+00:00,JPY,-0.055,IR3TIB01JPM156N
2020-10-01 00:00:00+00:00,JPY,-0.055,IR3TIB01JPM156N
2020-11-01 00:00:00+00:00,JPY,-0.055,IR3TIB01JPM156N
2020-12-01 00:00:00+00:00,JPY,-0.055,IR3TIB01JPM156N
2021-01-01 00:00:00+00:00,JPY,-0.055,IR3TIB01JPM156N
2021-02-01 00:00:00+00:00,JPY,-0.055,IR3TIB01JPM156N
2021-03-01 00:00:00+00:00,JPY,-0.065,IR3TIB01JPM156N
2021-04-01 00:00:00+00:00,JPY,-0.065,IR3TIB01JPM156N
2021-05-01 00:00:00+00:00,JPY,-0.065,IR3TIB01JPM156N
2021-06-01 00:00:00+00:00,JPY,-0.072,IR3TIB01JPM156N
2021-07-01 00:00:00+00:00,JPY,-0.072,IR3TIB01JPM156N
2021-08-01 00:00:00+00:00,JPY,-0.072,IR3TIB01JPM156N
2021-09-01 00:00:00+00:00,JPY,-0.072,IR3TIB01JPM156N
2021-10-01 00:00:00+00:00,JPY,-0.072,IR3TIB01JPM156N
2021-11-01 00:00:00+00:00,JPY,-0.072,IR3TIB01JPM156N
2021-12-01 00:00:00+00:00,JPY,-0.049,IR3TIB01JPM156N
2022-01-01 00:00:00+00:00,JPY,-0.049,IR3TIB01JPM156N
2022-02-01 00:00:00+00:00,JPY,-0.049,IR3TIB01JPM156N
2022-03-01 00:00:00+00:00,JPY,-0.049,IR3TIB01JPM156N
2022-04-01 00:00:00+00:00,JPY,-0.049,IR3TIB01JPM156N
2022-05-01 00:00:00+00:00,JPY,-0.049,IR3TIB01JPM156N
2022-06-01 00:00:00+00:00,JPY,0.005,IR3TIB01JPM156N
2022-07-01 00:00:00+00:00,JPY,-0.031,IR3TIB01JPM156N
2022-08-01 00:00:00+00:00,JPY,-0.02,IR3TIB01JPM156N
2022-09-01 00:00:00+00:00,JPY,-0.016,IR3TIB01JPM156N
2022-10-01 00:00:00+00:00,JPY,-0.016,IR3TIB01JPM156N
2022-11-01 00:00:00+00:00,JPY,-0.016,IR3TIB01JPM156N
2022-12-01 00:00:00+00:00,JPY,-0.015,IR3TIB01JPM156N
2023-01-01 00:00:00+00:00,JPY,-0.006,IR3TIB01JPM156N
2023-02-01 00:00:00+00:00,JPY,0.001,IR3TIB01JPM156N
2023-03-01 00:00:00+00:00,JPY,-0.008,IR3TIB01JPM156N
2023-04-01 00:00:00+00:00,JPY,-0.001,IR3TIB01JPM156N
2023-05-01 00:00:00+00:00,JPY,-0.019,IR3TIB01JPM156N
2023-06-01 00:00:00+00:00,JPY,-0.003,IR3TIB01JPM156N
2023-07-01 00:00:00+00:00,JPY,-0.003,IR3TIB01JPM156N
2023-08-01 00:00:00+00:00,JPY,-0.003,IR3TIB01JPM156N
2023-09-01 00:00:00+00:00,JPY,0.024,IR3TIB01JPM156N
2023-10-01 00:00:00+00:00,JPY,-0.012,IR3TIB01JPM156N
2023-11-01 00:00:00+00:00,JPY,0.024,IR3TIB01JPM156N
2023-12-01 00:00:00+00:00,JPY,0.052,IR3TIB01JPM156N
2024-01-01 00:00:00+00:00,JPY,0.025,IR3TIB01JPM156N
2024-02-01 00:00:00+00:00,JPY,0.027,IR3TIB01JPM156N
2024-03-01 00:00:00+00:00,JPY,0.109,IR3TIB01JPM156N
2024-04-01 00:00:00+00:00,JPY,0.109,IR3TIB01JPM156N
2024-05-01 00:00:00+00:00,JPY,0.129,IR3TIB01JPM156N
2024-06-01 00:00:00+00:00,JPY,0.149,IR3TIB01JPM156N
2024-07-01 00:00:00+00:00,JPY,0.166,IR3TIB01JPM156N
2024-08-01 00:00:00+00:00,JPY,0.255,IR3TIB01JPM156N
2024-09-01 00:00:00+00:00,JPY,0.256,IR3TIB01JPM156N
2024-10-01 00:00:00+00:00,JPY,0.256,IR3TIB01JPM156N
2024-11-01 00:00:00+00:00,JPY,0.362,IR3TIB01JPM156N
2024-12-01 00:00:00+00:00,JPY,0.386,IR3TIB01JPM156N
2025-01-01 00:00:00+00:00,JPY,0.76727,IR3TIB01JPM156N
2025-02-01 00:00:00+00:00,JPY,0.79182,IR3TIB01JPM156N
2025-03-01 00:00:00+00:00,JPY,0.82091,IR3TIB01JPM156N
2025-04-01 00:00:00+00:00,JPY,0.78364,IR3TIB01JPM156N
2025-05-01 00:00:00+00:00,JPY,0.77545,IR3TIB01JPM156N
2025-06-01 00:00:00+00:00,JPY,0.77273,IR3TIB01JPM156N
2025-07-01 00:00:00+00:00,JPY,0.77273,IR3TIB01JPM156N
2025-08-01 00:00:00+00:00,JPY,0.77273,IR3TIB01JPM156N
2025-09-01 00:00:00+00:00,JPY,0.81818,IR3TIB01JPM156N
2025-10-01 00:00:00+00:00,JPY,0.80909,IR3TIB01JPM156N
2025-11-01 00:00:00+00:00,JPY,0.80636,IR3TIB01JPM156N
2025-12-01 00:00:00+00:00,JPY,1.07273,IR3TIB01JPM156N
2026-01-01 00:00:00+00:00,JPY,1.11636,IR3TIB01JPM156N
2026-02-01 00:00:00+00:00,JPY,1.22909,IR3TIB01JPM156N
2026-03-01 00:00:00+00:00,JPY,1.26882,IR3TIB01JPM156N
1995-01-01 00:00:00+00:00,NZD,9.29,IR3TIB01NZM156N
1995-02-01 00:00:00+00:00,NZD,9.37,IR3TIB01NZM156N
1995-03-01 00:00:00+00:00,NZD,9.42,IR3TIB01NZM156N
1995-04-01 00:00:00+00:00,NZD,9.23,IR3TIB01NZM156N
1995-05-01 00:00:00+00:00,NZD,9.1,IR3TIB01NZM156N
1995-06-01 00:00:00+00:00,NZD,9.04,IR3TIB01NZM156N
1995-07-01 00:00:00+00:00,NZD,8.84,IR3TIB01NZM156N
1995-08-01 00:00:00+00:00,NZD,9.03,IR3TIB01NZM156N
1995-09-01 00:00:00+00:00,NZD,9.22,IR3TIB01NZM156N
1995-10-01 00:00:00+00:00,NZD,8.69,IR3TIB01NZM156N
1995-11-01 00:00:00+00:00,NZD,8.31,IR3TIB01NZM156N
1995-12-01 00:00:00+00:00,NZD,8.56,IR3TIB01NZM156N
1996-01-01 00:00:00+00:00,NZD,8.61,IR3TIB01NZM156N
1996-02-01 00:00:00+00:00,NZD,8.51,IR3TIB01NZM156N
1996-03-01 00:00:00+00:00,NZD,8.86,IR3TIB01NZM156N
1996-04-01 00:00:00+00:00,NZD,9.22,IR3TIB01NZM156N
1996-05-01 00:00:00+00:00,NZD,9.82,IR3TIB01NZM156N
1996-06-01 00:00:00+00:00,NZD,10.04,IR3TIB01NZM156N
1996-07-01 00:00:00+00:00,NZD,10.12,IR3TIB01NZM156N
1996-08-01 00:00:00+00:00,NZD,9.87,IR3TIB01NZM156N
1996-09-01 00:00:00+00:00,NZD,9.9,IR3TIB01NZM156N
1996-10-01 00:00:00+00:00,NZD,9.61,IR3TIB01NZM156N
1996-11-01 00:00:00+00:00,NZD,8.97,IR3TIB01NZM156N
1996-12-01 00:00:00+00:00,NZD,8.08,IR3TIB01NZM156N
1997-01-01 00:00:00+00:00,NZD,7.55,IR3TIB01NZM156N
1997-02-01 00:00:00+00:00,NZD,7.46,IR3TIB01NZM156N
1997-03-01 00:00:00+00:00,NZD,7.58,IR3TIB01NZM156N
1997-04-01 00:00:00+00:00,NZD,7.49,IR3TIB01NZM156N
1997-05-01 00:00:00+00:00,NZD,7.02,IR3TIB01NZM156N
1997-06-01 00:00:00+00:00,NZD,6.96,IR3TIB01NZM156N
1997-07-01 00:00:00+00:00,NZD,7.79,IR3TIB01NZM156N
1997-08-01 00:00:00+00:00,NZD,8.34,IR3TIB01NZM156N
1997-09-01 00:00:00+00:00,NZD,8.06,IR3TIB01NZM156N
1997-10-01 00:00:00+00:00,NZD,7.76,IR3TIB01NZM156N
1997-11-01 00:00:00+00:00,NZD,7.6,IR3TIB01NZM156N
1997-12-01 00:00:00+00:00,NZD,8.3,IR3TIB01NZM156N
1998-01-01 00:00:00+00:00,NZD,8.89,IR3TIB01NZM156N
1998-02-01 00:00:00+00:00,NZD,8.95,IR3TIB01NZM156N
1998-03-01 00:00:00+00:00,NZD,9.0,IR3TIB01NZM156N
1998-04-01 00:00:00+00:00,NZD,9.26,IR3TIB01NZM156N
1998-05-01 00:00:00+00:00,NZD,8.88,IR3TIB01NZM156N
1998-06-01 00:00:00+00:00,NZD,9.15,IR3TIB01NZM156N
1998-07-01 00:00:00+00:00,NZD,7.75,IR3TIB01NZM156N
1998-08-01 00:00:00+00:00,NZD,6.79,IR3TIB01NZM156N
1998-09-01 00:00:00+00:00,NZD,5.79,IR3TIB01NZM156N
1998-10-01 00:00:00+00:00,NZD,4.85,IR3TIB01NZM156N
1998-11-01 00:00:00+00:00,NZD,4.5,IR3TIB01NZM156N
1998-12-01 00:00:00+00:00,NZD,4.38,IR3TIB01NZM156N
1999-01-01 00:00:00+00:00,NZD,4.47,IR3TIB01NZM156N
1999-02-01 00:00:00+00:00,NZD,4.3,IR3TIB01NZM156N
1999-03-01 00:00:00+00:00,NZD,4.59,IR3TIB01NZM156N
1999-04-01 00:00:00+00:00,NZD,4.64,IR3TIB01NZM156N
1999-05-01 00:00:00+00:00,NZD,4.67,IR3TIB01NZM156N
1999-06-01 00:00:00+00:00,NZD,4.74,IR3TIB01NZM156N
1999-07-01 00:00:00+00:00,NZD,4.72,IR3TIB01NZM156N
1999-08-01 00:00:00+00:00,NZD,4.77,IR3TIB01NZM156N
1999-09-01 00:00:00+00:00,NZD,4.94,IR3TIB01NZM156N
1999-10-01 00:00:00+00:00,NZD,5.1,IR3TIB01NZM156N
1999-11-01 00:00:00+00:00,NZD,5.35,IR3TIB01NZM156N
1999-12-01 00:00:00+00:00,NZD,5.67,IR3TIB01NZM156N
2000-01-01 00:00:00+00:00,NZD,5.68,IR3TIB01NZM156N
2000-02-01 00:00:00+00:00,NZD,5.93,IR3TIB01NZM156N
2000-03-01 00:00:00+00:00,NZD,6.26,IR3TIB01NZM156N
2000-04-01 00:00:00+00:00,NZD,6.49,IR3TIB01NZM156N
2000-05-01 00:00:00+00:00,NZD,6.77,IR3TIB01NZM156N
2000-06-01 00:00:00+00:00,NZD,6.88,IR3TIB01NZM156N
2000-07-01 00:00:00+00:00,NZD,6.83,IR3TIB01NZM156N
2000-08-01 00:00:00+00:00,NZD,6.74,IR3TIB01NZM156N
2000-09-01 00:00:00+00:00,NZD,6.66,IR3TIB01NZM156N
2000-10-01 00:00:00+00:00,NZD,6.65,IR3TIB01NZM156N
2000-11-01 00:00:00+00:00,NZD,6.64,IR3TIB01NZM156N
2000-12-01 00:00:00+00:00,NZD,6.71,IR3TIB01NZM156N
2001-01-01 00:00:00+00:00,NZD,6.53,IR3TIB01NZM156N
2001-02-01 00:00:00+00:00,NZD,6.48,IR3TIB01NZM156N
2001-03-01 00:00:00+00:00,NZD,6.25,IR3TIB01NZM156N
2001-04-01 00:00:00+00:00,NZD,5.97,IR3TIB01NZM156N
2001-05-01 00:00:00+00:00,NZD,5.79,IR3TIB01NZM156N
2001-06-01 00:00:00+00:00,NZD,5.82,IR3TIB01NZM156N
2001-07-01 00:00:00+00:00,NZD,5.79,IR3TIB01NZM156N
2001-08-01 00:00:00+00:00,NZD,5.83,IR3TIB01NZM156N
2001-09-01 00:00:00+00:00,NZD,5.57,IR3TIB01NZM156N
2001-10-01 00:00:00+00:00,NZD,5.15,IR3TIB01NZM156N
2001-11-01 00:00:00+00:00,NZD,4.87,IR3TIB01NZM156N
2001-12-01 00:00:00+00:00,NZD,4.86,IR3TIB01NZM156N
2002-01-01 00:00:00+00:00,NZD,4.86,IR3TIB01NZM156N
2002-02-01 00:00:00+00:00,NZD,4.93,IR3TIB01NZM156N
2002-03-01 00:00:00+00:00,NZD,5.31,IR3TIB01NZM156N
2002-04-01 00:00:00+00:00,NZD,5.68,IR3TIB01NZM156N
2002-05-01 00:00:00+00:00,NZD,5.83,IR3TIB01NZM156N
2002-06-01 00:00:00+00:00,NZD,5.96,IR3TIB01NZM156N
2002-07-01 00:00:00+00:00,NZD,6.0,IR3TIB01NZM156N
2002-08-01 00:00:00+00:00,NZD,5.87,IR3TIB01NZM156N
2002-09-01 00:00:00+00:00,NZD,5.86,IR3TIB01NZM156N
2002-10-01 00:00:00+00:00,NZD,5.88,IR3TIB01NZM156N
2002-11-01 00:00:00+00:00,NZD,5.9,IR3TIB01NZM156N
2002-12-01 00:00:00+00:00,NZD,5.92,IR3TIB01NZM156N
2003-01-01 00:00:00+00:00,NZD,5.86,IR3TIB01NZM156N
2003-02-01 00:00:00+00:00,NZD,5.82,IR3TIB01NZM156N
2003-03-01 00:00:00+00:00,NZD,5.81,IR3TIB01NZM156N
2003-04-01 00:00:00+00:00,NZD,5.73,IR3TIB01NZM156N
2003-05-01 00:00:00+00:00,NZD,5.38,IR3TIB01NZM156N
2003-06-01 00:00:00+00:00,NZD,5.23,IR3TIB01NZM156N
2003-07-01 00:00:00+00:00,NZD,5.11,IR3TIB01NZM156N
2003-08-01 00:00:00+00:00,NZD,5.11,IR3TIB01NZM156N
2003-09-01 00:00:00+00:00,NZD,5.15,IR3TIB01NZM156N
2003-10-01 00:00:00+00:00,NZD,5.19,IR3TIB01NZM156N
2003-11-01 00:00:00+00:00,NZD,5.37,IR3TIB01NZM156N
2003-12-01 00:00:00+00:00,NZD,5.32,IR3TIB01NZM156N
2004-01-01 00:00:00+00:00,NZD,5.35,IR3TIB01NZM156N
2004-02-01 00:00:00+00:00,NZD,5.59,IR3TIB01NZM156N
2004-03-01 00:00:00+00:00,NZD,5.54,IR3TIB01NZM156N
2004-04-01 00:00:00+00:00,NZD,5.59,IR3TIB01NZM156N
2004-05-01 00:00:00+00:00,NZD,5.9,IR3TIB01NZM156N
2004-06-01 00:00:00+00:00,NZD,6.07,IR3TIB01NZM156N
2004-07-01 00:00:00+00:00,NZD,6.25,IR3TIB01NZM156N
2004-08-01 00:00:00+00:00,NZD,6.44,IR3TIB01NZM156N
2004-09-01 00:00:00+00:00,NZD,6.64,IR3TIB01NZM156N
2004-10-01 00:00:00+00:00,NZD,6.75,IR3TIB01NZM156N
2004-11-01 00:00:00+00:00,NZD,6.72,IR3TIB01NZM156N
2004-12-01 00:00:00+00:00,NZD,6.71,IR3TIB01NZM156N
2005-01-01 00:00:00+00:00,NZD,6.76,IR3TIB01NZM156N
2005-02-01 00:00:00+00:00,NZD,6.83,IR3TIB01NZM156N
2005-03-01 00:00:00+00:00,NZD,6.99,IR3TIB01NZM156N
2005-04-01 00:00:00+00:00,NZD,7.05,IR3TIB01NZM156N
2005-05-01 00:00:00+00:00,NZD,7.05,IR3TIB01NZM156N
2005-06-01 00:00:00+00:00,NZD,7.03,IR3TIB01NZM156N
2005-07-01 00:00:00+00:00,NZD,7.03,IR3TIB01NZM156N
2005-08-01 00:00:00+00:00,NZD,7.03,IR3TIB01NZM156N
2005-09-01 00:00:00+00:00,NZD,7.09,IR3TIB01NZM156N
2005-10-01 00:00:00+00:00,NZD,7.28,IR3TIB01NZM156N
2005-11-01 00:00:00+00:00,NZD,7.54,IR3TIB01NZM156N
2005-12-01 00:00:00+00:00,NZD,7.66,IR3TIB01NZM156N
2006-01-01 00:00:00+00:00,NZD,7.64,IR3TIB01NZM156N
2006-02-01 00:00:00+00:00,NZD,7.53,IR3TIB01NZM156N
2006-03-01 00:00:00+00:00,NZD,7.49,IR3TIB01NZM156N
2006-04-01 00:00:00+00:00,NZD,7.47,IR3TIB01NZM156N
2006-05-01 00:00:00+00:00,NZD,7.49,IR3TIB01NZM156N
2006-06-01 00:00:00+00:00,NZD,7.47,IR3TIB01NZM156N
2006-07-01 00:00:00+00:00,NZD,7.48,IR3TIB01NZM156N
2006-08-01 00:00:00+00:00,NZD,7.49,IR3TIB01NZM156N
2006-09-01 00:00:00+00:00,NZD,7.56,IR3TIB01NZM156N
2006-10-01 00:00:00+00:00,NZD,7.66,IR3TIB01NZM156N
2006-11-01 00:00:00+00:00,NZD,7.61,IR3TIB01NZM156N
2006-12-01 00:00:00+00:00,NZD,7.66,IR3TIB01NZM156N
2007-01-01 00:00:00+00:00,NZD,7.7,IR3TIB01NZM156N
2007-02-01 00:00:00+00:00,NZD,7.75,IR3TIB01NZM156N
2007-03-01 00:00:00+00:00,NZD,7.88,IR3TIB01NZM156N
2007-04-01 00:00:00+00:00,NZD,7.98,IR3TIB01NZM156N
2007-05-01 00:00:00+00:00,NZD,8.09,IR3TIB01NZM156N
2007-06-01 00:00:00+00:00,NZD,8.32,IR3TIB01NZM156N
2007-07-01 00:00:00+00:00,NZD,8.44,IR3TIB01NZM156N
2007-08-01 00:00:00+00:00,NZD,8.72,IR3TIB01NZM156N
2007-09-01 00:00:00+00:00,NZD,8.81,IR3TIB01NZM156N
2007-10-01 00:00:00+00:00,NZD,8.68,IR3TIB01NZM156N
2007-11-01 00:00:00+00:00,NZD,8.73,IR3TIB01NZM156N
2007-12-01 00:00:00+00:00,NZD,8.9,IR3TIB01NZM156N
2008-01-01 00:00:00+00:00,NZD,8.75,IR3TIB01NZM156N
2008-02-01 00:00:00+00:00,NZD,8.82,IR3TIB01NZM156N
2008-03-01 00:00:00+00:00,NZD,8.91,IR3TIB01NZM156N
2008-04-01 00:00:00+00:00,NZD,8.87,IR3TIB01NZM156N
2008-05-01 00:00:00+00:00,NZD,8.71,IR3TIB01NZM156N
2008-06-01 00:00:00+00:00,NZD,8.68,IR3TIB01NZM156N
2008-07-01 00:00:00+00:00,NZD,8.46,IR3TIB01NZM156N
2008-08-01 00:00:00+00:00,NZD,8.2,IR3TIB01NZM156N
2008-09-01 00:00:00+00:00,NZD,7.95,IR3TIB01NZM156N
2008-10-01 00:00:00+00:00,NZD,7.43,IR3TIB01NZM156N
2008-11-01 00:00:00+00:00,NZD,6.25,IR3TIB01NZM156N
2008-12-01 00:00:00+00:00,NZD,5.23,IR3TIB01NZM156N
2009-01-01 00:00:00+00:00,NZD,4.38,IR3TIB01NZM156N
2009-02-01 00:00:00+00:00,NZD,3.4,IR3TIB01NZM156N
2009-03-01 00:00:00+00:00,NZD,3.24,IR3TIB01NZM156N
2009-04-01 00:00:00+00:00,NZD,3.12,IR3TIB01NZM156N
2009-05-01 00:00:00+00:00,NZD,2.82,IR3TIB01NZM156N
2009-06-01 00:00:00+00:00,NZD,2.78,IR3TIB01NZM156N
2009-07-01 00:00:00+00:00,NZD,2.79,IR3TIB01NZM156N
2009-08-01 00:00:00+00:00,NZD,2.76,IR3TIB01NZM156N
2009-09-01 00:00:00+00:00,NZD,2.77,IR3TIB01NZM156N
2009-10-01 00:00:00+00:00,NZD,2.79,IR3TIB01NZM156N
2009-11-01 00:00:00+00:00,NZD,2.8,IR3TIB01NZM156N
2009-12-01 00:00:00+00:00,NZD,2.78,IR3TIB01NZM156N
2010-01-01 00:00:00+00:00,NZD,2.78,IR3TIB01NZM156N
2010-02-01 00:00:00+00:00,NZD,2.73,IR3TIB01NZM156N
2010-03-01 00:00:00+00:00,NZD,2.67,IR3TIB01NZM156N
2010-04-01 00:00:00+00:00,NZD,2.69,IR3TIB01NZM156N
2010-05-01 00:00:00+00:00,NZD,2.89,IR3TIB01NZM156N
2010-06-01 00:00:00+00:00,NZD,3.07,IR3TIB01NZM156N
2010-07-01 00:00:00+00:00,NZD,3.23,IR3TIB01NZM156N
2010-08-01 00:00:00+00:00,NZD,3.25,IR3TIB01NZM156N
2010-09-01 00:00:00+00:00,NZD,3.18,IR3TIB01NZM156N
2010-10-01 00:00:00+00:00,NZD,3.18,IR3TIB01NZM156N
2010-11-01 00:00:00+00:00,NZD,3.17,IR3TIB01NZM156N
2010-12-01 00:00:00+00:00,NZD,3.17,IR3TIB01NZM156N
2011-01-01 00:00:00+00:00,NZD,3.19,IR3TIB01NZM156N
2011-02-01 00:00:00+00:00,NZD,3.13,IR3TIB01NZM156N
2011-03-01 00:00:00+00:00,NZD,2.69,IR3TIB01NZM156N
2011-04-01 00:00:00+00:00,NZD,2.65,IR3TIB01NZM156N
2011-05-01 00:00:00+00:00,NZD,2.66,IR3TIB01NZM156N
2011-06-01 00:00:00+00:00,NZD,2.65,IR3TIB01NZM156N
2011-07-01 00:00:00+00:00,NZD,2.71,IR3TIB01NZM156N
2011-08-01 00:00:00+00:00,NZD,2.9,IR3TIB01NZM156N
2011-09-01 00:00:00+00:00,NZD,2.88,IR3TIB01NZM156N
2011-10-01 00:00:00+00:00,NZD,2.76,IR3TIB01NZM156N
2011-11-01 00:00:00+00:00,NZD,2.69,IR3TIB01NZM156N
2011-12-01 00:00:00+00:00,NZD,2.69,IR3TIB01NZM156N
2012-01-01 00:00:00+00:00,NZD,2.74,IR3TIB01NZM156N
2012-02-01 00:00:00+00:00,NZD,2.75,IR3TIB01NZM156N
2012-03-01 00:00:00+00:00,NZD,2.74,IR3TIB01NZM156N
2012-04-01 00:00:00+00:00,NZD,2.74,IR3TIB01NZM156N
2012-05-01 00:00:00+00:00,NZD,2.59,IR3TIB01NZM156N
2012-06-01 00:00:00+00:00,NZD,2.61,IR3TIB01NZM156N
2012-07-01 00:00:00+00:00,NZD,2.67,IR3TIB01NZM156N
2012-08-01 00:00:00+00:00,NZD,2.64,IR3TIB01NZM156N
2012-09-01 00:00:00+00:00,NZD,2.64,IR3TIB01NZM156N
2012-10-01 00:00:00+00:00,NZD,2.65,IR3TIB01NZM156N
2012-11-01 00:00:00+00:00,NZD,2.64,IR3TIB01NZM156N
2012-12-01 00:00:00+00:00,NZD,2.65,IR3TIB01NZM156N
2013-01-01 00:00:00+00:00,NZD,2.66,IR3TIB01NZM156N
2013-02-01 00:00:00+00:00,NZD,2.66,IR3TIB01NZM156N
2013-03-01 00:00:00+00:00,NZD,2.64,IR3TIB01NZM156N
2013-04-01 00:00:00+00:00,NZD,2.65,IR3TIB01NZM156N
2013-05-01 00:00:00+00:00,NZD,2.64,IR3TIB01NZM156N
2013-06-01 00:00:00+00:00,NZD,2.64,IR3TIB01NZM156N
2013-07-01 00:00:00+00:00,NZD,2.64,IR3TIB01NZM156N
2013-08-01 00:00:00+00:00,NZD,2.64,IR3TIB01NZM156N
2013-09-01 00:00:00+00:00,NZD,2.65,IR3TIB01NZM156N
2013-10-01 00:00:00+00:00,NZD,2.67,IR3TIB01NZM156N
2013-11-01 00:00:00+00:00,NZD,2.66,IR3TIB01NZM156N
2013-12-01 00:00:00+00:00,NZD,2.73,IR3TIB01NZM156N
2014-01-01 00:00:00+00:00,NZD,2.88,IR3TIB01NZM156N
2014-02-01 00:00:00+00:00,NZD,2.93,IR3TIB01NZM156N
2014-03-01 00:00:00+00:00,NZD,3.05,IR3TIB01NZM156N
2014-04-01 00:00:00+00:00,NZD,3.24,IR3TIB01NZM156N
2014-05-01 00:00:00+00:00,NZD,3.38,IR3TIB01NZM156N
2014-06-01 00:00:00+00:00,NZD,3.52,IR3TIB01NZM156N
2014-07-01 00:00:00+00:00,NZD,3.67,IR3TIB01NZM156N
2014-08-01 00:00:00+00:00,NZD,3.69,IR3TIB01NZM156N
2014-09-01 00:00:00+00:00,NZD,3.71,IR3TIB01NZM156N
2014-10-01 00:00:00+00:00,NZD,3.68,IR3TIB01NZM156N
2014-11-01 00:00:00+00:00,NZD,3.67,IR3TIB01NZM156N
2014-12-01 00:00:00+00:00,NZD,3.67,IR3TIB01NZM156N
2015-01-01 00:00:00+00:00,NZD,3.67,IR3TIB01NZM156N
2015-02-01 00:00:00+00:00,NZD,3.63,IR3TIB01NZM156N
2015-03-01 00:00:00+00:00,NZD,3.63,IR3TIB01NZM156N
2015-04-01 00:00:00+00:00,NZD,3.63,IR3TIB01NZM156N
2015-05-01 00:00:00+00:00,NZD,3.53,IR3TIB01NZM156N
2015-06-01 00:00:00+00:00,NZD,3.33,IR3TIB01NZM156N
2015-07-01 00:00:00+00:00,NZD,3.13,IR3TIB01NZM156N
2015-08-01 00:00:00+00:00,NZD,2.95,IR3TIB01NZM156N
2015-09-01 00:00:00+00:00,NZD,2.85,IR3TIB01NZM156N
2015-10-01 00:00:00+00:00,NZD,2.86,IR3TIB01NZM156N
2015-11-01 00:00:00+00:00,NZD,2.89,IR3TIB01NZM156N
2015-12-01 00:00:00+00:00,NZD,2.79,IR3TIB01NZM156N
2016-01-01 00:00:00+00:00,NZD,2.73,IR3TIB01NZM156N
2016-02-01 00:00:00+00:00,NZD,2.62,IR3TIB01NZM156N
2016-03-01 00:00:00+00:00,NZD,2.43,IR3TIB01NZM156N
2016-04-01 00:00:00+00:00,NZD,2.34,IR3TIB01NZM156N
2016-05-01 00:00:00+00:00,NZD,2.38,IR3TIB01NZM156N
2016-06-01 00:00:00+00:00,NZD,2.37,IR3TIB01NZM156N
2016-07-01 00:00:00+00:00,NZD,2.37,IR3TIB01NZM156N
2016-08-01 00:00:00+00:00,NZD,2.24,IR3TIB01NZM156N
2016-09-01 00:00:00+00:00,NZD,2.23,IR3TIB01NZM156N
2016-10-01 00:00:00+00:00,NZD,2.15,IR3TIB01NZM156N
2016-11-01 00:00:00+00:00,NZD,2.07,IR3TIB01NZM156N
2016-12-01 00:00:00+00:00,NZD,2.03,IR3TIB01NZM156N
2017-01-01 00:00:00+00:00,NZD,1.98,IR3TIB01NZM156N
2017-02-01 00:00:00+00:00,NZD,2.02,IR3TIB01NZM156N
2017-03-01 00:00:00+00:00,NZD,1.98,IR3TIB01NZM156N
2017-04-01 00:00:00+00:00,NZD,1.97,IR3TIB01NZM156N
2017-05-01 00:00:00+00:00,NZD,1.98,IR3TIB01NZM156N
2017-06-01 00:00:00+00:00,NZD,1.95,IR3TIB01NZM156N
2017-07-01 00:00:00+00:00,NZD,1.96,IR3TIB01NZM156N
2017-08-01 00:00:00+00:00,NZD,1.95,IR3TIB01NZM156N
2017-09-01 00:00:00+00:00,NZD,1.95,IR3TIB01NZM156N
2017-10-01 00:00:00+00:00,NZD,1.94,IR3TIB01NZM156N
2017-11-01 00:00:00+00:00,NZD,1.93,IR3TIB01NZM156N
2017-12-01 00:00:00+00:00,NZD,1.88,IR3TIB01NZM156N
2018-01-01 00:00:00+00:00,NZD,1.88,IR3TIB01NZM156N
2018-02-01 00:00:00+00:00,NZD,1.91,IR3TIB01NZM156N
2018-03-01 00:00:00+00:00,NZD,1.93,IR3TIB01NZM156N
2018-04-01 00:00:00+00:00,NZD,2.01,IR3TIB01NZM156N
2018-05-01 00:00:00+00:00,NZD,2.01,IR3TIB01NZM156N
2018-06-01 00:00:00+00:00,NZD,2.01,IR3TIB01NZM156N
2018-07-01 00:00:00+00:00,NZD,1.94,IR3TIB01NZM156N
2018-08-01 00:00:00+00:00,NZD,1.9,IR3TIB01NZM156N
2018-09-01 00:00:00+00:00,NZD,1.9,IR3TIB01NZM156N
2018-10-01 00:00:00+00:00,NZD,1.89,IR3TIB01NZM156N
2018-11-01 00:00:00+00:00,NZD,1.98,IR3TIB01NZM156N
2018-12-01 00:00:00+00:00,NZD,1.98,IR3TIB01NZM156N
2019-01-01 00:00:00+00:00,NZD,1.91,IR3TIB01NZM156N
2019-02-01 00:00:00+00:00,NZD,1.9,IR3TIB01NZM156N
2019-03-01 00:00:00+00:00,NZD,1.88,IR3TIB01NZM156N
2019-04-01 00:00:00+00:00,NZD,1.81,IR3TIB01NZM156N
2019-05-01 00:00:00+00:00,NZD,1.72,IR3TIB01NZM156N
2019-06-01 00:00:00+00:00,NZD,1.6,IR3TIB01NZM156N
2019-07-01 00:00:00+00:00,NZD,1.55,IR3TIB01NZM156N
2019-08-01 00:00:00+00:00,NZD,1.25,IR3TIB01NZM156N
2019-09-01 00:00:00+00:00,NZD,1.15,IR3TIB01NZM156N
2019-10-01 00:00:00+00:00,NZD,1.05,IR3TIB01NZM156N
2019-11-01 00:00:00+00:00,NZD,1.18,IR3TIB01NZM156N
2019-12-01 00:00:00+00:00,NZD,1.22,IR3TIB01NZM156N
2020-01-01 00:00:00+00:00,NZD,1.27,IR3TIB01NZM156N
2020-02-01 00:00:00+00:00,NZD,1.18,IR3TIB01NZM156N
2020-03-01 00:00:00+00:00,NZD,0.71,IR3TIB01NZM156N
2020-04-01 00:00:00+00:00,NZD,0.39,IR3TIB01NZM156N
2020-05-01 00:00:00+00:00,NZD,0.26,IR3TIB01NZM156N
2020-06-01 00:00:00+00:00,NZD,0.28,IR3TIB01NZM156N
2020-07-01 00:00:00+00:00,NZD,0.3,IR3TIB01NZM156N
2020-08-01 00:00:00+00:00,NZD,0.29,IR3TIB01NZM156N
2020-09-01 00:00:00+00:00,NZD,0.3,IR3TIB01NZM156N
2020-10-01 00:00:00+00:00,NZD,0.27,IR3TIB01NZM156N
2020-11-01 00:00:00+00:00,NZD,0.27,IR3TIB01NZM156N
2020-12-01 00:00:00+00:00,NZD,0.26,IR3TIB01NZM156N
2021-01-01 00:00:00+00:00,NZD,0.28,IR3TIB01NZM156N
2021-02-01 00:00:00+00:00,NZD,0.28,IR3TIB01NZM156N
2021-03-01 00:00:00+00:00,NZD,0.33,IR3TIB01NZM156N
2021-04-01 00:00:00+00:00,NZD,0.34,IR3TIB01NZM156N
2021-05-01 00:00:00+00:00,NZD,0.35,IR3TIB01NZM156N
2021-06-01 00:00:00+00:00,NZD,0.33,IR3TIB01NZM156N
2021-07-01 00:00:00+00:00,NZD,0.4,IR3TIB01NZM156N
2021-08-01 00:00:00+00:00,NZD,0.54,IR3TIB01NZM156N
2021-09-01 00:00:00+00:00,NZD,0.57,IR3TIB01NZM156N
2021-10-01 00:00:00+00:00,NZD,0.7,IR3TIB01NZM156N
2021-11-01 00:00:00+00:00,NZD,0.83,IR3TIB01NZM156N
2021-12-01 00:00:00+00:00,NZD,0.91,IR3TIB01NZM156N
2022-01-01 00:00:00+00:00,NZD,1.03,IR3TIB01NZM156N
2022-02-01 00:00:00+00:00,NZD,1.21,IR3TIB01NZM156N
2022-03-01 00:00:00+00:00,NZD,1.49,IR3TIB01NZM156N
2022-04-01 00:00:00+00:00,NZD,1.81,IR3TIB01NZM156N
2022-05-01 00:00:00+00:00,NZD,2.22,IR3TIB01NZM156N
2022-06-01 00:00:00+00:00,NZD,2.68,IR3TIB01NZM156N
2022-07-01 00:00:00+00:00,NZD,3.03,IR3TIB01NZM156N
2022-08-01 00:00:00+00:00,NZD,3.31,IR3TIB01NZM156N
2022-09-01 00:00:00+00:00,NZD,3.64,IR3TIB01NZM156N
2022-10-01 00:00:00+00:00,NZD,4.0,IR3TIB01NZM156N
2022-11-01 00:00:00+00:00,NZD,4.24,IR3TIB01NZM156N
2022-12-01 00:00:00+00:00,NZD,4.53,IR3TIB01NZM156N
2023-01-01 00:00:00+00:00,NZD,4.81,IR3TIB01NZM156N
2023-02-01 00:00:00+00:00,NZD,5.01,IR3TIB01NZM156N
2023-03-01 00:00:00+00:00,NZD,5.15,IR3TIB01NZM156N
2023-04-01 00:00:00+00:00,NZD,5.49,IR3TIB01NZM156N
2023-05-01 00:00:00+00:00,NZD,5.67,IR3TIB01NZM156N
2023-06-01 00:00:00+00:00,NZD,5.68,IR3TIB01NZM156N
2023-07-01 00:00:00+00:00,NZD,5.67,IR3TIB01NZM156N
2023-08-01 00:00:00+00:00,NZD,5.64,IR3TIB01NZM156N
2023-09-01 00:00:00+00:00,NZD,5.68,IR3TIB01NZM156N
2023-10-01 00:00:00+00:00,NZD,5.68,IR3TIB01NZM156N
2023-11-01 00:00:00+00:00,NZD,5.63,IR3TIB01NZM156N
2023-12-01 00:00:00+00:00,NZD,5.63,IR3TIB01NZM156N
2024-01-01 00:00:00+00:00,NZD,5.64,IR3TIB01NZM156N
2024-02-01 00:00:00+00:00,NZD,5.71,IR3TIB01NZM156N
2024-03-01 00:00:00+00:00,NZD,5.64,IR3TIB01NZM156N
2024-04-01 00:00:00+00:00,NZD,5.63,IR3TIB01NZM156N
2024-05-01 00:00:00+00:00,NZD,5.62,IR3TIB01NZM156N
2024-06-01 00:00:00+00:00,NZD,5.62,IR3TIB01NZM156N
2024-07-01 00:00:00+00:00,NZD,5.55,IR3TIB01NZM156N
2024-08-01 00:00:00+00:00,NZD,5.3,IR3TIB01NZM156N
2024-09-01 00:00:00+00:00,NZD,5.05,IR3TIB01NZM156N
2024-10-01 00:00:00+00:00,NZD,4.65,IR3TIB01NZM156N
2024-11-01 00:00:00+00:00,NZD,4.42,IR3TIB01NZM156N
2024-12-01 00:00:00+00:00,NZD,4.27,IR3TIB01NZM156N
2025-01-01 00:00:00+00:00,NZD,4.05,IR3TIB01NZM156N
2025-02-01 00:00:00+00:00,NZD,3.81,IR3TIB01NZM156N
2025-03-01 00:00:00+00:00,NZD,3.67,IR3TIB01NZM156N
2025-04-01 00:00:00+00:00,NZD,3.49,IR3TIB01NZM156N
2025-05-01 00:00:00+00:00,NZD,3.34,IR3TIB01NZM156N
2025-06-01 00:00:00+00:00,NZD,3.3,IR3TIB01NZM156N
2025-07-01 00:00:00+00:00,NZD,3.25,IR3TIB01NZM156N
2025-08-01 00:00:00+00:00,NZD,3.1,IR3TIB01NZM156N
2025-09-01 00:00:00+00:00,NZD,2.93,IR3TIB01NZM156N
2025-10-01 00:00:00+00:00,NZD,2.58,IR3TIB01NZM156N
2025-11-01 00:00:00+00:00,NZD,2.47,IR3TIB01NZM156N
2025-12-01 00:00:00+00:00,NZD,2.49,IR3TIB01NZM156N
2026-01-01 00:00:00+00:00,NZD,2.5,IR3TIB01NZM156N
2026-02-01 00:00:00+00:00,NZD,2.49,IR3TIB01NZM156N
2026-03-01 00:00:00+00:00,NZD,2.51,IR3TIB01NZM156N
2026-04-01 00:00:00+00:00,NZD,2.56,IR3TIB01NZM156N
1995-01-01 00:00:00+00:00,USD,6.24,IR3TIB01USM156N
1995-02-01 00:00:00+00:00,USD,6.16,IR3TIB01USM156N
1995-03-01 00:00:00+00:00,USD,6.15,IR3TIB01USM156N
1995-04-01 00:00:00+00:00,USD,6.11,IR3TIB01USM156N
1995-05-01 00:00:00+00:00,USD,6.02,IR3TIB01USM156N
1995-06-01 00:00:00+00:00,USD,5.9,IR3TIB01USM156N
1995-07-01 00:00:00+00:00,USD,5.77,IR3TIB01USM156N
1995-08-01 00:00:00+00:00,USD,5.77,IR3TIB01USM156N
1995-09-01 00:00:00+00:00,USD,5.73,IR3TIB01USM156N
1995-10-01 00:00:00+00:00,USD,5.79,IR3TIB01USM156N
1995-11-01 00:00:00+00:00,USD,5.74,IR3TIB01USM156N
1995-12-01 00:00:00+00:00,USD,5.62,IR3TIB01USM156N
1996-01-01 00:00:00+00:00,USD,5.39,IR3TIB01USM156N
1996-02-01 00:00:00+00:00,USD,5.15,IR3TIB01USM156N
1996-03-01 00:00:00+00:00,USD,5.29,IR3TIB01USM156N
1996-04-01 00:00:00+00:00,USD,5.36,IR3TIB01USM156N
1996-05-01 00:00:00+00:00,USD,5.36,IR3TIB01USM156N
1996-06-01 00:00:00+00:00,USD,5.46,IR3TIB01USM156N
1996-07-01 00:00:00+00:00,USD,5.53,IR3TIB01USM156N
1996-08-01 00:00:00+00:00,USD,5.4,IR3TIB01USM156N
1996-09-01 00:00:00+00:00,USD,5.51,IR3TIB01USM156N
1996-10-01 00:00:00+00:00,USD,5.41,IR3TIB01USM156N
1996-11-01 00:00:00+00:00,USD,5.38,IR3TIB01USM156N
1996-12-01 00:00:00+00:00,USD,5.44,IR3TIB01USM156N
1997-01-01 00:00:00+00:00,USD,5.43,IR3TIB01USM156N
1997-02-01 00:00:00+00:00,USD,5.37,IR3TIB01USM156N
1997-03-01 00:00:00+00:00,USD,5.53,IR3TIB01USM156N
1997-04-01 00:00:00+00:00,USD,5.71,IR3TIB01USM156N
1997-05-01 00:00:00+00:00,USD,5.7,IR3TIB01USM156N
1997-06-01 00:00:00+00:00,USD,5.66,IR3TIB01USM156N
1997-07-01 00:00:00+00:00,USD,5.6,IR3TIB01USM156N
1997-08-01 00:00:00+00:00,USD,5.6,IR3TIB01USM156N
1997-09-01 00:00:00+00:00,USD,5.6,IR3TIB01USM156N
1997-10-01 00:00:00+00:00,USD,5.65,IR3TIB01USM156N
1997-11-01 00:00:00+00:00,USD,5.74,IR3TIB01USM156N
1997-12-01 00:00:00+00:00,USD,5.8,IR3TIB01USM156N
1998-01-01 00:00:00+00:00,USD,5.54,IR3TIB01USM156N
1998-02-01 00:00:00+00:00,USD,5.54,IR3TIB01USM156N
1998-03-01 00:00:00+00:00,USD,5.58,IR3TIB01USM156N
1998-04-01 00:00:00+00:00,USD,5.58,IR3TIB01USM156N
1998-05-01 00:00:00+00:00,USD,5.59,IR3TIB01USM156N
1998-06-01 00:00:00+00:00,USD,5.6,IR3TIB01USM156N
1998-07-01 00:00:00+00:00,USD,5.59,IR3TIB01USM156N
1998-08-01 00:00:00+00:00,USD,5.58,IR3TIB01USM156N
1998-09-01 00:00:00+00:00,USD,5.41,IR3TIB01USM156N
1998-10-01 00:00:00+00:00,USD,5.21,IR3TIB01USM156N
1998-11-01 00:00:00+00:00,USD,5.24,IR3TIB01USM156N
1998-12-01 00:00:00+00:00,USD,5.14,IR3TIB01USM156N
1999-01-01 00:00:00+00:00,USD,4.89,IR3TIB01USM156N
1999-02-01 00:00:00+00:00,USD,4.9,IR3TIB01USM156N
1999-03-01 00:00:00+00:00,USD,4.91,IR3TIB01USM156N
1999-04-01 00:00:00+00:00,USD,4.88,IR3TIB01USM156N
1999-05-01 00:00:00+00:00,USD,4.92,IR3TIB01USM156N
1999-06-01 00:00:00+00:00,USD,5.13,IR3TIB01USM156N
1999-07-01 00:00:00+00:00,USD,5.24,IR3TIB01USM156N
1999-08-01 00:00:00+00:00,USD,5.41,IR3TIB01USM156N
1999-09-01 00:00:00+00:00,USD,5.5,IR3TIB01USM156N
1999-10-01 00:00:00+00:00,USD,6.13,IR3TIB01USM156N
1999-11-01 00:00:00+00:00,USD,6.0,IR3TIB01USM156N
1999-12-01 00:00:00+00:00,USD,6.05,IR3TIB01USM156N
2000-01-01 00:00:00+00:00,USD,5.95,IR3TIB01USM156N
2000-02-01 00:00:00+00:00,USD,6.01,IR3TIB01USM156N
2000-03-01 00:00:00+00:00,USD,6.14,IR3TIB01USM156N
2000-04-01 00:00:00+00:00,USD,6.28,IR3TIB01USM156N
2000-05-01 00:00:00+00:00,USD,6.71,IR3TIB01USM156N
2000-06-01 00:00:00+00:00,USD,6.73,IR3TIB01USM156N
2000-07-01 00:00:00+00:00,USD,6.67,IR3TIB01USM156N
2000-08-01 00:00:00+00:00,USD,6.61,IR3TIB01USM156N
2000-09-01 00:00:00+00:00,USD,6.6,IR3TIB01USM156N
2000-10-01 00:00:00+00:00,USD,6.67,IR3TIB01USM156N
2000-11-01 00:00:00+00:00,USD,6.65,IR3TIB01USM156N
2000-12-01 00:00:00+00:00,USD,6.45,IR3TIB01USM156N
2001-01-01 00:00:00+00:00,USD,5.62,IR3TIB01USM156N
2001-02-01 00:00:00+00:00,USD,5.26,IR3TIB01USM156N
2001-03-01 00:00:00+00:00,USD,4.89,IR3TIB01USM156N
2001-04-01 00:00:00+00:00,USD,4.53,IR3TIB01USM156N
2001-05-01 00:00:00+00:00,USD,4.02,IR3TIB01USM156N
2001-06-01 00:00:00+00:00,USD,3.74,IR3TIB01USM156N
2001-07-01 00:00:00+00:00,USD,3.66,IR3TIB01USM156N
2001-08-01 00:00:00+00:00,USD,3.48,IR3TIB01USM156N
2001-09-01 00:00:00+00:00,USD,2.87,IR3TIB01USM156N
2001-10-01 00:00:00+00:00,USD,2.31,IR3TIB01USM156N
2001-11-01 00:00:00+00:00,USD,2.03,IR3TIB01USM156N
2001-12-01 00:00:00+00:00,USD,1.83,IR3TIB01USM156N
2002-01-01 00:00:00+00:00,USD,1.74,IR3TIB01USM156N
2002-02-01 00:00:00+00:00,USD,1.82,IR3TIB01USM156N
2002-03-01 00:00:00+00:00,USD,1.91,IR3TIB01USM156N
2002-04-01 00:00:00+00:00,USD,1.87,IR3TIB01USM156N
2002-05-01 00:00:00+00:00,USD,1.82,IR3TIB01USM156N
2002-06-01 00:00:00+00:00,USD,1.81,IR3TIB01USM156N
2002-07-01 00:00:00+00:00,USD,1.79,IR3TIB01USM156N
2002-08-01 00:00:00+00:00,USD,1.73,IR3TIB01USM156N
2002-09-01 00:00:00+00:00,USD,1.76,IR3TIB01USM156N
2002-10-01 00:00:00+00:00,USD,1.73,IR3TIB01USM156N
2002-11-01 00:00:00+00:00,USD,1.39,IR3TIB01USM156N
2002-12-01 00:00:00+00:00,USD,1.34,IR3TIB01USM156N
2003-01-01 00:00:00+00:00,USD,1.29,IR3TIB01USM156N
2003-02-01 00:00:00+00:00,USD,1.27,IR3TIB01USM156N
2003-03-01 00:00:00+00:00,USD,1.23,IR3TIB01USM156N
2003-04-01 00:00:00+00:00,USD,1.24,IR3TIB01USM156N
2003-05-01 00:00:00+00:00,USD,1.22,IR3TIB01USM156N
2003-06-01 00:00:00+00:00,USD,1.04,IR3TIB01USM156N
2003-07-01 00:00:00+00:00,USD,1.05,IR3TIB01USM156N
2003-08-01 00:00:00+00:00,USD,1.08,IR3TIB01USM156N
2003-09-01 00:00:00+00:00,USD,1.08,IR3TIB01USM156N
2003-10-01 00:00:00+00:00,USD,1.1,IR3TIB01USM156N
2003-11-01 00:00:00+00:00,USD,1.11,IR3TIB01USM156N
2003-12-01 00:00:00+00:00,USD,1.1,IR3TIB01USM156N
2004-01-01 00:00:00+00:00,USD,1.06,IR3TIB01USM156N
2004-02-01 00:00:00+00:00,USD,1.05,IR3TIB01USM156N
2004-03-01 00:00:00+00:00,USD,1.05,IR3TIB01USM156N
2004-04-01 00:00:00+00:00,USD,1.08,IR3TIB01USM156N
2004-05-01 00:00:00+00:00,USD,1.2,IR3TIB01USM156N
2004-06-01 00:00:00+00:00,USD,1.46,IR3TIB01USM156N
2004-07-01 00:00:00+00:00,USD,1.57,IR3TIB01USM156N
2004-08-01 00:00:00+00:00,USD,1.68,IR3TIB01USM156N
2004-09-01 00:00:00+00:00,USD,1.86,IR3TIB01USM156N
2004-10-01 00:00:00+00:00,USD,2.04,IR3TIB01USM156N
2004-11-01 00:00:00+00:00,USD,2.26,IR3TIB01USM156N
2004-12-01 00:00:00+00:00,USD,2.45,IR3TIB01USM156N
2005-01-01 00:00:00+00:00,USD,2.61,IR3TIB01USM156N
2005-02-01 00:00:00+00:00,USD,2.77,IR3TIB01USM156N
2005-03-01 00:00:00+00:00,USD,2.97,IR3TIB01USM156N
2005-04-01 00:00:00+00:00,USD,3.09,IR3TIB01USM156N
2005-05-01 00:00:00+00:00,USD,3.22,IR3TIB01USM156N
2005-06-01 00:00:00+00:00,USD,3.38,IR3TIB01USM156N
2005-07-01 00:00:00+00:00,USD,3.57,IR3TIB01USM156N
2005-08-01 00:00:00+00:00,USD,3.77,IR3TIB01USM156N
2005-09-01 00:00:00+00:00,USD,3.87,IR3TIB01USM156N
2005-10-01 00:00:00+00:00,USD,4.13,IR3TIB01USM156N
2005-11-01 00:00:00+00:00,USD,4.31,IR3TIB01USM156N
2005-12-01 00:00:00+00:00,USD,4.45,IR3TIB01USM156N
2006-01-01 00:00:00+00:00,USD,4.56,IR3TIB01USM156N
2006-02-01 00:00:00+00:00,USD,4.72,IR3TIB01USM156N
2006-03-01 00:00:00+00:00,USD,4.88,IR3TIB01USM156N
2006-04-01 00:00:00+00:00,USD,5.03,IR3TIB01USM156N
2006-05-01 00:00:00+00:00,USD,5.15,IR3TIB01USM156N
2006-06-01 00:00:00+00:00,USD,5.35,IR3TIB01USM156N
2006-07-01 00:00:00+00:00,USD,5.46,IR3TIB01USM156N
2006-08-01 00:00:00+00:00,USD,5.38,IR3TIB01USM156N
2006-09-01 00:00:00+00:00,USD,5.34,IR3TIB01USM156N
2006-10-01 00:00:00+00:00,USD,5.33,IR3TIB01USM156N
2006-11-01 00:00:00+00:00,USD,5.32,IR3TIB01USM156N
2006-12-01 00:00:00+00:00,USD,5.32,IR3TIB01USM156N
2007-01-01 00:00:00+00:00,USD,5.32,IR3TIB01USM156N
2007-02-01 00:00:00+00:00,USD,5.31,IR3TIB01USM156N
2007-03-01 00:00:00+00:00,USD,5.3,IR3TIB01USM156N
2007-04-01 00:00:00+00:00,USD,5.31,IR3TIB01USM156N
2007-05-01 00:00:00+00:00,USD,5.31,IR3TIB01USM156N
2007-06-01 00:00:00+00:00,USD,5.33,IR3TIB01USM156N
2007-07-01 00:00:00+00:00,USD,5.32,IR3TIB01USM156N
2007-08-01 00:00:00+00:00,USD,5.49,IR3TIB01USM156N
2007-09-01 00:00:00+00:00,USD,5.46,IR3TIB01USM156N
2007-10-01 00:00:00+00:00,USD,5.08,IR3TIB01USM156N
2007-11-01 00:00:00+00:00,USD,4.97,IR3TIB01USM156N
2007-12-01 00:00:00+00:00,USD,5.02,IR3TIB01USM156N
2008-01-01 00:00:00+00:00,USD,3.84,IR3TIB01USM156N
2008-02-01 00:00:00+00:00,USD,3.06,IR3TIB01USM156N
2008-03-01 00:00:00+00:00,USD,2.79,IR3TIB01USM156N
2008-04-01 00:00:00+00:00,USD,2.85,IR3TIB01USM156N
2008-05-01 00:00:00+00:00,USD,2.66,IR3TIB01USM156N
2008-06-01 00:00:00+00:00,USD,2.76,IR3TIB01USM156N
2008-07-01 00:00:00+00:00,USD,2.79,IR3TIB01USM156N
2008-08-01 00:00:00+00:00,USD,2.79,IR3TIB01USM156N
2008-09-01 00:00:00+00:00,USD,3.59,IR3TIB01USM156N
2008-10-01 00:00:00+00:00,USD,4.32,IR3TIB01USM156N
2008-11-01 00:00:00+00:00,USD,2.36,IR3TIB01USM156N
2008-12-01 00:00:00+00:00,USD,1.77,IR3TIB01USM156N
2009-01-01 00:00:00+00:00,USD,1.02,IR3TIB01USM156N
2009-02-01 00:00:00+00:00,USD,1.16,IR3TIB01USM156N
2009-03-01 00:00:00+00:00,USD,1.07,IR3TIB01USM156N
2009-04-01 00:00:00+00:00,USD,0.89,IR3TIB01USM156N
2009-05-01 00:00:00+00:00,USD,0.57,IR3TIB01USM156N
2009-06-01 00:00:00+00:00,USD,0.39,IR3TIB01USM156N
2009-07-01 00:00:00+00:00,USD,0.35,IR3TIB01USM156N
2009-08-01 00:00:00+00:00,USD,0.3,IR3TIB01USM156N
2009-09-01 00:00:00+00:00,USD,0.25,IR3TIB01USM156N
2009-10-01 00:00:00+00:00,USD,0.24,IR3TIB01USM156N
2009-11-01 00:00:00+00:00,USD,0.21,IR3TIB01USM156N
2009-12-01 00:00:00+00:00,USD,0.22,IR3TIB01USM156N
2010-01-01 00:00:00+00:00,USD,0.2,IR3TIB01USM156N
2010-02-01 00:00:00+00:00,USD,0.19,IR3TIB01USM156N
2010-03-01 00:00:00+00:00,USD,0.23,IR3TIB01USM156N
2010-04-01 00:00:00+00:00,USD,0.3,IR3TIB01USM156N
2010-05-01 00:00:00+00:00,USD,0.45,IR3TIB01USM156N
2010-06-01 00:00:00+00:00,USD,0.52,IR3TIB01USM156N
2010-07-01 00:00:00+00:00,USD,0.41,IR3TIB01USM156N
2010-08-01 00:00:00+00:00,USD,0.32,IR3TIB01USM156N
2010-09-01 00:00:00+00:00,USD,0.28,IR3TIB01USM156N
2010-10-01 00:00:00+00:00,USD,0.27,IR3TIB01USM156N
2010-11-01 00:00:00+00:00,USD,0.27,IR3TIB01USM156N
2010-12-01 00:00:00+00:00,USD,0.3,IR3TIB01USM156N
2011-01-01 00:00:00+00:00,USD,0.29,IR3TIB01USM156N
2011-02-01 00:00:00+00:00,USD,0.28,IR3TIB01USM156N
2011-03-01 00:00:00+00:00,USD,0.28,IR3TIB01USM156N
2011-04-01 00:00:00+00:00,USD,0.23,IR3TIB01USM156N
2011-05-01 00:00:00+00:00,USD,0.21,IR3TIB01USM156N
2011-06-01 00:00:00+00:00,USD,0.22,IR3TIB01USM156N
2011-07-01 00:00:00+00:00,USD,0.24,IR3TIB01USM156N
2011-08-01 00:00:00+00:00,USD,0.29,IR3TIB01USM156N
2011-09-01 00:00:00+00:00,USD,0.33,IR3TIB01USM156N
2011-10-01 00:00:00+00:00,USD,0.37,IR3TIB01USM156N
2011-11-01 00:00:00+00:00,USD,0.41,IR3TIB01USM156N
2011-12-01 00:00:00+00:00,USD,0.49,IR3TIB01USM156N
2012-01-01 00:00:00+00:00,USD,0.4,IR3TIB01USM156N
2012-02-01 00:00:00+00:00,USD,0.3,IR3TIB01USM156N
2012-03-01 00:00:00+00:00,USD,0.29,IR3TIB01USM156N
2012-04-01 00:00:00+00:00,USD,0.29,IR3TIB01USM156N
2012-05-01 00:00:00+00:00,USD,0.29,IR3TIB01USM156N
2012-06-01 00:00:00+00:00,USD,0.32,IR3TIB01USM156N
2012-07-01 00:00:00+00:00,USD,0.3,IR3TIB01USM156N
2012-08-01 00:00:00+00:00,USD,0.26,IR3TIB01USM156N
2012-09-01 00:00:00+00:00,USD,0.24,IR3TIB01USM156N
2012-10-01 00:00:00+00:00,USD,0.23,IR3TIB01USM156N
2012-11-01 00:00:00+00:00,USD,0.23,IR3TIB01USM156N
2012-12-01 00:00:00+00:00,USD,0.24,IR3TIB01USM156N
2013-01-01 00:00:00+00:00,USD,0.23,IR3TIB01USM156N
2013-02-01 00:00:00+00:00,USD,0.22,IR3TIB01USM156N
2013-03-01 00:00:00+00:00,USD,0.21,IR3TIB01USM156N
2013-04-01 00:00:00+00:00,USD,0.2,IR3TIB01USM156N
2013-05-01 00:00:00+00:00,USD,0.2,IR3TIB01USM156N
2013-06-01 00:00:00+00:00,USD,0.19,IR3TIB01USM156N
2013-07-01 00:00:00+00:00,USD,0.14,IR3TIB01USM156N
2013-08-01 00:00:00+00:00,USD,0.12,IR3TIB01USM156N
2013-09-01 00:00:00+00:00,USD,0.11,IR3TIB01USM156N
2013-10-01 00:00:00+00:00,USD,0.12,IR3TIB01USM156N
2013-11-01 00:00:00+00:00,USD,0.12,IR3TIB01USM156N
2013-12-01 00:00:00+00:00,USD,0.14,IR3TIB01USM156N
2014-01-01 00:00:00+00:00,USD,0.12,IR3TIB01USM156N
2014-02-01 00:00:00+00:00,USD,0.13,IR3TIB01USM156N
2014-03-01 00:00:00+00:00,USD,0.12,IR3TIB01USM156N
2014-04-01 00:00:00+00:00,USD,0.12,IR3TIB01USM156N
2014-05-01 00:00:00+00:00,USD,0.11,IR3TIB01USM156N
2014-06-01 00:00:00+00:00,USD,0.11,IR3TIB01USM156N
2014-07-01 00:00:00+00:00,USD,0.13,IR3TIB01USM156N
2014-08-01 00:00:00+00:00,USD,0.13,IR3TIB01USM156N
2014-09-01 00:00:00+00:00,USD,0.12,IR3TIB01USM156N
2014-10-01 00:00:00+00:00,USD,0.12,IR3TIB01USM156N
2014-11-01 00:00:00+00:00,USD,0.13,IR3TIB01USM156N
2014-12-01 00:00:00+00:00,USD,0.15,IR3TIB01USM156N
2015-01-01 00:00:00+00:00,USD,0.16,IR3TIB01USM156N
2015-02-01 00:00:00+00:00,USD,0.15,IR3TIB01USM156N
2015-03-01 00:00:00+00:00,USD,0.14,IR3TIB01USM156N
2015-04-01 00:00:00+00:00,USD,0.13,IR3TIB01USM156N
2015-05-01 00:00:00+00:00,USD,0.15,IR3TIB01USM156N
2015-06-01 00:00:00+00:00,USD,0.18,IR3TIB01USM156N
2015-07-01 00:00:00+00:00,USD,0.19,IR3TIB01USM156N
2015-08-01 00:00:00+00:00,USD,0.26,IR3TIB01USM156N
2015-09-01 00:00:00+00:00,USD,0.27,IR3TIB01USM156N
2015-10-01 00:00:00+00:00,USD,0.25,IR3TIB01USM156N
2015-11-01 00:00:00+00:00,USD,0.3,IR3TIB01USM156N
2015-12-01 00:00:00+00:00,USD,0.54,IR3TIB01USM156N
2016-01-01 00:00:00+00:00,USD,0.57,IR3TIB01USM156N
2016-02-01 00:00:00+00:00,USD,0.54,IR3TIB01USM156N
2016-03-01 00:00:00+00:00,USD,0.55,IR3TIB01USM156N
2016-04-01 00:00:00+00:00,USD,0.55,IR3TIB01USM156N
2016-05-01 00:00:00+00:00,USD,0.57,IR3TIB01USM156N
2016-06-01 00:00:00+00:00,USD,0.55,IR3TIB01USM156N
2016-07-01 00:00:00+00:00,USD,0.62,IR3TIB01USM156N
2016-08-01 00:00:00+00:00,USD,0.73,IR3TIB01USM156N
2016-09-01 00:00:00+00:00,USD,0.75,IR3TIB01USM156N
2016-10-01 00:00:00+00:00,USD,0.72,IR3TIB01USM156N
2016-11-01 00:00:00+00:00,USD,0.71,IR3TIB01USM156N
2016-12-01 00:00:00+00:00,USD,0.87,IR3TIB01USM156N
2017-01-01 00:00:00+00:00,USD,0.9,IR3TIB01USM156N
2017-02-01 00:00:00+00:00,USD,0.87,IR3TIB01USM156N
2017-03-01 00:00:00+00:00,USD,0.98,IR3TIB01USM156N
2017-04-01 00:00:00+00:00,USD,1.03,IR3TIB01USM156N
2017-05-01 00:00:00+00:00,USD,1.05,IR3TIB01USM156N
2017-06-01 00:00:00+00:00,USD,1.16,IR3TIB01USM156N
2017-07-01 00:00:00+00:00,USD,1.22,IR3TIB01USM156N
2017-08-01 00:00:00+00:00,USD,1.25,IR3TIB01USM156N
2017-09-01 00:00:00+00:00,USD,1.25,IR3TIB01USM156N
2017-10-01 00:00:00+00:00,USD,1.26,IR3TIB01USM156N
2017-11-01 00:00:00+00:00,USD,1.32,IR3TIB01USM156N
2017-12-01 00:00:00+00:00,USD,1.54,IR3TIB01USM156N
2018-01-01 00:00:00+00:00,USD,1.63,IR3TIB01USM156N
2018-02-01 00:00:00+00:00,USD,1.78,IR3TIB01USM156N
2018-03-01 00:00:00+00:00,USD,2.08,IR3TIB01USM156N
2018-04-01 00:00:00+00:00,USD,2.2,IR3TIB01USM156N
2018-05-01 00:00:00+00:00,USD,2.16,IR3TIB01USM156N
2018-06-01 00:00:00+00:00,USD,2.19,IR3TIB01USM156N
2018-07-01 00:00:00+00:00,USD,2.17,IR3TIB01USM156N
2018-08-01 00:00:00+00:00,USD,2.19,IR3TIB01USM156N
2018-09-01 00:00:00+00:00,USD,2.24,IR3TIB01USM156N
2018-10-01 00:00:00+00:00,USD,2.37,IR3TIB01USM156N
2018-11-01 00:00:00+00:00,USD,2.56,IR3TIB01USM156N
2018-12-01 00:00:00+00:00,USD,2.69,IR3TIB01USM156N
2019-01-01 00:00:00+00:00,USD,2.59,IR3TIB01USM156N
2019-02-01 00:00:00+00:00,USD,2.49,IR3TIB01USM156N
2019-03-01 00:00:00+00:00,USD,2.48,IR3TIB01USM156N
2019-04-01 00:00:00+00:00,USD,2.47,IR3TIB01USM156N
2019-05-01 00:00:00+00:00,USD,2.44,IR3TIB01USM156N
2019-06-01 00:00:00+00:00,USD,2.3,IR3TIB01USM156N
2019-07-01 00:00:00+00:00,USD,2.22,IR3TIB01USM156N
2019-08-01 00:00:00+00:00,USD,2.06,IR3TIB01USM156N
2019-09-01 00:00:00+00:00,USD,2.03,IR3TIB01USM156N
2019-10-01 00:00:00+00:00,USD,1.88,IR3TIB01USM156N
2019-11-01 00:00:00+00:00,USD,1.77,IR3TIB01USM156N
2019-12-01 00:00:00+00:00,USD,1.76,IR3TIB01USM156N
2020-01-01 00:00:00+00:00,USD,1.65,IR3TIB01USM156N
2020-02-01 00:00:00+00:00,USD,1.59,IR3TIB01USM156N
2020-03-01 00:00:00+00:00,USD,1.35,IR3TIB01USM156N
2020-05-01 00:00:00+00:00,USD,0.17,IR3TIB01USM156N
2020-06-01 00:00:00+00:00,USD,0.2,IR3TIB01USM156N
2020-07-01 00:00:00+00:00,USD,0.18,IR3TIB01USM156N
2020-08-01 00:00:00+00:00,USD,0.15,IR3TIB01USM156N
2020-09-01 00:00:00+00:00,USD,0.13,IR3TIB01USM156N
2020-10-01 00:00:00+00:00,USD,0.12,IR3TIB01USM156N
2020-11-01 00:00:00+00:00,USD,0.16,IR3TIB01USM156N
2020-12-01 00:00:00+00:00,USD,0.17,IR3TIB01USM156N
2021-01-01 00:00:00+00:00,USD,0.14,IR3TIB01USM156N
2021-02-01 00:00:00+00:00,USD,0.11,IR3TIB01USM156N
2021-03-01 00:00:00+00:00,USD,0.1,IR3TIB01USM156N
2021-04-01 00:00:00+00:00,USD,0.11,IR3TIB01USM156N
2021-05-01 00:00:00+00:00,USD,0.1,IR3TIB01USM156N
2021-06-01 00:00:00+00:00,USD,0.09,IR3TIB01USM156N
2021-07-01 00:00:00+00:00,USD,0.1,IR3TIB01USM156N
2021-08-01 00:00:00+00:00,USD,0.1,IR3TIB01USM156N
2021-09-01 00:00:00+00:00,USD,0.1,IR3TIB01USM156N
2021-10-01 00:00:00+00:00,USD,0.11,IR3TIB01USM156N
2021-11-01 00:00:00+00:00,USD,0.14,IR3TIB01USM156N
2021-12-01 00:00:00+00:00,USD,0.17,IR3TIB01USM156N
2022-01-01 00:00:00+00:00,USD,0.22,IR3TIB01USM156N
2022-02-01 00:00:00+00:00,USD,0.38,IR3TIB01USM156N
2022-03-01 00:00:00+00:00,USD,0.73,IR3TIB01USM156N
2022-04-01 00:00:00+00:00,USD,0.91,IR3TIB01USM156N
2022-05-01 00:00:00+00:00,USD,1.33,IR3TIB01USM156N
2022-06-01 00:00:00+00:00,USD,1.87,IR3TIB01USM156N
2022-07-01 00:00:00+00:00,USD,2.5,IR3TIB01USM156N
2022-08-01 00:00:00+00:00,USD,2.76,IR3TIB01USM156N
2022-09-01 00:00:00+00:00,USD,3.21,IR3TIB01USM156N
2022-10-01 00:00:00+00:00,USD,3.85,IR3TIB01USM156N
2022-11-01 00:00:00+00:00,USD,4.46,IR3TIB01USM156N
2022-12-01 00:00:00+00:00,USD,4.51,IR3TIB01USM156N
2023-01-01 00:00:00+00:00,USD,4.61,IR3TIB01USM156N
2023-02-01 00:00:00+00:00,USD,4.74,IR3TIB01USM156N
2023-03-01 00:00:00+00:00,USD,4.91,IR3TIB01USM156N
2023-04-01 00:00:00+00:00,USD,5.03,IR3TIB01USM156N
2023-05-01 00:00:00+00:00,USD,5.15,IR3TIB01USM156N
2023-06-01 00:00:00+00:00,USD,5.22,IR3TIB01USM156N
2023-07-01 00:00:00+00:00,USD,5.35,IR3TIB01USM156N
2023-08-01 00:00:00+00:00,USD,5.44,IR3TIB01USM156N
2023-09-01 00:00:00+00:00,USD,5.49,IR3TIB01USM156N
2023-10-01 00:00:00+00:00,USD,5.46,IR3TIB01USM156N
2023-11-01 00:00:00+00:00,USD,5.41,IR3TIB01USM156N
2023-12-01 00:00:00+00:00,USD,5.32,IR3TIB01USM156N
2024-01-01 00:00:00+00:00,USD,5.26,IR3TIB01USM156N
2024-02-01 00:00:00+00:00,USD,5.22,IR3TIB01USM156N
2024-03-01 00:00:00+00:00,USD,5.29,IR3TIB01USM156N
2024-04-01 00:00:00+00:00,USD,5.33,IR3TIB01USM156N
2024-05-01 00:00:00+00:00,USD,5.33,IR3TIB01USM156N
2024-06-01 00:00:00+00:00,USD,5.28,IR3TIB01USM156N
2024-07-01 00:00:00+00:00,USD,5.31,IR3TIB01USM156N
2024-08-01 00:00:00+00:00,USD,5.12,IR3TIB01USM156N
2024-09-01 00:00:00+00:00,USD,4.86,IR3TIB01USM156N
2024-10-01 00:00:00+00:00,USD,4.62,IR3TIB01USM156N
2024-11-01 00:00:00+00:00,USD,4.53,IR3TIB01USM156N
2024-12-01 00:00:00+00:00,USD,4.46,IR3TIB01USM156N
2025-01-01 00:00:00+00:00,USD,4.33,IR3TIB01USM156N
2025-02-01 00:00:00+00:00,USD,4.34,IR3TIB01USM156N
2025-03-01 00:00:00+00:00,USD,4.29,IR3TIB01USM156N
2025-04-01 00:00:00+00:00,USD,4.32,IR3TIB01USM156N
2025-05-01 00:00:00+00:00,USD,4.29,IR3TIB01USM156N
2025-06-01 00:00:00+00:00,USD,4.31,IR3TIB01USM156N
2025-07-01 00:00:00+00:00,USD,4.28,IR3TIB01USM156N
2025-08-01 00:00:00+00:00,USD,4.22,IR3TIB01USM156N
2025-09-01 00:00:00+00:00,USD,4.1,IR3TIB01USM156N
2025-10-01 00:00:00+00:00,USD,3.98,IR3TIB01USM156N
2025-11-01 00:00:00+00:00,USD,3.86,IR3TIB01USM156N
2025-12-01 00:00:00+00:00,USD,3.74,IR3TIB01USM156N
2026-01-01 00:00:00+00:00,USD,3.63,IR3TIB01USM156N
2026-02-01 00:00:00+00:00,USD,3.66,IR3TIB01USM156N
2026-03-01 00:00:00+00:00,USD,3.69,IR3TIB01USM156N
2026-04-01 00:00:00+00:00,USD,3.77,IR3TIB01USM156N
