date,close
2000-06-09,0.46970000863075256
2001-01-03,0.4449999928474426
2001-01-05,0.45350000262260437
2001-01-09,0.4480000138282776
2001-01-12,0.4449999928474426
2001-01-19,0.44749999046325684
2001-01-26,0.43650001287460327
2001-02-01,0.44749999046325684
2001-02-02,0.4449999928474426
2001-02-09,0.43650001287460327
2001-02-16,0.42750000953674316
2001-02-21,0.42800000309944153
2001-02-23,0.4345000088214874
2001-02-28,0.43050000071525574
2001-03-01,0.4287000000476837
2001-03-02,0.43470001220703125
2001-03-08,0.41999998688697815
2001-03-09,0.41999998688697815
2001-03-12,0.4180000126361847
2001-03-13,0.41600000858306885
2001-03-14,0.4165000021457672
2001-03-15,0.4099999964237213
2001-03-16,0.40950000286102295
2001-03-19,0.41749998927116394
2001-03-20,0.4180000126361847
2001-03-21,0.414000004529953
2001-03-22,0.4115000069141388
2001-03-23,0.4115000069141388
2001-03-26,0.41499999165534973
2001-03-27,0.41100001335144043
2001-03-28,0.4090000092983246
2001-03-29,0.4074999988079071
2001-03-30,0.4074999988079071
2001-04-02,0.3977999985218048
2001-04-03,0.4034999907016754
2001-04-04,0.4050000011920929
2001-04-05,0.40400001406669617
2001-04-06,0.4050000011920929
2001-04-09,0.4050000011920929
2001-04-10,0.40149998664855957
2001-04-12,0.4065999984741211
2001-04-16,0.40950000286102295
2001-04-17,0.40149998664855957
2001-04-18,0.40299999713897705
2001-04-19,0.40799999237060547
2001-04-20,0.4129999876022339
2001-04-23,0.4099999964237213
2001-04-24,0.4074999988079071
2001-04-25,0.40849998593330383
2001-04-26,0.4099999964237213
2001-04-27,0.41100001335144043
2001-04-30,0.41200000047683716
2001-05-01,0.4180000126361847
2001-05-02,0.42250001430511475
2001-05-03,0.41999998688697815
2001-05-04,0.42100000381469727
2001-05-07,0.42100000381469727
2001-05-08,0.4194999933242798
2001-05-09,0.4259999990463257
2001-05-10,0.4259999990463257
2001-05-11,0.42250001430511475
2001-05-14,0.41850000619888306
2001-05-15,0.41749998927116394
2001-05-16,0.4205000102519989
2001-05-17,0.4259999990463257
2001-05-22,0.42399999499320984
2001-05-23,0.41999998688697815
2001-05-24,0.421999990940094
2001-05-25,0.4244999885559082
2001-05-29,0.42149999737739563
2001-05-30,0.4169999957084656
2001-05-31,0.40799999237060547
2001-06-01,0.4104999899864197
2001-06-04,0.4090000092983246
2001-06-05,0.4090000092983246
2001-06-06,0.4129999876022339
2001-06-07,0.4165000021457672
2001-06-08,0.4189999997615814
2001-06-11,0.41929998993873596
2001-06-12,0.41929998993873596
2001-06-13,0.4228000044822693
2001-06-14,0.41499999165534973
2001-06-15,0.41600000858306885
2001-06-18,0.41499999165534973
2001-06-19,0.4129999876022339
2001-06-20,0.4104999899864197
2001-06-21,0.41100001335144043
2001-06-22,0.41100001335144043
2001-06-25,0.41100001335144043
2001-06-26,0.41499999165534973
2001-06-27,0.41499999165534973
2001-06-28,0.4065000116825104
2001-06-29,0.40299999713897705
2001-07-02,0.4034999907016754
2001-07-03,0.4059999883174896
2001-07-05,0.4034999907016754
2001-07-06,0.4034999907016754
2001-07-09,0.40549999475479126
2001-07-10,0.40549999475479126
2001-07-11,0.4043999910354614
2001-07-12,0.40400001406669617
2001-07-13,0.4059999883174896
2001-07-16,0.4059999883174896
2001-07-17,0.4059999883174896
2001-07-18,0.4099999964237213
2001-07-19,0.41350001096725464
2001-07-20,0.40799999237060547
2001-07-23,0.40799999237060547
2001-07-24,0.40799999237060547
2001-07-25,0.40950000286102295
2001-07-26,0.4099999964237213
2001-07-27,0.4099999964237213
2001-07-30,0.4099999964237213
2001-07-31,0.4099999964237213
2001-08-01,0.4154999852180481
2001-08-02,0.4154999852180481
2001-08-03,0.4180000126361847
2001-08-06,0.4180000126361847
2001-08-07,0.4180000126361847
2001-08-08,0.421999990940094
2001-08-09,0.421999990940094
2001-08-10,0.42500001192092896
2001-08-13,0.4269999861717224
2001-08-14,0.42899999022483826
2001-08-16,0.4320000112056732
2001-08-17,0.4390000104904175
2001-08-22,0.4399999976158142
2001-08-23,0.4399999976158142
2001-08-27,0.438400000333786
2001-08-28,0.43799999356269836
2001-08-29,0.43950000405311584
2001-08-30,0.4410000145435333
2001-08-31,0.43700000643730164
2001-09-04,0.43149998784065247
2001-09-05,0.43299999833106995
2001-09-06,0.4345000088214874
2001-09-07,0.4359999895095825
2001-09-10,0.43140000104904175
2001-09-11,0.42590001225471497
2001-09-12,0.42590001225471497
2001-09-13,0.42239999771118164
2001-09-14,0.4214000105857849
2001-09-17,0.41100001335144043
2001-09-18,0.40849998593330383
2001-09-19,0.40950000286102295
2001-09-20,0.4090000092983246
2001-09-21,0.4000000059604645
2001-09-24,0.4000000059604645
2001-09-25,0.40400001406669617
2001-09-26,0.4034999907016754
2001-09-27,0.39649999141693115
2001-09-28,0.4050000011920929
2001-10-01,0.40400001406669617
2001-10-02,0.40299999713897705
2001-10-03,0.4059999883174896
2001-10-04,0.4059999883174896
2001-10-05,0.41200000047683716
2001-10-08,0.41200000047683716
2001-10-09,0.4099999964237213
2001-10-10,0.41100001335144043
2001-10-11,0.4099999964237213
2001-10-12,0.4115000069141388
2001-10-15,0.4198000133037567
2001-10-16,0.4180000126361847
2001-10-17,0.4180000126361847
2001-10-18,0.414000004529953
2001-10-19,0.4129999876022339
2001-10-22,0.41600000858306885
2001-10-23,0.41600000858306885
2001-10-24,0.41749998927116394
2001-10-25,0.4129999876022339
2001-10-26,0.4115000069141388
2001-10-29,0.41280001401901245
2001-10-30,0.41280001401901245
2001-10-31,0.4099999964237213
2001-11-01,0.41600000858306885
2001-11-02,0.413100004196167
2001-11-05,0.413100004196167
2001-11-06,0.4189999997615814
2001-11-07,0.4180000126361847
2001-11-08,0.41749998927116394
2001-11-09,0.41850000619888306
2001-11-12,0.41850000619888306
2001-11-13,0.42149999737739563
2001-11-14,0.4194999933242798
2001-11-15,0.4180000126361847
2001-11-16,0.41350001096725464
2001-11-19,0.4142000079154968
2001-11-20,0.41350001096725464
2001-11-21,0.4090000092983246
2001-11-23,0.41029998660087585
2001-11-26,0.41029998660087585
2001-11-27,0.4146000146865845
2001-11-28,0.41350001096725464
2001-11-29,0.41350001096725464
2001-11-30,0.41499999165534973
2001-12-03,0.41499999165534973
2001-12-04,0.4124999940395355
2001-12-05,0.414000004529953
2001-12-06,0.41670000553131104
2001-12-07,0.41499999165534973
2001-12-10,0.41499999165534973
2001-12-11,0.4165000021457672
2001-12-12,0.41999998688697815
2001-12-13,0.4205000102519989
2001-12-14,0.41819998621940613
2001-12-17,0.4171999990940094
2001-12-18,0.414000004529953
2001-12-19,0.41200000047683716
2001-12-20,0.41200000047683716
2001-12-21,0.4124999940395355
2001-12-24,0.414000004529953
2001-12-26,0.4129999876022339
2001-12-27,0.41290000081062317
2001-12-28,0.4124999940395355
2001-12-31,0.41370001435279846
2002-01-02,0.4205000102519989
2002-01-03,0.421999990940094
2002-01-04,0.4269999861717224
2002-01-07,0.4259999990463257
2002-01-08,0.42899999022483826
2002-01-09,0.4269999861717224
2002-01-10,0.4251999855041504
2002-01-11,0.421999990940094
2002-01-14,0.420199990272522
2002-01-15,0.4205999970436096
2002-01-16,0.41850000619888306
2002-01-17,0.4198000133037567
2002-01-18,0.421999990940094
2002-01-22,0.4277999997138977
2002-01-23,0.42500001192092896
2002-01-24,0.42500001192092896
2002-01-25,0.4223000109195709
2002-01-28,0.4207000136375427
2002-01-29,0.4194999933242798
2002-01-30,0.41429999470710754
2002-01-31,0.4147000014781952
2002-02-01,0.415800005197525
2002-02-04,0.4163999855518341
2002-02-05,0.4153999984264374
2002-02-06,0.4156000018119812
2002-02-07,0.41449999809265137
2002-02-08,0.4165000021457672
2002-02-11,0.41850000619888306
2002-02-12,0.4169999957084656
2002-02-13,0.41690000891685486
2002-02-14,0.4203000068664551
2002-02-15,0.42149999737739563
2002-02-18,0.42149999737739563
2002-02-19,0.42080000042915344
2002-02-20,0.41990000009536743
2002-02-21,0.4180000126361847
2002-02-22,0.41749998927116394
2002-02-25,0.41679999232292175
2002-02-26,0.4171999990940094
2002-02-27,0.4189000129699707
2002-02-28,0.41999998688697815
2002-03-01,0.4226999878883362
2002-03-04,0.4242999851703644
2002-03-05,0.4242999851703644
2002-03-06,0.42750000953674316
2002-03-07,0.4300000071525574
2002-03-08,0.4302000105381012
2002-03-11,0.42829999327659607
2002-03-12,0.42969998717308044
2002-03-13,0.4293000102043152
2002-03-14,0.4316999912261963
2002-03-15,0.436599999666214
2002-03-18,0.4345000088214874
2002-03-19,0.43050000071525574
2002-03-20,0.43650001287460327
2002-03-21,0.43650001287460327
2002-03-22,0.43549999594688416
2002-03-25,0.4345000088214874
2002-03-26,0.4339999854564667
2002-03-27,0.4325000047683716
2002-03-28,0.4375
2002-04-01,0.4390999972820282
2002-04-02,0.43849998712539673
2002-04-03,0.43799999356269836
2002-04-04,0.43700000643730164
2002-04-05,0.4350000023841858
2002-04-08,0.429500013589859
2002-04-09,0.43220001459121704
2002-04-10,0.4343000054359436
2002-04-11,0.4410000145435333
2002-04-12,0.44020000100135803
2002-04-15,0.43700000643730164
2002-04-16,0.4375
2002-04-17,0.4415000081062317
2002-04-18,0.4429999887943268
2002-04-19,0.4440000057220459
2002-04-22,0.4440000057220459
2002-04-23,0.4440000057220459
2002-04-24,0.445499986410141
2002-04-25,0.447299987077713
2002-04-26,0.4480000138282776
2002-04-29,0.4449999928474426
2002-04-30,0.4453999996185303
2002-05-01,0.4465999901294708
2002-05-02,0.44359999895095825
2002-05-03,0.4465000033378601
2002-05-06,0.44609999656677246
2002-05-07,0.4474000036716461
2002-05-08,0.44690001010894775
2002-05-09,0.45089998841285706
2002-05-10,0.4514999985694885
2002-05-13,0.4544999897480011
2002-05-14,0.45399999618530273
2002-05-15,0.45719999074935913
2002-05-16,0.459199994802475
2002-05-17,0.4625000059604645
2002-05-20,0.4659999907016754
2002-05-21,0.46630001068115234
2002-05-22,0.47200000286102295
2002-05-23,0.4729999899864197
2002-05-24,0.4690000116825104
2002-05-27,0.4690000116825104
2002-05-28,0.47510001063346863
2002-05-29,0.4767000079154968
2002-05-30,0.4754999876022339
2002-05-31,0.4790000021457672
2002-06-03,0.4853000044822693
2002-06-04,0.4893999993801117
2002-06-05,0.48649999499320984
2002-06-06,0.49000000953674316
2002-06-07,0.48899999260902405
2002-06-10,0.48739999532699585
2002-06-11,0.486299991607666
2002-06-12,0.4918000102043152
2002-06-13,0.48739999532699585
2002-06-14,0.4837999939918518
2002-06-17,0.48350000381469727
2002-06-18,0.4819999933242798
2002-06-19,0.4823000133037567
2002-06-20,0.48669999837875366
2002-06-21,0.492000013589859
2002-06-24,0.4830000102519989
2002-06-25,0.4880000054836273
2002-06-26,0.4814999997615814
2002-06-27,0.48399999737739563
2002-06-28,0.4814999997615814
2002-07-01,0.48249998688697815
2002-07-02,0.4832000136375427
2002-07-03,0.4832000136375427
2002-07-04,0.4810999929904938
2002-07-05,0.48249998688697815
2002-07-08,0.4880000054836273
2002-07-09,0.4884999990463257
2002-07-10,0.48399999737739563
2002-07-11,0.4805000126361847
2002-07-12,0.47999998927116394
2002-07-15,0.4814999997615814
2002-07-16,0.47999998927116394
2002-07-17,0.47920000553131104
2002-07-18,0.478300005197525
2002-07-19,0.484499990940094
2002-07-22,0.47749999165534973
2002-07-23,0.47049999237060547
2002-07-24,0.46399998664855957
2002-07-25,0.46299999952316284
2002-07-26,0.4607999920845032
2002-07-29,0.46549999713897705
2002-07-30,0.46700000762939453
2002-07-31,0.46399998664855957
2002-08-01,0.4611999988555908
2002-08-02,0.4616999924182892
2002-08-05,0.4544999897480011
2002-08-06,0.4498000144958496
2002-08-07,0.45410001277923584
2002-08-08,0.4535999894142151
2002-08-09,0.4562000036239624
2002-08-12,0.46050000190734863
2002-08-13,0.45980000495910645
2002-08-14,0.4596000015735626
2002-08-15,0.4641999900341034
2002-08-16,0.4650000035762787
2002-08-19,0.4650000035762787
2002-08-20,0.46700000762939453
2002-08-21,0.46700000762939453
2002-08-22,0.46320000290870667
2002-08-23,0.4645000100135803
2002-08-26,0.46650001406669617
2002-08-27,0.4715000092983246
2002-08-28,0.4684999883174896
2002-08-29,0.46799999475479126
2002-08-30,0.4674000144004822
2002-09-03,0.46639999747276306
2002-09-04,0.4659999907016754
2002-09-05,0.46549999713897705
2002-09-06,0.46950000524520874
2002-09-09,0.46860000491142273
2002-09-10,0.46970000863075256
2002-09-11,0.4700999855995178
2002-09-12,0.47510001063346863
2002-09-13,0.47360000014305115
2002-09-16,0.47360000014305115
2002-09-17,0.46650001406669617
2002-09-18,0.4659999907016754
2002-09-19,0.46939998865127563
2002-09-20,0.46700000762939453
2002-09-23,0.4650000035762787
2002-09-24,0.4659999907016754
2002-09-25,0.4681999981403351
2002-09-26,0.46630001068115234
2002-09-27,0.46630001068115234
2002-09-30,0.4659999907016754
2002-10-01,0.4675000011920929
2002-10-02,0.47049999237060547
2002-10-03,0.4724999964237213
2002-10-04,0.47380000352859497
2002-10-07,0.4794999957084656
2002-10-08,0.47850000858306885
2002-10-09,0.47749999165534973
2002-10-10,0.47749999165534973
2002-10-11,0.4779999852180481
2002-10-14,0.4779999852180481
2002-10-15,0.47699999809265137
2002-10-16,0.476500004529953
2002-10-17,0.4779999852180481
2002-10-18,0.47839999198913574
2002-10-21,0.4814999997615814
2002-10-22,0.4812000095844269
2002-10-23,0.4819999933242798
2002-10-24,0.4832000136375427
2002-10-25,0.4848000109195709
2002-10-28,0.48649999499320984
2002-10-29,0.48350000381469727
2002-10-30,0.48080000281333923
2002-10-31,0.4832000136375427
2002-11-01,0.489300012588501
2002-11-04,0.49320000410079956
2002-11-05,0.49320000410079956
2002-11-06,0.4950000047683716
2002-11-07,0.4970000088214874
2002-11-08,0.49549999833106995
2002-11-11,0.49549999833106995
2002-11-12,0.49149999022483826
2002-11-13,0.49300000071525574
2002-11-14,0.4977000057697296
2002-11-15,0.49869999289512634
2002-11-18,0.4957999885082245
2002-11-19,0.4945000112056732
2002-11-20,0.4964999854564667
2002-11-21,0.5031999945640564
2002-11-22,0.5015000104904175
2002-11-25,0.49799999594688416
2002-11-26,0.49470001459121704
2002-11-27,0.4925000071525574
2002-11-28,0.4925000071525574
2002-11-29,0.4959999918937683
2002-12-02,0.49799999594688416
2002-12-03,0.4975999891757965
2002-12-04,0.49959999322891235
2002-12-05,0.5008000135421753
2002-12-06,0.5005000233650208
2002-12-09,0.5040000081062317
2002-12-10,0.5019999742507935
2002-12-11,0.501800000667572
2002-12-12,0.5080000162124634
2002-12-13,0.5138000249862671
2002-12-16,0.5134999752044678
2002-12-17,0.512499988079071
2002-12-18,0.5080000162124634
2002-12-19,0.5115000009536743
2002-12-20,0.5099999904632568
2002-12-23,0.5099999904632568
2002-12-24,0.5117999911308289
2002-12-26,0.5117999911308289
2002-12-27,0.51419997215271
2002-12-30,0.5188000202178955
2002-12-31,0.5205000042915344
2003-01-02,0.5180000066757202
2003-01-03,0.5214999914169312
2003-01-06,0.527999997138977
2003-01-07,0.5257999897003174
2003-01-08,0.5274999737739563
2003-01-09,0.5274999737739563
2003-01-10,0.5339999794960022
2003-01-13,0.5374000072479248
2003-01-14,0.5350000262260437
2003-01-15,0.5350000262260437
2003-01-16,0.5400000214576721
2003-01-17,0.5482000112533569
2003-01-20,0.546999990940094
2003-01-21,0.5429999828338623
2003-01-22,0.5382000207901001
2003-01-23,0.5444999933242798
2003-01-24,0.5468000173568726
2003-01-27,0.5450000166893005
2003-01-28,0.5440000295639038
2003-01-29,0.5454999804496765
2003-01-30,0.5440000295639038
2003-01-31,0.5422999858856201
2003-02-03,0.5404999852180481
2003-02-04,0.546500027179718
2003-02-05,0.5460000038146973
2003-02-06,0.5467000007629395
2003-02-07,0.5461999773979187
2003-02-10,0.5475000143051147
2003-02-11,0.5479999780654907
2003-02-12,0.5479999780654907
2003-02-13,0.5519999861717224
2003-02-14,0.5493000149726868
2003-02-17,0.5493000149726868
2003-02-18,0.5483999848365784
2003-02-19,0.551800012588501
2003-02-20,0.5565000176429749
2003-02-21,0.5561000108718872
2003-02-24,0.5644999742507935
2003-02-25,0.5641999840736389
2003-02-26,0.5644999742507935
2003-02-27,0.5616000294685364
2003-02-28,0.5584999918937683
2003-03-03,0.5609999895095825
2003-03-04,0.5600000023841858
2003-03-05,0.5634999871253967
2003-03-06,0.5652999877929688
2003-03-07,0.5618000030517578
2003-03-10,0.5586000084877014
2003-03-11,0.5537999868392944
2003-03-12,0.5486000180244446
2003-03-13,0.5467000007629395
2003-03-14,0.550000011920929
2003-03-17,0.5534999966621399
2003-03-18,0.5429999828338623
2003-03-19,0.5425000190734863
2003-03-20,0.5490000247955322
2003-03-21,0.5444999933242798
2003-03-24,0.5464000105857849
2003-03-25,0.545799970626831
2003-03-26,0.5410000085830688
2003-03-27,0.5444999933242798
2003-03-28,0.5444999933242798
2003-03-31,0.5494999885559082
2003-04-01,0.5485000014305115
2003-04-02,0.5461000204086304
2003-04-03,0.5429999828338623
2003-04-04,0.5360000133514404
2003-04-07,0.5329999923706055
2003-04-08,0.5403000116348267
2003-04-09,0.5418999791145325
2003-04-10,0.5426999926567078
2003-04-11,0.541100025177002
2003-04-14,0.5429999828338623
2003-04-15,0.5504999756813049
2003-04-16,0.5541999936103821
2003-04-17,0.5529999732971191
2003-04-21,0.5519999861717224
2003-04-22,0.5575000047683716
2003-04-23,0.5550000071525574
2003-04-24,0.5515000224113464
2003-04-25,0.5515000224113464
2003-04-28,0.5536999702453613
2003-04-29,0.5546000003814697
2003-04-30,0.5575000047683716
2003-05-01,0.5593000054359436
2003-05-02,0.5615000128746033
2003-05-05,0.5640000104904175
2003-05-06,0.5670999884605408
2003-05-07,0.5649999976158142
2003-05-08,0.5715000033378601
2003-05-09,0.5740000009536743
2003-05-12,0.5789999961853027
2003-05-13,0.574999988079071
2003-05-14,0.5730000138282776
2003-05-15,0.5695000290870667
2003-05-16,0.5805000066757202
2003-05-19,0.5795000195503235
2003-05-20,0.5849999785423279
2003-05-21,0.5809999704360962
2003-05-22,0.5799999833106995
2003-05-23,0.5805000066757202
2003-05-26,0.5824000239372253
2003-05-27,0.5805000066757202
2003-05-28,0.5755000114440918
2003-05-29,0.574999988079071
2003-05-30,0.5764999985694885
2003-06-02,0.5805000066757202
2003-06-03,0.5782999992370605
2003-06-04,0.5809999704360962
2003-06-05,0.5774999856948853
2003-06-06,0.5764999985694885
2003-06-09,0.5738999843597412
2003-06-10,0.5738999843597412
2003-06-11,0.5767999887466431
2003-06-12,0.5788999795913696
2003-06-13,0.5794000029563904
2003-06-16,0.5814999938011169
2003-06-17,0.579800009727478
2003-06-18,0.578499972820282
2003-06-19,0.578499972820282
2003-06-20,0.5771999955177307
2003-06-23,0.5795000195503235
2003-06-24,0.5789999961853027
2003-06-25,0.5817999839782715
2003-06-26,0.5740000009536743
2003-06-27,0.5763000249862671
2003-06-30,0.5814999938011169
2003-07-01,0.5893999934196472
2003-07-02,0.5910000205039978
2003-07-03,0.59170001745224
2003-07-07,0.5964999794960022
2003-07-08,0.5839999914169312
2003-07-09,0.5835000276565552
2003-07-10,0.5855000019073486
2003-07-11,0.5889999866485596
2003-07-14,0.5856999754905701
2003-07-15,0.5755000114440918
2003-07-16,0.5789999961853027
2003-07-17,0.5789999961853027
2003-07-18,0.5692999958992004
2003-07-21,0.5717999935150146
2003-07-22,0.5715000033378601
2003-07-23,0.5774000287055969
2003-07-24,0.5835000276565552
2003-07-25,0.5845000147819519
2003-07-28,0.5849999785423279
2003-07-29,0.5874999761581421
2003-07-30,0.5799999833106995
2003-07-31,0.57669997215271
2003-08-01,0.5814999938011169
2003-08-04,0.5795000195503235
2003-08-05,0.578000009059906
2003-08-06,0.578499972820282
2003-08-07,0.5789999961853027
2003-08-08,0.5789999961853027
2003-08-11,0.5863000154495239
2003-08-12,0.5860000252723694
2003-08-13,0.5867999792098999
2003-08-14,0.5839999914169312
2003-08-15,0.5870000123977661
2003-08-18,0.5860000252723694
2003-08-19,0.5830000042915344
2003-08-20,0.5893999934196472
2003-08-21,0.5837000012397766
2003-08-22,0.5824999809265137
2003-08-25,0.5820000171661377
2003-08-26,0.5751000046730042
2003-08-27,0.5705000162124634
2003-08-28,0.5720000267028809
2003-08-29,0.578000009059906
2003-09-01,0.5760999917984009
2003-09-02,0.5630000233650208
2003-09-03,0.567799985408783
2003-09-04,0.5690000057220459
2003-09-05,0.5759999752044678
2003-09-08,0.5777000188827515
2003-09-09,0.5837000012397766
2003-09-10,0.5823000073432922
2003-09-11,0.5825999975204468
2003-09-12,0.5823000073432922
2003-09-15,0.5809999704360962
2003-09-16,0.5788000226020813
2003-09-17,0.5774000287055969
2003-09-18,0.5795000195503235
2003-09-19,0.5864999890327454
2003-09-22,0.593500018119812
2003-09-23,0.5899999737739563
2003-09-24,0.5895000100135803
2003-09-25,0.590499997138977
2003-09-26,0.5853000283241272
2003-09-29,0.5885000228881836
2003-09-30,0.5896999835968018
2003-10-01,0.5945000052452087
2003-10-02,0.5950000286102295
2003-10-03,0.5860000252723694
2003-10-06,0.5906999707221985
2003-10-07,0.5928000211715698
2003-10-08,0.593500018119812
2003-10-09,0.5932000279426575
2003-10-10,0.5964999794960022
2003-10-13,0.5964999794960022
2003-10-14,0.5914999842643738
2003-10-15,0.5914999842643738
2003-10-16,0.590499997138977
2003-10-17,0.593999981880188
2003-10-20,0.593999981880188
2003-10-21,0.5979999899864197
2003-10-22,0.6025999784469604
2003-10-23,0.6044999957084656
2003-10-24,0.6054999828338623
2003-10-27,0.6079999804496765
2003-10-28,0.6085000038146973
2003-10-29,0.6097999811172485
2003-10-30,0.6079999804496765
2003-10-31,0.6110000014305115
2003-11-03,0.6054999828338623
2003-11-04,0.609499990940094
2003-11-05,0.6140000224113464
2003-11-06,0.6104999780654907
2003-11-07,0.6150000095367432
2003-11-10,0.6194999814033508
2003-11-11,0.6194999814033508
2003-11-12,0.6244999766349792
2003-11-13,0.628000020980835
2003-11-14,0.6291999816894531
2003-11-17,0.6243000030517578
2003-11-18,0.6349999904632568
2003-11-19,0.6363000273704529
2003-11-20,0.6414999961853027
2003-11-21,0.640500009059906
2003-11-24,0.6359999775886536
2003-11-25,0.6358000040054321
2003-11-26,0.6399999856948853
2003-11-28,0.6389999985694885
2003-12-01,0.6427000164985657
2003-12-02,0.6466000080108643
2003-12-03,0.6489999890327454
2003-12-04,0.6449999809265137
2003-12-05,0.6439999938011169
2003-12-08,0.6466000080108643
2003-12-09,0.647599995136261
2003-12-10,0.6477000117301941
2003-12-11,0.6446999907493591
2003-12-12,0.6486999988555908
2003-12-15,0.6486999988555908
2003-12-16,0.6445000171661377
2003-12-17,0.640500009059906
2003-12-18,0.6414999961853027
2003-12-19,0.6389999985694885
2003-12-22,0.6349999904632568
2003-12-23,0.6345000267028809
2003-12-24,0.6421999931335449
2003-12-26,0.640999972820282
2003-12-29,0.6449999809265137
2003-12-30,0.6489999890327454
2003-12-31,0.6499999761581421
2004-01-02,0.652999997138977
2004-01-05,0.6669999957084656
2004-01-06,0.6676999926567078
2004-01-07,0.6660000085830688
2004-01-08,0.6711999773979187
2004-01-09,0.6769999861717224
2004-01-12,0.6777999997138977
2004-01-13,0.6775000095367432
2004-01-14,0.6765000224113464
2004-01-15,0.667900025844574
2004-01-16,0.659500002861023
2004-01-19,0.6489999890327454
2004-01-20,0.6614999771118164
2004-01-21,0.6690000295639038
2004-01-22,0.6736000180244446
2004-01-23,0.6687999963760376
2004-01-26,0.6661999821662903
2004-01-27,0.6748999953269958
2004-01-28,0.6710000038146973
2004-01-29,0.6661999821662903
2004-01-30,0.6718000173568726
2004-02-02,0.6694999933242798
2004-02-03,0.6775000095367432
2004-02-04,0.6779999732971191
2004-02-05,0.684499979019165
2004-02-06,0.6884999871253967
2004-02-09,0.6924999952316284
2004-02-10,0.6973000168800354
2004-02-11,0.6984999775886536
2004-02-12,0.6974999904632568
2004-02-13,0.697700023651123
2004-02-16,0.7049999833106995
2004-02-17,0.7063000202178955
2004-02-18,0.6970000267028809
2004-02-19,0.6990000009536743
2004-02-20,0.6800000071525574
2004-02-23,0.6784999966621399
2004-02-24,0.6884999871253967
2004-02-25,0.6858000159263611
2004-02-26,0.6859999895095825
2004-02-27,0.6865000128746033
2004-03-01,0.6883000135421753
2004-03-02,0.6794999837875366
2004-03-03,0.6680999994277954
2004-03-04,0.6669999957084656
2004-03-05,0.671999990940094
2004-03-08,0.6735000014305115
2004-03-09,0.6754999756813049
2004-03-10,0.6675000190734863
2004-03-11,0.6499999761581421
2004-03-12,0.6434000134468079
2004-03-15,0.6414999961853027
2004-03-16,0.642300009727478
2004-03-17,0.6449999809265137
2004-03-18,0.652999997138977
2004-03-19,0.6489999890327454
2004-03-22,0.6538000106811523
2004-03-23,0.6539999842643738
2004-03-24,0.6460000276565552
2004-03-25,0.640999972820282
2004-03-26,0.6445000171661377
2004-03-29,0.6455000042915344
2004-03-30,0.651199996471405
2004-03-31,0.6625000238418579
2004-04-01,0.6629999876022339
2004-04-02,0.6524999737739563
2004-04-05,0.6445000171661377
2004-04-06,0.6510000228881836
2004-04-07,0.652999997138977
2004-04-08,0.6539999842643738
2004-04-12,0.6571999788284302
2004-04-13,0.6488000154495239
2004-04-14,0.629800021648407
2004-04-15,0.6340000033378601
2004-04-16,0.6341000199317932
2004-04-19,0.6389999985694885
2004-04-20,0.6294999718666077
2004-04-21,0.6172999739646912
2004-04-22,0.6230000257492065
2004-04-23,0.6243000030517578
2004-04-26,0.6255000233650208
2004-04-27,0.6272000074386597
2004-04-28,0.6190000176429749
2004-04-29,0.6183000206947327
2004-04-30,0.6240000128746033
2004-05-03,0.6225000023841858
2004-05-04,0.6290000081062317
2004-05-05,0.6322000026702881
2004-05-06,0.628000020980835
2004-05-07,0.6154999732971191
2004-05-10,0.6025000214576721
2004-05-11,0.6019999980926514
2004-05-12,0.6069999933242798
2004-05-13,0.5979999899864197
2004-05-14,0.6029999852180481
2004-05-17,0.593999981880188
2004-05-18,0.5954999923706055
2004-05-19,0.6065000295639038
2004-05-20,0.6050000190734863
2004-05-21,0.6104000210762024
2004-05-24,0.6079999804496765
2004-05-25,0.6177999973297119
2004-05-26,0.6205000281333923
2004-05-27,0.6349999904632568
2004-05-28,0.6283000111579895
2004-05-31,0.6324999928474426
2004-06-01,0.6274999976158142
2004-06-02,0.6200000047683716
2004-06-03,0.6184999942779541
2004-06-04,0.6223000288009644
2004-06-07,0.6334999799728394
2004-06-08,0.6259999871253967
2004-06-09,0.6182000041007996
2004-06-10,0.6330000162124634
2004-06-11,0.6330000162124634
2004-06-14,0.6259999871253967
2004-06-15,0.629800021648407
2004-06-16,0.6223000288009644
2004-06-17,0.6169000267982483
2004-06-18,0.619700014591217
2004-06-21,0.6212000250816345
2004-06-22,0.6216999888420105
2004-06-23,0.6197999715805054
2004-06-24,0.6284999847412109
2004-06-25,0.6294999718666077
2004-06-28,0.6349999904632568
2004-06-29,0.6258000135421753
2004-06-30,0.6284999847412109
2004-07-01,0.6349999904632568
2004-07-02,0.642300009727478
2004-07-05,0.6421999931335449
2004-07-06,0.6439999938011169
2004-07-07,0.6514000296592712
2004-07-08,0.6510000228881836
2004-07-09,0.6521999835968018
2004-07-12,0.6561999917030334
2004-07-13,0.6532999873161316
2004-07-14,0.6474999785423279
2004-07-15,0.6442000269889832
2004-07-16,0.6539999842643738
2004-07-19,0.6520000100135803
2004-07-20,0.6489999890327454
2004-07-21,0.6334999799728394
2004-07-22,0.6373000144958496
2004-07-23,0.6316999793052673
2004-07-26,0.6316999793052673
2004-07-27,0.623199999332428
2004-07-28,0.6241999864578247
2004-07-29,0.6294999718666077
2004-07-30,0.6309999823570251
2004-08-02,0.6365000009536743
2004-08-03,0.640999972820282
2004-08-04,0.6420000195503235
2004-08-05,0.640999972820282
2004-08-06,0.649399995803833
2004-08-09,0.652400016784668
2004-08-10,0.6489999890327454
2004-08-11,0.6517000198364258
2004-08-12,0.6570000052452087
2004-08-13,0.6644999980926514
2004-08-16,0.6636000275611877
2004-08-17,0.6614999771118164
2004-08-18,0.6622999906539917
2004-08-19,0.6693999767303467
2004-08-20,0.6710000038146973
2004-08-23,0.6593000292778015
2004-08-24,0.6460000276565552
2004-08-25,0.6489999890327454
2004-08-26,0.6499999761581421
2004-08-27,0.652999997138977
2004-08-30,0.6482999920845032
2004-08-31,0.6538000106811523
2004-09-01,0.6549999713897705
2004-09-02,0.6480000019073486
2004-09-03,0.6460000276565552
2004-09-06,0.6474999785423279
2004-09-07,0.6466000080108643
2004-09-08,0.6489999890327454
2004-09-09,0.6514999866485596
2004-09-10,0.656000018119812
2004-09-13,0.656000018119812
2004-09-14,0.6549999713897705
2004-09-15,0.6489999890327454
2004-09-16,0.6528000235557556
2004-09-17,0.652999997138977
2004-09-20,0.6546000242233276
2004-09-21,0.6552000045776367
2004-09-22,0.6554999947547913
2004-09-23,0.6610000133514404
2004-09-24,0.6610000133514404
2004-09-27,0.6575999855995178
2004-09-28,0.6626999974250793
2004-09-29,0.6629999876022339
2004-09-30,0.671500027179718
2004-10-01,0.6687999963760376
2004-10-04,0.6654999852180481
2004-10-05,0.6682000160217285
2004-10-06,0.6690000295639038
2004-10-07,0.6710000038146973
2004-10-08,0.6809999942779541
2004-10-11,0.6809999942779541
2004-10-12,0.6744999885559082
2004-10-13,0.670799970626831
2004-10-14,0.6765000224113464
2004-10-15,0.6830000281333923
2004-10-18,0.6804999709129333
2004-10-19,0.6815000176429749
2004-10-20,0.6855000257492065
2004-10-21,0.6895999908447266
2004-10-22,0.6915000081062317
2004-10-25,0.6959999799728394
2004-10-26,0.6929000020027161
2004-10-27,0.6899999976158142
2004-10-28,0.6794999837875366
2004-10-29,0.6815000176429749
2004-11-01,0.6805999875068665
2004-11-02,0.6808000206947327
2004-11-03,0.6862000226974487
2004-11-04,0.6887000203132629
2004-11-05,0.6909999847412109
2004-11-08,0.6884999871253967
2004-11-09,0.6884999871253967
2004-11-10,0.6815000176429749
2004-11-11,0.6815000176429749
2004-11-12,0.690500020980835
2004-11-15,0.6970000267028809
2004-11-16,0.6980000138282776
2004-11-17,0.7062000036239624
2004-11-18,0.7049999833106995
2004-11-19,0.7070000171661377
2004-11-22,0.7067999839782715
2004-11-23,0.7106000185012817
2004-11-24,0.7089999914169312
2004-11-25,0.715399980545044
2004-11-26,0.7163000106811523
2004-11-29,0.715499997138977
2004-11-30,0.7148000001907349
2004-12-01,0.7149999737739563
2004-12-02,0.7163000106811523
2004-12-03,0.7195000052452087
2004-12-06,0.7192000150680542
2004-12-07,0.7182000279426575
2004-12-08,0.7052000164985657
2004-12-09,0.7111999988555908
2004-12-10,0.7062000036239624
2004-12-13,0.7080000042915344
2004-12-14,0.7014999985694885
2004-12-15,0.7111999988555908
2004-12-16,0.7031999826431274
2004-12-17,0.7077999711036682
2004-12-20,0.7110000252723694
2004-12-21,0.7032999992370605
2004-12-22,0.7062000036239624
2004-12-23,0.7074999809265137
2004-12-27,0.7164999842643738
2004-12-28,0.7145000100135803
2004-12-29,0.7074999809265137
2004-12-30,0.7121999859809875
2004-12-31,0.7124999761581421
2005-01-03,0.7099999785423279
2005-01-04,0.6970000267028809
2005-01-05,0.6942999958992004
2005-01-06,0.6919999718666077
2005-01-07,0.6869999766349792
2005-01-10,0.6894999742507935
2005-01-11,0.6940000057220459
2005-01-12,0.7023000121116638
2005-01-13,0.6990000009536743
2005-01-14,0.6930000185966492
2005-01-17,0.6927000284194946
2005-01-18,0.6919999718666077
2005-01-19,0.6970000267028809
2005-01-20,0.699999988079071
2005-01-21,0.7095000147819519
2005-01-24,0.7106000185012817
2005-01-25,0.7055000066757202
2005-01-26,0.7142999768257141
2005-01-27,0.7117000222206116
2005-01-28,0.7089999914169312
2005-01-31,0.7064999938011169
2005-02-01,0.7089999914169312
2005-02-02,0.7105000019073486
2005-02-03,0.7059999704360962
2005-02-04,0.7074999809265137
2005-02-07,0.6984999775886536
2005-02-08,0.6970000267028809
2005-02-09,0.699999988079071
2005-02-10,0.7067000269889832
2005-02-11,0.7114999890327454
2005-02-14,0.7128000259399414
2005-02-15,0.7139999866485596
2005-02-16,0.7120000123977661
2005-02-17,0.7164999842643738
2005-02-18,0.7214999794960022
2005-02-22,0.7285000085830688
2005-02-23,0.722599983215332
2005-02-24,0.7200000286102295
2005-02-25,0.7210000157356262
2005-02-28,0.7260000109672546
2005-03-01,0.7257000207901001
2005-03-02,0.7254999876022339
2005-03-03,0.7261999845504761
2005-03-04,0.7319999933242798
2005-03-07,0.7347999811172485
2005-03-08,0.7387999892234802
2005-03-09,0.7330999970436096
2005-03-10,0.7371000051498413
2005-03-11,0.7387999892234802
2005-03-14,0.7379000186920166
2005-03-15,0.7335000038146973
2005-03-16,0.7366999983787537
2005-03-17,0.7354999780654907
2005-03-18,0.737500011920929
2005-03-21,0.7304999828338623
2005-03-22,0.7257000207901001
2005-03-23,0.7099999785423279
2005-03-24,0.7070000171661377
2005-03-28,0.7006999850273132
2005-03-29,0.7055000066757202
2005-03-30,0.703000009059906
2005-03-31,0.7070000171661377
2005-04-01,0.7028999924659729
2005-04-04,0.7020000219345093
2005-04-05,0.703499972820282
2005-04-06,0.7077000141143799
2005-04-07,0.7064999938011169
2005-04-08,0.7109000086784363
2005-04-11,0.71670001745224
2005-04-12,0.7163000106811523
2005-04-13,0.7195000052452087
2005-04-14,0.7171000242233276
2005-04-15,0.7114999890327454
2005-04-18,0.7117999792098999
2005-04-19,0.7174999713897705
2005-04-20,0.7235000133514404
2005-04-21,0.7235000133514404
2005-04-22,0.7289999723434448
2005-04-25,0.7250000238418579
2005-04-26,0.7200000286102295
2005-04-27,0.7170000076293945
2005-04-28,0.7239999771118164
2005-04-29,0.7279999852180481
2005-05-02,0.7261999845504761
2005-05-03,0.7225000262260437
2005-05-04,0.7304999828338623
2005-05-05,0.7315000295639038
2005-05-06,0.7300000190734863
2005-05-09,0.7271000146865845
2005-05-10,0.7294999957084656
2005-05-11,0.7275000214576721
2005-05-12,0.7160000205039978
2005-05-13,0.7099999785423279
2005-05-16,0.7041000127792358
2005-05-17,0.7064999938011169
2005-05-18,0.7128000259399414
2005-05-19,0.7089999914169312
2005-05-20,0.7059000134468079
2005-05-23,0.7074999809265137
2005-05-24,0.7129999995231628
2005-05-25,0.7124999761581421
2005-05-26,0.7105000019073486
2005-05-27,0.7129999995231628
2005-05-31,0.7039999961853027
2005-06-01,0.6974999904632568
2005-06-02,0.6996999979019165
2005-06-03,0.6984999775886536
2005-06-06,0.7077999711036682
2005-06-07,0.7148000001907349
2005-06-08,0.7120000123977661
2005-06-09,0.7121000289916992
2005-06-10,0.705299973487854
2005-06-13,0.7045000195503235
2005-06-14,0.7020000219345093
2005-06-15,0.7049999833106995
2005-06-16,0.7089999914169312
2005-06-17,0.7099999785423279
2005-06-20,0.7085999846458435
2005-06-21,0.7110000252723694
2005-06-22,0.7110000252723694
2005-06-23,0.6998000144958496
2005-06-24,0.6998000144958496
2005-06-27,0.7024999856948853
2005-06-28,0.6949999928474426
2005-06-29,0.6924999952316284
2005-06-30,0.6894999742507935
2005-07-01,0.6769999861717224
2005-07-05,0.671500027179718
2005-07-06,0.6679999828338623
2005-07-07,0.6679999828338623
2005-07-08,0.66839998960495
2005-07-11,0.6753000020980835
2005-07-12,0.6818000078201294
2005-07-13,0.6685000061988831
2005-07-14,0.6704999804496765
2005-07-15,0.6687999963760376
2005-07-18,0.6740000247955322
2005-07-19,0.6700000166893005
2005-07-20,0.671999990940094
2005-07-21,0.6833000183105469
2005-07-22,0.6825000047683716
2005-07-25,0.6809999942779541
2005-07-26,0.6787999868392944
2005-07-27,0.6765000224113464
2005-07-28,0.6787999868392944
2005-07-29,0.6775000095367432
2005-08-01,0.6816999912261963
2005-08-02,0.6848000288009644
2005-08-03,0.6883000135421753
2005-08-04,0.6884999871253967
2005-08-05,0.6880000233650208
2005-08-08,0.6908000111579895
2005-08-09,0.6891999840736389
2005-08-10,0.6934999823570251
2005-08-11,0.7020000219345093
2005-08-12,0.7059999704360962
2005-08-15,0.7024999856948853
2005-08-16,0.7005000114440918
2005-08-17,0.697700023651123
2005-08-18,0.6930000185966492
2005-08-19,0.6919999718666077
2005-08-22,0.6949999928474426
2005-08-23,0.6955000162124634
2005-08-24,0.6963000297546387
2005-08-25,0.6970000267028809
2005-08-26,0.6940000057220459
2005-08-29,0.6915000081062317
2005-08-30,0.6869999766349792
2005-08-31,0.6940000057220459
2005-09-01,0.7055000066757202
2005-09-02,0.7049999833106995
2005-09-06,0.7080000042915344
2005-09-07,0.7038000226020813
2005-09-08,0.7045000195503235
2005-09-09,0.7059999704360962
2005-09-12,0.703499972820282
2005-09-13,0.7026000022888184
2005-09-14,0.7074000239372253
2005-09-15,0.7046999931335449
2005-09-16,0.7038999795913696
2005-09-19,0.7002999782562256
2005-09-20,0.6949999928474426
2005-09-21,0.6924999952316284
2005-09-22,0.6876999735832214
2005-09-23,0.6827999949455261
2005-09-26,0.6809999942779541
2005-09-27,0.6762999892234802
2005-09-28,0.6804999709129333
2005-09-29,0.6859999895095825
2005-09-30,0.6855000257492065
2005-10-03,0.6859999895095825
2005-10-04,0.6899999976158142
2005-10-05,0.6894999742507935
2005-10-06,0.6930000185966492
2005-10-07,0.6909999847412109
2005-10-10,0.6929000020027161
2005-10-11,0.6880000233650208
2005-10-12,0.6934000253677368
2005-10-13,0.6875
2005-10-14,0.6919999718666077
2005-10-17,0.6919999718666077
2005-10-18,0.6924999952316284
2005-10-19,0.6934999823570251
2005-10-20,0.6974999904632568
2005-10-21,0.6959999799728394
2005-10-24,0.6980000138282776
2005-10-25,0.7020000219345093
2005-10-26,0.6996999979019165
2005-10-27,0.703000009059906
2005-10-28,0.7005000114440918
2005-10-31,0.6974999904632568
2005-11-01,0.6945000290870667
2005-11-02,0.690500020980835
2005-11-03,0.6858000159263611
2005-11-04,0.6808000206947327
2005-11-07,0.676800012588501
2005-11-08,0.6804999709129333
2005-11-09,0.6830000281333923
2005-11-10,0.6834999918937683
2005-11-11,0.6834999918937683
2005-11-14,0.6784999966621399
2005-11-15,0.6825000047683716
2005-11-16,0.6830000281333923
2005-11-17,0.6855000257492065
2005-11-18,0.6850000023841858
2005-11-21,0.6876999735832214
2005-11-22,0.6894999742507935
2005-11-23,0.6912000179290771
2005-11-25,0.6940000057220459
2005-11-28,0.7014999985694885
2005-11-29,0.6998000144958496
2005-11-30,0.7017999887466431
2005-12-01,0.7032999992370605
2005-12-02,0.7124999761581421
2005-12-05,0.7182999849319458
2005-12-06,0.7164999842643738
2005-12-07,0.7039999961853027
2005-12-08,0.6988000273704529
2005-12-09,0.7024999856948853
2005-12-12,0.7099999785423279
2005-12-13,0.7077999711036682
2005-12-14,0.7063000202178955
2005-12-15,0.6940000057220459
2005-12-16,0.6898000240325928
2005-12-19,0.6906999945640564
2005-12-20,0.6784999966621399
2005-12-21,0.675000011920929
2005-12-22,0.6685000061988831
2005-12-23,0.6685000061988831
2005-12-27,0.6682000160217285
2005-12-28,0.6744999885559082
2005-12-29,0.6784999966621399
2005-12-30,0.6775000095367432
2006-01-03,0.6809999942779541
2006-01-04,0.6848000288009644
2006-01-05,0.6825000047683716
2006-01-06,0.6880000233650208
2006-01-09,0.6899999976158142
2006-01-10,0.6899999976158142
2006-01-11,0.6933000087738037
2006-01-12,0.6899999976158142
2006-01-13,0.6959999799728394
2006-01-16,0.6948000192642212
2006-01-17,0.6880000233650208
2006-01-18,0.6840000152587891
2006-01-19,0.6761999726295471
2006-01-20,0.6769999861717224
2006-01-23,0.6812000274658203
2006-01-24,0.6784999966621399
2006-01-25,0.6819999814033508
2006-01-26,0.6814000010490417
2006-01-27,0.6794999837875366
2006-01-30,0.6783000230789185
2006-01-31,0.682699978351593
2006-02-01,0.6825000047683716
2006-02-02,0.6880000233650208
2006-02-03,0.6850000023841858
2006-02-06,0.6790000200271606
2006-02-07,0.6776999831199646
2006-02-08,0.6747999787330627
2006-02-09,0.6765000224113464
2006-02-10,0.676800012588501
2006-02-13,0.6773999929428101
2006-02-14,0.6740000247955322
2006-02-15,0.6735000014305115
2006-02-16,0.6679999828338623
2006-02-17,0.6654999852180481
2006-02-20,0.6685000061988831
2006-02-21,0.6614999771118164
2006-02-22,0.65829998254776
2006-02-23,0.6596999764442444
2006-02-24,0.6618000268936157
2006-02-27,0.6589999794960022
2006-02-28,0.6610000133514404
2006-03-01,0.6638000011444092
2006-03-02,0.6669999957084656
2006-03-03,0.6650000214576721
2006-03-06,0.6560999751091003
2006-03-07,0.6473000049591064
2006-03-08,0.6504999995231628
2006-03-09,0.6455000042915344
2006-03-10,0.6403999924659729
2006-03-13,0.6412000060081482
2006-03-14,0.6362000107765198
2006-03-15,0.6413999795913696
2006-03-16,0.6348000168800354
2006-03-17,0.6294999718666077
2006-03-20,0.6200000047683716
2006-03-21,0.6194999814033508
2006-03-22,0.623199999332428
2006-03-23,0.6202999949455261
2006-03-24,0.6050000190734863
2006-03-27,0.6026999950408936
2006-03-28,0.5982999801635742
2006-03-29,0.6011999845504761
2006-03-30,0.6085000038146973
2006-03-31,0.6122999787330627
2006-04-03,0.6061999797821045
2006-04-04,0.6043000221252441
2006-04-05,0.6126000285148621
2006-04-06,0.6104000210762024
2006-04-07,0.6054999828338623
2006-04-10,0.6061000227928162
2006-04-11,0.6086999773979187
2006-04-12,0.613099992275238
2006-04-13,0.6169000267982483
2006-04-17,0.6216999888420105
2006-04-18,0.6269999742507935
2006-04-19,0.6312999725341797
2006-04-20,0.6233999729156494
2006-04-21,0.6309999823570251
2006-04-24,0.625
2006-04-25,0.621399998664856
2006-04-26,0.6292999982833862
2006-04-27,0.6319000124931335
2006-04-28,0.6353999972343445
2006-05-01,0.635699987411499
2006-05-02,0.6376000046730042
2006-05-03,0.6395000219345093
2006-05-04,0.6399000287055969
2006-05-05,0.6396999955177307
2006-05-08,0.6299999952316284
2006-05-09,0.6272000074386597
2006-05-10,0.6251999735832214
2006-05-11,0.6290000081062317
2006-05-12,0.626800000667572
2006-05-15,0.6182000041007996
2006-05-16,0.6259999871253967
2006-05-17,0.6208000183105469
2006-05-18,0.6208999752998352
2006-05-19,0.6191999912261963
2006-05-22,0.6198999881744385
2006-05-23,0.6274999976158142
2006-05-24,0.6317999958992004
2006-05-25,0.6398000121116638
2006-05-26,0.6316999793052673
2006-05-29,0.6333000063896179
2006-05-30,0.6399000287055969
2006-05-31,0.6341999769210815
2006-06-01,0.6298999786376953
2006-06-02,0.629800021648407
2006-06-05,0.6327000260353088
2006-06-06,0.6262999773025513
2006-06-07,0.6252999901771545
2006-06-08,0.6241999864578247
2006-06-09,0.6323000192642212
2006-06-12,0.6309999823570251
2006-06-13,0.6211000084877014
2006-06-14,0.6212999820709229
2006-06-15,0.6225000023841858
2006-06-16,0.6176000237464905
2006-06-19,0.6162999868392944
2006-06-20,0.6172000169754028
2006-06-21,0.6180999875068665
2006-06-22,0.607200026512146
2006-06-23,0.6050000190734863
2006-06-26,0.602400004863739
2006-06-27,0.6025999784469604
2006-06-28,0.593999981880188
2006-06-29,0.5990999937057495
2006-06-30,0.6060000061988831
2006-07-03,0.6039999723434448
2006-07-04,0.6065999865531921
2006-07-05,0.6021999716758728
2006-07-06,0.6025000214576721
2006-07-07,0.6092000007629395
2006-07-10,0.6086000204086304
2006-07-11,0.6146000027656555
2006-07-12,0.6140000224113464
2006-07-13,0.6172000169754028
2006-07-14,0.6189000010490417
2006-07-17,0.619700014591217
2006-07-18,0.6241999864578247
2006-07-19,0.6216999888420105
2006-07-20,0.6212999820709229
2006-07-21,0.6219000220298767
2006-07-24,0.6219000220298767
2006-07-25,0.6211000084877014
2006-07-26,0.6244000196456909
2006-07-27,0.6175000071525574
2006-07-28,0.6155999898910522
2006-07-31,0.6155999898910522
2006-08-01,0.6183000206947327
2006-08-02,0.6191999912261963
2006-08-03,0.6183000206947327
2006-08-04,0.6243000030517578
2006-08-07,0.6218000054359436
2006-08-08,0.6251999735832214
2006-08-09,0.6280999779701233
2006-08-10,0.6313999891281128
2006-08-11,0.6317999958992004
2006-08-14,0.6276000142097473
2006-08-15,0.6334999799728394
2006-08-16,0.6409000158309937
2006-08-17,0.6383000016212463
2006-08-18,0.6383000016212463
2006-08-21,0.63919997215271
2006-08-22,0.6366000175476074
2006-08-23,0.6385999917984009
2006-08-24,0.6345000267028809
2006-08-25,0.6353999972343445
2006-08-28,0.6376000046730042
2006-08-29,0.6425999999046326
2006-08-30,0.6485000252723694
2006-08-31,0.654699981212616
2006-09-01,0.6535999774932861
2006-09-04,0.6535999774932861
2006-09-05,0.6448000073432922
2006-09-06,0.6485000252723694
2006-09-07,0.6460000276565552
2006-09-08,0.6363000273704529
2006-09-11,0.6384999752044678
2006-09-12,0.6409000158309937
2006-09-13,0.6456000208854675
2006-09-14,0.6599000096321106
2006-09-15,0.6621000170707703
2006-09-18,0.6650000214576721
2006-09-19,0.6561999917030334
2006-09-20,0.6574000120162964
2006-09-21,0.6575999855995178
2006-09-22,0.657800018787384
2006-09-25,0.657800018787384
2006-09-26,0.6621000170707703
2006-09-27,0.6531000137329102
2006-09-28,0.6536999940872192
2006-09-29,0.6499000191688538
2006-10-02,0.6547999978065491
2006-10-03,0.6553999781608582
2006-10-04,0.6596999764442444
2006-10-05,0.6608999967575073
2006-10-06,0.6571999788284302
2006-10-09,0.6571999788284302
2006-10-10,0.656000018119812
2006-10-11,0.6567000150680542
2006-10-12,0.6574000120162964
2006-10-13,0.6549000144004822
2006-10-16,0.6552000045776367
2006-10-17,0.661300003528595
2006-10-18,0.6614999771118164
2006-10-19,0.666700005531311
2006-10-20,0.666100025177002
2006-10-23,0.661300003528595
2006-10-24,0.6610000133514404
2006-10-25,0.6593999862670898
2006-10-26,0.6552000045776367
2006-10-27,0.6604999899864197
2006-10-30,0.6639999747276306
2006-10-31,0.6686999797821045
2006-11-01,0.6717000007629395
2006-11-02,0.6725000143051147
2006-11-03,0.66839998960495
2006-11-06,0.6676999926567078
2006-11-07,0.6690999865531921
2006-11-08,0.6675999760627747
2006-11-09,0.6636999845504761
2006-11-10,0.6643999814987183
2006-11-13,0.6588000059127808
2006-11-14,0.6589000225067139
2006-11-15,0.6579999923706055
2006-11-16,0.6629999876022339
2006-11-17,0.6633999943733215
2006-11-20,0.6682000160217285
2006-11-21,0.6690000295639038
2006-11-22,0.6697999835014343
2006-11-23,0.6689000129699707
2006-11-24,0.6707000136375427
2006-11-27,0.6685000061988831
2006-11-28,0.6802999973297119
2006-11-29,0.6783000230789185
2006-11-30,0.6840000152587891
2006-12-01,0.6870999932289124
2006-12-04,0.6894000172615051
2006-12-05,0.6863999962806702
2006-12-06,0.6830999851226807
2006-12-07,0.6884999871253967
2006-12-08,0.6862999796867371
2006-12-11,0.6873000264167786
2006-12-12,0.6912000179290771
2006-12-13,0.6898999810218811
2006-12-14,0.6894000172615051
2006-12-15,0.6894000172615051
2006-12-18,0.689300000667572
2006-12-19,0.6902999877929688
2006-12-20,0.6937000155448914
2006-12-21,0.6923999786376953
2006-12-22,0.6969000101089478
2006-12-26,0.6974999904632568
2006-12-27,0.6988000273704529
2006-12-28,0.7023000121116638
2006-12-29,0.7006000280380249
2007-01-02,0.7049999833106995
2007-01-03,0.7045000195503235
2007-01-04,0.6948999762535095
2007-01-05,0.6843000054359436
2007-01-08,0.6854000091552734
2007-01-09,0.6887999773025513
2007-01-10,0.6837999820709229
2007-01-11,0.6894000172615051
2007-01-12,0.6881999969482422
2007-01-15,0.6917999982833862
2007-01-16,0.6930999755859375
2007-01-17,0.6887999773025513
2007-01-18,0.6934000253677368
2007-01-19,0.6933000087738037
2007-01-22,0.6962000131607056
2007-01-23,0.6992999911308289
2007-01-24,0.6930000185966492
2007-01-25,0.6951000094413757
2007-01-26,0.6926000118255615
2007-01-29,0.6931999921798706
2007-01-30,0.6869999766349792
2007-01-31,0.6868000030517578
2007-02-01,0.6805999875068665
2007-02-02,0.6797999739646912
2007-02-05,0.6816999912261963
2007-02-06,0.6798999905586243
2007-02-07,0.6827999949455261
2007-02-08,0.6823999881744385
2007-02-09,0.6804999709129333
2007-02-12,0.6829000115394592
2007-02-13,0.6880000233650208
2007-02-14,0.6930999755859375
2007-02-15,0.6930000185966492
2007-02-16,0.6959999799728394
2007-02-20,0.7006000280380249
2007-02-21,0.7052000164985657
2007-02-22,0.7045999765396118
2007-02-23,0.7049999833106995
2007-02-26,0.7099999785423279
2007-02-27,0.6998999714851379
2007-02-28,0.7003999948501587
2007-03-01,0.6927000284194946
2007-03-02,0.6880999803543091
2007-03-05,0.6747999787330627
2007-03-06,0.6814000010490417
2007-03-07,0.6844000220298767
2007-03-08,0.6840000152587891
2007-03-09,0.6898000240325928
2007-03-12,0.6948999762535095
2007-03-13,0.691100001335144
2007-03-14,0.6909000277519226
2007-03-15,0.6959999799728394
2007-03-16,0.6984000205993652
2007-03-19,0.7017999887466431
2007-03-20,0.70169997215271
2007-03-21,0.7062000036239624
2007-03-22,0.7080000042915344
2007-03-23,0.7080000042915344
2007-03-26,0.7128000259399414
2007-03-27,0.7139000296592712
2007-03-28,0.7057999968528748
2007-03-29,0.7109000086784363
2007-03-30,0.7109000086784363
2007-04-02,0.7174000144004822
2007-04-03,0.7161999940872192
2007-04-04,0.7172999978065491
2007-04-05,0.7199000120162964
2007-04-09,0.7164000272750854
2007-04-10,0.7257999777793884
2007-04-11,0.724399983882904
2007-04-12,0.7261000275611877
2007-04-13,0.7340999841690063
2007-04-16,0.7357000112533569
2007-04-17,0.7408999800682068
2007-04-18,0.7419000267982483
2007-04-19,0.7412999868392944
2007-04-20,0.744700014591217
2007-04-23,0.7419999837875366
2007-04-24,0.7400000095367432
2007-04-25,0.7415000200271606
2007-04-26,0.7368999719619751
2007-04-27,0.7396000027656555
2007-04-30,0.7397000193595886
2007-05-01,0.7390999794006348
2007-05-02,0.7355999946594238
2007-05-03,0.7336000204086304
2007-05-04,0.7329999804496765
2007-05-07,0.7354000210762024
2007-05-08,0.7347999811172485
2007-05-09,0.7322999835014343
2007-05-10,0.7275000214576721
2007-05-11,0.7319999933242798
2007-05-14,0.7354000210762024
2007-05-15,0.7358999848365784
2007-05-16,0.7314000129699707
2007-05-17,0.7293999791145325
2007-05-18,0.7289000153541565
2007-05-21,0.7290999889373779
2007-05-22,0.7253000140190125
2007-05-23,0.7283999919891357
2007-05-24,0.7246000170707703
2007-05-25,0.7247999906539917
2007-05-29,0.7251999974250793
2007-05-30,0.7293999791145325
2007-05-31,0.7365000247955322
2007-06-01,0.7433000206947327
2007-06-04,0.7461000084877014
2007-06-05,0.7487000226974487
2007-06-06,0.7501000165939331
2007-06-07,0.7520999908447266
2007-06-08,0.760699987411499
2007-06-11,0.7505000233650208
2007-06-12,0.7515000104904175
2007-06-13,0.7504000067710876
2007-06-14,0.7505000233650208
2007-06-15,0.7534999847412109
2007-06-18,0.7534999847412109
2007-06-19,0.7537000179290771
2007-06-20,0.756600022315979
2007-06-21,0.7576000094413757
2007-06-22,0.7605999708175659
2007-06-25,0.7591999769210815
2007-06-26,0.7617999911308289
2007-06-27,0.753600001335144
2007-06-28,0.7638999819755554
2007-06-29,0.7649000287055969
2007-07-02,0.7781000137329102
2007-07-03,0.7767000198364258
2007-07-05,0.7777000069618225
2007-07-06,0.7757999897003174
2007-07-09,0.7759000062942505
2007-07-10,0.7748000025749207
2007-07-11,0.7754999995231628
2007-07-12,0.7793999910354614
2007-07-13,0.7818999886512756
2007-07-16,0.7882000207901001
2007-07-17,0.7871999740600586
2007-07-18,0.7892000079154968
2007-07-19,0.7896999716758728
2007-07-20,0.7928000092506409
2007-07-23,0.8015999794006348
2007-07-24,0.8044999837875366
2007-07-25,0.7993000149726868
2007-07-26,0.7791000008583069
2007-07-27,0.7638999819755554
2007-07-30,0.7608000040054321
2007-07-31,0.7631000280380249
2007-08-01,0.7569000124931335
2007-08-02,0.7639999985694885
2007-08-03,0.7613000273704529
2007-08-06,0.7603999972343445
2007-08-07,0.7572000026702881
2007-08-08,0.7663000226020813
2007-08-09,0.7533000111579895
2007-08-10,0.7430999875068665
2007-08-13,0.7372999787330627
2007-08-14,0.7253000140190125
2007-08-15,0.7139000296592712
2007-08-16,0.6779999732971191
2007-08-17,0.690500020980835
2007-08-20,0.698199987411499
2007-08-21,0.6952000260353088
2007-08-22,0.6995999813079834
2007-08-23,0.7098000049591064
2007-08-24,0.7174000144004822
2007-08-27,0.7182999849319458
2007-08-28,0.7014999985694885
2007-08-29,0.7002000212669373
2007-08-30,0.7017999887466431
2007-08-31,0.6984999775886536
2007-09-04,0.6944000124931335
2007-09-05,0.6862000226974487
2007-09-06,0.6924999952316284
2007-09-07,0.6898000240325928
2007-09-10,0.6951000094413757
2007-09-11,0.7060999870300293
2007-09-12,0.7134000062942505
2007-09-13,0.7156999707221985
2007-09-14,0.7125999927520752
2007-09-17,0.7125999927520752
2007-09-18,0.7156999707221985
2007-09-19,0.7272999882698059
2007-09-20,0.7350000143051147
2007-09-21,0.7372000217437744
2007-09-24,0.7394000291824341
2007-09-25,0.7364000082015991
2007-09-26,0.7372000217437744
2007-09-27,0.7451000213623047
2007-09-28,0.7519999742507935
2007-10-01,0.7613999843597412
2007-10-02,0.7562999725341797
2007-10-03,0.7505000233650208
2007-10-04,0.7490000128746033
2007-10-05,0.7559999823570251
2007-10-08,0.7556999921798706
2007-10-09,0.7573999762535095
2007-10-10,0.7572000026702881
2007-10-11,0.767300009727478
2007-10-12,0.7706999778747559
2007-10-15,0.7576000094413757
2007-10-16,0.7383999824523926
2007-10-17,0.7423999905586243
2007-10-18,0.7505000233650208
2007-10-19,0.7473000288009644
2007-10-22,0.7384999990463257
2007-10-23,0.7523999810218811
2007-10-24,0.748199999332428
2007-10-25,0.7581999897956848
2007-10-26,0.7623999714851379
2007-10-29,0.7638000249862671
2007-10-30,0.7623000144958496
2007-10-31,0.7699999809265137
2007-11-01,0.7587000131607056
2007-11-02,0.7595000267028809
2007-11-05,0.7652999758720398
2007-11-06,0.775600016117096
2007-11-07,0.777899980545044
2007-11-08,0.7702000141143799
2007-11-09,0.7642999887466431
2007-11-12,0.7465999722480774
2007-11-13,0.7531999945640564
2007-11-14,0.763700008392334
2007-11-15,0.7524999976158142
2007-11-16,0.7523000240325928
2007-11-19,0.7533000111579895
2007-11-20,0.758400022983551
2007-11-21,0.7484999895095825
2007-11-23,0.756600022315979
2007-11-26,0.751800000667572
2007-11-27,0.7562999725341797
2007-11-28,0.774399995803833
2007-11-29,0.7699000239372253
2007-11-30,0.7601000070571899
2007-12-03,0.76419997215271
2007-12-04,0.7615000009536743
2007-12-05,0.763700008392334
2007-12-06,0.7770000100135803
2007-12-07,0.7760999798774719
2007-12-10,0.77920001745224
2007-12-11,0.7760000228881836
2007-12-12,0.7900000214576721
2007-12-13,0.7799999713897705
2007-12-14,0.7670000195503235
2007-12-17,0.753000020980835
2007-12-18,0.7465999722480774
2007-12-19,0.7480999827384949
2007-12-20,0.7512000203132629
2007-12-21,0.7560999989509583
2007-12-24,0.7595999836921692
2007-12-26,0.7599999904632568
2007-12-27,0.7651000022888184
2007-12-28,0.7662000060081482
2007-12-31,0.7594000101089478
2008-01-02,0.7682999968528748
2008-01-03,0.7649000287055969
2008-01-04,0.7601000070571899
2008-01-07,0.7595999836921692
2008-01-08,0.7652000188827515
2008-01-09,0.7649000287055969
2008-01-10,0.7792999744415283
2008-01-11,0.7759000062942505
2008-01-14,0.7835000157356262
2008-01-15,0.7753999829292297
2008-01-16,0.7664999961853027
2008-01-17,0.7613999843597412
2008-01-18,0.7530999779701233
2008-01-22,0.7580000162124634
2008-01-23,0.7538999915122986
2008-01-24,0.767799973487854
2008-01-25,0.7633000016212463
2008-01-28,0.7710999846458435
2008-01-29,0.7721999883651733
2008-01-30,0.7847999930381775
2008-01-31,0.7833999991416931
2008-02-01,0.7882999777793884
2008-02-04,0.7889000177383423
2008-02-05,0.7785000205039978
2008-02-06,0.7807000279426575
2008-02-07,0.7824000120162964
2008-02-08,0.7836999893188477
2008-02-11,0.7853000164031982
2008-02-12,0.7876999974250793
2008-02-13,0.7793999910354614
2008-02-14,0.7853999733924866
2008-02-15,0.7843000292778015
2008-02-19,0.7960000038146973
2008-02-20,0.7950999736785889
2008-02-21,0.796999990940094
2008-02-22,0.8044999837875366
2008-02-25,0.8077999949455261
2008-02-26,0.8129000067710876
2008-02-27,0.8126000165939331
2008-02-28,0.814300000667572
2008-02-29,0.7965999841690063
2008-03-03,0.8033000230789185
2008-03-04,0.7979999780654907
2008-03-05,0.7968999743461609
2008-03-06,0.7965999841690063
2008-03-07,0.7910000085830688
2008-03-10,0.7883999943733215
2008-03-11,0.8004999756813049
2008-03-12,0.807699978351593
2008-03-13,0.8174999952316284
2008-03-14,0.8130999803543091
2008-03-17,0.8015000224113464
2008-03-18,0.7935000061988831
2008-03-19,0.7896999716758728
2008-03-20,0.7764999866485596
2008-03-24,0.786300003528595
2008-03-25,0.7961999773979187
2008-03-26,0.7926999926567078
2008-03-27,0.792900025844574
2008-03-28,0.7843000292778015
2008-03-31,0.7759000062942505
2008-04-01,0.7742000222206116
2008-04-02,0.7802000045776367
2008-04-03,0.7774999737739563
2008-04-04,0.7795000076293945
2008-04-07,0.7885000109672546
2008-04-08,0.7889999747276306
2008-04-09,0.7885000109672546
2008-04-10,0.7914999723434448
2008-04-11,0.7856000065803528
2008-04-14,0.7802000045776367
2008-04-15,0.7767999768257141
2008-04-16,0.7815999984741211
2008-04-17,0.7804999947547913
2008-04-18,0.7827000021934509
2008-04-21,0.7860999703407288
2008-04-22,0.7903000116348267
2008-04-23,0.7924000024795532
2008-04-24,0.7832000255584717
2008-04-25,0.7745000123977661
2008-04-28,0.7793999910354614
2008-04-29,0.7674000263214111
2008-04-30,0.7785999774932861
2008-05-01,0.7724999785423279
2008-05-02,0.7760999798774719
2008-05-05,0.779699981212616
2008-05-06,0.7860999703407288
2008-05-07,0.7767999768257141
2008-05-08,0.7663999795913696
2008-05-09,0.7634000182151794
2008-05-12,0.7656999826431274
2008-05-13,0.7609000205993652
2008-05-14,0.7570000290870667
2008-05-15,0.7598999738693237
2008-05-16,0.7692999839782715
2008-05-19,0.7682999968528748
2008-05-20,0.7710999846458435
2008-05-21,0.7728000283241272
2008-05-22,0.7803000211715698
2008-05-23,0.7851999998092651
2008-05-27,0.7871999740600586
2008-05-28,0.7817000150680542
2008-05-29,0.7767999768257141
2008-05-30,0.7824000120162964
2008-06-02,0.7832000255584717
2008-06-03,0.7803000211715698
2008-06-04,0.7784000039100647
2008-06-05,0.7660999894142151
2008-06-06,0.766700029373169
2008-06-09,0.758400022983551
2008-06-10,0.7505999803543091
2008-06-11,0.7555000185966492
2008-06-12,0.75
2008-06-13,0.7494999766349792
2008-06-16,0.7508000135421753
2008-06-17,0.7452999949455261
2008-06-18,0.7490000128746033
2008-06-19,0.7515000104904175
2008-06-20,0.7505999803543091
2008-06-23,0.7462999820709229
2008-06-24,0.748199999332428
2008-06-25,0.7487999796867371
2008-06-26,0.7466999888420105
2008-06-27,0.7511000037193298
2008-06-30,0.7511000037193298
2008-07-01,0.7469000220298767
2008-07-02,0.7513999938964844
2008-07-03,0.7465999722480774
2008-07-07,0.745199978351593
2008-07-08,0.745199978351593
2008-07-09,0.7516999840736389
2008-07-10,0.7516999840736389
2008-07-11,0.7519999742507935
2008-07-14,0.7569000124931335
2008-07-15,0.76419997215271
2008-07-16,0.7641000151634216
2008-07-17,0.7545999884605408
2008-07-18,0.7544999718666077
2008-07-21,0.7541000247001648
2008-07-22,0.7526000142097473
2008-07-23,0.7437000274658203
2008-07-24,0.7351999878883362
2008-07-25,0.7364000082015991
2008-07-28,0.7386999726295471
2008-07-29,0.7340999841690063
2008-07-30,0.7289000153541565
2008-07-31,0.7289999723434448
2008-08-01,0.7218999862670898
2008-08-04,0.7250000238418579
2008-08-05,0.7214000225067139
2008-08-06,0.7138000130653381
2008-08-07,0.7107999920845032
2008-08-08,0.7005000114440918
2008-08-11,0.6956999897956848
2008-08-12,0.6959999799728394
2008-08-13,0.7014999985694885
2008-08-14,0.6965000033378601
2008-08-15,0.703499972820282
2008-08-18,0.7080000042915344
2008-08-19,0.7093999981880188
2008-08-20,0.7091000080108643
2008-08-21,0.7174000144004822
2008-08-22,0.7063000202178955
2008-08-25,0.7020000219345093
2008-08-26,0.6952999830245972
2008-08-27,0.6988999843597412
2008-08-28,0.6995000243186951
2008-08-29,0.6972000002861023
2008-09-02,0.6858999729156494
2008-09-03,0.6830000281333923
2008-09-04,0.6717000007629395
2008-09-05,0.666100025177002
2008-09-08,0.6676999926567078
2008-09-09,0.670799970626831
2008-09-10,0.6654999852180481
2008-09-11,0.6509000062942505
2008-09-12,0.6665999889373779
2008-09-15,0.6614000201225281
2008-09-16,0.6510999798774719
2008-09-17,0.6636000275611877
2008-09-18,0.6674000024795532
2008-09-19,0.6807000041007996
2008-09-22,0.6861000061035156
2008-09-23,0.6771000027656555
2008-09-24,0.6783999800682068
2008-09-25,0.675599992275238
2008-09-26,0.6782000064849854
2008-09-29,0.66839998960495
2008-09-30,0.6639999747276306
2008-10-01,0.6682000160217285
2008-10-02,0.6539999842643738
2008-10-03,0.6571999788284302
2008-10-06,0.616599977016449
2008-10-07,0.6266999840736389
2008-10-08,0.6072999835014343
2008-10-09,0.6136999726295471
2008-10-10,0.5910999774932861
2008-10-13,0.6054999828338623
2008-10-14,0.6169999837875366
2008-10-15,0.6031000018119812
2008-10-16,0.607699990272522
2008-10-17,0.6147000193595886
2008-10-20,0.6202999949455261
2008-10-21,0.6118000149726868
2008-10-22,0.5849000215530396
2008-10-23,0.5756000280380249
2008-10-24,0.555899977684021
2008-10-27,0.5374000072479248
2008-10-28,0.5586000084877014
2008-10-29,0.5827999711036682
2008-10-30,0.5906999707221985
2008-10-31,0.5828999876976013
2008-11-03,0.5909000039100647
2008-11-04,0.6000000238418579
2008-11-05,0.5995000004768372
2008-11-06,0.588100016117096
2008-11-07,0.5875999927520752
2008-11-10,0.5813000202178955
2008-11-11,0.5690000057220459
2008-11-12,0.5591999888420105
2008-11-13,0.5619000196456909
2008-11-14,0.5626000165939331
2008-11-17,0.5552999973297119
2008-11-18,0.5447999835014343
2008-11-19,0.5457000136375427
2008-11-20,0.5253000259399414
2008-11-21,0.5260000228881836
2008-11-24,0.5412999987602234
2008-11-25,0.5439000129699707
2008-11-26,0.551800012588501
2008-11-28,0.5486000180244446
2008-12-01,0.5335000157356262
2008-12-02,0.5285999774932861
2008-12-03,0.5264000296592712
2008-12-04,0.532800018787384
2008-12-05,0.5325999855995178
2008-12-08,0.5468999743461609
2008-12-09,0.5396999716758728
2008-12-10,0.5410000085830688
2008-12-11,0.5497999787330627
2008-12-12,0.545799970626831
2008-12-15,0.5546000003814697
2008-12-16,0.5677000284194946
2008-12-17,0.5860000252723694
2008-12-18,0.5838000178337097
2008-12-19,0.5687000155448914
2008-12-22,0.5688999891281128
2008-12-23,0.5616000294685364
2008-12-24,0.5684999823570251
2008-12-26,0.5727999806404114
2008-12-29,0.5738000273704529
2008-12-30,0.5727999806404114
2008-12-31,0.5825999975204468
2009-01-02,0.5813000202178955
2009-01-05,0.5852000117301941
2009-01-06,0.5942000150680542
2009-01-07,0.5884000062942505
2009-01-08,0.5888000130653381
2009-01-09,0.5885999798774719
2009-01-12,0.574400007724762
2009-01-13,0.5468999743461609
2009-01-14,0.5378999710083008
2009-01-15,0.5354999899864197
2009-01-16,0.5386000275611877
2009-01-20,0.5174999833106995
2009-01-21,0.5256999731063843
2009-01-22,0.5263000130653381
2009-01-23,0.5281000137329102
2009-01-26,0.5220000147819519
2009-01-27,0.5271999835968018
2009-01-28,0.5284000039100647
2009-01-29,0.5120000243186951
2009-01-30,0.5044999718666077
2009-02-02,0.5024999976158142
2009-02-03,0.5121999979019165
2009-02-04,0.5055999755859375
2009-02-05,0.515999972820282
2009-02-06,0.5307999849319458
2009-02-09,0.5371999740600586
2009-02-10,0.5171999931335449
2009-02-11,0.5259000062942505
2009-02-12,0.5138000249862671
2009-02-13,0.5238999724388123
2009-02-17,0.5090000033378601
2009-02-18,0.5094000101089478
2009-02-19,0.5108000040054321
2009-02-20,0.512499988079071
2009-02-23,0.5077999830245972
2009-02-24,0.5144000053405762
2009-02-25,0.508899986743927
2009-02-26,0.508899986743927
2009-02-27,0.503000020980835
2009-03-02,0.4927000105381012
2009-03-03,0.4968999922275543
2009-03-04,0.5073000192642212
2009-03-05,0.49779999256134033
2009-03-06,0.5009999871253967
2009-03-09,0.4934999942779541
2009-03-10,0.5005999803543091
2009-03-11,0.5056999921798706
2009-03-12,0.5206000208854675
2009-03-13,0.5253000259399414
2009-03-16,0.525600016117096
2009-03-17,0.5273000001907349
2009-03-18,0.5411999821662903
2009-03-19,0.5519999861717224
2009-03-20,0.5555999875068665
2009-03-23,0.5674999952316284
2009-03-24,0.5619999766349792
2009-03-25,0.5594000220298767
2009-03-26,0.5720999836921692
2009-03-27,0.5673999786376953
2009-03-30,0.5580000281333923
2009-03-31,0.5680999755859375
2009-04-01,0.564300000667572
2009-04-02,0.5756999850273132
2009-04-03,0.5845000147819519
2009-04-06,0.5846999883651733
2009-04-07,0.5724999904632568
2009-04-08,0.5748999714851379
2009-04-09,0.5799000263214111
2009-04-13,0.5896000266075134
2009-04-14,0.5817999839782715
2009-04-15,0.5755000114440918
2009-04-16,0.569599986076355
2009-04-17,0.5631999969482422
2009-04-20,0.5497999787330627
2009-04-21,0.5601000189781189
2009-04-22,0.5555999875068665
2009-04-23,0.5583000183105469
2009-04-24,0.5697000026702881
2009-04-27,0.5637999773025513
2009-04-28,0.5580000281333923
2009-04-29,0.5735999941825867
2009-04-30,0.5645999908447266
2009-05-01,0.5687999725341797
2009-05-04,0.5716000199317932
2009-05-05,0.57669997215271
2009-05-06,0.5837000012397766
2009-05-07,0.5895000100135803
2009-05-08,0.6029999852180481
2009-05-11,0.6035000085830688
2009-05-12,0.605400025844574
2009-05-13,0.589900016784668
2009-05-14,0.597000002861023
2009-05-15,0.5835000276565552
2009-05-18,0.5922999978065491
2009-05-19,0.6028000116348267
2009-05-20,0.6079999804496765
2009-05-21,0.6057999730110168
2009-05-22,0.6202999949455261
2009-05-26,0.6234999895095825
2009-05-27,0.618399977684021
2009-05-28,0.6229000091552734
2009-05-29,0.6378999948501587
2009-06-01,0.6535000205039978
2009-06-02,0.6579999923706055
2009-06-03,0.6291999816894531
2009-06-04,0.6341000199317932
2009-06-05,0.628000020980835
2009-06-08,0.6175000071525574
2009-06-09,0.6270999908447266
2009-06-10,0.6259999871253967
2009-06-11,0.6460000276565552
2009-06-12,0.6419000029563904
2009-06-15,0.6327999830245972
2009-06-16,0.6284000277519226
2009-06-17,0.6312000155448914
2009-06-18,0.6362000107765198
2009-06-19,0.6403999924659729
2009-06-22,0.6277999877929688
2009-06-23,0.6370999813079834
2009-06-24,0.6367999911308289
2009-06-25,0.6414999961853027
2009-06-26,0.6427000164985657
2009-06-29,0.6482999920845032
2009-06-30,0.6431000232696533
2009-07-01,0.6396999955177307
2009-07-02,0.6274999976158142
2009-07-06,0.6287000179290771
2009-07-07,0.6284999847412109
2009-07-08,0.620199978351593
2009-07-09,0.6281999945640564
2009-07-10,0.6248999834060669
2009-07-13,0.6294000148773193
2009-07-14,0.6327999830245972
2009-07-15,0.6485999822616577
2009-07-16,0.6450999975204468
2009-07-17,0.6427000164985657
2009-07-20,0.6545000076293945
2009-07-21,0.6514000296592712
2009-07-22,0.659500002861023
2009-07-23,0.6546000242233276
2009-07-24,0.6546000242233276
2009-07-27,0.65420001745224
2009-07-28,0.6567000150680542
2009-07-29,0.6517999768257141
2009-07-30,0.651199996471405
2009-07-31,0.6589000225067139
2009-08-03,0.6647999882698059
2009-08-04,0.6642000079154968
2009-08-05,0.6722000241279602
2009-08-06,0.6682999730110168
2009-08-07,0.6704999804496765
2009-08-10,0.67330002784729
2009-08-11,0.6672000288963318
2009-08-12,0.6736000180244446
2009-08-13,0.677299976348877
2009-08-14,0.6741999983787537
2009-08-17,0.6682999730110168
2009-08-18,0.673799991607666
2009-08-19,0.6728000044822693
2009-08-20,0.6751999855041504
2009-08-21,0.6818000078201294
2009-08-24,0.6850000023841858
2009-08-25,0.6837000250816345
2009-08-26,0.680400013923645
2009-08-27,0.6876999735832214
2009-08-28,0.6837999820709229
2009-08-31,0.6843000054359436
2009-09-01,0.6736000180244446
2009-09-02,0.67330002784729
2009-09-03,0.6761000156402588
2009-09-04,0.6876000165939331
2009-09-08,0.6955000162124634
2009-09-09,0.6952999830245972
2009-09-10,0.7031999826431274
2009-09-11,0.7070000171661377
2009-09-14,0.7002999782562256
2009-09-15,0.6996999979019165
2009-09-16,0.7099000215530396
2009-09-17,0.7064999938011169
2009-09-18,0.7062000036239624
2009-09-21,0.7028999924659729
2009-09-22,0.7159000039100647
2009-09-23,0.7210999727249146
2009-09-24,0.7124999761581421
2009-09-25,0.7141000032424927
2009-09-28,0.7127000093460083
2009-09-29,0.7116000056266785
2009-09-30,0.7202000021934509
2009-10-01,0.7127000093460083
2009-10-02,0.7128999829292297
2009-10-05,0.7279000282287598
2009-10-06,0.7290999889373779
2009-10-07,0.7301999926567078
2009-10-08,0.739799976348877
2009-10-09,0.7307999730110168
2009-10-12,0.7315000295639038
2009-10-13,0.7304999828338623
2009-10-14,0.7347999811172485
2009-10-15,0.7402999997138977
2009-10-16,0.7364000082015991
2009-10-19,0.7508000135421753
2009-10-20,0.7447999715805054
2009-10-21,0.7595000267028809
2009-10-22,0.7556999921798706
2009-10-23,0.7512000203132629
2009-10-26,0.7439000010490417
2009-10-27,0.742900013923645
2009-10-28,0.7261999845504761
2009-10-29,0.7336000204086304
2009-10-30,0.7159000039100647
2009-11-02,0.7139000296592712
2009-11-03,0.7178000211715698
2009-11-04,0.7278000116348267
2009-11-05,0.7196999788284302
2009-11-06,0.7215999960899353
2009-11-09,0.7404000163078308
2009-11-10,0.7412999868392944
2009-11-11,0.738099992275238
2009-11-12,0.7311999797821045
2009-11-13,0.7408999800682068
2009-11-16,0.7476000189781189
2009-11-17,0.7423999905586243
2009-11-18,0.7425000071525574
2009-11-19,0.7297999858856201
2009-11-20,0.722599983215332
2009-11-23,0.7324000000953674
2009-11-24,0.7253000140190125
2009-11-25,0.7297000288963318
2009-11-27,0.708299994468689
2009-11-30,0.7132999897003174
2009-12-01,0.7265999913215637
2009-12-02,0.7214000225067139
2009-12-03,0.7240999937057495
2009-12-04,0.7135999798774719
2009-12-07,0.7125999927520752
2009-12-08,0.7052000164985657
2009-12-09,0.7123000025749207
2009-12-10,0.7282000184059143
2009-12-11,0.723800003528595
2009-12-14,0.7263000011444092
2009-12-15,0.7168999910354614
2009-12-16,0.7150999903678894
2009-12-17,0.7056000232696533
2009-12-18,0.7059999704360962
2009-12-21,0.699999988079071
2009-12-22,0.6984999775886536
2009-12-23,0.7005000114440918
2009-12-24,0.7021999955177307
2009-12-28,0.7041000127792358
2009-12-29,0.714900016784668
2009-12-30,0.7172999978065491
2009-12-31,0.7221999764442444
2010-01-04,0.7300000190734863
2010-01-05,0.7310000061988831
2010-01-06,0.7350999712944031
2010-01-07,0.730400025844574
2010-01-08,0.7328000068664551
2010-01-11,0.739799976348877
2010-01-12,0.7361000180244446
2010-01-13,0.7368999719619751
2010-01-14,0.739799976348877
2010-01-15,0.7342000007629395
2010-01-19,0.7357000112533569
2010-01-20,0.7167999744415283
2010-01-21,0.7102000117301941
2010-01-22,0.7077000141143799
2010-01-25,0.7121000289916992
2010-01-26,0.7067999839782715
2010-01-27,0.7031999826431274
2010-01-28,0.7027999758720398
2010-01-29,0.7006999850273132
2010-02-01,0.7067000269889832
2010-02-02,0.7095000147819519
2010-02-03,0.7063000202178955
2010-02-04,0.6866000294685364
2010-02-05,0.6832000017166138
2010-02-08,0.6832000017166138
2010-02-09,0.6909999847412109
2010-02-10,0.6926000118255615
2010-02-11,0.6998000144958496
2010-02-12,0.6953999996185303
2010-02-16,0.7049000263214111
2010-02-17,0.7024999856948853
2010-02-18,0.7049999833106995
2010-02-19,0.6970999836921692
2010-02-22,0.7008000016212463
2010-02-23,0.6916000247001648
2010-02-24,0.6916000247001648
2010-02-25,0.6888999938964844
2010-02-26,0.6990000009536743
2010-03-01,0.6991000175476074
2010-03-02,0.6955000162124634
2010-03-03,0.6931999921798706
2010-03-04,0.6858000159263611
2010-03-05,0.6962000131607056
2010-03-08,0.7002000212669373
2010-03-09,0.7023000121116638
2010-03-10,0.7085000276565552
2010-03-11,0.7003999948501587
2010-03-12,0.701200008392334
2010-03-15,0.7009999752044678
2010-03-16,0.7046999931335449
2010-03-17,0.7102000117301941
2010-03-18,0.7105000019073486
2010-03-19,0.704800009727478
2010-03-22,0.7016000151634216
2010-03-23,0.70169997215271
2010-03-24,0.6992999911308289
2010-03-25,0.7010999917984009
2010-03-26,0.6995000243186951
2010-03-29,0.7049999833106995
2010-03-30,0.7063999772071838
2010-03-31,0.7064999938011169
2010-04-01,0.7032999992370605
2010-04-05,0.7006999850273132
2010-04-06,0.7027999758720398
2010-04-07,0.705299973487854
2010-04-08,0.7038000226020813
2010-04-09,0.7116000056266785
2010-04-12,0.7095999717712402
2010-04-13,0.7077999711036682
2010-04-14,0.7109000086784363
2010-04-15,0.7093999981880188
2010-04-16,0.7056000232696533
2010-04-19,0.70660001039505
2010-04-20,0.7085000276565552
2010-04-21,0.7074000239372253
2010-04-22,0.7085000276565552
2010-04-23,0.7134000062942505
2010-04-26,0.7203999757766724
2010-04-27,0.7095000147819519
2010-04-28,0.7186999917030334
2010-04-29,0.7214000225067139
2010-04-30,0.725600004196167
2010-05-03,0.7300999760627747
2010-05-04,0.717199981212616
2010-05-05,0.7143999934196472
2010-05-06,0.707099974155426
2010-05-07,0.7128000259399414
2010-05-10,0.7200999855995178
2010-05-11,0.7174000144004822
2010-05-12,0.7103999853134155
2010-05-13,0.7146000266075134
2010-05-14,0.7049999833106995
2010-05-17,0.6948000192642212
2010-05-18,0.6919999718666077
2010-05-19,0.6729999780654907
2010-05-20,0.6708999872207642
2010-05-21,0.6743999719619751
2010-05-24,0.6728000044822693
2010-05-25,0.6638000011444092
2010-05-26,0.6629999876022339
2010-05-27,0.6812999844551086
2010-05-28,0.6772000193595886
2010-06-01,0.6796000003814697
2010-06-02,0.6790000200271606
2010-06-03,0.682699978351593
2010-06-04,0.6685000061988831
2010-06-07,0.6600000262260437
2010-06-08,0.6629999876022339
2010-06-09,0.6657000184059143
2010-06-10,0.6861000061035156
2010-06-11,0.6881999969482422
2010-06-14,0.6990000009536743
2010-06-15,0.6934000253677368
2010-06-16,0.6934999823570251
2010-06-17,0.6980000138282776
2010-06-18,0.701200008392334
2010-06-21,0.7045000195503235
2010-06-22,0.7010999917984009
2010-06-23,0.7099000215530396
2010-06-24,0.7064999938011169
2010-06-25,0.7107999920845032
2010-06-28,0.7050999999046326
2010-06-29,0.6894000172615051
2010-06-30,0.683899998664856
2010-07-01,0.6850000023841858
2010-07-02,0.6841999888420105
2010-07-06,0.6888999938964844
2010-07-07,0.7006000280380249
2010-07-08,0.7049999833106995
2010-07-09,0.7064999938011169
2010-07-12,0.7070000171661377
2010-07-13,0.7156999707221985
2010-07-14,0.7195000052452087
2010-07-15,0.7242000102996826
2010-07-16,0.7095000147819519
2010-07-19,0.7041000127792358
2010-07-20,0.7121000289916992
2010-07-21,0.7095999717712402
2010-07-22,0.7226999998092651
2010-07-23,0.723800003528595
2010-07-26,0.7310000061988831
2010-07-27,0.7297999858856201
2010-07-28,0.7253999710083008
2010-07-29,0.7232000231742859
2010-07-30,0.722100019454956
2010-08-02,0.7303000092506409
2010-08-03,0.732699990272522
2010-08-04,0.7329999804496765
2010-08-05,0.7264999747276306
2010-08-06,0.7294999957084656
2010-08-09,0.7269999980926514
2010-08-10,0.7232999801635742
2010-08-11,0.7139000296592712
2010-08-12,0.7056999802589417
2010-08-13,0.7037000060081482
2010-08-16,0.705299973487854
2010-08-17,0.7114999890327454
2010-08-18,0.713699996471405
2010-08-19,0.7052000164985657
2010-08-20,0.705299973487854
2010-08-23,0.7067999839782715
2010-08-24,0.7035999894142151
2010-08-25,0.6966000199317932
2010-08-26,0.7016000151634216
2010-08-27,0.7110999822616577
2010-08-30,0.7077000141143799
2010-08-31,0.6960999965667725
2010-09-01,0.7109000086784363
2010-09-02,0.7143999934196472
2010-09-03,0.7203999757766724
2010-09-07,0.720300018787384
2010-09-08,0.7226999998092651
2010-09-09,0.7260000109672546
2010-09-10,0.7282999753952026
2010-09-13,0.7328000068664551
2010-09-14,0.732200026512146
2010-09-15,0.7258999943733215
2010-09-16,0.718999981880188
2010-09-17,0.7218000292778015
2010-09-20,0.7246999740600586
2010-09-21,0.7299000024795532
2010-09-22,0.732699990272522
2010-09-23,0.7271000146865845
2010-09-24,0.728600025177002
2010-09-27,0.7317000031471252
2010-09-28,0.7343999743461609
2010-09-29,0.7347000241279602
2010-09-30,0.7310000061988831
2010-10-01,0.7401000261306763
2010-10-04,0.737500011920929
2010-10-05,0.7444999814033508
2010-10-06,0.7487999796867371
2010-10-07,0.7458999752998352
2010-10-08,0.7495999932289124
2010-10-11,0.7490000128746033
2010-10-12,0.7511000037193298
2010-10-13,0.7581999897956848
2010-10-14,0.7522000074386597
2010-10-15,0.7502999901771545
2010-10-18,0.7554000020027161
2010-10-19,0.7418000102043152
2010-10-20,0.7516999840736389
2010-10-21,0.743399977684021
2010-10-22,0.7440999746322632
2010-10-25,0.7504000067710876
2010-10-26,0.7458000183105469
2010-10-27,0.7401000261306763
2010-10-28,0.7508999705314636
2010-10-29,0.7585999965667725
2010-11-01,0.763700008392334
2010-11-02,0.7692000269889832
2010-11-03,0.7756999731063843
2010-11-04,0.7932999730110168
2010-11-05,0.7922000288963318
2010-11-08,0.7860000133514404
2010-11-09,0.7813000082969666
2010-11-10,0.7817999720573425
2010-11-11,0.7767000198364258
2010-11-12,0.7720000147819519
2010-11-15,0.7728000283241272
2010-11-16,0.7659000158309937
2010-11-17,0.7688000202178955
2010-11-18,0.7763000130653381
2010-11-19,0.7768999934196472
2010-11-22,0.7714999914169312
2010-11-23,0.7577000260353088
2010-11-24,0.7598999738693237
2010-11-26,0.7487999796867371
2010-11-29,0.746399998664856
2010-11-30,0.7434999942779541
2010-12-01,0.7497000098228455
2010-12-02,0.7540000081062317
2010-12-03,0.7634999752044678
2010-12-06,0.7616999745368958
2010-12-07,0.758400022983551
2010-12-08,0.7491999864578247
2010-12-09,0.7476000189781189
2010-12-10,0.7473000288009644
2010-12-13,0.7544000148773193
2010-12-14,0.7476999759674072
2010-12-15,0.7333999872207642
2010-12-16,0.7328000068664551
2010-12-17,0.7328000068664551
2010-12-20,0.7376999855041504
2010-12-21,0.7372999787330627
2010-12-22,0.7371000051498413
2010-12-23,0.7445999979972839
2010-12-27,0.7451000213623047
2010-12-28,0.7505999803543091
2010-12-29,0.7620999813079834
2010-12-30,0.7675999999046326
2010-12-31,0.7752000093460083
2011-01-03,0.770799994468689
2011-01-04,0.7634000182151794
2011-01-05,0.7560999989509583
2011-01-06,0.7533000111579895
2011-01-07,0.7565000057220459
2011-01-10,0.7598000168800354
2011-01-11,0.7562000155448914
2011-01-12,0.7588000297546387
2011-01-13,0.7651000022888184
2011-01-14,0.765999972820282
2011-01-18,0.767799973487854
2011-01-19,0.7659000158309937
2011-01-20,0.7545999884605408
2011-01-21,0.7538999915122986
2011-01-24,0.760200023651123
2011-01-25,0.7610999941825867
2011-01-26,0.7628999948501587
2011-01-27,0.7702999711036682
2011-01-28,0.7709000110626221
2011-01-31,0.7695000171661377
2011-02-01,0.7777000069618225
2011-02-02,0.7766000032424927
2011-02-03,0.7706000208854675
2011-02-04,0.7664999961853027
2011-02-07,0.7692000269889832
2011-02-08,0.7724999785423279
2011-02-09,0.7685999870300293
2011-02-10,0.7605999708175659
2011-02-11,0.7584999799728394
2011-02-14,0.7555999755859375
2011-02-15,0.7502999901771545
2011-02-16,0.754800021648407
2011-02-17,0.7580000162124634
2011-02-18,0.7610999941825867
2011-02-22,0.745199978351593
2011-02-23,0.7437999844551086
2011-02-24,0.746999979019165
2011-02-25,0.7501999735832214
2011-02-28,0.7524999976158142
2011-03-01,0.7475000023841858
2011-03-02,0.7430999875068665
2011-03-03,0.7398999929428101
2011-03-04,0.7369999885559082
2011-03-07,0.7361000180244446
2011-03-08,0.7390999794006348
2011-03-09,0.7384999990463257
2011-03-10,0.7342000007629395
2011-03-11,0.743399977684021
2011-03-14,0.7376999855041504
2011-03-15,0.7257000207901001
2011-03-16,0.7249000072479248
2011-03-17,0.7139999866485596
2011-03-18,0.7275000214576721
2011-03-21,0.7304999828338623
2011-03-22,0.7373999953269958
2011-03-23,0.7384999990463257
2011-03-24,0.7465999722480774
2011-03-25,0.7498000264167786
2011-03-28,0.7495999932289124
2011-03-29,0.753600001335144
2011-03-30,0.758899986743927
2011-03-31,0.7598999738693237
2011-04-01,0.7646999955177307
2011-04-04,0.7639999985694885
2011-04-05,0.7649999856948853
2011-04-06,0.776199996471405
2011-04-07,0.7749000191688538
2011-04-08,0.7773000001907349
2011-04-11,0.775600016117096
2011-04-12,0.7821000218391418
2011-04-13,0.7850000262260437
2011-04-14,0.7901999950408936
2011-04-15,0.7961000204086304
2011-04-18,0.7870000004768372
2011-04-19,0.7843999862670898
2011-04-20,0.7918999791145325
2011-04-21,0.7993999719619751
2011-04-25,0.7975999712944031
2011-04-26,0.8032000064849854
2011-04-27,0.8026000261306763
2011-04-28,0.7978000044822693
2011-04-29,0.8075000047683716
2011-05-02,0.805400013923645
2011-05-03,0.795199990272522
2011-05-04,0.7879999876022339
2011-05-05,0.7817000150680542
2011-05-06,0.7875000238418579
2011-05-09,0.7922999858856201
2011-05-10,0.7928000092506409
2011-05-11,0.7861999869346619
2011-05-12,0.7930999994277954
2011-05-13,0.7860000133514404
2011-05-16,0.781000018119812
2011-05-17,0.7825999855995178
2011-05-18,0.786300003528595
2011-05-19,0.7883999943733215
2011-05-20,0.7973999977111816
2011-05-23,0.7907000184059143
2011-05-24,0.7958999872207642
2011-05-25,0.7972000241279602
2011-05-26,0.8101999759674072
2011-05-27,0.817300021648407
2011-05-31,0.8227999806404114
2011-06-01,0.8179000020027161
2011-06-02,0.8159999847412109
2011-06-03,0.8169999718666077
2011-06-06,0.8133000135421753
2011-06-07,0.8220999836921692
2011-06-08,0.8151999711990356
2011-06-09,0.8276000022888184
2011-06-10,0.8226000070571899
2011-06-13,0.814300000667572
2011-06-14,0.8137999773025513
2011-06-15,0.7997000217437744
2011-06-16,0.7949000000953674
2011-06-17,0.8075000047683716
2011-06-20,0.8047000169754028
2011-06-21,0.8069999814033508
2011-06-22,0.8108999729156494
2011-06-23,0.8069999814033508
2011-06-24,0.8051999807357788
2011-06-27,0.8007000088691711
2011-06-28,0.8073999881744385
2011-06-29,0.8184999823570251
2011-06-30,0.8233000040054321
2011-07-01,0.8240000009536743
2011-07-05,0.8217999935150146
2011-07-06,0.8230999708175659
2011-07-07,0.8274999856948853
2011-07-08,0.8321999907493591
2011-07-11,0.8253999948501587
2011-07-12,0.8166999816894531
2011-07-13,0.832099974155426
2011-07-14,0.8375999927520752
2011-07-15,0.8409000039100647
2011-07-18,0.840499997138977
2011-07-19,0.852400004863739
2011-07-20,0.8529000282287598
2011-07-21,0.8598999977111816
2011-07-22,0.8615999817848206
2011-07-25,0.8628000020980835
2011-07-26,0.8687999844551086
2011-07-27,0.8657000064849854
2011-07-28,0.8665000200271606
2011-07-29,0.875
2011-08-01,0.8729000091552734
2011-08-02,0.8661999702453613
2011-08-03,0.8600000143051147
2011-08-04,0.8402000069618225
2011-08-05,0.8406999707221985
2011-08-08,0.8205999732017517
2011-08-09,0.8075000047683716
2011-08-10,0.8119999766349792
2011-08-11,0.8263999819755554
2011-08-12,0.8303999900817871
2011-08-15,0.8310999870300293
2011-08-16,0.8335999846458435
2011-08-17,0.8360999822616577
2011-08-18,0.8180000185966492
2011-08-19,0.8179000020027161
2011-08-22,0.8235999941825867
2011-08-23,0.8320000171661377
2011-08-24,0.8253999948501587
2011-08-25,0.8271999955177307
2011-08-26,0.8366000056266785
2011-08-29,0.8440999984741211
2011-08-30,0.853600025177002
2011-08-31,0.8514000177383423
2011-09-01,0.8501999974250793
2011-09-02,0.8446000218391418
2011-09-06,0.8198999762535095
2011-09-07,0.8306000232696533
2011-09-08,0.8320000171661377
2011-09-09,0.8199999928474426
2011-09-12,0.8154000043869019
2011-09-13,0.8255000114440918
2011-09-14,0.8180999755859375
2011-09-15,0.8228999972343445
2011-09-16,0.8300999999046326
2011-09-19,0.8187999725341797
2011-09-20,0.8190000057220459
2011-09-21,0.8015000224113464
2011-09-22,0.7713000178337097
2011-09-23,0.7681999802589417
2011-09-26,0.7714999914169312
2011-09-27,0.7878999710083008
2011-09-28,0.7748000025749207
2011-09-29,0.7620000243186951
2011-09-30,0.7594000101089478
2011-10-03,0.7515000104904175
2011-10-04,0.7455000281333923
2011-10-05,0.7620999813079834
2011-10-06,0.767300009727478
2011-10-07,0.7667999863624573
2011-10-10,0.7815999984741211
2011-10-11,0.7785000205039978
2011-10-12,0.7947999835014343
2011-10-13,0.7922999858856201
2011-10-14,0.8015999794006348
2011-10-17,0.7903000116348267
2011-10-18,0.7915999889373779
2011-10-19,0.7886000275611877
2011-10-20,0.7918000221252441
2011-10-21,0.7986000180244446
2011-10-24,0.805899977684021
2011-10-25,0.7943000197410583
2011-10-26,0.7918999791145325
2011-10-27,0.8167999982833862
2011-10-28,0.8198999762535095
2011-10-31,0.8093000054359436
2011-11-01,0.7925999760627747
2011-11-02,0.7875999808311462
2011-11-03,0.7928000092506409
2011-11-04,0.7926999926567078
2011-11-07,0.794700026512146
2011-11-08,0.7961999773979187
2011-11-09,0.7792999744415283
2011-11-10,0.7738000154495239
2011-11-11,0.7839000225067139
2011-11-14,0.7754999995231628
2011-11-15,0.7696999907493591
2011-11-16,0.767799973487854
2011-11-17,0.7559000253677368
2011-11-18,0.7545999884605408
2011-11-21,0.7458999752998352
2011-11-22,0.7457000017166138
2011-11-23,0.7383000254631042
2011-11-25,0.738099992275238
2011-11-28,0.7531999945640564
2011-11-29,0.7609999775886536
2011-11-30,0.7785000205039978
2011-12-01,0.7789000272750854
2011-12-02,0.7777000069618225
2011-12-05,0.7796000242233276
2011-12-06,0.7804999947547913
2011-12-07,0.7773000001907349
2011-12-08,0.7731999754905701
2011-12-09,0.7749999761581421
2011-12-12,0.7620999813079834
2011-12-13,0.7584999799728394
2011-12-14,0.7502999901771545
2011-12-15,0.7527999877929688
2011-12-16,0.7613000273704529
2011-12-19,0.7609000205993652
2011-12-20,0.7638999819755554
2011-12-21,0.7638000249862671
2011-12-22,0.7687000036239624
2011-12-23,0.7706999778747559
2011-12-27,0.7680000066757202
2011-12-28,0.7649999856948853
2011-12-29,0.766700029373169
2011-12-30,0.7767000198364258
2012-01-03,0.7864999771118164
2012-01-04,0.7835999727249146
2012-01-05,0.7777000069618225
2012-01-06,0.7777000069618225
2012-01-09,0.7836999893188477
2012-01-10,0.7904999852180481
2012-01-11,0.792900025844574
2012-01-12,0.791100025177002
2012-01-13,0.7889000177383423
2012-01-17,0.7958999872207642
2012-01-18,0.8040000200271606
2012-01-19,0.7990999817848206
2012-01-20,0.8029000163078308
2012-01-23,0.8076000213623047
2012-01-24,0.8079000115394592
2012-01-25,0.8112000226974487
2012-01-26,0.8169000148773193
2012-01-27,0.821399986743927
2012-01-30,0.817300021648407
2012-01-31,0.8223999738693237
2012-02-01,0.8296999931335449
2012-02-02,0.8313000202178955
2012-02-03,0.8343999981880188
2012-02-06,0.83160001039505
2012-02-07,0.8327999711036682
2012-02-08,0.8327000141143799
2012-02-09,0.8323000073432922
2012-02-10,0.8256999850273132
2012-02-13,0.8335000276565552
2012-02-14,0.8263000249862671
2012-02-15,0.8317999839782715
2012-02-16,0.8313000202178955
2012-02-17,0.833299994468689
2012-02-21,0.8324999809265137
2012-02-22,0.8281999826431274
2012-02-23,0.8325999975204468
2012-02-24,0.835099995136261
2012-02-27,0.8385999798774719
2012-02-28,0.8359000086784363
2012-02-29,0.8366000056266785
2012-03-01,0.8378000259399414
2012-03-02,0.8281000256538391
2012-03-05,0.8202000260353088
2012-03-06,0.8100000023841858
2012-03-07,0.8192999958992004
2012-03-08,0.8255000114440918
2012-03-09,0.820900022983551
2012-03-12,0.8170999884605408
2012-03-13,0.8197000026702881
2012-03-14,0.8076000213623047
2012-03-15,0.8212000131607056
2012-03-16,0.8238999843597412
2012-03-19,0.8241000175476074
2012-03-20,0.8115000128746033
2012-03-21,0.809499979019165
2012-03-22,0.8033999800682068
2012-03-23,0.8131999969482422
2012-03-26,0.8174999952316284
2012-03-27,0.8177000284194946
2012-03-28,0.8125
2012-03-29,0.8108000159263611
2012-03-30,0.8145999908447266
2012-04-02,0.8210999965667725
2012-04-03,0.8127999901771545
2012-04-04,0.8102999925613403
2012-04-05,0.8122000098228455
2012-04-09,0.8197000026702881
2012-04-10,0.809499979019165
2012-04-11,0.8134999871253967
2012-04-12,0.8241999745368958
2012-04-13,0.8213000297546387
2012-04-16,0.8170999884605408
2012-04-17,0.819100022315979
2012-04-18,0.8126000165939331
2012-04-19,0.8100000023841858
2012-04-20,0.8141000270843506
2012-04-23,0.8097000122070312
2012-04-24,0.8079000115394592
2012-04-25,0.8105000257492065
2012-04-26,0.8133999705314636
2012-04-27,0.8205999732017517
2012-04-30,0.8148999810218811
2012-05-01,0.8126999735832214
2012-05-02,0.8080000281333923
2012-05-03,0.7968999743461609
2012-05-04,0.7929999828338623
2012-05-07,0.7932000160217285
2012-05-08,0.7860000133514404
2012-05-09,0.7829999923706055
2012-05-10,0.7842000126838684
2012-05-11,0.7824000120162964
2012-05-14,0.7760999798774719
2012-05-15,0.7681999802589417
2012-05-16,0.7630000114440918
2012-05-17,0.7642999887466431
2012-05-18,0.7516000270843506
2012-05-21,0.7609999775886536
2012-05-22,0.7567999958992004
2012-05-23,0.7480000257492065
2012-05-24,0.7487000226974487
2012-05-25,0.7541999816894531
2012-05-29,0.7612000107765198
2012-05-30,0.7526999711990356
2012-05-31,0.7526999711990356
2012-06-01,0.7526999711990356
2012-06-04,0.7560999989509583
2012-06-05,0.7552000284194946
2012-06-06,0.7684999704360962
2012-06-07,0.771399974822998
2012-06-08,0.7695000171661377
2012-06-11,0.7710000276565552
2012-06-12,0.7760000228881836
2012-06-13,0.7777000069618225
2012-06-14,0.7795000076293945
2012-06-15,0.7900999784469604
2012-06-18,0.791700005531311
2012-06-19,0.79339998960495
2012-06-20,0.7903000116348267
2012-06-21,0.7832000255584717
2012-06-22,0.7870000004768372
2012-06-25,0.7820000052452087
2012-06-26,0.7879999876022339
2012-06-27,0.7870000004768372
2012-06-28,0.7807999849319458
2012-06-29,0.7979999780654907
2012-07-02,0.800599992275238
2012-07-03,0.8007000088691711
2012-07-05,0.8004000186920166
2012-07-06,0.7924000024795532
2012-07-09,0.7925999760627747
2012-07-10,0.7896999716758728
2012-07-11,0.7915999889373779
2012-07-12,0.7868000268936157
2012-07-13,0.7907999753952026
2012-07-16,0.795199990272522
2012-07-17,0.7955999970436096
2012-07-18,0.7955999970436096
2012-07-19,0.800599992275238
2012-07-20,0.795799970626831
2012-07-23,0.7853999733924866
2012-07-24,0.7825000286102295
2012-07-25,0.7878000140190125
2012-07-26,0.7993999719619751
2012-07-27,0.8069999814033508
2012-07-30,0.8064000010490417
2012-07-31,0.8076000213623047
2012-08-01,0.8069999814033508
2012-08-02,0.8062999844551086
2012-08-03,0.8159999847412109
2012-08-06,0.8185999989509583
2012-08-07,0.8133000135421753
2012-08-08,0.8130000233650208
2012-08-09,0.8098999857902527
2012-08-10,0.8105000257492065
2012-08-13,0.8069999814033508
2012-08-14,0.8039000034332275
2012-08-15,0.8055999875068665
2012-08-16,0.8097000122070312
2012-08-17,0.805400013923645
2012-08-20,0.8077999949455261
2012-08-21,0.8093000054359436
2012-08-22,0.8115000128746033
2012-08-23,0.8126000165939331
2012-08-24,0.8100000023841858
2012-08-27,0.8083999752998352
2012-08-28,0.802299976348877
2012-08-29,0.8011000156402588
2012-08-30,0.7978000044822693
2012-08-31,0.8025000095367432
2012-09-04,0.7930999994277954
2012-09-05,0.7947999835014343
2012-09-06,0.8019999861717224
2012-09-07,0.8112999796867371
2012-09-10,0.8086000084877014
2012-09-11,0.8180999755859375
2012-09-12,0.8197000026702881
2012-09-13,0.8309999704360962
2012-09-14,0.8292999863624573
2012-09-17,0.8278999924659729
2012-09-18,0.8215000033378601
2012-09-19,0.8241999745368958
2012-09-20,0.8240000009536743
2012-09-21,0.8248999714851379
2012-09-24,0.817300021648407
2012-09-25,0.8187999725341797
2012-09-26,0.8195000290870667
2012-09-27,0.8269000053405762
2012-09-28,0.8238999843597412
2012-10-01,0.8246999979019165
2012-10-02,0.8223000168800354
2012-10-03,0.8144999742507935
2012-10-04,0.817799985408783
2012-10-05,0.8130000233650208
2012-10-08,0.8184999823570251
2012-10-09,0.8148000240325928
2012-10-10,0.8134999871253967
2012-10-11,0.8144999742507935
2012-10-12,0.8141999840736389
2012-10-15,0.8144999742507935
2012-10-16,0.8098999857902527
2012-10-17,0.8187000155448914
2012-10-18,0.8163999915122986
2012-10-19,0.8130000233650208
2012-10-22,0.8130999803543091
2012-10-23,0.8093000054359436
2012-10-24,0.8140000104904175
2012-10-25,0.8194000124931335
2012-10-26,0.8197000026702881
2012-10-31,0.8197000026702881
2012-11-01,0.8251000046730042
2012-11-02,0.8226000070571899
2012-11-05,0.8223000168800354
2012-11-06,0.8256999850273132
2012-11-07,0.8237000107765198
2012-11-08,0.8133000135421753
2012-11-09,0.8126000165939331
2012-11-12,0.8159999847412109
2012-11-13,0.8184000253677368
2012-11-14,0.808899998664856
2012-11-15,0.8079000115394592
2012-11-16,0.8086000084877014
2012-11-19,0.8169999718666077
2012-11-20,0.8141000270843506
2012-11-21,0.8125
2012-11-23,0.8238000273704529
2012-11-26,0.8209999799728394
2012-11-27,0.8192999958992004
2012-11-28,0.822700023651123
2012-11-29,0.8220000267028809
2012-11-30,0.8188999891281128
2012-12-03,0.819599986076355
2012-12-04,0.8235999941825867
2012-12-05,0.8251000046730042
2012-12-06,0.8309000134468079
2012-12-07,0.8324999809265137
2012-12-10,0.8335999846458435
2012-12-11,0.8384000062942505
2012-12-12,0.8438000082969666
2012-12-13,0.8428999781608582
2012-12-14,0.8457000255584717
2012-12-17,0.8447999954223633
2012-12-18,0.8374000191688538
2012-12-19,0.8317999839782715
2012-12-20,0.8295999765396118
2012-12-21,0.8192999958992004
2012-12-24,0.8177000284194946
2012-12-26,0.8140000104904175
2012-12-27,0.816100001335144
2012-12-28,0.8159000277519226
2012-12-31,0.8222000002861023
2013-01-02,0.8264999985694885
2013-01-03,0.8246999979019165
2013-01-04,0.8270999789237976
2013-01-07,0.8327000141143799
2013-01-08,0.8327999711036682
2013-01-09,0.8348000049591064
2013-01-10,0.8410999774932861
2013-01-11,0.8331999778747559
2013-01-14,0.8373000025749207
2013-01-15,0.8356999754905701
2013-01-16,0.8377000093460083
2013-01-17,0.8382999897003174
2013-01-18,0.8331000208854675
2013-01-22,0.8381999731063843
2013-01-23,0.8389999866485596
2013-01-24,0.8363000154495239
2013-01-25,0.8345999717712402
2013-01-28,0.829800009727478
2013-01-29,0.835099995136261
2013-01-30,0.8296999931335449
2013-01-31,0.8370000123977661
2013-02-01,0.8428999781608582
2013-02-04,0.8411999940872192
2013-02-05,0.8439000248908997
2013-02-06,0.840499997138977
2013-02-07,0.829200029373169
2013-02-08,0.832099974155426
2013-02-11,0.8349000215530396
2013-02-12,0.8389999866485596
2013-02-13,0.8391000032424927
2013-02-14,0.8474000096321106
2013-02-15,0.8424000144004822
2013-02-19,0.8468999862670898
2013-02-20,0.8328999876976013
2013-02-21,0.8313000202178955
2013-02-22,0.836899995803833
2013-02-25,0.8356000185012817
2013-02-26,0.824400007724762
2013-02-27,0.8274999856948853
2013-02-28,0.8266000151634216
2013-03-01,0.823199987411499
2013-03-04,0.82669997215271
2013-03-05,0.8306999802589417
2013-03-06,0.8288999795913696
2013-03-07,0.828499972820282
2013-03-08,0.8201000094413757
2013-03-11,0.8259999752044678
2013-03-12,0.824999988079071
2013-03-13,0.8253999948501587
2013-03-14,0.8220000267028809
2013-03-15,0.8263999819755554
2013-03-18,0.8242999911308289
2013-03-19,0.8187999725341797
2013-03-20,0.8180999755859375
2013-03-21,0.8282999992370605
2013-03-22,0.8306000232696533
2013-03-25,0.8313999772071838
2013-03-26,0.8342999815940857
2013-03-27,0.8325999975204468
2013-03-28,0.832099974155426
2013-04-01,0.8337000012397766
2013-04-02,0.8374999761581421
2013-04-03,0.8378000259399414
2013-04-04,0.8379999995231628
2013-04-05,0.838699996471405
2013-04-08,0.8422999978065491
2013-04-09,0.8497999906539917
2013-04-10,0.8536999821662903
2013-04-11,0.8600000143051147
2013-04-12,0.8544999957084656
2013-04-15,0.8378999829292297
2013-04-16,0.8460999727249146
2013-04-17,0.8402000069618225
2013-04-18,0.8371999859809875
2013-04-19,0.8395000100135803
2013-04-22,0.838699996471405
2013-04-23,0.8371000289916992
2013-04-24,0.8454999923706055
2013-04-25,0.848800003528595
2013-04-26,0.84579998254776
2013-04-29,0.8546000123023987
2013-04-30,0.8540999889373779
2013-05-01,0.8486999869346619
2013-05-02,0.8472999930381775
2013-05-03,0.8514999747276306
2013-05-06,0.8492000102996826
2013-05-07,0.8438000082969666
2013-05-08,0.8363999724388123
2013-05-09,0.8338000178337097
2013-05-10,0.8281999826431274
2013-05-13,0.8223999738693237
2013-05-14,0.8162000179290771
2013-05-15,0.8203999996185303
2013-05-16,0.8166000247001648
2013-05-17,0.8051000237464905
2013-05-20,0.8162000179290771
2013-05-21,0.8144999742507935
2013-05-22,0.8052999973297119
2013-05-23,0.8130999803543091
2013-05-24,0.8061000108718872
2013-05-28,0.8091999888420105
2013-05-29,0.8116999864578247
2013-05-30,0.8072999715805054
2013-05-31,0.7932999730110168
2013-06-03,0.8077999949455261
2013-06-04,0.7990000247955322
2013-06-05,0.7925999760627747
2013-06-06,0.8027999997138977
2013-06-07,0.7882000207901001
2013-06-10,0.7904000282287598
2013-06-11,0.7878999710083008
2013-06-12,0.7972999811172485
2013-06-13,0.8041999936103821
2013-06-14,0.8065000176429749
2013-06-17,0.8055999875068665
2013-06-18,0.7955999970436096
2013-06-19,0.7828999757766724
2013-06-20,0.7674000263214111
2013-06-21,0.7724000215530396
2013-06-24,0.7717999815940857
2013-06-25,0.7694000005722046
2013-06-26,0.7731000185012817
2013-06-27,0.774399995803833
2013-06-28,0.7712000012397766
2013-07-01,0.7763000130653381
2013-07-02,0.7703999876976013
2013-07-03,0.7735999822616577
2013-07-05,0.766700029373169
2013-07-08,0.7777000069618225
2013-07-09,0.7828999757766724
2013-07-10,0.7753000259399414
2013-07-11,0.7802000045776367
2013-07-12,0.7749999761581421
2013-07-15,0.7777000069618225
2013-07-16,0.7850000262260437
2013-07-17,0.7860000133514404
2013-07-18,0.786899983882904
2013-07-19,0.7906000018119812
2013-07-22,0.7924000024795532
2013-07-23,0.7971000075340271
2013-07-24,0.7900000214576721
2013-07-25,0.8027999997138977
2013-07-26,0.8058000206947327
2013-07-29,0.800000011920929
2013-07-30,0.795199990272522
2013-07-31,0.7986000180244446
2013-08-01,0.7851999998092651
2013-08-02,0.7815999984741211
2013-08-05,0.7786999940872192
2013-08-06,0.7890999913215637
2013-08-07,0.7939000129699707
2013-08-08,0.8007000088691711
2013-08-09,0.8034999966621399
2013-08-12,0.7986999750137329
2013-08-13,0.7943999767303467
2013-08-14,0.8019999861717224
2013-08-15,0.8059999942779541
2013-08-16,0.8098999857902527
2013-08-19,0.8055999875068665
2013-08-20,0.7967000007629395
2013-08-21,0.788100004196167
2013-08-22,0.781000018119812
2013-08-23,0.7803999781608582
2013-08-26,0.7839999794960022
2013-08-27,0.7786999940872192
2013-08-28,0.7784000039100647
2013-08-29,0.7763000130653381
2013-08-30,0.7724999785423279
2013-09-03,0.7786999940872192
2013-09-04,0.7901999950408936
2013-09-05,0.7879999876022339
2013-09-06,0.7998999953269958
2013-09-09,0.8014000058174133
2013-09-10,0.8066999912261963
2013-09-11,0.8086000084877014
2013-09-12,0.814300000667572
2013-09-13,0.8148000240325928
2013-09-16,0.8199999928474426
2013-09-17,0.8190000057220459
2013-09-18,0.832099974155426
2013-09-19,0.8319000005722046
2013-09-20,0.8331999778747559
2013-09-23,0.833299994468689
2013-09-24,0.8234999775886536
2013-09-25,0.8199999928474426
2013-09-26,0.8240000009536743
2013-09-27,0.8233000040054321
2013-09-30,0.8263999819755554
2013-10-01,0.8224999904632568
2013-10-02,0.8276000022888184
2013-10-03,0.8252999782562256
2013-10-04,0.8288999795913696
2013-10-07,0.8291000127792358
2013-10-08,0.8256000280380249
2013-10-09,0.8270000219345093
2013-10-10,0.8256000280380249
2013-10-11,0.8285999894142151
2013-10-14,0.8327999711036682
2013-10-15,0.833299994468689
2013-10-16,0.8402000069618225
2013-10-17,0.8468999862670898
2013-10-18,0.8453999757766724
2013-10-21,0.8428000211715698
2013-10-22,0.8485999703407288
2013-10-23,0.8353000283241272
2013-10-24,0.8317000269889832
2013-10-25,0.8253999948501587
2013-10-28,0.8277000188827515
2013-10-29,0.8224999904632568
2013-10-30,0.8201000094413757
2013-10-31,0.8238999843597412
2013-11-01,0.8205999732017517
2013-11-04,0.8258000016212463
2013-11-05,0.8291000127792358
2013-11-06,0.8371999859809875
2013-11-07,0.8299999833106995
2013-11-08,0.8219000101089478
2013-11-11,0.8212000131607056
2013-11-12,0.820900022983551
2013-11-13,0.8237000107765198
2013-11-14,0.826200008392334
2013-11-15,0.8314999938011169
2013-11-18,0.8323000073432922
2013-11-19,0.8337000012397766
2013-11-20,0.8245999813079834
2013-11-21,0.8180000185966492
2013-11-22,0.8166000247001648
2013-11-25,0.8187999725341797
2013-11-26,0.819100022315979
2013-11-27,0.8130999803543091
2013-11-29,0.8123999834060669
2013-12-02,0.817300021648407
2013-12-03,0.8248999714851379
2013-12-04,0.8191999793052673
2013-12-05,0.8212000131607056
2013-12-06,0.8277000188827515
2013-12-09,0.8278999924659729
2013-12-10,0.8312000036239624
2013-12-11,0.824999988079071
2013-12-12,0.8245999813079834
2013-12-13,0.8263999819755554
2013-12-16,0.8274999856948853
2013-12-17,0.8203999996185303
2013-12-18,0.819599986076355
2013-12-19,0.8130000233650208
2013-12-20,0.8144000172615051
2013-12-23,0.815500020980835
2013-12-24,0.8137000203132629
2013-12-26,0.8112999796867371
2013-12-27,0.8104000091552734
2013-12-30,0.8159999847412109
2013-12-31,0.8194000124931335
2014-01-02,0.8133000135421753
2014-01-03,0.8252000212669373
2014-01-06,0.8245000243186951
2014-01-07,0.8246999979019165
2014-01-08,0.8224999904632568
2014-01-09,0.8208000063896179
2014-01-10,0.826200008392334
2014-01-13,0.8335000276565552
2014-01-14,0.8341000080108643
2014-01-15,0.830299973487854
2014-01-16,0.832099974155426
2014-01-17,0.8226000070571899
2014-01-21,0.8281999826431274
2014-01-22,0.8276000022888184
2014-01-23,0.8274000287055969
2014-01-24,0.8220999836921692
2014-01-27,0.821399986743927
2014-01-28,0.8233000040054321
2014-01-29,0.8245000243186951
2014-01-30,0.8119000196456909
2014-01-31,0.8054999709129333
2014-02-03,0.8065000176429749
2014-02-04,0.8180999755859375
2014-02-05,0.8190000057220459
2014-02-06,0.8238999843597412
2014-02-07,0.82669997215271
2014-02-10,0.8245000243186951
2014-02-11,0.8309000134468079
2014-02-12,0.8295999765396118
2014-02-13,0.8335000276565552
2014-02-14,0.8356999754905701
2014-02-18,0.8289999961853027
2014-02-19,0.8271999955177307
2014-02-20,0.8276000022888184
2014-02-21,0.8270000219345093
2014-02-24,0.832099974155426
2014-02-25,0.8320000171661377
2014-02-26,0.8303999900817871
2014-02-27,0.8363000154495239
2014-02-28,0.8388000130653381
2014-03-03,0.8360000252723694
2014-03-04,0.8375999927520752
2014-03-05,0.8410000205039978
2014-03-06,0.8476999998092651
2014-03-07,0.8452000021934509
2014-03-10,0.8461999893188477
2014-03-11,0.8458999991416931
2014-03-12,0.8465999960899353
2014-03-13,0.852400004863739
2014-03-14,0.8531000018119812
2014-03-17,0.8565999865531921
2014-03-18,0.8568000197410583
2014-03-19,0.8490999937057495
2014-03-20,0.8474000096321106
2014-03-21,0.8479999899864197
2014-03-24,0.8483999967575073
2014-03-25,0.8518000245094299
2014-03-26,0.8543999791145325
2014-03-27,0.8621000051498413
2014-03-28,0.8604999780654907
2014-03-31,0.8618999719619751
2014-04-01,0.8597000241279602
2014-04-02,0.8510000109672546
2014-04-03,0.8490999937057495
2014-04-04,0.8540999889373779
2014-04-07,0.8560000061988831
2014-04-08,0.8618000149726868
2014-04-09,0.8669999837875366
2014-04-10,0.8651000261306763
2014-04-11,0.8639000058174133
2014-04-14,0.863099992275238
2014-04-15,0.8604000210762024
2014-04-16,0.8593000173568726
2014-04-17,0.8539000153541565
2014-04-21,0.8518999814987183
2014-04-22,0.85589998960495
2014-04-23,0.8549000024795532
2014-04-24,0.853600025177002
2014-04-25,0.8540999889373779
2014-04-28,0.8503000140190125
2014-04-29,0.8522999882698059
2014-04-30,0.859499990940094
2014-05-01,0.8597999811172485
2014-05-02,0.8636999726295471
2014-05-05,0.8652999997138977
2014-05-06,0.8726000189781189
2014-05-07,0.864799976348877
2014-05-08,0.8619999885559082
2014-05-09,0.8589000105857849
2014-05-12,0.8596000075340271
2014-05-13,0.8611999750137329
2014-05-14,0.864799976348877
2014-05-15,0.8622000217437744
2014-05-16,0.8614000082015991
2014-05-19,0.8607000112533569
2014-05-20,0.85589998960495
2014-05-21,0.8547999858856201
2014-05-22,0.8546000123023987
2014-05-23,0.8536999821662903
2014-05-27,0.8529999852180481
2014-05-28,0.847599983215332
2014-05-29,0.8456000089645386
2014-05-30,0.8478000164031982
2014-06-02,0.8442000150680542
2014-06-03,0.8414999842643738
2014-06-04,0.8409000039100647
2014-06-05,0.8496000170707703
2014-06-06,0.849399983882904
2014-06-09,0.8478999733924866
2014-06-10,0.8521000146865845
2014-06-11,0.8554999828338623
2014-06-12,0.8682000041007996
2014-06-13,0.8661999702453613
2014-06-16,0.8686000108718872
2014-06-17,0.8578000068664551
2014-06-18,0.8626999855041504
2014-06-19,0.8644999861717224
2014-06-20,0.8626999855041504
2014-06-23,0.8644999861717224
2014-06-24,0.862500011920929
2014-06-25,0.8669000267982483
2014-06-26,0.8708999752998352
2014-06-27,0.871399998664856
2014-06-30,0.8693000078201294
2014-07-01,0.8718000054359436
2014-07-02,0.8712999820709229
2014-07-03,0.8697999715805054
2014-07-07,0.8708000183105469
2014-07-08,0.8729000091552734
2014-07-09,0.8770999908447266
2014-07-10,0.8770999908447266
2014-07-11,0.8759999871253967
2014-07-14,0.875
2014-07-15,0.8716999888420105
2014-07-16,0.8658000230789185
2014-07-17,0.8650000095367432
2014-07-18,0.8640000224113464
2014-07-21,0.8644999861717224
2014-07-22,0.8618999719619751
2014-07-23,0.864300012588501
2014-07-24,0.8531000018119812
2014-07-25,0.8507000207901001
2014-07-28,0.8504999876022339
2014-07-29,0.8458999991416931
2014-07-30,0.8450000286102295
2014-07-31,0.8454999923706055
2014-08-01,0.8468999862670898
2014-08-04,0.8489000201225281
2014-08-05,0.8432000279426575
2014-08-06,0.8440999984741211
2014-08-07,0.8442000150680542
2014-08-08,0.8429999947547913
2014-08-11,0.8428000211715698
2014-08-12,0.8410000205039978
2014-08-13,0.8431000113487244
2014-08-14,0.8460999727249146
2014-08-15,0.8461999893188477
2014-08-18,0.8450999855995178
2014-08-19,0.8406000137329102
2014-08-20,0.8360999822616577
2014-08-21,0.838699996471405
2014-08-22,0.8379999995231628
2014-08-25,0.8334000110626221
2014-08-26,0.8309000134468079
2014-08-27,0.8363999724388123
2014-08-28,0.8371999859809875
2014-08-29,0.8345000147819519
2014-09-02,0.829800009727478
2014-09-03,0.8313999772071838
2014-09-04,0.829200029373169
2014-09-05,0.8324000239372253
2014-09-08,0.8277000188827515
2014-09-09,0.8220000267028809
2014-09-10,0.8224999904632568
2014-09-11,0.8170999884605408
2014-09-12,0.8145999908447266
2014-09-15,0.8170999884605408
2014-09-16,0.8127999901771545
2014-09-17,0.8047999739646912
2014-09-18,0.8072999715805054
2014-09-19,0.8066999912261963
2014-09-22,0.8054999709129333
2014-09-23,0.7998999953269958
2014-09-24,0.800599992275238
2014-09-25,0.7857999801635742
2014-09-26,0.7802000045776367
2014-09-29,0.7713000178337097
2014-09-30,0.7735000252723694
2014-10-01,0.7746999859809875
2014-10-02,0.784500002861023
2014-10-03,0.7710000276565552
2014-10-06,0.777400016784668
2014-10-07,0.7781000137329102
2014-10-08,0.7850000262260437
2014-10-09,0.7804999947547913
2014-10-10,0.7768999934196472
2014-10-13,0.7818999886512756
2014-10-14,0.7786999940872192
2014-10-15,0.7910000085830688
2014-10-16,0.789900004863739
2014-10-17,0.7883999943733215
2014-10-20,0.7932000160217285
2014-10-21,0.7908999919891357
2014-10-22,0.789900004863739
2014-10-23,0.7781999707221985
2014-10-24,0.7817000150680542
2014-10-27,0.7861999869346619
2014-10-28,0.7893999814987183
2014-10-29,0.7817999720573425
2014-10-30,0.7814000248908997
2014-10-31,0.7752000093460083
2014-11-03,0.7685999870300293
2014-11-04,0.7752000093460083
2014-11-05,0.7702000141143799
2014-11-06,0.7663999795913696
2014-11-07,0.7718999981880188
2014-11-10,0.7714999914169312
2014-11-11,0.7771999835968018
2014-11-12,0.7846999764442444
2014-11-13,0.7872999906539917
2014-11-14,0.7883999943733215
2014-11-17,0.7894999980926514
2014-11-18,0.791100025177002
2014-11-19,0.7842000126838684
2014-11-20,0.7861999869346619
2014-11-21,0.7860999703407288
2014-11-24,0.7842000126838684
2014-11-25,0.7789000272750854
2014-11-26,0.7871999740600586
2014-11-28,0.78329998254776
2014-12-01,0.7879999876022339
2014-12-02,0.77920001745224
2014-12-03,0.7753000259399414
2014-12-04,0.7771999835968018
2014-12-05,0.7702999711036682
2014-12-08,0.7663999795913696
2014-12-09,0.7681999802589417
2014-12-10,0.7685999870300293
2014-12-11,0.7806000113487244
2014-12-12,0.7760999798774719
2014-12-15,0.7738999724388123
2014-12-16,0.7712000012397766
2014-12-17,0.7623999714851379
2014-12-18,0.7675999999046326
2014-12-19,0.7688000202178955
2014-12-22,0.7671999931335449
2014-12-23,0.763700008392334
2014-12-24,0.7669000029563904
2014-12-26,0.7699000239372253
2014-12-29,0.7731999754905701
2014-12-30,0.7771000266075134
2014-12-31,0.7742000222206116
2015-01-02,0.7652999758720398
2015-01-05,0.7649999856948853
2015-01-06,0.7731000185012817
2015-01-07,0.7731999754905701
2015-01-08,0.7760999798774719
2015-01-09,0.7781000137329102
2015-01-12,0.7730000019073486
2015-01-13,0.7674999833106995
2015-01-14,0.7678999900817871
2015-01-15,0.7778000235557556
2015-01-16,0.7736999988555908
2015-01-20,0.7631999850273132
2015-01-21,0.7529000043869019
2015-01-22,0.7477999925613403
2015-01-23,0.7430999875068665
2015-01-26,0.738099992275238
2015-01-27,0.7432000041007996
2015-01-28,0.7418000102043152
2015-01-29,0.7228999733924866
2015-01-30,0.7243000268936157
2015-02-02,0.7275000214576721
2015-02-03,0.7342000007629395
2015-02-04,0.7365000247955322
2015-02-05,0.7373999953269958
2015-02-06,0.7329999804496765
2015-02-09,0.7394000291824341
2015-02-10,0.738099992275238
2015-02-11,0.7361000180244446
2015-02-12,0.7422000169754028
2015-02-13,0.742900013923645
2015-02-17,0.7527999877929688
2015-02-18,0.7540000081062317
2015-02-19,0.7498000264167786
2015-02-20,0.7520999908447266
2015-02-23,0.7509999871253967
2015-02-24,0.746999979019165
2015-02-25,0.7533000111579895
2015-02-26,0.7516999840736389
2015-02-27,0.755299985408783
2015-03-02,0.7501999735832214
2015-03-03,0.7540000081062317
2015-03-04,0.7581999897956848
2015-03-05,0.7475000023841858
2015-03-06,0.7365000247955322
2015-03-09,0.7372999787330627
2015-03-10,0.7257999777793884
2015-03-11,0.7196000218391418
2015-03-12,0.7365999817848206
2015-03-13,0.7322999835014343
2015-03-16,0.7390999794006348
2015-03-17,0.7254999876022339
2015-03-18,0.7376000285148621
2015-03-19,0.7322999835014343
2015-03-20,0.7491999864578247
2015-03-23,0.7590000033378601
2015-03-24,0.758899986743927
2015-03-25,0.7540000081062317
2015-03-26,0.7508999705314636
2015-03-27,0.7524999976158142
2015-03-30,0.7451000213623047
2015-03-31,0.7430999875068665
2015-04-01,0.7397000193595886
2015-04-02,0.7455999851226807
2015-04-06,0.7524999976158142
2015-04-07,0.7447999715805054
2015-04-08,0.7515000104904175
2015-04-09,0.75
2015-04-10,0.7493000030517578
2015-04-13,0.7402999997138977
2015-04-14,0.7483999729156494
2015-04-15,0.7548999786376953
2015-04-16,0.7633000016212463
2015-04-17,0.7649000287055969
2015-04-20,0.7609000205993652
2015-04-21,0.7620999813079834
2015-04-22,0.7631999850273132
2015-04-23,0.755299985408783
2015-04-24,0.7570000290870667
2015-04-27,0.760699987411499
2015-04-28,0.7688999772071838
2015-04-29,0.7669000029563904
2015-04-30,0.7598000168800354
2015-05-01,0.7484999895095825
2015-05-04,0.7501000165939331
2015-05-05,0.753600001335144
2015-05-06,0.7468000054359436
2015-05-07,0.7409999966621399
2015-05-08,0.7441999912261963
2015-05-11,0.7325999736785889
2015-05-12,0.7343000173568726
2015-05-13,0.7455000281333923
2015-05-14,0.7476000189781189
2015-05-15,0.7472000122070312
2015-05-18,0.736299991607666
2015-05-19,0.7332000136375427
2015-05-20,0.7297999858856201
2015-05-21,0.7318999767303467
2015-05-22,0.7305999994277954
2015-05-26,0.7215999960899353
2015-05-27,0.7222999930381775
2015-05-28,0.7174999713897705
2015-05-29,0.7098000049591064
2015-06-01,0.7081000208854675
2015-06-02,0.7178999781608582
2015-06-03,0.7129999995231628
2015-06-04,0.7117999792098999
2015-06-05,0.7035999894142151
2015-06-08,0.7138000130653381
2015-06-09,0.7139999866485596
2015-06-10,0.7196000218391418
2015-06-11,0.7009999752044678
2015-06-12,0.6988999843597412
2015-06-15,0.6998999714851379
2015-06-16,0.6930999755859375
2015-06-17,0.6940000057220459
2015-06-18,0.6875
2015-06-19,0.6851000189781189
2015-06-22,0.6819000244140625
2015-06-23,0.6797000169754028
2015-06-24,0.6840999722480774
2015-06-25,0.6865000128746033
2015-06-26,0.6800000071525574
2015-06-29,0.6833000183105469
2015-06-30,0.6733999848365784
2015-07-01,0.6703000068664551
2015-07-02,0.6675999760627747
2015-07-06,0.664900004863739
2015-07-07,0.6617000102996826
2015-07-08,0.6682999730110168
2015-07-09,0.6690999865531921
2015-07-10,0.6675000190734863
2015-07-13,0.6656000018119812
2015-07-14,0.6672999858856201
2015-07-15,0.6564000248908997
2015-07-16,0.6478999853134155
2015-07-17,0.6496000289916992
2015-07-20,0.6542999744415283
2015-07-21,0.6611999869346619
2015-07-22,0.6556000113487244
2015-07-23,0.6589000225067139
2015-07-24,0.6542999744415283
2015-07-27,0.6585000157356262
2015-07-28,0.6658999919891357
2015-07-29,0.6650999784469604
2015-07-30,0.6575000286102295
2015-07-31,0.6561999917030334
2015-08-03,0.6570000052452087
2015-08-04,0.6510999798774719
2015-08-05,0.6474000215530396
2015-08-06,0.6525999903678894
2015-08-07,0.6610999703407288
2015-08-10,0.659600019454956
2015-08-11,0.6507999897003174
2015-08-12,0.6599000096321106
2015-08-13,0.6553999781608582
2015-08-14,0.6523000001907349
2015-08-17,0.6561999917030334
2015-08-18,0.6574000120162964
2015-08-19,0.6607000231742859
2015-08-20,0.6611999869346619
2015-08-21,0.6675999760627747
2015-08-24,0.6478000283241272
2015-08-25,0.6470999717712402
2015-08-26,0.6406000256538391
2015-08-27,0.6455000042915344
2015-08-28,0.6460000276565552
2015-08-31,0.6334999799728394
2015-09-01,0.6323999762535095
2015-09-02,0.6330000162124634
2015-09-03,0.6388999819755554
2015-09-04,0.6298999786376953
2015-09-08,0.6340000033378601
2015-09-09,0.63919997215271
2015-09-10,0.6301000118255615
2015-09-11,0.6324999928474426
2015-09-14,0.6310999989509583
2015-09-15,0.6291999816894531
2015-09-16,0.632099986076355
2015-09-17,0.6395000219345093
2015-09-18,0.6376000046730042
2015-09-21,0.6276999711990356
2015-09-22,0.6256999969482422
2015-09-23,0.6212000250816345
2015-09-24,0.6330000162124634
2015-09-25,0.6337000131607056
2015-09-28,0.6298999786376953
2015-09-29,0.6308000087738037
2015-09-30,0.6360999941825867
2015-10-01,0.6367999911308289
2015-10-02,0.6395999789237976
2015-10-05,0.6471999883651733
2015-10-06,0.6506999731063843
2015-10-07,0.6571999788284302
2015-10-08,0.6635000109672546
2015-10-09,0.6668000221252441
2015-10-12,0.6703000068664551
2015-10-13,0.6646000146865845
2015-10-14,0.6761999726295471
2015-10-15,0.6837000250816345
2015-10-16,0.6793000102043152
2015-10-19,0.6772000193595886
2015-10-20,0.6723999977111816
2015-10-21,0.6710000038146973
2015-10-22,0.6758000254631042
2015-10-23,0.6725999712944031
2015-10-26,0.6764000058174133
2015-10-27,0.6757000088691711
2015-10-28,0.6625999808311462
2015-10-29,0.6675000190734863
2015-10-30,0.6751999855041504
2015-11-02,0.6712999939918518
2015-11-03,0.667900025844574
2015-11-04,0.6564000248908997
2015-11-05,0.660099983215332
2015-11-06,0.6502000093460083
2015-11-09,0.6524999737739563
2015-11-10,0.6504999995231628
2015-11-11,0.6536999940872192
2015-11-12,0.652400016784668
2015-11-13,0.6524999737739563
2015-11-16,0.6481000185012817
2015-11-17,0.6460000276565552
2015-11-18,0.6439999938011169
2015-11-19,0.654699981212616
2015-11-20,0.6563000082969666
2015-11-23,0.6504999995231628
2015-11-24,0.65420001745224
2015-11-25,0.6567999720573425
2015-11-27,0.6532999873161316
2015-11-30,0.6579999923706055
2015-12-01,0.6676999926567078
2015-12-02,0.6628999710083008
2015-12-03,0.6680999994277954
2015-12-04,0.6735000014305115
2015-12-07,0.6643000245094299
2015-12-08,0.6625999808311462
2015-12-09,0.6642000079154968
2015-12-10,0.675000011920929
2015-12-11,0.670799970626831
2015-12-14,0.6759999990463257
2015-12-15,0.67330002784729
2015-12-16,0.677299976348877
2015-12-17,0.6657999753952026
2015-12-18,0.6710000038146973
2015-12-21,0.6743999719619751
2015-12-22,0.6771000027656555
2015-12-23,0.676800012588501
2015-12-24,0.6809999942779541
2015-12-28,0.6816999912261963
2015-12-29,0.6848999857902527
2015-12-30,0.6814000010490417
2015-12-31,0.6809999942779541
2016-01-04,0.671999990940094
2016-01-05,0.6665999889373779
2016-01-06,0.6615999937057495
2016-01-07,0.6603000164031982
2016-01-08,0.6527000069618225
2016-01-11,0.6521999835968018
2016-01-12,0.6514000296592712
2016-01-13,0.6506999731063843
2016-01-14,0.646399974822998
2016-01-15,0.6424999833106995
2016-01-19,0.6459000110626221
2016-01-20,0.6392999887466431
2016-01-21,0.6478999853134155
2016-01-22,0.6466000080108643
2016-01-25,0.6455000042915344
2016-01-26,0.6482999920845032
2016-01-27,0.6460999846458435
2016-01-28,0.6456999778747559
2016-01-29,0.6460000276565552
2016-02-01,0.6502000093460083
2016-02-02,0.6467000246047974
2016-02-03,0.6662999987602234
2016-02-04,0.6718999743461609
2016-02-05,0.6610999703407288
2016-02-08,0.6608999967575073
2016-02-09,0.6617000102996826
2016-02-10,0.6678000092506409
2016-02-11,0.6680999994277954
2016-02-12,0.6603999733924866
2016-02-16,0.6554999947547913
2016-02-17,0.6621999740600586
2016-02-18,0.6629999876022339
2016-02-19,0.6621999740600586
2016-02-22,0.670199990272522
2016-02-23,0.6658999919891357
2016-02-24,0.6647999882698059
2016-02-25,0.6718000173568726
2016-02-26,0.6626999974250793
2016-02-29,0.6579999923706055
2016-03-01,0.6617000102996826
2016-03-02,0.6675000190734863
2016-03-03,0.6725999712944031
2016-03-04,0.6801999807357788
2016-03-07,0.6773999929428101
2016-03-08,0.6753000020980835
2016-03-09,0.6784999966621399
2016-03-10,0.6664999723434448
2016-03-11,0.675000011920929
2016-03-14,0.6700999736785889
2016-03-15,0.6563000082969666
2016-03-16,0.6672999858856201
2016-03-17,0.6827999949455261
2016-03-18,0.6757000088691711
2016-03-21,0.673799991607666
2016-03-22,0.6715999841690063
2016-03-23,0.6682999730110168
2016-03-24,0.6672000288963318
2016-03-28,0.670199990272522
2016-03-29,0.6830000281333923
2016-03-30,0.6909999847412109
2016-03-31,0.6895999908447266
2016-04-01,0.6869999766349792
2016-04-04,0.6808000206947327
2016-04-05,0.6775000095367432
2016-04-06,0.6798999905586243
2016-04-07,0.6754999756813049
2016-04-08,0.679099977016449
2016-04-11,0.6848000288009644
2016-04-12,0.6901000142097473
2016-04-13,0.6901999711990356
2016-04-14,0.6841999888420105
2016-04-15,0.6895999908447266
2016-04-18,0.6924999952316284
2016-04-19,0.7027000188827515
2016-04-20,0.695900022983551
2016-04-21,0.6891999840736389
2016-04-22,0.6832000017166138
2016-04-25,0.6827999949455261
2016-04-26,0.6866000294685364
2016-04-27,0.6833000183105469
2016-04-28,0.6956999897956848
2016-04-29,0.696399986743927
2016-05-02,0.6995000243186951
2016-05-03,0.6898000240325928
2016-05-04,0.6861000061035156
2016-05-05,0.6868000030517578
2016-05-06,0.6823999881744385
2016-05-09,0.6766999959945679
2016-05-10,0.6743999719619751
2016-05-11,0.6818000078201294
2016-05-12,0.6812000274658203
2016-05-13,0.6764000058174133
2016-05-16,0.6779999732971191
2016-05-17,0.6801999807357788
2016-05-18,0.6733999848365784
2016-05-19,0.6739000082015991
2016-05-20,0.6751999855041504
2016-05-23,0.6758000254631042
2016-05-24,0.6726999878883362
2016-05-25,0.6764000058174133
2016-05-26,0.673799991607666
2016-05-27,0.6718000173568726
2016-05-31,0.6748999953269958
2016-06-01,0.6815000176429749
2016-06-02,0.680400013923645
2016-06-03,0.6951000094413757
2016-06-06,0.6933000087738037
2016-06-07,0.6969000101089478
2016-06-08,0.7016000151634216
2016-06-09,0.7135000228881836
2016-06-10,0.7056000232696533
2016-06-13,0.7063000202178955
2016-06-14,0.6972000002861023
2016-06-15,0.7005000114440918
2016-06-16,0.7009999752044678
2016-06-17,0.7034000158309937
2016-06-20,0.7077999711036682
2016-06-21,0.7113000154495239
2016-06-22,0.7142000198364258
2016-06-23,0.7213000059127808
2016-06-24,0.711899995803833
2016-06-27,0.6960999965667725
2016-06-28,0.7002000212669373
2016-06-29,0.7092000246047974
2016-06-30,0.710099995136261
2016-07-01,0.7141000032424927
2016-07-05,0.7120000123977661
2016-07-06,0.7110000252723694
2016-07-07,0.7196999788284302
2016-07-08,0.7268999814987183
2016-07-11,0.7192000150680542
2016-07-12,0.7283999919891357
2016-07-13,0.7249000072479248
2016-07-14,0.718999981880188
2016-07-15,0.7116000056266785
2016-07-18,0.7088000178337097
2016-07-19,0.7028999924659729
2016-07-20,0.7001000046730042
2016-07-21,0.6970000267028809
2016-07-22,0.6980999708175659
2016-07-25,0.6974999904632568
2016-07-26,0.7021999955177307
2016-07-27,0.7049999833106995
2016-07-28,0.7057999968528748
2016-07-29,0.7207000255584717
2016-08-01,0.7177000045776367
2016-08-02,0.7218000292778015
2016-08-03,0.7135999798774719
2016-08-04,0.7163000106811523
2016-08-05,0.713100016117096
2016-08-08,0.7128000259399414
2016-08-09,0.713699996471405
2016-08-10,0.7195000052452087
2016-08-11,0.7200000286102295
2016-08-12,0.718500018119812
2016-08-15,0.7202000021934509
2016-08-16,0.7271000146865845
2016-08-17,0.7235999703407288
2016-08-18,0.7286999821662903
2016-08-19,0.725600004196167
2016-08-22,0.7267000079154968
2016-08-23,0.7293999791145325
2016-08-24,0.7300999760627747
2016-08-25,0.7294999957084656
2016-08-26,0.7218000292778015
2016-08-29,0.7251999974250793
2016-08-30,0.7214999794960022
2016-08-31,0.7250000238418579
2016-09-01,0.7278000116348267
2016-09-02,0.7287999987602234
2016-09-06,0.7411999702453613
2016-09-07,0.7441999912261963
2016-09-08,0.7386000156402588
2016-09-09,0.733299970626831
2016-09-12,0.7346000075340271
2016-09-13,0.7239999771118164
2016-09-14,0.7279999852180481
2016-09-15,0.7314000129699707
2016-09-16,0.7258999943733215
2016-09-19,0.7322999835014343
2016-09-20,0.7286999821662903
2016-09-21,0.7311999797821045
2016-09-22,0.7276999950408936
2016-09-23,0.7215999960899353
2016-09-26,0.7247999906539917
2016-09-27,0.7278000116348267
2016-09-28,0.725600004196167
2016-09-29,0.7239000201225281
2016-09-30,0.7264000177383423
2016-10-03,0.7250999808311462
2016-10-04,0.7189000248908997
2016-10-05,0.7148000001907349
2016-10-06,0.7128999829292297
2016-10-07,0.7134000062942505
2016-10-11,0.7039999961853027
2016-10-12,0.7050999999046326
2016-10-13,0.7080000042915344
2016-10-14,0.7075999975204468
2016-10-17,0.7113999724388123
2016-10-18,0.7179999947547913
2016-10-19,0.7210000157356262
2016-10-20,0.7182999849319458
2016-10-21,0.7141000032424927
2016-10-24,0.711899995803833
2016-10-25,0.7146999835968018
2016-10-26,0.7135000228881836
2016-10-27,0.7107999920845032
2016-10-28,0.7142999768257141
2016-10-31,0.7134000062942505
2016-11-01,0.715499997138977
2016-11-02,0.7281000018119812
2016-11-03,0.732200026512146
2016-11-04,0.7314000129699707
2016-11-07,0.73089998960495
2016-11-08,0.7373999953269958
2016-11-09,0.7282000184059143
2016-11-10,0.7204999923706055
2016-11-14,0.7084000110626221
2016-11-15,0.7081999778747559
2016-11-16,0.7062000036239624
2016-11-17,0.7027999758720398
2016-11-18,0.7009000182151794
2016-11-21,0.7038999795913696
2016-11-22,0.7049000263214111
2016-11-23,0.699999988079071
2016-11-25,0.7032999992370605
2016-11-28,0.7063000202178955
2016-11-29,0.7127000093460083
2016-11-30,0.7074999809265137
2016-12-01,0.7071999907493591
2016-12-02,0.7131999731063843
2016-12-05,0.7128000259399414
2016-12-06,0.7107999920845032
2016-12-07,0.7146999835968018
2016-12-08,0.7174999713897705
2016-12-09,0.7138000130653381
2016-12-12,0.7181000113487244
2016-12-13,0.7196999788284302
2016-12-14,0.7134000062942505
2016-12-15,0.7038000226020813
2016-12-16,0.6951000094413757
2016-12-19,0.694599986076355
2016-12-20,0.6895999908447266
2016-12-21,0.6887000203132629
2016-12-22,0.6887000203132629
2016-12-23,0.6851999759674072
2016-12-27,0.6873000264167786
2016-12-28,0.6906999945640564
2016-12-29,0.6938999891281128
2016-12-30,0.6923999786376953
2017-01-03,0.6898999810218811
2017-01-04,0.6930000185966492
2017-01-05,0.7008000016212463
2017-01-06,0.6951000094413757
2017-01-09,0.7002999782562256
2017-01-10,0.697700023651123
2017-01-11,0.7038000226020813
2017-01-12,0.7099999785423279
2017-01-13,0.7113000154495239
2017-01-17,0.7196999788284302
2017-01-18,0.7157999873161316
2017-01-19,0.7174000144004822
2017-01-20,0.7164999842643738
2017-01-23,0.7210999727249146
2017-01-24,0.7239999771118164
2017-01-25,0.7249000072479248
2017-01-26,0.7243000268936157
2017-01-27,0.725600004196167
2017-01-30,0.7278000116348267
2017-01-31,0.7333999872207642
2017-02-01,0.727400004863739
2017-02-02,0.7282000184059143
2017-02-03,0.7301999926567078
2017-02-06,0.7311999797821045
2017-02-07,0.7307999730110168
2017-02-08,0.7287999987602234
2017-02-09,0.7182999849319458
2017-02-10,0.7192999720573425
2017-02-13,0.7170000076293945
2017-02-14,0.7159000039100647
2017-02-15,0.7213000059127808
2017-02-16,0.7228000164031982
2017-02-17,0.7174999713897705
2017-02-21,0.7161999940872192
2017-02-22,0.7184000015258789
2017-02-23,0.7226999998092651
2017-02-24,0.718999981880188
2017-02-27,0.7197999954223633
2017-02-28,0.72079998254776
2017-03-01,0.7139000296592712
2017-03-02,0.7059999704360962
2017-03-03,0.7031000256538391
2017-03-06,0.6991999745368958
2017-03-07,0.6960999965667725
2017-03-08,0.6913999915122986
2017-03-09,0.6897000074386597
2017-03-10,0.6922000050544739
2017-03-13,0.6929000020027161
2017-03-14,0.6909000277519226
2017-03-15,0.701200008392334
2017-03-16,0.6955999732017517
2017-03-17,0.7009999752044678
2017-03-20,0.7027999758720398
2017-03-21,0.7028999924659729
2017-03-22,0.7045000195503235
2017-03-23,0.7017999887466431
2017-03-24,0.7024000287055969
2017-03-27,0.703000009059906
2017-03-28,0.699999988079071
2017-03-29,0.7017999887466431
2017-03-30,0.699400007724762
2017-03-31,0.6998999714851379
2017-04-03,0.6988000273704529
2017-04-04,0.6959999799728394
2017-04-05,0.6952000260353088
2017-04-06,0.695900022983551
2017-04-07,0.6919999718666077
2017-04-10,0.6947000026702881
2017-04-11,0.694599986076355
2017-04-12,0.6898999810218811
2017-04-13,0.6998999714851379
2017-04-17,0.699400007724762
2017-04-18,0.7027000188827515
2017-04-19,0.6991999745368958
2017-04-20,0.7002999782562256
2017-04-21,0.7014999985694885
2017-04-24,0.7003999948501587
2017-04-25,0.6937000155448914
2017-04-26,0.6872000098228455
2017-04-27,0.6869000196456909
2017-04-28,0.6862000226974487
2017-05-01,0.6902999877929688
2017-05-02,0.6929000020027161
2017-05-03,0.6869000196456909
2017-05-04,0.6848000288009644
2017-05-05,0.6908000111579895
2017-05-08,0.6906999945640564
2017-05-09,0.6881999969482422
2017-05-10,0.6927000284194946
2017-05-11,0.6845999956130981
2017-05-12,0.6851000189781189
2017-05-15,0.6870999932289124
2017-05-16,0.6883999705314636
2017-05-17,0.6931999921798706
2017-05-18,0.6886000037193298
2017-05-19,0.6934000253677368
2017-05-22,0.6988000273704529
2017-05-23,0.7009999752044678
2017-05-24,0.7024000287055969
2017-05-25,0.7020000219345093
2017-05-26,0.7057999968528748
2017-05-30,0.7096999883651733
2017-05-31,0.7096999883651733
2017-06-01,0.7063999772071838
2017-06-02,0.7138000130653381
2017-06-05,0.7142000198364258
2017-06-06,0.7182999849319458
2017-06-07,0.7188000082969666
2017-06-08,0.7214000225067139
2017-06-09,0.72079998254776
2017-06-12,0.7202000021934509
2017-06-13,0.7225000262260437
2017-06-14,0.7260000109672546
2017-06-15,0.7211999893188477
2017-06-16,0.7257000207901001
2017-06-19,0.7249000072479248
2017-06-20,0.7233999967575073
2017-06-21,0.7221999764442444
2017-06-22,0.7257000207901001
2017-06-23,0.7279000282287598
2017-06-26,0.7281000018119812
2017-06-27,0.727400004863739
2017-06-28,0.729200005531311
2017-06-29,0.7282000184059143
2017-06-30,0.7314000129699707
2017-07-03,0.7287999987602234
2017-07-05,0.7271999716758728
2017-07-06,0.7264999747276306
2017-07-07,0.7265999913215637
2017-07-10,0.7268999814987183
2017-07-11,0.7228999733924866
2017-07-12,0.7258999943733215
2017-07-13,0.7315999865531921
2017-07-14,0.733299970626831
2017-07-17,0.7312999963760376
2017-07-18,0.7347999811172485
2017-07-19,0.7350000143051147
2017-07-20,0.7405999898910522
2017-07-21,0.7448999881744385
2017-07-24,0.7425000071525574
2017-07-25,0.741100013256073
2017-07-26,0.7480000257492065
2017-07-27,0.7486000061035156
2017-07-28,0.7516999840736389
2017-07-31,0.7502999901771545
2017-08-01,0.7468000054359436
2017-08-02,0.7429999709129333
2017-08-03,0.7433000206947327
2017-08-04,0.7408000230789185
2017-08-07,0.7351999878883362
2017-08-08,0.732200026512146
2017-08-09,0.7325999736785889
2017-08-10,0.7282999753952026
2017-08-11,0.7317000031471252
2017-08-14,0.7293000221252441
2017-08-15,0.7233999967575073
2017-08-16,0.7299000024795532
2017-08-17,0.7290999889373779
2017-08-18,0.7311000227928162
2017-08-21,0.7318999767303467
2017-08-22,0.7275999784469604
2017-08-23,0.7225000262260437
2017-08-24,0.7213000059127808
2017-08-25,0.723800003528595
2017-08-28,0.7257000207901001
2017-08-29,0.7253999710083008
2017-08-30,0.7200000286102295
2017-08-31,0.7175999879837036
2017-09-01,0.7163000106811523
2017-09-05,0.7246999740600586
2017-09-06,0.718999981880188
2017-09-07,0.7214000225067139
2017-09-08,0.7269999980926514
2017-09-11,0.7245000004768372
2017-09-12,0.729200005531311
2017-09-13,0.7225000262260437
2017-09-14,0.7214000225067139
2017-09-15,0.7283999919891357
2017-09-18,0.7278000116348267
2017-09-19,0.7301999926567078
2017-09-20,0.7332000136375427
2017-09-21,0.7300000190734863
2017-09-22,0.7307999730110168
2017-09-25,0.725600004196167
2017-09-26,0.718999981880188
2017-09-27,0.72079998254776
2017-09-28,0.7226999998092651
2017-09-29,0.7211999893188477
2017-10-02,0.7192000150680542
2017-10-03,0.7146999835968018
2017-10-04,0.7160000205039978
2017-10-05,0.7105000019073486
2017-10-06,0.7084000110626221
2017-10-09,0.7059000134468079
2017-10-10,0.7059000134468079
2017-10-11,0.7074000239372253
2017-10-12,0.7125999927520752
2017-10-13,0.7178999781608582
2017-10-16,0.7159000039100647
2017-10-17,0.7160999774932861
2017-10-18,0.7135999798774719
2017-10-19,0.7006000280380249
2017-10-20,0.695900022983551
2017-10-23,0.6956999897956848
2017-10-24,0.6891000270843506
2017-10-25,0.6861000061035156
2017-10-26,0.6830999851226807
2017-10-27,0.6863999962806702
2017-10-30,0.6868000030517578
2017-10-31,0.6836000084877014
2017-11-01,0.6877999901771545
2017-11-02,0.6906999945640564
2017-11-03,0.6902999877929688
2017-11-06,0.6929000020027161
2017-11-07,0.6898999810218811
2017-11-08,0.6919000148773193
2017-11-09,0.6951000094413757
2017-11-10,0.6919999718666077
2017-11-13,0.6895999908447266
2017-11-14,0.6877999901771545
2017-11-15,0.6869000196456909
2017-11-16,0.6845999956130981
2017-11-17,0.680899977684021
2017-11-20,0.6802999973297119
2017-11-21,0.6833000183105469
2017-11-22,0.6880999803543091
2017-11-24,0.6875
2017-11-27,0.690500020980835
2017-11-28,0.6902999877929688
2017-11-29,0.6890000104904175
2017-11-30,0.6833000183105469
2017-12-01,0.6887000203132629
2017-12-04,0.684499979019165
2017-12-05,0.6872000098228455
2017-12-06,0.6873999834060669
2017-12-07,0.6822999715805054
2017-12-08,0.683899998664856
2017-12-11,0.6915000081062317
2017-12-12,0.6935999989509583
2017-12-13,0.7024999856948853
2017-12-14,0.6995000243186951
2017-12-15,0.6995999813079834
2017-12-18,0.7009000182151794
2017-12-19,0.698199987411499
2017-12-20,0.6970999836921692
2017-12-21,0.7002999782562256
2017-12-22,0.7010999917984009
2017-12-26,0.703000009059906
2017-12-27,0.7062000036239624
2017-12-28,0.708299994468689
2017-12-29,0.7087000012397766
2018-01-02,0.7102000117301941
2018-01-03,0.7098000049591064
2018-01-04,0.7156000137329102
2018-01-05,0.7170000076293945
2018-01-08,0.7172999978065491
2018-01-09,0.7166000008583069
2018-01-10,0.7189000248908997
2018-01-11,0.725600004196167
2018-01-12,0.7251999974250793
2018-01-16,0.7271000146865845
2018-01-17,0.7297999858856201
2018-01-18,0.7305999994277954
2018-01-19,0.7279000282287598
2018-01-22,0.7310000061988831
2018-01-23,0.7348999977111816
2018-01-24,0.7425000071525574
2018-01-25,0.7330999970436096
2018-01-26,0.7355999946594238
2018-01-29,0.7321000099182129
2018-01-30,0.7330999970436096
2018-01-31,0.7357000112533569
2018-02-01,0.7382000088691711
2018-02-02,0.7301999926567078
2018-02-05,0.7272999882698059
2018-02-06,0.7297999858856201
2018-02-07,0.7254999876022339
2018-02-08,0.7222999930381775
2018-02-09,0.7239999771118164
2018-02-12,0.7239999771118164
2018-02-13,0.7272999882698059
2018-02-14,0.73580002784729
2018-02-15,0.7407000064849854
2018-02-16,0.7384999990463257
2018-02-20,0.734000027179718
2018-02-21,0.7330999970436096
2018-02-22,0.7343999743461609
2018-02-23,0.7297999858856201
2018-02-26,0.7311999797821045
2018-02-27,0.7236999869346619
2018-02-28,0.7213000059127808
2018-03-01,0.7253000140190125
2018-03-02,0.7231000065803528
2018-03-05,0.7225000262260437
2018-03-06,0.7293999791145325
2018-03-07,0.7283999919891357
2018-03-08,0.7264000177383423
2018-03-09,0.7289999723434448
2018-03-12,0.7296000123023987
2018-03-13,0.7333999872207642
2018-03-14,0.7328000068664551
2018-03-15,0.7268999814987183
2018-03-16,0.7210000157356262
2018-03-19,0.7222999930381775
2018-03-20,0.7184000015258789
2018-03-21,0.7218000292778015
2018-03-22,0.722100019454956
2018-03-23,0.7253999710083008
2018-03-26,0.7294999957084656
2018-03-27,0.7264999747276306
2018-03-28,0.72079998254776
2018-03-29,0.722000002861023
2018-04-02,0.7211999893188477
2018-04-03,0.7258999943733215
2018-04-04,0.7307000160217285
2018-04-05,0.7268999814987183
2018-04-06,0.7267000079154968
2018-04-09,0.7315999865531921
2018-04-10,0.737500011920929
2018-04-11,0.7354000210762024
2018-04-12,0.7379999756813049
2018-04-13,0.7346000075340271
2018-04-16,0.7360000014305115
2018-04-17,0.7336000204086304
2018-04-18,0.7322999835014343
2018-04-19,0.7261000275611877
2018-04-20,0.7199000120162964
2018-04-23,0.7146999835968018
2018-04-24,0.7116000056266785
2018-04-25,0.7063000202178955
2018-04-26,0.7064999938011169
2018-04-27,0.7085999846458435
2018-04-30,0.7038000226020813
2018-05-01,0.7001000046730042
2018-05-02,0.7006999850273132
2018-05-03,0.7042999863624573
2018-05-04,0.7017999887466431
2018-05-07,0.7019000053405762
2018-05-08,0.6965000033378601
2018-05-09,0.6988999843597412
2018-05-10,0.6965000033378601
2018-05-11,0.696399986743927
2018-05-14,0.6916999816894531
2018-05-15,0.6858000159263611
2018-05-16,0.6897000074386597
2018-05-17,0.6872000098228455
2018-05-18,0.6915000081062317
2018-05-21,0.6929000020027161
2018-05-22,0.6929000020027161
2018-05-23,0.6916999816894531
2018-05-24,0.6930999755859375
2018-05-25,0.6920999884605408
2018-05-29,0.6894000172615051
2018-05-30,0.6988000273704529
2018-05-31,0.7002999782562256
2018-06-01,0.6984999775886536
2018-06-04,0.7034000158309937
2018-06-05,0.7027999758720398
2018-06-06,0.703499972820282
2018-06-07,0.7031999826431274
2018-06-08,0.7037000060081482
2018-06-11,0.7017999887466431
2018-06-12,0.7005000114440918
2018-06-13,0.7008000016212463
2018-06-14,0.6980000138282776
2018-06-15,0.694100022315979
2018-06-18,0.694599986076355
2018-06-19,0.6898000240325928
2018-06-20,0.6863999962806702
2018-06-21,0.6880999803543091
2018-06-22,0.6919999718666077
2018-06-25,0.6898999810218811
2018-06-26,0.6855000257492065
2018-06-27,0.6797000169754028
2018-06-28,0.675000011920929
2018-06-29,0.6769999861717224
2018-07-02,0.6700000166893005
2018-07-03,0.6743999719619751
2018-07-05,0.6782000064849854
2018-07-06,0.6837000250816345
2018-07-09,0.6843000054359436
2018-07-10,0.6840000152587891
2018-07-11,0.6764000058174133
2018-07-12,0.6769999861717224
2018-07-13,0.6758999824523926
2018-07-16,0.676800012588501
2018-07-17,0.6782000064849854
2018-07-18,0.6797999739646912
2018-07-19,0.6743000149726868
2018-07-20,0.6814000010490417
2018-07-23,0.6782000064849854
2018-07-24,0.6797999739646912
2018-07-25,0.6829000115394592
2018-07-26,0.6787999868392944
2018-07-27,0.6796000003814697
2018-07-30,0.682699978351593
2018-07-31,0.6819999814033508
2018-08-01,0.679099977016449
2018-08-02,0.6740999817848206
2018-08-03,0.6754999756813049
2018-08-06,0.6730999946594238
2018-08-07,0.67330002784729
2018-08-08,0.675599992275238
2018-08-09,0.6621000170707703
2018-08-10,0.6575000286102295
2018-08-13,0.6571000218391418
2018-08-14,0.6570000052452087
2018-08-15,0.6560999751091003
2018-08-16,0.6585999727249146
2018-08-17,0.6632000207901001
2018-08-20,0.6629999876022339
2018-08-21,0.6689000129699707
2018-08-22,0.6693000197410583
2018-08-23,0.6636000275611877
2018-08-24,0.6690000295639038
2018-08-27,0.669700026512146
2018-08-28,0.6708999872207642
2018-08-29,0.6708999872207642
2018-08-30,0.6639000177383423
2018-08-31,0.6610999703407288
2018-09-04,0.6554999947547913
2018-09-05,0.6586999893188477
2018-09-06,0.6597999930381775
2018-09-07,0.6535999774932861
2018-09-10,0.6521999835968018
2018-09-11,0.650600016117096
2018-09-12,0.6561999917030334
2018-09-13,0.6571999788284302
2018-09-14,0.6553000211715698
2018-09-17,0.6585000157356262
2018-09-18,0.6583999991416931
2018-09-19,0.661899983882904
2018-09-20,0.6690000295639038
2018-09-21,0.6679999828338623
2018-09-24,0.6646000146865845
2018-09-25,0.6651999950408936
2018-09-26,0.6668999791145325
2018-09-27,0.6618000268936157
2018-09-28,0.663100004196167
2018-10-01,0.6620000004768372
2018-10-02,0.6599000096321106
2018-10-03,0.6535999774932861
2018-10-04,0.6481999754905701
2018-10-05,0.6442999839782715
2018-10-08,0.6453999876976013
2018-10-09,0.6470999717712402
2018-10-10,0.6467999815940857
2018-10-11,0.6521000266075134
2018-10-12,0.6506999731063843
2018-10-15,0.6553000211715698
2018-10-16,0.6593000292778015
2018-10-17,0.6561999917030334
2018-10-18,0.6550999879837036
2018-10-19,0.6589000225067139
2018-10-22,0.6553999781608582
2018-10-23,0.6559000015258789
2018-10-24,0.6524999737739563
2018-10-25,0.6520000100135803
2018-10-26,0.6528000235557556
2018-10-29,0.652999997138977
2018-10-30,0.6557999849319458
2018-10-31,0.6523000001907349
2018-11-01,0.6660000085830688
2018-11-02,0.6643999814987183
2018-11-05,0.6675999760627747
2018-11-06,0.6668999791145325
2018-11-07,0.6791999936103821
2018-11-08,0.6747999787330627
2018-11-09,0.673799991607666
2018-11-12,0.6729999780654907
2018-11-13,0.6753000020980835
2018-11-14,0.6807000041007996
2018-11-15,0.6840999722480774
2018-11-16,0.6883000135421753
2018-11-19,0.6837000250816345
2018-11-20,0.6797000169754028
2018-11-21,0.6840000152587891
2018-11-23,0.6777999997138977
2018-11-26,0.6786999702453613
2018-11-27,0.6790000200271606
2018-11-28,0.6880999803543091
2018-11-29,0.6861000061035156
2018-11-30,0.6870999932289124
2018-12-03,0.6922000050544739
2018-12-04,0.692799985408783
2018-12-06,0.6868000030517578
2018-12-07,0.6866999864578247
2018-12-10,0.6873000264167786
2018-12-11,0.6880000233650208
2018-12-12,0.6852999925613403
2018-12-13,0.6859999895095825
2018-12-14,0.6801999807357788
2018-12-17,0.680899977684021
2018-12-18,0.6855000257492065
2018-12-19,0.6812999844551086
2018-12-20,0.6786999702453613
2018-12-21,0.6718999743461609
2018-12-24,0.6729000210762024
2018-12-26,0.6729999780654907
2018-12-27,0.6704000234603882
2018-12-28,0.6717000007629395
2018-12-31,0.671999990940094
2019-01-02,0.6668000221252441
2019-01-03,0.6700000166893005
2019-01-04,0.6751999855041504
2019-01-07,0.6761000156402588
2019-01-08,0.6732000112533569
2019-01-09,0.6808000206947327
2019-01-10,0.6787999868392944
2019-01-11,0.6840000152587891
2019-01-14,0.6830000281333923
2019-01-15,0.682200014591217
2019-01-16,0.6794999837875366
2019-01-17,0.6776999831199646
2019-01-18,0.6751000285148621
2019-01-22,0.6728000044822693
2019-01-23,0.6797000169754028
2019-01-24,0.6769000291824341
2019-01-25,0.6852999925613403
2019-01-28,0.6833999752998352
2019-01-29,0.6832000017166138
2019-01-30,0.6916000247001648
2019-01-31,0.6912999749183655
2019-02-01,0.6902999877929688
2019-02-04,0.6891000270843506
2019-02-05,0.6895999908447266
2019-02-06,0.6837000250816345
2019-02-07,0.6758000254631042
2019-02-08,0.6753000020980835
2019-02-11,0.6736999750137329
2019-02-12,0.6739000082015991
2019-02-13,0.6805999875068665
2019-02-14,0.684499979019165
2019-02-15,0.6868000030517578
2019-02-19,0.6884999871253967
2019-02-20,0.6873000264167786
2019-02-21,0.680899977684021
2019-02-22,0.6848000288009644
2019-02-25,0.6887999773025513
2019-02-26,0.6901999711990356
2019-02-27,0.6843000054359436
2019-02-28,0.6809999942779541
2019-03-01,0.6800000071525574
2019-03-04,0.6819000244140625
2019-03-05,0.6801000237464905
2019-03-06,0.6771000027656555
2019-03-07,0.6748999953269958
2019-03-08,0.6805999875068665
2019-03-11,0.6826000213623047
2019-03-12,0.6872000098228455
2019-03-13,0.6855999827384949
2019-03-14,0.6819000244140625
2019-03-15,0.6845999956130981
2019-03-18,0.6862000226974487
2019-03-19,0.6866999864578247
2019-03-20,0.692300021648407
2019-03-21,0.6883999705314636
2019-03-22,0.6884999871253967
2019-03-25,0.6916999816894531
2019-03-26,0.6924999952316284
2019-03-27,0.6812999844551086
2019-03-28,0.6797999739646912
2019-03-29,0.6819000244140625
2019-04-01,0.6820999979972839
2019-04-02,0.675599992275238
2019-04-03,0.6794000267982483
2019-04-04,0.6765999794006348
2019-04-05,0.6736999750137329
2019-04-08,0.675000011920929
2019-04-09,0.675000011920929
2019-04-10,0.6769000291824341
2019-04-11,0.6732000112533569
2019-04-12,0.6776000261306763
2019-04-15,0.676800012588501
2019-04-16,0.6765000224113464
2019-04-17,0.6726999878883362
2019-04-18,0.6679999828338623
2019-04-22,0.6679999828338623
2019-04-23,0.6653000116348267
2019-04-24,0.6589999794960022
2019-04-25,0.6629999876022339
2019-04-26,0.666700005531311
2019-04-29,0.6672999858856201
2019-04-30,0.6682999730110168
2019-05-01,0.6625000238418579
2019-05-02,0.661899983882904
2019-05-03,0.6643000245094299
2019-05-06,0.6615999937057495
2019-05-07,0.6603999733924866
2019-05-08,0.657800018787384
2019-05-09,0.6600000262260437
2019-05-10,0.6600000262260437
2019-05-13,0.6575999855995178
2019-05-14,0.6577000021934509
2019-05-15,0.6565999984741211
2019-05-16,0.6539999842643738
2019-05-17,0.6521000266075134
2019-05-20,0.6534000039100647
2019-05-21,0.6506999731063843
2019-05-22,0.6499999761581421
2019-05-23,0.6521000266075134
2019-05-24,0.6552000045776367
2019-05-28,0.6543999910354614
2019-05-29,0.6513000130653381
2019-05-30,0.6510000228881836
2019-05-31,0.6546000242233276
2019-06-03,0.6600000262260437
2019-06-04,0.6615999937057495
2019-06-05,0.6618000268936157
2019-06-06,0.6624000072479248
2019-06-07,0.6664000153541565
2019-06-10,0.6610999703407288
2019-06-11,0.65829998254776
2019-06-12,0.6571999788284302
2019-06-13,0.6570000052452087
2019-06-14,0.6489999890327454
2019-06-17,0.6503000259399414
2019-06-18,0.6535000205039978
2019-06-19,0.6553999781608582
2019-06-20,0.6600000262260437
2019-06-21,0.6590999960899353
2019-06-24,0.6628000140190125
2019-06-25,0.6651999950408936
2019-06-26,0.6689000129699707
2019-06-27,0.6711000204086304
2019-06-28,0.6726999878883362
2019-07-01,0.667900025844574
2019-07-02,0.6682000160217285
2019-07-03,0.671999990940094
2019-07-05,0.6632000207901001
2019-07-08,0.6632999777793884
2019-07-09,0.6614999771118164
2019-07-10,0.6650000214576721
2019-07-11,0.6675000190734863
2019-07-12,0.6704000234603882
2019-07-15,0.6728000044822693
2019-07-16,0.6711000204086304
2019-07-17,0.6748999953269958
2019-07-18,0.6784999966621399
2019-07-19,0.6771000027656555
2019-07-22,0.677299976348877
2019-07-23,0.6714000105857849
2019-07-24,0.6711000204086304
2019-07-25,0.6662999987602234
2019-07-26,0.6638000011444092
2019-07-29,0.6636000275611877
2019-07-30,0.6620000004768372
2019-07-31,0.656499981880188
2019-08-01,0.656000018119812
2019-08-02,0.6536999940872192
2019-08-05,0.6541000008583069
2019-08-06,0.652899980545044
2019-08-07,0.6470999717712402
2019-08-08,0.6488000154495239
2019-08-09,0.6470999717712402
2019-08-12,0.6455000042915344
2019-08-13,0.6455000042915344
2019-08-14,0.6439999938011169
2019-08-15,0.6448000073432922
2019-08-16,0.6432999968528748
2019-08-19,0.6413999795913696
2019-08-20,0.6420999765396118
2019-08-21,0.6401000022888184
2019-08-22,0.6370999813079834
2019-08-23,0.6395000219345093
2019-08-26,0.6388000249862671
2019-08-27,0.6366000175476074
2019-08-28,0.6340000033378601
2019-08-29,0.6310999989509583
2019-08-30,0.6294999718666077
2019-09-03,0.6335999965667725
2019-09-04,0.6365000009536743
2019-09-05,0.6373999714851379
2019-09-06,0.6428999900817871
2019-09-09,0.6425999999046326
2019-09-10,0.6420000195503235
2019-09-11,0.6413000226020813
2019-09-12,0.640500009059906
2019-09-13,0.6373000144958496
2019-09-16,0.6352999806404114
2019-09-17,0.6363999843597412
2019-09-18,0.6327000260353088
2019-09-19,0.6315000057220459
2019-09-20,0.6269999742507935
2019-09-23,0.6305999755859375
2019-09-24,0.6341999769210815
2019-09-25,0.6283000111579895
2019-09-26,0.6315000057220459
2019-09-27,0.630299985408783
2019-09-30,0.6273999810218811
2019-10-01,0.6255000233650208
2019-10-02,0.6279000043869019
2019-10-03,0.6308000087738037
2019-10-04,0.6323999762535095
2019-10-07,0.6298999786376953
2019-10-08,0.6302000284194946
2019-10-09,0.630299985408783
2019-10-10,0.6327000260353088
2019-10-11,0.6345000267028809
2019-10-14,0.6305999755859375
2019-10-15,0.6292999982833862
2019-10-16,0.6295999884605408
2019-10-17,0.6358000040054321
2019-10-18,0.6385999917984009
2019-10-21,0.6407999992370605
2019-10-22,0.6412000060081482
2019-10-23,0.6428999900817871
2019-10-24,0.6385999917984009
2019-10-25,0.6358000040054321
2019-10-28,0.6348999738693237
2019-10-29,0.6360999941825867
2019-10-30,0.6365000009536743
2019-10-31,0.6416000127792358
2019-11-01,0.6431999802589417
2019-11-04,0.6396999955177307
2019-11-05,0.6385999917984009
2019-11-06,0.6371999979019165
2019-11-07,0.6370000243186951
2019-11-08,0.6330000162124634
2019-11-11,0.6370999813079834
2019-11-12,0.6334999799728394
2019-11-13,0.6410999894142151
2019-11-14,0.6366000175476074
2019-11-15,0.6402999758720398
2019-11-18,0.6403999924659729
2019-11-19,0.6431999802589417
2019-11-20,0.6416000127792358
2019-11-21,0.6402999758720398
2019-11-22,0.6409000158309937
2019-11-25,0.6406000256538391
2019-11-26,0.642799973487854
2019-11-27,0.6427000164985657
2019-11-29,0.642300009727478
2019-12-02,0.6506999731063843
2019-12-03,0.6517999768257141
2019-12-04,0.6528000235557556
2019-12-05,0.6550999879837036
2019-12-06,0.6567999720573425
2019-12-09,0.6554999947547913
2019-12-10,0.6549000144004822
2019-12-11,0.6601999998092651
2019-12-12,0.65829998254776
2019-12-13,0.6589999794960022
2019-12-16,0.6607999801635742
2019-12-17,0.6577000021934509
2019-12-18,0.65829998254776
2019-12-19,0.6615999937057495
2019-12-20,0.6614999771118164
2019-12-23,0.6644999980926514
2019-12-24,0.6657000184059143
2019-12-26,0.6678000092506409
2019-12-27,0.6715999841690063
2019-12-30,0.6739000082015991
2019-12-31,0.675000011920929
2020-01-02,0.6700999736785889
2020-01-03,0.6675999760627747
2020-01-06,0.6672000288963318
2020-01-07,0.6650000214576721
2020-01-08,0.6658999919891357
2020-01-09,0.6614000201225281
2020-01-10,0.6644999980926514
2020-01-13,0.6638000011444092
2020-01-14,0.6624000072479248
2020-01-15,0.6614999771118164
2020-01-16,0.6640999913215637
2020-01-17,0.6620000004768372
2020-01-21,0.660099983215332
2020-01-22,0.6600000262260437
2020-01-23,0.6601999998092651
2020-01-24,0.6614999771118164
2020-01-27,0.6547999978065491
2020-01-28,0.6536999940872192
2020-01-29,0.6539000272750854
2020-01-30,0.6485000252723694
2020-01-31,0.6467999815940857
2020-02-03,0.6470000147819519
2020-02-04,0.6485999822616577
2020-02-05,0.6478999853134155
2020-02-06,0.6462000012397766
2020-02-07,0.6403999924659729
2020-02-10,0.6389999985694885
2020-02-11,0.6402000188827515
2020-02-12,0.6462000012397766
2020-02-13,0.6442999839782715
2020-02-14,0.6434000134468079
2020-02-18,0.638700008392334
2020-02-19,0.637499988079071
2020-02-20,0.6330999732017517
2020-02-21,0.6355999708175659
2020-02-24,0.6334999799728394
2020-02-25,0.6327000260353088
2020-02-26,0.630299985408783
2020-02-27,0.6312000155448914
2020-02-28,0.6255999803543091
2020-03-02,0.6255000233650208
2020-03-03,0.6281999945640564
2020-03-04,0.628600001335144
2020-03-05,0.6294000148773193
2020-03-06,0.6359000205993652
2020-03-09,0.6352999806404114
2020-03-10,0.6261000037193298
2020-03-11,0.6284999847412109
2020-03-12,0.6147000193595886
2020-03-13,0.6043000221252441
2020-03-16,0.6043999791145325
2020-03-17,0.5936999917030334
2020-03-18,0.5748000144958496
2020-03-19,0.5726000070571899
2020-03-20,0.5680999755859375
2020-03-23,0.569599986076355
2020-03-24,0.5781999826431274
2020-03-25,0.5835999846458435
2020-03-26,0.5983999967575073
2020-03-27,0.6062999963760376
2020-03-30,0.599399983882904
2020-03-31,0.5949000120162964
2020-04-01,0.5911999940872192
2020-04-02,0.5907999873161316
2020-04-03,0.5857999920845032
2020-04-06,0.5931000113487244
2020-04-07,0.5985999703407288
2020-04-08,0.6018999814987183
2020-04-09,0.60589998960495
2020-04-13,0.6104000210762024
2020-04-14,0.609000027179718
2020-04-15,0.5992000102996826
2020-04-16,0.5953999757766724
2020-04-17,0.602400004863739
2020-04-20,0.6044999957084656
2020-04-21,0.5958999991416931
2020-04-22,0.5952000021934509
2020-04-23,0.6021000146865845
2020-04-24,0.6003000140190125
2020-04-27,0.6057000160217285
2020-04-28,0.60589998960495
2020-04-29,0.6123999953269958
2020-04-30,0.6139000058174133
2020-05-01,0.6046000123023987
2020-05-04,0.6043000221252441
2020-05-05,0.6072999835014343
2020-05-06,0.6015999913215637
2020-05-07,0.6079999804496765
2020-05-08,0.6132000088691711
2020-05-11,0.6068999767303467
2020-05-12,0.609499990940094
2020-05-13,0.5979999899864197
2020-05-14,0.5975000262260437
2020-05-15,0.5929999947547913
2020-05-18,0.6029999852180481
2020-05-19,0.6104999780654907
2020-05-20,0.6147000193595886
2020-05-21,0.6118999719619751
2020-05-22,0.6086999773979187
2020-05-26,0.6226000189781189
2020-05-27,0.6173999905586243
2020-05-28,0.6226000189781189
2020-05-29,0.619700014591217
2020-06-01,0.6294999718666077
2020-06-02,0.6365000009536743
2020-06-03,0.6434000134468079
2020-06-04,0.6460999846458435
2020-06-05,0.6507999897003174
2020-06-08,0.6564000248908997
2020-06-09,0.6517000198364258
2020-06-10,0.6552000045776367
2020-06-11,0.641700029373169
2020-06-12,0.6424000263214111
2020-06-15,0.6450999975204468
2020-06-16,0.6445000171661377
2020-06-17,0.6460000276565552
2020-06-18,0.642300009727478
2020-06-19,0.6413000226020813
2020-06-22,0.6484000086784363
2020-06-23,0.6495000123977661
2020-06-24,0.6406000256538391
2020-06-25,0.6421999931335449
2020-06-26,0.6421999931335449
2020-06-29,0.6414999961853027
2020-06-30,0.6455000042915344
2020-07-01,0.6473000049591064
2020-07-02,0.6503999829292297
2020-07-06,0.6563000082969666
2020-07-07,0.6549000144004822
2020-07-08,0.6577000021934509
2020-07-09,0.6571999788284302
2020-07-10,0.6572999954223633
2020-07-13,0.6557999849319458
2020-07-14,0.6525999903678894
2020-07-15,0.6568999886512756
2020-07-16,0.6531000137329102
2020-07-17,0.6560999751091003
2020-07-20,0.6571999788284302
2020-07-21,0.6646000146865845
2020-07-22,0.6662999987602234
2020-07-23,0.6636000275611877
2020-07-24,0.6636999845504761
2020-07-27,0.667900025844574
2020-07-28,0.6656000018119812
2020-07-29,0.6656000018119812
2020-07-30,0.6675000190734863
2020-07-31,0.6628999710083008
2020-08-03,0.661300003528595
2020-08-04,0.6611999869346619
2020-08-05,0.6642000079154968
2020-08-06,0.6675999760627747
2020-08-07,0.659600019454956
2020-08-10,0.6588000059127808
2020-08-11,0.6585000157356262
2020-08-12,0.6577000021934509
2020-08-13,0.6539999842643738
2020-08-14,0.6549000144004822
2020-08-17,0.6542999744415283
2020-08-18,0.6603000164031982
2020-08-19,0.6585000157356262
2020-08-20,0.6525999903678894
2020-08-21,0.6539000272750854
2020-08-24,0.6528000235557556
2020-08-25,0.6550999879837036
2020-08-26,0.6607000231742859
2020-08-27,0.6636000275611877
2020-08-28,0.6735000014305115
2020-08-31,0.6746000051498413
2020-09-01,0.6743999719619751
2020-09-02,0.6757000088691711
2020-09-03,0.6700000166893005
2020-09-04,0.6730999946594238
2020-09-08,0.6614999771118164
2020-09-09,0.666700005531311
2020-09-10,0.6657000184059143
2020-09-11,0.6660000085830688
2020-09-14,0.6710000038146973
2020-09-15,0.6718999743461609
2020-09-16,0.6725999712944031
2020-09-17,0.6747999787330627
2020-09-18,0.6766999959945679
2020-09-21,0.6658999919891357
2020-09-22,0.6635000109672546
2020-09-23,0.6542999744415283
2020-09-24,0.6547999978065491
2020-09-25,0.6542999744415283
2020-09-28,0.656000018119812
2020-09-29,0.6592000126838684
2020-09-30,0.661300003528595
2020-10-01,0.6650000214576721
2020-10-02,0.6632999777793884
2020-10-05,0.6632000207901001
2020-10-06,0.659600019454956
2020-10-07,0.6578999757766724
2020-10-08,0.65829998254776
2020-10-09,0.6664999723434448
2020-10-12,0.6647999882698059
2020-10-13,0.6643000245094299
2020-10-14,0.6657000184059143
2020-10-15,0.6593999862670898
2020-10-16,0.6611999869346619
2020-10-19,0.6610000133514404
2020-10-20,0.6590999960899353
2020-10-21,0.666700005531311
2020-10-22,0.667900025844574
2020-10-23,0.6685000061988831
2020-10-26,0.6682999730110168
2020-10-27,0.6711000204086304
2020-10-28,0.6656000018119812
2020-10-29,0.6621000170707703
2020-10-30,0.6610000133514404
2020-11-02,0.6628999710083008
2020-11-03,0.6682000160217285
2020-11-04,0.6704000234603882
2020-11-05,0.6772000193595886
2020-11-06,0.6773999929428101
2020-11-09,0.6832000017166138
2020-11-10,0.6827999949455261
2020-11-11,0.6881999969482422
2020-11-12,0.6845999956130981
2020-11-13,0.6840000152587891
2020-11-16,0.6894999742507935
2020-11-17,0.6894999742507935
2020-11-18,0.6933000087738037
2020-11-19,0.6923999786376953
2020-11-20,0.6942999958992004
2020-11-23,0.6926000118255615
2020-11-24,0.6973000168800354
2020-11-25,0.7010999917984009
2020-11-27,0.7031000256538391
2020-11-30,0.7023000121116638
2020-12-01,0.7056000232696533
2020-12-02,0.7056000232696533
2020-12-03,0.7081000208854675
2020-12-04,0.704200029373169
2020-12-07,0.704800009727478
2020-12-08,0.7038999795913696
2020-12-09,0.7023000121116638
2020-12-10,0.7087000012397766
2020-12-11,0.7084000110626221
2020-12-14,0.7103000283241272
2020-12-15,0.7096999883651733
2020-12-16,0.7087000012397766
2020-12-17,0.7148000001907349
2020-12-18,0.713699996471405
2020-12-21,0.7111999988555908
2020-12-22,0.7046999931335449
2020-12-23,0.7091000080108643
2020-12-24,0.7117999792098999
2020-12-28,0.7102000117301941
2020-12-29,0.7153000235557556
2020-12-30,0.720300018787384
2020-12-31,0.7188000082969666
2021-01-04,0.718500018119812
2021-01-05,0.725600004196167
2021-01-06,0.7279999852180481
2021-01-07,0.7261000275611877
2021-01-08,0.722599983215332
2021-01-11,0.7174999713897705
2021-01-12,0.722100019454956
2021-01-13,0.7188000082969666
2021-01-14,0.722599983215332
2021-01-15,0.7142999768257141
2021-01-19,0.7114999890327454
2021-01-20,0.7168999910354614
2021-01-21,0.7197999954223633
2021-01-22,0.7182000279426575
2021-01-25,0.7186999917030334
2021-01-26,0.7239999771118164
2021-01-27,0.7166000008583069
2021-01-28,0.7190999984741211
2021-01-29,0.7179999947547913
2021-02-01,0.7168999910354614
2021-02-02,0.7156999707221985
2021-02-03,0.7200999855995178
2021-02-04,0.7156999707221985
2021-02-05,0.7200999855995178
2021-02-08,0.7224000096321106
2021-02-09,0.7242000102996826
2021-02-10,0.7214000225067139
2021-02-11,0.7222999930381775
2021-02-12,0.7218000292778015
2021-02-16,0.7214999794960022
2021-02-17,0.7184000015258789
2021-02-18,0.7214000225067139
2021-02-19,0.7294999957084656
2021-02-22,0.7333999872207642
2021-02-23,0.7339000105857849
2021-02-24,0.7402999997138977
2021-02-25,0.7391999959945679
2021-02-26,0.7233999967575073
2021-03-01,0.7264999747276306
2021-03-02,0.7297000288963318
2021-03-03,0.7258999943733215
2021-03-04,0.7192000150680542
2021-03-05,0.7167999744415283
2021-03-08,0.7138000130653381
2021-03-09,0.7171000242233276
2021-03-10,0.7193999886512756
2021-03-11,0.722599983215332
2021-03-12,0.7174000144004822
2021-03-15,0.7188000082969666
2021-03-16,0.7190999984741211
2021-03-17,0.7236999869346619
2021-03-18,0.7164000272750854
2021-03-19,0.7168999910354614
2021-03-22,0.7174999713897705
2021-03-23,0.6998999714851379
2021-03-24,0.6973999738693237
2021-03-25,0.6955000162124634
2021-03-26,0.6988999843597412
2021-03-29,0.699400007724762
2021-03-30,0.6976000070571899
2021-03-31,0.6983000040054321
2021-04-01,0.70169997215271
2021-04-05,0.7059999704360962
2021-04-06,0.7049999833106995
2021-04-07,0.7006000280380249
2021-04-08,0.7053999900817871
2021-04-09,0.7039999961853027
2021-04-12,0.7024000287055969
2021-04-13,0.7050999999046326
2021-04-14,0.7135999798774719
2021-04-15,0.7174000144004822
2021-04-16,0.7142999768257141
2021-04-19,0.7181000113487244
2021-04-20,0.7166000008583069
2021-04-21,0.72079998254776
2021-04-22,0.7157999873161316
2021-04-23,0.7196000218391418
2021-04-26,0.7239999771118164
2021-04-27,0.7204999923706055
2021-04-28,0.7260000109672546
2021-04-29,0.7246000170707703
2021-04-30,0.7157999873161316
2021-05-03,0.7211999893188477
2021-05-04,0.7139000296592712
2021-05-05,0.7210999727249146
2021-05-06,0.7224000096321106
2021-05-07,0.7282999753952026
2021-05-10,0.7271000146865845
2021-05-11,0.7268000245094299
2021-05-12,0.7161999940872192
2021-05-13,0.718500018119812
2021-05-14,0.7249000072479248
2021-05-17,0.7218999862670898
2021-05-18,0.7249000072479248
2021-05-19,0.715499997138977
2021-05-20,0.7196999788284302
2021-05-21,0.7164999842643738
2021-05-24,0.7217000126838684
2021-05-25,0.7232000231742859
2021-05-26,0.7290999889373779
2021-05-27,0.7297999858856201
2021-05-28,0.7257999777793884
2021-06-01,0.7257000207901001
2021-06-02,0.723800003528595
2021-06-03,0.7131999731063843
2021-06-04,0.7211999893188477
2021-06-07,0.7233999967575073
2021-06-08,0.7199000120162964
2021-06-09,0.7181000113487244
2021-06-10,0.7200999855995178
2021-06-11,0.7128999829292297
2021-06-14,0.7143999934196472
2021-06-15,0.711899995803833
2021-06-16,0.7053999900817871
2021-06-17,0.7002999782562256
2021-06-18,0.694100022315979
2021-06-21,0.6992999911308289
2021-06-22,0.7027000188827515
2021-06-23,0.7038999795913696
2021-06-24,0.7060999870300293
2021-06-25,0.7059000134468079
2021-06-28,0.7039999961853027
2021-06-29,0.6991999745368958
2021-06-30,0.6983000040054321
2021-07-01,0.6962000131607056
2021-07-02,0.7006999850273132
2021-07-06,0.7013999819755554
2021-07-07,0.7016000151634216
2021-07-08,0.6940000057220459
2021-07-09,0.7001000046730042
2021-07-12,0.6973999738693237
2021-07-13,0.6942999958992004
2021-07-14,0.7027999758720398
2021-07-15,0.6973999738693237
2021-07-16,0.7006999850273132
2021-07-19,0.6926000118255615
2021-07-20,0.6920999884605408
2021-07-21,0.6969000101089478
2021-07-22,0.6980000138282776
2021-07-23,0.6977999806404114
2021-07-26,0.6991999745368958
2021-07-27,0.6956999897956848
2021-07-28,0.6948000192642212
2021-07-29,0.7013999819755554
2021-07-30,0.6962000131607056
2021-08-02,0.6973999738693237
2021-08-03,0.7013999819755554
2021-08-04,0.7046999931335449
2021-08-05,0.7059999704360962
2021-08-06,0.7009999752044678
2021-08-09,0.6992999911308289
2021-08-10,0.7009000182151794
2021-08-11,0.7038999795913696
2021-08-12,0.6995000243186951
2021-08-13,0.7042999863624573
2021-08-16,0.701449990272522
2021-08-17,0.6902999877929688
2021-08-18,0.6890000104904175
2021-08-19,0.6829500198364258
2021-08-20,0.683650016784668
2021-08-23,0.6900500059127808
2021-08-24,0.6947000026702881
2021-08-25,0.6978499889373779
2021-08-26,0.6945000290870667
2021-08-27,0.7012500166893005
2021-08-30,0.7005500197410583
2021-08-31,0.7056499719619751
2021-09-01,0.7069500088691711
2021-09-02,0.7115499973297119
2021-09-03,0.7164999842643738
2021-09-07,0.7097499966621399
2021-09-08,0.7105500102043152
2021-09-09,0.7113500237464905
2021-09-10,0.7122499942779541
2021-09-13,0.7111499905586243
2021-09-14,0.7084000110626221
2021-09-15,0.7096499800682068
2021-09-16,0.7073000073432922
2021-09-17,0.7033500075340271
2021-09-20,0.7013000249862671
2021-09-21,0.7005000114440918
2021-09-22,0.69964998960495
2021-09-23,0.7072499990463257
2021-09-24,0.7003999948501587
2021-09-27,0.7013999819755554
2021-09-28,0.6949499845504761
2021-09-29,0.6863999962806702
2021-09-30,0.6904500126838684
2021-10-01,0.6944500207901001
2021-10-04,0.6960999965667725
2021-10-05,0.6958500146865845
2021-10-06,0.6912500262260437
2021-10-07,0.6927000284194946
2021-10-08,0.6930000185966492
2021-10-11,0.6939499974250793
2021-10-12,0.6933000087738037
2021-10-13,0.6950500011444092
2021-10-14,0.7022500038146973
2021-10-15,0.7064499855041504
2021-10-18,0.7080000042915344
2021-10-19,0.7155500054359436
2021-10-20,0.7202500104904175
2021-10-21,0.7143499851226807
2021-10-22,0.7139000296592712
2021-10-25,0.7163500189781189
2021-10-26,0.715749979019165
2021-10-27,0.7174000144004822
2021-10-28,0.7190999984741211
2021-10-29,0.7160999774932861
2021-11-01,0.7179999947547913
2021-11-02,0.7102500200271606
2021-11-03,0.7148000001907349
2021-11-04,0.7100499868392944
2021-11-05,0.7112500071525574
2021-11-08,0.7164999842643738
2021-11-09,0.7127500176429749
2021-11-10,0.7061499953269958
2021-11-11,0.7018499970436096
2021-11-12,0.7039999961853027
2021-11-15,0.7041000127792358
2021-11-16,0.699400007724762
2021-11-17,0.6989499926567078
2021-11-18,0.7032999992370605
2021-11-19,0.699150025844574
2021-11-22,0.6951500177383423
2021-11-23,0.6948999762535095
2021-11-24,0.6863499879837036
2021-11-26,0.6819999814033508
2021-11-29,0.680400013923645
2021-11-30,0.6819999814033508
2021-12-01,0.6815000176429749
2021-12-02,0.6808000206947327
2021-12-03,0.6747499704360962
2021-12-06,0.6741999983787537
2021-12-07,0.6784999966621399
2021-12-08,0.6815500259399414
2021-12-09,0.6787999868392944
2021-12-10,0.6792500019073486
2021-12-13,0.6752499938011169
2021-12-14,0.6730499863624573
2021-12-15,0.6743500232696533
2021-12-16,0.6775500178337097
2021-12-17,0.6730999946594238
2021-12-20,0.6703000068664551
2021-12-21,0.6753000020980835
2021-12-22,0.6809999942779541
2021-12-23,0.6826500296592712
2021-12-27,0.680899977684021
2021-12-28,0.6791999936103821
2021-12-29,0.6815999746322632
2021-12-30,0.6823499798774719
2021-12-31,0.6843500137329102
2022-01-03,0.6781499981880188
2022-01-04,0.6802499890327454
2022-01-05,0.678849995136261
2022-01-06,0.6733999848365784
2022-01-07,0.6769000291824341
2022-01-10,0.6747499704360962
2022-01-11,0.6776000261306763
2022-01-12,0.6846500039100647
2022-01-13,0.6865500211715698
2022-01-14,0.6801000237464905
2022-01-18,0.6766499876976013
2022-01-19,0.6792500019073486
2022-01-20,0.6769000291824341
2022-01-21,0.6707000136375427
2022-01-24,0.6680499911308289
2022-01-25,0.6693500280380249
2022-01-26,0.6656500101089478
2022-01-27,0.6567000150680542
2022-01-28,0.6527500152587891
2022-01-31,0.6582000255584717
2022-02-01,0.6632000207901001
2022-02-02,0.663349986076355
2022-02-03,0.6652500033378601
2022-02-04,0.6605499982833862
2022-02-07,0.6636499762535095
2022-02-08,0.6631500124931335
2022-02-09,0.6685000061988831
2022-02-10,0.6668499708175659
2022-02-11,0.663100004196167
2022-02-14,0.6609500050544739
2022-02-15,0.6633999943733215
2022-02-16,0.6684499979019165
2022-02-17,0.6692000031471252
2022-02-18,0.6696500182151794
2022-02-22,0.673550009727478
2022-02-23,0.6766999959945679
2022-02-24,0.6685000061988831
2022-02-25,0.6746000051498413
2022-02-28,0.6762999892234802
2022-03-01,0.6747000217437744
2022-03-02,0.6783000230789185
2022-03-03,0.6798999905586243
2022-03-04,0.6866000294685364
2022-03-07,0.6822999715805054
2022-03-08,0.6815000176429749
2022-03-09,0.6836000084877014
2022-03-10,0.6871500015258789
2022-03-11,0.6802499890327454
2022-03-14,0.6785500049591064
2022-03-15,0.6754000186920166
2022-03-16,0.680899977684021
2022-03-17,0.6874499917030334
2022-03-18,0.6895999908447266
2022-03-21,0.6865500211715698
2022-03-22,0.6948000192642212
2022-03-23,0.6976500153541565
2022-03-24,0.6947000026702881
2022-03-25,0.6956499814987183
2022-03-28,0.6886500120162964
2022-03-29,0.6934999823570251
2022-03-30,0.696399986743927
2022-03-31,0.6923999786376953
2022-04-01,0.6905500292778015
2022-04-04,0.6951000094413757
2022-04-05,0.6953999996185303
2022-04-06,0.6908000111579895
2022-04-07,0.6887000203132629
2022-04-08,0.6835500001907349
2022-04-11,0.6830999851226807
2022-04-12,0.6859999895095825
2022-04-13,0.6779000163078308
2022-04-14,0.6784999966621399
2022-04-18,0.6718000173568726
2022-04-19,0.672249972820282
2022-04-20,0.679099977016449
2022-04-21,0.6726999878883362
2022-04-22,0.6622999906539917
2022-04-25,0.6607000231742859
2022-04-26,0.6576499938964844
2022-04-27,0.6537500023841858
2022-04-28,0.6484500169754028
2022-04-29,0.6467000246047974
2022-05-02,0.6412500143051147
2022-05-03,0.6432999968528748
2022-05-04,0.6511499881744385
2022-05-05,0.6406000256538391
2022-05-06,0.6406499743461609
2022-05-09,0.6330000162124634
2022-05-10,0.6289499998092651
2022-05-11,0.6298499703407288
2022-05-12,0.6215000152587891
2022-05-13,0.6258999705314636
2022-05-16,0.6312999725341797
2022-05-17,0.6349499821662903
2022-05-18,0.6301500201225281
2022-05-19,0.6395999789237976
2022-05-20,0.6377500295639038
2022-05-23,0.646049976348877
2022-05-24,0.6442499756813049
2022-05-25,0.6476500034332275
2022-05-26,0.6470000147819519
2022-05-27,0.6530500054359436
2022-05-31,0.6512500047683716
2022-06-01,0.6488999724388123
2022-06-02,0.6553500294685364
2022-06-03,0.6510999798774719
2022-06-06,0.6486499905586243
2022-06-07,0.649150013923645
2022-06-08,0.6448000073432922
2022-06-09,0.63919997215271
2022-06-10,0.6360999941825867
2022-06-13,0.6278499960899353
2022-06-14,0.6195499897003174
2022-06-15,0.6253499984741211
2022-06-16,0.6367999911308289
2022-06-17,0.6298499703407288
2022-06-21,0.6326000094413757
2022-06-22,0.6274999976158142
2022-06-23,0.626800000667572
2022-06-24,0.6311500072479248
2022-06-27,0.6287999749183655
2022-06-28,0.6237000226974487
2022-06-29,0.6207500100135803
2022-06-30,0.6241999864578247
2022-07-01,0.6206499934196472
2022-07-05,0.6158999800682068
2022-07-06,0.6146500110626221
2022-07-07,0.6172999739646912
2022-07-08,0.6177999973297119
2022-07-11,0.6115000247955322
2022-07-12,0.61285001039505
2022-07-13,0.6134499907493591
2022-07-14,0.6126999855041504
2022-07-15,0.615149974822998
2022-07-18,0.6152999997138977
2022-07-19,0.6218000054359436
2022-07-20,0.6221500039100647
2022-07-21,0.621649980545044
2022-07-22,0.623449981212616
2022-07-25,0.6259999871253967
2022-07-26,0.6223999857902527
2022-07-27,0.6256999969482422
2022-07-28,0.6280500292778015
2022-07-29,0.6292999982833862
2022-08-01,0.6330500245094299
2022-08-02,0.6256999969482422
2022-08-03,0.6261000037193298
2022-08-04,0.6307500004768372
2022-08-05,0.6233999729156494
2022-08-08,0.6280999779701233
2022-08-09,0.6274499893188477
2022-08-10,0.6411499977111816
2022-08-11,0.6429499983787537
2022-08-12,0.6452999711036682
2022-08-15,0.6359500288963318
2022-08-16,0.6340000033378601
2022-08-17,0.6286500096321106
2022-08-18,0.6254500150680542
2022-08-19,0.6164500117301941
2022-08-22,0.6161999702453613
2022-08-23,0.6204500198364258
2022-08-24,0.6178500056266785
2022-08-25,0.6220999956130981
2022-08-26,0.6136000156402588
2022-08-29,0.6149500012397766
2022-08-30,0.6134999990463257
2022-08-31,0.6122499704360962
2022-09-01,0.6068500280380249
2022-09-02,0.6117500066757202
2022-09-06,0.6038500070571899
2022-09-07,0.6057999730110168
2022-09-08,0.6049000024795532
2022-09-09,0.6103500127792358
2022-09-12,0.6133000254631042
2022-09-13,0.5992500185966492
2022-09-14,0.6001999974250793
2022-09-15,0.5968000292778015
2022-09-16,0.5984500050544739
2022-09-19,0.5934000015258789
2022-09-20,0.589900016784668
2022-09-21,0.5907999873161316
2022-09-22,0.5841500163078308
2022-09-23,0.5734500288963318
2022-09-26,0.5637999773025513
2022-09-27,0.5641999840736389
2022-09-28,0.5733000040054321
2022-09-29,0.5701000094413757
2022-09-30,0.5613499879837036
2022-10-03,0.5720999836921692
2022-10-04,0.5738999843597412
2022-10-05,0.5745999813079834
2022-10-06,0.5652499794960022
2022-10-07,0.5613999962806702
2022-10-10,0.5566499829292297
2022-10-11,0.559249997138977
2022-10-12,0.5607500076293945
2022-10-13,0.5646499991416931
2022-10-14,0.5558500289916992
2022-10-17,0.5634999871253967
2022-10-18,0.5677499771118164
2022-10-19,0.5662000179290771
2022-10-20,0.567550003528595
2022-10-21,0.5745000243186951
2022-10-24,0.5690000057220459
2022-10-25,0.5753499865531921
2022-10-26,0.583299994468689
2022-10-27,0.5836499929428101
2022-10-28,0.5809500217437744
2022-10-31,0.5813500285148621
2022-11-01,0.5846999883651733
2022-11-02,0.5870500206947327
2022-11-03,0.5784000158309937
2022-11-04,0.59375
2022-11-07,0.5938500165939331
2022-11-08,0.5961499810218811
2022-11-09,0.5878999829292297
2022-11-10,0.6014500260353088
2022-11-11,0.6126999855041504
2022-11-14,0.6118500232696533
2022-11-15,0.6173499822616577
2022-11-16,0.6155999898910522
2022-11-17,0.6124500036239624
2022-11-18,0.6157500147819519
2022-11-21,0.6098499894142151
2022-11-22,0.6152499914169312
2022-11-23,0.6245999932289124
2022-11-25,0.6237499713897705
2022-11-28,0.616100013256073
2022-11-29,0.6195499897003174
2022-11-30,0.630050003528595
2022-12-01,0.6375499963760376
2022-12-02,0.6407999992370605
2022-12-05,0.6313499808311462
2022-12-06,0.6316999793052673
2022-12-07,0.6358500123023987
2022-12-08,0.6377500295639038
2022-12-09,0.6421999931335449
2022-12-12,0.6380000114440918
2022-12-13,0.6470500230789185
2022-12-14,0.6430000066757202
2022-12-15,0.6346499919891357
2022-12-16,0.638450026512146
2022-12-19,0.63714998960495
2022-12-20,0.6356499791145325
2022-12-21,0.6304000020027161
2022-12-22,0.6248000264167786
2022-12-23,0.6294999718666077
2022-12-27,0.6287000179290771
2022-12-28,0.6321499943733215
2022-12-29,0.6359500288963318
2022-12-30,0.6344000101089478
2023-01-03,0.6256499886512756
2023-01-04,0.6304500102996826
2023-01-05,0.6241999864578247
2023-01-06,0.6360499858856201
2023-01-09,0.6391000151634216
2023-01-10,0.6373000144958496
2023-01-11,0.6376500129699707
2023-01-12,0.6402000188827515
2023-01-13,0.6384000182151794
2023-01-17,0.6434999704360962
2023-01-18,0.6438000202178955
2023-01-19,0.6400499939918518
2023-01-20,0.6474499702453613
2023-01-23,0.6482999920845032
2023-01-24,0.6512500047683716
2023-01-25,0.6482499837875366
2023-01-26,0.6490499973297119
2023-01-27,0.6492999792098999
2023-01-30,0.6470500230789185
2023-01-31,0.646399974822998
2023-02-01,0.6489499807357788
2023-02-02,0.6474999785423279
2023-02-03,0.6332499980926514
2023-02-06,0.6299499869346619
2023-02-07,0.6319000124931335
2023-02-08,0.6312000155448914
2023-02-09,0.6327499747276306
2023-02-10,0.6304000020027161
2023-02-13,0.6359000205993652
2023-02-14,0.6344500184059143
2023-02-15,0.6280999779701233
2023-02-16,0.6270999908447266
2023-02-17,0.6248000264167786
2023-02-21,0.6210500001907349
2023-02-22,0.6212999820709229
2023-02-23,0.6224499940872192
2023-02-24,0.6165000200271606
2023-02-27,0.6164500117301941
2023-02-28,0.6189000010490417
2023-03-01,0.6249499917030334
2023-03-02,0.6216999888420105
2023-03-03,0.6225000023841858
2023-03-06,0.6180499792098999
2023-03-07,0.6108499765396118
2023-03-08,0.6105999946594238
2023-03-09,0.6107000112533569
2023-03-10,0.6134499907493591
2023-03-13,0.6223499774932861
2023-03-14,0.6240000128746033
2023-03-15,0.6200500130653381
2023-03-16,0.6169499754905701
2023-03-17,0.6273000240325928
2023-03-20,0.6246500015258789
2023-03-21,0.6176499724388123
2023-03-22,0.6251500248908997
2023-03-23,0.6250500082969666
2023-03-24,0.6198999881744385
2023-03-27,0.6192499995231628
2023-03-28,0.624750018119812
2023-03-29,0.6220999956130981
2023-03-30,0.6262999773025513
2023-03-31,0.6251000165939331
2023-04-03,0.6289499998092651
2023-04-04,0.6301500201225281
2023-04-05,0.6313499808311462
2023-04-06,0.6248999834060669
2023-04-10,0.6209999918937683
2023-04-11,0.6187999844551086
2023-04-12,0.621399998664856
2023-04-13,0.6304500102996826
2023-04-14,0.6205000281333923
2023-04-17,0.6176999807357788
2023-04-18,0.6205499768257141
2023-04-19,0.6197999715805054
2023-04-20,0.6172000169754028
2023-04-21,0.613099992275238
2023-04-24,0.616100013256073
2023-04-25,0.6133000254631042
2023-04-26,0.6111500263214111
2023-04-27,0.6144499778747559
2023-04-28,0.6184999942779541
2023-05-01,0.6164500117301941
2023-05-02,0.6207500100135803
2023-05-03,0.6237499713897705
2023-05-04,0.628600001335144
2023-05-05,0.6301500201225281
2023-05-08,0.6348000168800354
2023-05-09,0.6335499882698059
2023-05-10,0.6359500288963318
2023-05-11,0.629800021648407
2023-05-12,0.6189500093460083
2023-05-15,0.6237000226974487
2023-05-16,0.6229000091552734
2023-05-17,0.6253499984741211
2023-05-18,0.6213499903678894
2023-05-19,0.6281499862670898
2023-05-22,0.6287500262260437
2023-05-23,0.6246500015258789
2023-05-24,0.6093999743461609
2023-05-25,0.6050500273704529
2023-05-26,0.6046000123023987
2023-05-30,0.6043499708175659
2023-05-31,0.6009500026702881
2023-06-01,0.6063500046730042
2023-06-02,0.6064000129699707
2023-06-05,0.6072999835014343
2023-06-06,0.6076499819755554
2023-06-07,0.6040999889373779
2023-06-08,0.6096500158309937
2023-06-09,0.6125500202178955
2023-06-12,0.6118500232696533
2023-06-13,0.614300012588501
2023-06-14,0.621649980545044
2023-06-15,0.6241000294685364
2023-06-16,0.6212999820709229
2023-06-20,0.6159499883651733
2023-06-21,0.6208999752998352
2023-06-22,0.6174499988555908
2023-06-23,0.6137999892234802
2023-06-26,0.6171500086784363
2023-06-27,0.6165000200271606
2023-06-28,0.6080499887466431
2023-06-29,0.6061499714851379
2023-06-30,0.6136500239372253
2023-07-03,0.6148499846458435
2023-07-05,0.617900013923645
2023-07-06,0.6156499981880188
2023-07-07,0.621150016784668
2023-07-10,0.621399998664856
2023-07-11,0.619350016117096
2023-07-12,0.6305000185966492
2023-07-13,0.63919997215271
2023-07-14,0.6373500227928162
2023-07-17,0.633400022983551
2023-07-18,0.628000020980835
2023-07-19,0.6256499886512756
2023-07-20,0.6224499940872192
2023-07-21,0.6172000169754028
2023-07-24,0.6201000213623047
2023-07-25,0.6226999759674072
2023-07-26,0.6232500076293945
2023-07-27,0.6177999973297119
2023-07-28,0.6152999997138977
2023-07-31,0.6215000152587891
2023-08-01,0.6141999959945679
2023-08-02,0.6086500287055969
2023-08-03,0.6071500182151794
2023-08-04,0.609499990940094
2023-08-07,0.6105999946594238
2023-08-08,0.6061999797821045
2023-08-09,0.60589998960495
2023-08-10,0.6039000153541565
2023-08-11,0.5985000133514404
2023-08-14,0.5965999960899353
2023-08-15,0.5960500240325928
2023-08-16,0.5935500264167786
2023-08-17,0.592199981212616
2023-08-18,0.5928500294685364
2023-08-21,0.5927000045776367
2023-08-22,0.5946000218391418
2023-08-23,0.5972499847412109
2023-08-24,0.5924000144004822
2023-08-25,0.5917500257492065
2023-08-28,0.5910000205039978
2023-08-29,0.5965999960899353
2023-08-30,0.5970500111579895
2023-08-31,0.5957499742507935
2023-09-01,0.5942999720573425
2023-09-05,0.5881999731063843
2023-09-06,0.5869500041007996
2023-09-07,0.5880500078201294
2023-09-08,0.5883499979972839
2023-09-11,0.5915499925613403
2023-09-12,0.5905500054359436
2023-09-13,0.5908499956130981
2023-09-14,0.5910999774932861
2023-09-15,0.5897499918937683
2023-09-18,0.5900999903678894
2023-09-19,0.5932499766349792
2023-09-20,0.5943499803543091
2023-09-21,0.5934500098228455
2023-09-22,0.5963500142097473
2023-09-25,0.5964499711990356
2023-09-26,0.5946000218391418
2023-09-27,0.5920500159263611
2023-09-28,0.5964999794960022
2023-09-29,0.6001499891281128
2023-10-02,0.5946499705314636
2023-10-03,0.5909500122070312
2023-10-04,0.5909000039100647
2023-10-05,0.5967000126838684
2023-10-06,0.6000499725341797
2023-10-09,0.6025500297546387
2023-10-10,0.6039000153541565
2023-10-11,0.6016499996185303
2023-10-12,0.5929999947547913
2023-10-13,0.5890499949455261
2023-10-16,0.5927500128746033
2023-10-17,0.5892999768257141
2023-10-18,0.5858500003814697
2023-10-19,0.5844500064849854
2023-10-20,0.5823500156402588
2023-10-23,0.585349977016449
2023-10-24,0.5841500163078308
2023-10-25,0.5807499885559082
2023-10-26,0.5824999809265137
2023-10-27,0.5812000036239624
2023-10-30,0.5842000246047974
2023-10-31,0.5823500156402588
2023-11-01,0.5842000246047974
2023-11-02,0.5895500183105469
2023-11-03,0.5996999740600586
2023-11-06,0.5968000292778015
2023-11-07,0.5936999917030334
2023-11-08,0.5910000205039978
2023-11-09,0.590399980545044
2023-11-10,0.5888500213623047
2023-11-13,0.588450014591217
2023-11-14,0.6011000275611877
2023-11-15,0.602400004863739
2023-11-16,0.5976999998092651
2023-11-17,0.5985000133514404
2023-11-20,0.6032500267028809
2023-11-21,0.6050000190734863
2023-11-22,0.6022499799728394
2023-11-23,0.6050000190734863
2023-11-24,0.6083499789237976
2023-11-27,0.6104000210762024
2023-11-28,0.6139000058174133
2023-11-29,0.6157000064849854
2023-11-30,0.6160500049591064
2023-12-01,0.620199978351593
2023-12-04,0.6165000200271606
2023-12-05,0.6129000186920166
2023-12-06,0.6144499778747559
2023-12-07,0.6172999739646912
2023-12-08,0.6124500036239624
2023-12-11,0.6125500202178955
2023-12-12,0.6128000020980835
2023-12-13,0.6204500198364258
2023-12-14,0.6205999851226807
2023-12-15,0.6208999752998352
2023-12-18,0.621649980545044
2023-12-19,0.6267499923706055
2023-12-20,0.6269000172615051
2023-12-21,0.6287500262260437
2023-12-22,0.6297500133514404
2023-12-26,0.633400022983551
2023-12-27,0.633650004863739
2023-12-28,0.6332499980926514
2023-12-29,0.6322500109672546
2024-01-02,0.6252999901771545
2024-01-03,0.6244500279426575
2024-01-04,0.6230000257492065
2024-01-05,0.6247000098228455
2024-01-08,0.6251999735832214
2024-01-09,0.6238999962806702
2024-01-10,0.6228500008583069
2024-01-11,0.6234999895095825
2024-01-12,0.6247000098228455
2024-01-16,0.6137499809265137
2024-01-17,0.6104000210762024
2024-01-18,0.6101999878883362
2024-01-19,0.611299991607666
2024-01-22,0.6082500219345093
2024-01-23,0.6082500219345093
2024-01-24,0.6112499833106995
2024-01-25,0.6111500263214111
2024-01-26,0.6095499992370605
2024-01-29,0.6115000247955322
2024-01-30,0.6133999824523926
2024-01-31,0.6146500110626221
2024-02-01,0.6136500239372253
2024-02-02,0.6071500182151794
2024-02-05,0.6052500009536743
2024-02-06,0.6075999736785889
2024-02-07,0.6108499765396118
2024-02-08,0.6091499924659729
2024-02-09,0.614799976348877
2024-02-12,0.61285001039505
2024-02-13,0.6050000190734863
2024-02-14,0.6084499955177307
2024-02-15,0.611299991607666
2024-02-16,0.61285001039505
2024-02-20,0.6168500185012817
2024-02-21,0.6176999807357788
2024-02-22,0.619949996471405
2024-02-23,0.6195999979972839
2024-02-26,0.6171500086784363
2024-02-27,0.6170499920845032
2024-02-28,0.609250009059906
2024-02-29,0.6082000136375427
2024-03-01,0.6105999946594238
2024-03-04,0.6093999743461609
2024-03-05,0.6084499955177307
2024-03-06,0.6129500269889832
2024-03-07,0.6175000071525574
2024-03-08,0.6177499890327454
2024-03-11,0.6167500019073486
2024-03-12,0.6151999831199646
2024-03-13,0.6159999966621399
2024-03-14,0.613099992275238
2024-03-15,0.6087999939918518
2024-03-18,0.609000027179718
2024-03-19,0.6050000190734863
2024-03-20,0.6077499985694885
2024-03-21,0.6040499806404114
2024-03-22,0.5992500185966492
2024-03-25,0.6000999808311462
2024-03-26,0.6005499958992004
2024-03-27,0.5999000072479248
2024-03-28,0.5975000262260437
2024-04-01,0.5946000218391418
2024-04-02,0.5963500142097473
2024-04-03,0.6010000109672546
2024-04-04,0.603600025177002
2024-04-05,0.6013500094413757
2024-04-08,0.6032999753952026
2024-04-09,0.605400025844574
2024-04-10,0.5968999862670898
2024-04-11,0.5996500253677368
2024-04-12,0.5935500264167786
2024-04-15,0.5906500220298767
2024-04-16,0.5889999866485596
2024-04-17,0.5916500091552734
2024-04-18,0.590399980545044
2024-04-19,0.5885999798774719
2024-04-22,0.5921000242233276
2024-04-23,0.59375
2024-04-24,0.5929999947547913
2024-04-25,0.5945000052452087
2024-04-26,0.5948500037193298
2024-04-29,0.5980499982833862
2024-04-30,0.5897499918937683
2024-05-01,0.5934500098228455
2024-05-02,0.596750020980835
2024-05-03,0.6015999913215637
2024-05-06,0.6014000177383423
2024-05-07,0.5997999906539917
2024-05-08,0.5997999906539917
2024-05-09,0.6033499836921692
2024-05-10,0.6019999980926514
2024-05-13,0.6018000245094299
2024-05-14,0.6040499806404114
2024-05-15,0.6121000051498413
2024-05-16,0.6122000217437744
2024-05-17,0.6139000058174133
2024-05-20,0.6108499765396118
2024-05-21,0.6093000173568726
2024-05-22,0.6086000204086304
2024-05-23,0.609499990940094
2024-05-24,0.6122000217437744
2024-05-28,0.6141499876976013
2024-05-29,0.611549973487854
2024-05-30,0.6122000217437744
2024-05-31,0.6139000058174133
2024-06-03,0.617900013923645
2024-06-04,0.6180999875068665
2024-06-05,0.6192499995231628
2024-06-06,0.6204500198364258
2024-06-07,0.611050009727478
2024-06-10,0.6122000217437744
2024-06-11,0.6146000027656555
2024-06-12,0.6195999979972839
2024-06-13,0.6172500252723694
2024-06-14,0.6137499809265137
2024-06-17,0.6111000180244446
2024-06-18,0.6146500110626221
2024-06-20,0.6125500202178955
2024-06-21,0.6123499870300293
2024-06-24,0.6129500269889832
2024-06-25,0.6119999885559082
2024-06-26,0.607699990272522
2024-06-27,0.6084499955177307
2024-06-28,0.609499990940094
2024-07-01,0.6069999933242798
2024-07-02,0.60794997215271
2024-07-03,0.6098999977111816
2024-07-05,0.6146000027656555
2024-07-08,0.6128000020980835
2024-07-09,0.612500011920929
2024-07-10,0.6078500151634216
2024-07-11,0.6097999811172485
2024-07-12,0.6122000217437744
2024-07-15,0.6079000234603882
2024-07-16,0.6049000024795532
2024-07-17,0.6075000166893005
2024-07-18,0.6047999858856201
2024-07-19,0.6008999943733215
2024-07-22,0.5976499915122986
2024-07-23,0.5952500104904175
2024-07-24,0.5925499796867371
2024-07-25,0.5890499949455261
2024-07-26,0.5889999866485596
2024-07-29,0.5875499844551086
2024-07-30,0.590149998664856
2024-07-31,0.5953500270843506
2024-08-01,0.5946999788284302
2024-08-02,0.5960500240325928
2024-08-05,0.5928000211715698
2024-08-06,0.5958999991416931
2024-08-07,0.5990999937057495
2024-08-08,0.6010500192642212
2024-08-09,0.6000999808311462
2024-08-12,0.6021999716758728
2024-08-13,0.6080499887466431
2024-08-14,0.6000999808311462
2024-08-15,0.5992000102996826
2024-08-16,0.6054499745368958
2024-08-19,0.611050009727478
2024-08-20,0.6157000064849854
2024-08-21,0.6169000267982483
2024-08-22,0.614300012588501
2024-08-23,0.6229000091552734
2024-08-26,0.6211000084877014
2024-08-27,0.6251500248908997
2024-08-28,0.6241499781608582
2024-08-29,0.6261500120162964
2024-08-30,0.6250500082969666
2024-09-03,0.6186500191688538
2024-09-04,0.6194000244140625
2024-09-05,0.6220999956130981
2024-09-06,0.6172999739646912
2024-09-09,0.6144000291824341
2024-09-10,0.6155999898910522
2024-09-11,0.6132500171661377
2024-09-12,0.6173499822616577
2024-09-13,0.6158000230789185
2024-09-16,0.6186500191688538
2024-09-17,0.6191999912261963
2024-09-18,0.6233500242233276
2024-09-19,0.6249499917030334
2024-09-20,0.6243500113487244
2024-09-23,0.6279000043869019
2024-09-24,0.633400022983551
2024-09-25,0.6265000104904175
2024-09-26,0.6327999830245972
2024-09-27,0.6353999972343445
2024-09-30,0.635450005531311
2024-10-01,0.6298999786376953
2024-10-02,0.6261500120162964
2024-10-03,0.621399998664856
2024-10-04,0.6164500117301941
2024-10-07,0.6117500066757202
2024-10-08,0.612500011920929
2024-10-09,0.6057000160217285
2024-10-10,0.6084499955177307
2024-10-11,0.6118500232696533
2024-10-14,0.6090999841690063
2024-10-15,0.6081500053405762
2024-10-16,0.6060500144958496
2024-10-17,0.6061999797821045
2024-10-18,0.6071500182151794
2024-10-21,0.6032999753952026
2024-10-22,0.6047999858856201
2024-10-23,0.6000999808311462
2024-10-24,0.6019499897956848
2024-10-25,0.5981000065803528
2024-10-28,0.5979999899864197
2024-10-29,0.5968000292778015
2024-10-30,0.5985999703407288
2024-10-31,0.5970500111579895
2024-11-01,0.5966500043869019
2024-11-04,0.5976499915122986
2024-11-05,0.5999000072479248
2024-11-06,0.5950999855995178
2024-11-07,0.6019499897956848
2024-11-08,0.5961999893188477
2024-11-11,0.5960999727249146
2024-11-12,0.5923500061035156
2024-11-13,0.588450014591217
2024-11-14,0.5867000222206116
2024-11-15,0.5860999822616577
2024-11-18,0.5891500115394592
2024-11-19,0.5913000106811523
2024-11-20,0.5872499942779541
2024-11-21,0.5867499709129333
2024-11-22,0.5830000042915344
2024-11-25,0.5850499868392944
2024-11-26,0.5828499794006348
2024-11-27,0.5898500084877014
2024-11-29,0.5923500061035156
2024-12-02,0.588450014591217
2024-12-03,0.5875999927520752
2024-12-04,0.5861499905586243
2024-12-05,0.5885000228881836
2024-12-06,0.5829499959945679
2024-12-09,0.586899995803833
2024-12-10,0.5801500082015991
2024-12-11,0.5785999894142151
2024-12-12,0.5766500234603882
2024-12-13,0.5756999850273132
2024-12-16,0.57669997215271
2024-12-17,0.5759999752044678
2024-12-18,0.5669500231742859
2024-12-19,0.564050018787384
2024-12-20,0.5670999884605408
2024-12-23,0.5655999779701233
2024-12-24,0.5640000104904175
2024-12-26,0.5629500150680542
2024-12-27,0.5641999840736389
2024-12-30,0.5644999742507935
2024-12-31,0.5597500205039978
2025-01-02,0.5590999722480774
2025-01-03,0.5612999796867371
2025-01-06,0.5642499923706055
2025-01-07,0.5644500255584717
2025-01-08,0.5608000159263611
2025-01-09,0.5603500008583069
2025-01-10,0.5563499927520752
2025-01-13,0.5561500191688538
2025-01-14,0.5601500272750854
2025-01-15,0.5620999932289124
2025-01-16,0.5612999796867371
2025-01-17,0.558899998664856
2025-01-21,0.5669999718666077
2025-01-22,0.5672500133514404
2025-01-23,0.5680999755859375
2025-01-24,0.5716500282287598
2025-01-27,0.5692999958992004
2025-01-28,0.5672000050544739
2025-01-29,0.5656999945640564
2025-01-30,0.565850019454956
2025-01-31,0.5643500089645386
2025-02-03,0.5594499707221985
2025-02-04,0.5656999945640564
2025-02-05,0.5689499974250793
2025-02-06,0.567550003528595
2025-02-07,0.5661500096321106
2025-02-10,0.5644999742507935
2025-02-11,0.5654500126838684
2025-02-12,0.5648999810218811
2025-02-13,0.5664499998092651
2025-02-14,0.5741000175476074
2025-02-18,0.5704500079154968
2025-02-19,0.5705999732017517
2025-02-20,0.5766000151634216
2025-02-21,0.5738999843597412
2025-02-24,0.5744500160217285
2025-02-25,0.5722000002861023
2025-02-26,0.5701500177383423
2025-02-27,0.5638499855995178
2025-02-28,0.5589500069618225
2025-03-03,0.5618500113487244
2025-03-04,0.5644999742507935
2025-03-05,0.572950005531311
2025-03-06,0.574150025844574
2025-03-07,0.5709499716758728
2025-03-10,0.5695000290870667
2025-03-11,0.5721499919891357
2025-03-12,0.5727499723434448
2025-03-13,0.5703999996185303
2025-03-14,0.5748000144958496
2025-03-17,0.5802500247955322
2025-03-18,0.5829499959945679
2025-03-19,0.581849992275238
2025-03-20,0.5767999887466431
2025-03-21,0.5745499730110168
2025-03-24,0.5734500288963318
2025-03-25,0.5742499828338623
2025-03-26,0.5735499858856201
2025-03-27,0.5747500061988831
2025-03-28,0.5724999904632568
2025-03-31,0.5687000155448914
2025-04-01,0.5699999928474426
2025-04-02,0.5745999813079834
2025-04-03,0.5810999870300293
2025-04-04,0.5587000250816345
2025-04-07,0.5540500283241272
2025-04-08,0.555899977684021
2025-04-09,0.5659000277519226
2025-04-10,0.5763499736785889
2025-04-11,0.583050012588501
2025-04-14,0.5898000001907349
2025-04-15,0.5910000205039978
2025-04-16,0.5936499834060669
2025-04-17,0.5985999703407288
2025-04-21,0.6014999747276306
2025-04-22,0.5988500118255615
2025-04-23,0.5965499877929688
2025-04-24,0.6000499725341797
2025-04-25,0.5978999733924866
2025-04-28,0.5976999998092651
2025-04-29,0.5948500037193298
2025-04-30,0.5946999788284302
2025-05-01,0.5915499925613403
2025-05-02,0.5950999855995178
2025-05-05,0.5972499847412109
2025-05-06,0.6015499830245972
2025-05-07,0.5969499945640564
2025-05-08,0.5909000039100647
2025-05-09,0.5921000242233276
2025-05-12,0.5862500071525574
2025-05-13,0.5946499705314636
2025-05-14,0.5904499888420105
2025-05-15,0.5878000259399414
2025-05-16,0.5885000228881836
2025-05-19,0.5926499962806702
2025-05-20,0.5920000076293945
2025-05-21,0.5949500203132629
2025-05-22,0.5905500054359436
2025-05-23,0.5991500020027161
2025-05-27,0.5953500270843506
2025-05-28,0.5965499877929688
2025-05-29,0.5986999869346619
2025-05-30,0.5976999998092651
2025-06-02,0.6037499904632568
2025-06-03,0.6007500290870667
2025-06-04,0.6033999919891357
2025-06-05,0.604200005531311
2025-06-06,0.6023499965667725
2025-06-09,0.605650007724762
2025-06-10,0.6043499708175659
2025-06-11,0.6035000085830688
2025-06-12,0.6064500212669373
2025-06-13,0.6018999814987183
2025-06-16,0.6085000038146973
2025-06-17,0.6032000184059143
2025-06-18,0.6040999889373779
2025-06-20,0.5986999869346619
2025-06-23,0.5990999937057495
2025-06-24,0.6035500168800354
2025-06-25,0.605400025844574
2025-06-26,0.6087999939918518
2025-06-27,0.6061499714851379
2025-06-30,0.611050009727478
2025-07-01,0.6105499863624573
2025-07-02,0.6102499961853027
2025-07-03,0.6080999970436096
2025-07-04,0.6068999767303467
2025-07-07,0.6017000079154968
2025-07-08,0.6014000177383423
2025-07-09,0.6012499928474426
2025-07-10,0.604200005531311
2025-07-11,0.6021999716758728
2025-07-14,0.5989000201225281
2025-07-15,0.5959500074386597
2025-07-16,0.5950999855995178
2025-07-17,0.5936499834060669
2025-07-18,0.5972999930381775
2025-07-21,0.5985999703407288
2025-07-22,0.6011000275611877
2025-07-23,0.605400025844574
2025-07-24,0.6052500009536743
2025-07-25,0.6025000214576721
2025-07-28,0.5979499816894531
2025-07-29,0.5967000126838684
2025-07-30,0.5902500152587891
2025-07-31,0.5903000235557556
2025-08-01,0.5902000069618225
2025-08-04,0.5907999873161316
2025-08-05,0.5902000069618225
2025-08-06,0.5945000052452087
2025-08-07,0.5949500203132629
2025-08-08,0.5963500142097473
2025-08-11,0.5945500135421753
2025-08-12,0.5961499810218811
2025-08-13,0.5979499816894531
2025-08-14,0.5921000242233276
2025-08-15,0.5929999947547913
2025-08-18,0.5926499962806702
2025-08-19,0.5899500250816345
2025-08-20,0.5831000208854675
2025-08-21,0.5823500156402588
2025-08-22,0.587149977684021
2025-08-25,0.5854499936103821
2025-08-26,0.5863999724388123
2025-08-27,0.5864999890327454
2025-08-28,0.5891000032424927
2025-08-29,0.5904499888420105
2025-09-02,0.5861499905586243
2025-09-03,0.5878000259399414
2025-09-04,0.5841000080108643
2025-09-05,0.5891000032424927
2025-09-08,0.5942500233650208
2025-09-09,0.5926499962806702
2025-09-10,0.5947999954223633
2025-09-11,0.5974500179290771
2025-09-12,0.5961499810218811
2025-09-15,0.5960500240325928
2025-09-16,0.6007000207901001
2025-09-17,0.5978500247001648
2025-09-18,0.590149998664856
2025-09-19,0.5875499844551086
2025-09-22,0.5888000130653381
2025-09-23,0.5872499942779541
2025-09-24,0.5827500224113464
2025-09-25,0.5780500173568726
2025-09-26,0.5790500044822693
2025-09-29,0.5799999833106995
2025-09-30,0.5814499855041504
2025-10-01,0.5834500193595886
2025-10-02,0.5837000012397766
2025-10-03,0.584850013256073
2025-10-06,0.5856999754905701
2025-10-07,0.5814999938011169
2025-10-08,0.5797500014305115
2025-10-09,0.5753499865531921
2025-10-10,0.5738000273704529
2025-10-13,0.5744500160217285
2025-10-14,0.5731499791145325
2025-10-15,0.5732499957084656
2025-10-16,0.5740000009536743
2025-10-17,0.5747500061988831
2025-10-20,0.575950026512146
2025-10-21,0.5756999850273132
2025-10-22,0.574999988079071
2025-10-23,0.5766000151634216
2025-10-24,0.5758500099182129
2025-10-27,0.5781999826431274
2025-10-28,0.5796999931335449
2025-10-29,0.577750027179718
2025-10-30,0.5752500295639038
2025-10-31,0.5733000040054321
2025-11-03,0.5719000101089478
2025-11-04,0.5659000277519226
2025-11-05,0.5669500231742859
2025-11-06,0.5645999908447266
2025-11-07,0.5634999871253967
2025-11-10,0.5652999877929688
2025-11-11,0.5665500164031982
2025-11-12,0.5673499703407288
2025-11-13,0.5662999749183655
2025-11-14,0.5686500072479248
2025-11-17,0.565750002861023
2025-11-18,0.5672000050544739
2025-11-19,0.5598999857902527
2025-11-20,0.5605000257492065
2025-11-21,0.5618000030517578
2025-11-24,0.5615500211715698
2025-11-25,0.5629000067710876
2025-11-26,0.5698999762535095
2025-11-28,0.5742499828338623
2025-12-01,0.5730000138282776
2025-12-02,0.5737000107765198
2025-12-03,0.5778499841690063
2025-12-04,0.577049970626831
2025-12-05,0.5778999924659729
2025-12-08,0.5776000022888184
2025-12-09,0.5781000256538391
2025-12-10,0.5806499719619751
2025-12-11,0.5809999704360962
2025-12-12,0.5803499817848206
2025-12-15,0.5797500014305115
2025-12-16,0.5808500051498413
2025-12-17,0.57955002784729
2025-12-18,0.5791500210762024
2025-12-19,0.5784000158309937
2025-12-22,0.581250011920929
2025-12-23,0.5856999754905701
2025-12-24,0.585099995136261
2025-12-26,0.5846999883651733
2025-12-29,0.5823000073432922
2025-12-30,0.5807999968528748
2025-12-31,0.5767999887466431
2026-01-02,0.5781499743461609
2026-01-05,0.5806499719619751
2026-01-06,0.5797500014305115
2026-01-07,0.5792999863624573
2026-01-08,0.5760999917984009
2026-01-09,0.574400007724762
2026-01-12,0.5780500173568726
2026-01-13,0.5753499865531921
2026-01-14,0.5757499933242798
2026-01-15,0.5755500197410583
2026-01-16,0.5764999985694885
2026-01-20,0.5842000246047974
2026-01-21,0.5860000252723694
2026-01-22,0.5917500257492065
2026-01-23,0.5952500104904175
2026-01-26,0.5989999771118164
2026-01-27,0.6029999852180481
2026-01-28,0.605400025844574
2026-01-29,0.607450008392334
2026-01-30,0.6043000221252441
2026-02-02,0.6010000109672546
2026-02-03,0.6052500009536743
2026-02-04,0.6014500260353088
2026-02-05,0.5982000231742859
2026-02-06,0.6025999784469604
2026-02-09,0.6065999865531921
2026-02-10,0.6058499813079834
2026-02-11,0.6062999963760376
2026-02-12,0.6043999791145325
2026-02-13,0.6046000123023987
2026-02-17,0.6054999828338623
2026-02-18,0.5969499945640564
2026-02-19,0.5970500111579895
2026-02-20,0.5978000164031982
2026-02-23,0.5960500240325928
2026-02-24,0.5972999930381775
2026-02-25,0.6000999808311462
2026-02-26,0.5988500118255615
2026-02-27,0.5999500155448914
2026-03-02,0.5957499742507935
2026-03-03,0.5898000001907349
2026-03-04,0.5942500233650208
2026-03-05,0.5879499912261963
2026-03-06,0.5902500152587891
2026-03-09,0.5914499759674072
2026-03-10,0.593999981880188
2026-03-11,0.5916000008583069
2026-03-12,0.5854499936103821
2026-03-13,0.5792499780654907
2026-03-16,0.5854499936103821
2026-03-17,0.5879999995231628
2026-03-18,0.5833500027656555
2026-03-19,0.5879499912261963
2026-03-20,0.5839999914169312
2026-03-23,0.5895000100135803
2026-03-24,0.5832499861717224
2026-03-25,0.5825499892234802
2026-03-26,0.5777999758720398
2026-03-27,0.5757499933242798
2026-03-30,0.5732499957084656
2026-03-31,0.5752999782562256
2026-04-01,0.5759999752044678
2026-04-02,0.5734000205993652
2026-04-06,0.572950005531311
2026-04-07,0.5720000267028809
2026-04-08,0.5825999975204468
2026-04-09,0.586899995803833
2026-04-10,0.5857499837875366
2026-04-13,0.5885000228881836
2026-04-14,0.5916500091552734
2026-04-15,0.5928500294685364
2026-04-16,0.5898000001907349
2026-04-17,0.5902500152587891
2026-04-20,0.5899500250816345
2026-04-21,0.590499997138977
2026-04-22,0.5916000008583069
2026-04-23,0.5870500206947327
2026-04-24,0.5890499949455261
2026-04-27,0.591949999332428
2026-04-28,0.5894500017166138
2026-04-29,0.5834500193595886
2026-04-30,0.5914999842643738
2026-05-01,0.5913500189781189
2026-05-04,0.5882499814033508
2026-05-05,0.5898000001907349
2026-05-06,0.5964499711990356
2026-05-07,0.5960500240325928
2026-05-08,0.5966500043869019
2026-05-11,0.5968499779701233
2026-05-12,0.59579998254776
2026-05-13,0.5939000248908997
2026-05-14,0.5923500061035156
2026-05-15,0.5846499800682068
2026-05-18,0.5864499807357788
2026-05-19,0.5839499831199646
2026-05-20,0.5878499746322632
2026-05-21,0.5874000191688538
2026-05-22,0.5862500071525574
2026-05-26,0.5839499831199646
2026-05-27,0.5899999737739563
2026-05-28,0.5932999849319458
2026-05-29,0.5987499952316284
