date,oil_wti,us_10y_yield,us_2y_yield,broad_usd_index,nasdaq_composite,sp500,vix,us_10y_minus_2y,broad_usd_index_1d_change,vix_1d_change,sp500_1d_return,oil_wti_1d_return
2018-01-02 00:00:00+00:00,60.37,2.46,1.92,109.6445,7006.9,2695.81,9.77,0.54,,,,
2018-01-03 00:00:00+00:00,61.61,2.44,1.94,109.6751,7065.53,2713.06,9.15,0.5,0.027908376617169495,-0.6199999999999992,0.6398818907860759,2.054000331290373
2018-01-04 00:00:00+00:00,61.98,2.46,1.96,109.4777,7077.91,2723.99,9.22,0.5,-0.17998615911907212,0.07000000000000028,0.40286613639211044,0.6005518584645264
2018-01-05 00:00:00+00:00,61.49,2.47,1.96,109.3496,7136.56,2743.15,9.22,0.5100000000000002,-0.11701013083029732,0.0,0.7033799683552555,-0.7905776056792435
2018-01-08 00:00:00+00:00,61.73,2.49,1.96,109.5681,7157.39,2747.71,9.52,0.5300000000000002,0.19981783198110836,0.29999999999999893,0.16623225124401397,0.39030736705154556
2018-01-09 00:00:00+00:00,62.92,2.55,1.98,109.9025,7163.58,2751.29,10.08,0.5699999999999998,0.3051983195838881,0.5600000000000005,0.13029031448006378,1.927749878503171
2018-01-10 00:00:00+00:00,63.6,2.55,1.98,109.628,7153.57,2748.23,9.82,0.5699999999999998,-0.24976683878893402,-0.2599999999999998,-0.11122055472160275,1.0807374443738027
2018-01-11 00:00:00+00:00,63.81,2.54,1.98,109.4888,7211.78,2767.56,9.88,0.56,-0.12697486043711237,0.0600000000000005,0.7033618001404562,0.33018867924528017
2018-01-12 00:00:00+00:00,64.22,2.55,1.99,108.901,7261.06,2786.24,10.16,0.5599999999999998,-0.5368585645289747,0.27999999999999936,0.6749627831013516,0.6425325184140407
2018-01-16 00:00:00+00:00,63.82,2.54,2.03,108.3218,7223.69,2776.42,11.66,0.5100000000000002,-0.53185921157749,1.5,-0.3524463075686102,-0.6228589224540615
2018-01-17 00:00:00+00:00,63.92,2.57,2.05,108.1526,7298.28,2802.56,11.91,0.52,-0.15620124480943964,0.25,0.9415002053003496,0.1566906925728695
2018-01-18 00:00:00+00:00,63.96,2.62,2.05,108.0655,7296.05,2798.03,12.22,0.5700000000000003,-0.08053435608575965,0.3100000000000005,-0.1616379310344751,0.06257822277846437
2018-01-19 00:00:00+00:00,63.38,2.64,2.06,107.9455,7336.38,2810.3,11.27,0.5800000000000001,-0.11104376512393044,-0.9500000000000011,0.4385228178396927,-0.906816760475293
2018-01-22 00:00:00+00:00,63.66,2.66,2.08,108.107,7408.03,2832.97,11.03,0.5800000000000001,0.1496125359556455,-0.2400000000000002,0.8066754439027823,0.44177974124328667
2018-01-23 00:00:00+00:00,64.45,2.63,2.06,107.9979,7460.29,2839.13,11.1,0.5699999999999998,-0.10091853441497323,0.07000000000000028,0.2174396481431362,1.2409676405906511
2018-01-24 00:00:00+00:00,65.69,2.65,2.08,107.0802,7415.06,2837.54,11.47,0.5699999999999998,-0.8497387449200366,0.370000000000001,-0.05600307136341964,1.923972071373159
2018-01-25 00:00:00+00:00,65.62,2.63,2.08,106.5052,7411.16,2839.25,11.58,0.5499999999999998,-0.5369806929759191,0.10999999999999943,0.06026346765155566,-0.10656112041405041
2018-01-26 00:00:00+00:00,66.27,2.66,2.13,106.6911,7505.77,2872.87,11.08,0.5300000000000002,0.17454546820250272,-0.5,1.1841155234656897,0.9905516610789311
2018-01-29 00:00:00+00:00,65.71,2.7,2.11,107.1142,7466.51,2853.53,13.84,0.5900000000000003,0.3965654117353612,2.76,-0.6731944014173874,-0.8450279161008045
2018-01-30 00:00:00+00:00,64.64,2.73,2.13,107.1064,7402.48,2822.43,14.79,0.6000000000000001,-0.007281947678272616,0.9499999999999993,-1.0898781509218525,-1.6283670674174355
2018-01-31 00:00:00+00:00,64.82,2.72,2.14,106.7696,7411.48,2823.81,13.54,0.5800000000000001,-0.31445366476700043,-1.25,0.04889403811609849,0.27846534653463983
2018-02-01 00:00:00+00:00,65.92,2.78,2.16,106.4877,7385.86,2821.98,13.47,0.6199999999999997,-0.26402646446178624,-0.06999999999999851,-0.06480605989779287,1.6970070965751427
2018-02-02 00:00:00+00:00,65.5,2.84,2.15,107.1151,7240.95,2762.13,17.31,0.69,0.5891760269026269,3.839999999999998,-2.1208513171602883,-0.637135922330101
2018-02-05 00:00:00+00:00,64.18,2.77,2.08,107.33,6967.53,2648.94,37.32,0.69,0.20062530866329364,20.01,-4.097924427887179,-2.0152671755725104
2018-02-06 00:00:00+00:00,63.48,2.79,2.1,107.5204,7115.88,2695.14,29.98,0.69,0.17739681356563342,-7.34,1.7440938639606607,-1.0906824555936612
2018-02-07 00:00:00+00:00,61.91,2.84,2.15,107.7175,7051.98,2681.66,27.73,0.69,0.18331405017095737,-2.25,-0.5001595464428576,-2.473219911783242
2018-02-08 00:00:00+00:00,61.3,2.85,2.13,108.3025,6777.16,2581.0,33.46,0.7200000000000002,0.5430872420915778,5.73,-3.7536451302551344,-0.9853012437409103
2018-02-09 00:00:00+00:00,59.2,2.83,2.05,108.2582,6874.49,2619.55,29.06,0.7800000000000002,-0.04090394958564669,-4.400000000000002,1.4936071290197583,-3.425774877650889
2018-02-12 00:00:00+00:00,59.41,2.86,2.09,108.0332,6981.96,2656.0,25.61,0.77,-0.2078364502642871,-3.4499999999999993,1.3914603653299107,0.35472972972971917
2018-02-13 00:00:00+00:00,59.33,2.83,2.1,107.7574,7013.51,2662.94,24.97,0.73,-0.25529189175178546,-0.6400000000000006,0.26129518072288693,-0.13465746507321796
2018-02-14 00:00:00+00:00,60.7,2.91,2.17,107.4691,7143.62,2698.63,19.26,0.7400000000000002,-0.26754543075464543,-5.709999999999997,1.3402479965752168,2.309118489802797
2018-02-15 00:00:00+00:00,61.48,2.9,2.19,106.9867,7256.43,2731.2,19.13,0.71,-0.4488732109973914,-0.13000000000000256,1.20690869070601,1.2850082372322769
2018-02-16 00:00:00+00:00,61.89,2.87,2.21,107.0359,7239.47,2732.22,19.46,0.6600000000000001,0.04598702455538284,0.33000000000000185,0.03734622144111466,0.6668835393623951
2018-02-20 00:00:00+00:00,61.91,2.88,2.25,107.6249,7234.31,2716.26,20.6,0.6299999999999999,0.5502826621722301,1.1400000000000006,-0.5841403693699454,0.03231539828727481
2018-02-21 00:00:00+00:00,61.73,2.94,2.26,107.8679,7218.23,2701.33,20.02,0.6800000000000002,0.22578418191330218,-0.5800000000000018,-0.549652831466807,-0.29074462930059886
2018-02-22 00:00:00+00:00,62.72,2.92,2.25,107.8668,7210.09,2703.96,18.72,0.6699999999999999,-0.001019765843224274,-1.3000000000000007,0.0973594488640872,1.6037583022841417
2018-02-23 00:00:00+00:00,63.52,2.88,2.25,107.6804,7337.39,2747.3,16.49,0.6299999999999999,-0.172805719646818,-2.2300000000000004,1.6028343614550522,1.2755102040816313
2018-02-26 00:00:00+00:00,63.81,2.86,2.22,107.7347,7421.46,2779.6,15.8,0.6399999999999997,0.05042700435733405,-0.6899999999999977,1.1756997779638123,0.4565491183879056
2018-02-27 00:00:00+00:00,62.94,2.9,2.27,108.1731,7330.35,2744.28,18.59,0.6299999999999999,0.4069255309570696,2.789999999999999,-1.2706864297021059,-1.3634226610249267
2018-02-28 00:00:00+00:00,61.43,2.87,2.25,108.3903,7273.01,2713.83,19.85,0.6200000000000001,0.2007892904982711,1.2600000000000016,-1.1095806550352139,-2.3991102637432427
2018-03-01 00:00:00+00:00,60.98,2.81,2.22,108.5358,7180.56,2677.67,22.47,0.5899999999999999,0.13423710424271817,2.6199999999999974,-1.3324342350110263,-0.7325411036952723
2018-03-02 00:00:00+00:00,61.19,2.86,2.25,,7257.87,2691.25,19.59,0.6099999999999999,,-2.879999999999999,0.5071573420174946,0.34437520498524776
2018-03-05 00:00:00+00:00,62.49,2.88,2.24,108.3614,7330.7,2720.94,18.73,0.6399999999999997,,-0.8599999999999994,1.1032048304691067,2.1245301519856152
2018-03-06 00:00:00+00:00,62.54,2.88,2.25,107.7969,7372.01,2728.12,18.36,0.6299999999999999,-0.5209419590370801,-0.370000000000001,0.26387939462098053,0.08001280204832373
2018-03-07 00:00:00+00:00,61.09,2.89,2.25,108.0911,7396.65,2726.8,17.76,0.6400000000000001,0.2729206498517156,-0.5999999999999979,-0.048384968403136774,-2.318516149664207
2018-03-08 00:00:00+00:00,60.13,2.86,2.25,108.2671,7427.95,2738.97,16.54,0.6099999999999999,0.16282561654012984,-1.2200000000000024,0.446310693853591,-1.5714519561302986
2018-03-09 00:00:00+00:00,62.02,2.9,2.27,107.923,7560.81,2786.57,14.64,0.6299999999999999,-0.31782508259664555,-1.8999999999999986,1.7378795678667736,3.143189755529696
2018-03-12 00:00:00+00:00,61.35,2.87,2.27,107.9438,7588.32,2783.02,15.78,0.6000000000000001,0.01927300019457512,1.1399999999999988,-0.1273967637633433,-1.0802966784908108
2018-03-13 00:00:00+00:00,60.69,2.84,2.26,107.7384,7511.01,2765.31,16.35,0.5800000000000001,-0.19028420344661123,0.5700000000000021,-0.636359063175973,-1.0757946210269043
2018-03-14 00:00:00+00:00,60.89,2.81,2.26,107.8623,7496.81,2749.48,17.23,0.5500000000000003,0.11500077966630773,0.879999999999999,-0.5724493818052956,0.3295435821387471
2018-03-15 00:00:00+00:00,61.16,2.82,2.29,108.2032,7481.74,2747.33,16.59,0.5299999999999998,0.31605111331762803,-0.6400000000000006,-0.07819660444884358,0.44342256528164814
2018-03-16 00:00:00+00:00,62.29,2.85,2.31,108.4332,7481.99,2752.01,15.8,0.54,0.21256302955920958,-0.7899999999999991,0.17034720983646334,1.8476128188358532
2018-03-19 00:00:00+00:00,62.01,2.85,2.31,108.3145,7344.24,2712.92,19.02,0.54,-0.1094683178214817,3.219999999999999,-1.4204163502312905,-0.4495103547921042
2018-03-20 00:00:00+00:00,63.37,2.89,2.34,108.4953,7364.3,2716.94,18.2,0.5500000000000003,0.16692132632287748,-0.8200000000000003,0.1481798210046792,2.193194646024832
2018-03-21 00:00:00+00:00,65.1,2.89,2.31,,7345.29,2711.93,17.86,0.5800000000000001,,-0.33999999999999986,-0.1843986249236318,2.7299984219662177
2018-03-22 00:00:00+00:00,64.25,2.83,2.29,107.9935,7166.68,2643.69,23.34,0.54,,5.48,-2.516289137256489,-1.3056835637480724
2018-03-23 00:00:00+00:00,65.8,2.82,2.28,107.7495,6992.67,2588.26,24.87,0.54,-0.2259395241380302,1.5300000000000011,-2.0966906104724736,2.4124513618676957
2018-03-26 00:00:00+00:00,65.49,2.85,2.33,107.1819,7220.54,2658.55,21.03,0.52,-0.5267773864379821,-3.84,2.71572407717926,-0.47112462006079214
2018-03-27 00:00:00+00:00,65.21,2.78,2.26,107.3359,7008.81,2612.62,22.5,0.52,0.14368097598567164,1.4699999999999989,-1.7276334844182117,-0.4275461902580546
2018-03-28 00:00:00+00:00,64.3,2.77,2.28,107.5733,6949.23,2605.0,22.87,0.4900000000000002,0.2211748352601628,0.370000000000001,-0.2916612442682043,-1.3954914890354164
2018-03-29 00:00:00+00:00,64.87,2.74,2.27,107.665,7063.44,2640.87,19.97,0.4700000000000002,0.08524420093090068,-2.900000000000002,1.376967370441462,0.8864696734059319
2018-03-30 00:00:00+00:00,,,,107.4784,,,,,-0.17331537639903027,,,
2018-04-02 00:00:00+00:00,63.05,2.73,2.25,107.7033,6870.12,2581.88,23.62,0.48,0.2092513472474522,,,
2018-04-03 00:00:00+00:00,63.41,2.79,2.28,107.5624,6941.28,2614.45,21.1,0.5100000000000002,-0.1308223610604342,-2.5199999999999996,1.261483879963432,0.570975416336239
2018-04-04 00:00:00+00:00,63.35,2.79,2.28,107.6361,7042.11,2644.69,20.06,0.5100000000000002,0.06851836701300407,-1.0400000000000027,1.1566486259060316,-0.09462229932186705
2018-04-05 00:00:00+00:00,63.53,2.83,2.3,107.7281,7076.55,2662.84,18.94,0.5300000000000002,0.08547318232452472,-1.1199999999999974,0.686280811739759,0.28413575374901523
2018-04-06 00:00:00+00:00,62.03,2.77,2.27,107.7886,6915.11,2604.47,21.49,0.5,0.056159906282582384,2.549999999999997,-2.192020549488527,-2.36108924917362
2018-04-09 00:00:00+00:00,63.4,2.78,2.29,107.5316,6950.34,2613.16,21.77,0.48999999999999977,-0.23842966695921675,0.28000000000000114,0.3336571356168383,2.2086087377075625
2018-04-10 00:00:00+00:00,65.48,2.8,2.32,107.3659,7094.3,2656.87,20.47,0.48,-0.15409423834482627,-1.3000000000000007,1.6726874741691988,3.280757097791809
2018-04-11 00:00:00+00:00,66.81,2.79,2.32,107.1224,7069.03,2642.19,20.24,0.4700000000000002,-0.22679454091103501,-0.23000000000000043,-0.5525298565605352,2.03115455100793
2018-04-12 00:00:00+00:00,67.07,2.83,2.34,107.2905,7140.25,2663.99,18.49,0.4900000000000002,0.15692329522116744,-1.75,0.8250731400845313,0.3891632989073246
2018-04-13 00:00:00+00:00,67.35,2.82,2.37,107.2368,7106.65,2656.3,17.41,0.44999999999999973,-0.050051029681097425,-1.0799999999999983,-0.28866474724003055,0.4174742806023479
2018-04-16 00:00:00+00:00,66.23,2.83,2.39,107.0595,7156.28,2677.84,16.56,0.43999999999999995,-0.1653350342419757,-0.8500000000000014,0.8109023830139561,-1.662954714179643
2018-04-17 00:00:00+00:00,66.5,2.82,2.41,107.0344,7281.1,2706.39,15.25,0.4099999999999997,-0.023444906804159782,-1.3099999999999987,1.066157798822931,0.40767024007246633
2018-04-18 00:00:00+00:00,68.44,2.87,2.42,107.1096,7295.24,2708.64,15.6,0.4500000000000002,0.07025778628177992,0.34999999999999964,0.08313657676830566,2.917293233082696
2018-04-19 00:00:00+00:00,68.3,2.92,2.44,107.5197,7238.06,2693.13,15.96,0.48,0.38287884559367047,0.3600000000000012,-0.5726120857699746,-0.20455873758036258
2018-04-20 00:00:00+00:00,68.26,2.96,2.46,108.1787,7146.13,2670.14,16.88,0.5,0.6129109363214535,0.9199999999999982,-0.8536535555283331,-0.05856515373351412
2018-04-23 00:00:00+00:00,67.61,2.98,2.49,108.9332,7128.6,2670.29,16.34,0.48999999999999977,0.697457077964514,-0.5399999999999991,0.005617682967939963,-0.9522414298271387
2018-04-24 00:00:00+00:00,67.66,3.0,2.48,108.7906,7007.35,2634.56,18.02,0.52,-0.1309059129815382,1.6799999999999997,-1.338056915166519,0.07395355716610652
2018-04-25 00:00:00+00:00,68.0,3.03,2.49,109.3447,7003.74,2639.4,17.84,0.5399999999999996,0.5093270925980775,-0.17999999999999972,0.18371189116968,0.5025125628140836
2018-04-26 00:00:00+00:00,68.18,3.0,2.49,109.3646,7118.68,2666.94,16.24,0.5099999999999998,0.01819932744795416,-1.6000000000000014,1.043418958854292,0.2647058823529447
2018-04-27 00:00:00+00:00,68.11,2.96,2.49,109.1735,7119.8,2669.91,15.41,0.46999999999999975,-0.17473661495583936,-0.8299999999999983,0.11136358523251566,-0.10266940451746365
2018-04-30 00:00:00+00:00,68.56,2.95,2.49,109.3363,7066.27,2648.05,15.93,0.45999999999999996,0.1491204367360055,0.5199999999999996,-0.8187541902161422,0.6606959330494933
2018-05-01 00:00:00+00:00,67.28,2.97,2.5,109.7445,7130.7,2654.8,15.49,0.4700000000000002,0.3733435281786601,-0.4399999999999995,0.25490455240648746,-1.8669778296382722
2018-05-02 00:00:00+00:00,67.91,2.97,2.49,110.1625,7100.9,2635.67,15.97,0.48,0.3808846912601416,0.4800000000000004,-0.7205815880669042,0.9363852556480312
2018-05-03 00:00:00+00:00,68.45,2.94,2.49,110.1803,7088.15,2629.73,15.9,0.44999999999999973,0.016157948485195917,-0.07000000000000028,-0.22536964035709817,0.7951700780444826
2018-05-04 00:00:00+00:00,69.71,2.95,2.51,110.25,7209.62,2663.42,14.77,0.4400000000000004,0.06325994755869147,-1.1300000000000008,1.2811201149927953,1.8407596785974922
2018-05-07 00:00:00+00:00,70.74,2.95,2.49,110.5721,7265.21,2672.63,14.75,0.45999999999999996,0.29215419501134043,-0.019999999999999574,0.3457960066380883,1.4775498493759809
2018-05-08 00:00:00+00:00,68.83,2.97,2.51,111.063,7266.9,2671.92,14.71,0.4600000000000004,0.4439637123650586,-0.03999999999999915,-0.026565592693339468,-2.70002827254735
2018-05-09 00:00:00+00:00,71.16,3.0,2.54,110.8818,7339.91,2697.79,13.42,0.45999999999999996,-0.16315064422895986,-1.290000000000001,0.9682176113057217,3.385151823332855
2018-05-10 00:00:00+00:00,71.36,2.97,2.54,110.405,7404.97,2723.07,13.23,0.43000000000000016,-0.4300074493740147,-0.1899999999999995,0.9370632999603501,0.28105677346823565
2018-05-11 00:00:00+00:00,70.69,2.97,2.54,110.2847,7402.88,2727.72,12.65,0.43000000000000016,-0.10896245641048852,-0.5800000000000001,0.17076314600799058,-0.9389013452914874
2018-05-14 00:00:00+00:00,71.01,3.0,2.55,110.408,7411.32,2730.13,12.93,0.4500000000000002,0.11180154636136752,0.27999999999999936,0.08835217690965624,0.4526807186306492
2018-05-15 00:00:00+00:00,71.34,3.08,2.58,111.2292,7351.63,2711.45,14.63,0.5,0.7437866821244921,1.700000000000001,-0.6842165025108815,0.4647232784114941
2018-05-16 00:00:00+00:00,71.43,3.09,2.58,111.3068,7398.3,2722.46,13.42,0.5099999999999998,0.06976585285158876,-1.2100000000000009,0.4060558004020054,0.1261564339781307
2018-05-17 00:00:00+00:00,71.47,3.11,2.57,111.3547,7382.47,2720.13,13.43,0.54,0.04303420815259251,0.009999999999999787,-0.0855843612027285,0.05599888002238984
2018-05-18 00:00:00+00:00,71.23,3.06,2.55,111.7171,7354.34,2712.97,13.42,0.5100000000000002,0.32544652358634796,-0.009999999999999787,-0.2632227136203147,-0.33580523296486975
2018-05-21 00:00:00+00:00,72.26,3.06,2.58,111.6394,7394.04,2733.01,13.08,0.48,-0.06955067755965993,-0.33999999999999986,0.7386738519040259,1.4460199354204617
2018-05-22 00:00:00+00:00,72.09,3.06,2.59,111.1945,7378.46,2724.44,13.22,0.4700000000000002,-0.3985152195371766,0.14000000000000057,-0.3135736788376198,-0.23526155549404848
2018-05-23 00:00:00+00:00,71.85,3.01,2.53,111.6933,7425.96,2733.29,12.58,0.48,0.4485833382046778,-0.6400000000000006,0.3248373977771557,-0.33291718684977933
2018-05-24 00:00:00+00:00,70.77,2.98,2.5,111.4885,7424.43,2727.76,12.53,0.48,-0.18335925252453977,-0.05000000000000071,-0.20232028068736252,-1.5031315240083498
2018-05-25 00:00:00+00:00,67.92,2.93,2.48,111.5843,7433.85,2721.33,13.22,0.4500000000000002,0.08592814505532509,0.6900000000000013,-0.2357245505469785,-4.0271301398897785
2018-05-29 00:00:00+00:00,66.8,2.77,2.32,112.2127,7396.59,2689.86,17.02,0.4500000000000002,0.5631616634239833,3.799999999999999,-1.1564198388288038,-1.6489988221437102
2018-05-30 00:00:00+00:00,68.24,2.84,2.42,111.6731,7462.45,2724.01,14.94,0.41999999999999993,-0.48087248591290876,-2.08,1.269582803565994,2.1556886227544814
2018-05-31 00:00:00+00:00,66.98,2.83,2.4,111.9894,7442.12,2705.27,15.43,0.43000000000000016,0.2832374134863258,0.4900000000000002,-0.6879563584568427,-1.8464243845251915
2018-06-01 00:00:00+00:00,65.81,2.89,2.47,111.8265,7554.33,2734.62,13.46,0.41999999999999993,-0.14546019533991927,-1.9699999999999989,1.084919435028664,-1.7467900865930197
2018-06-04 00:00:00+00:00,64.76,2.94,2.52,111.8247,7606.46,2746.87,12.74,0.41999999999999993,-0.0016096363563145033,-0.7200000000000006,0.44795986279628774,-1.5955022033125599
2018-06-05 00:00:00+00:00,65.51,2.92,2.49,112.264,7637.86,2748.8,12.4,0.4299999999999997,0.3928470185924793,-0.33999999999999986,0.07026178887243884,1.1581222977146366
2018-06-06 00:00:00+00:00,64.75,2.97,2.52,111.7525,7689.24,2772.35,11.64,0.4500000000000002,-0.45562246134112083,-0.7599999999999998,0.8567374854481891,-1.1601282246985312
2018-06-07 00:00:00+00:00,65.96,2.93,2.5,112.0725,7635.07,2770.37,12.13,0.43000000000000016,0.28634706158698897,0.4900000000000002,-0.07141955380813858,1.8687258687258623
2018-06-08 00:00:00+00:00,65.77,2.93,2.5,112.1066,7645.51,2779.03,12.18,0.43000000000000016,0.030426732695354453,0.049999999999998934,0.31259362467830343,-0.28805336567616635
2018-06-11 00:00:00+00:00,66.1,2.96,2.52,112.1106,7659.93,2782.0,12.35,0.43999999999999995,0.0035680325690012893,0.16999999999999993,0.10687182218256375,0.5017485175611958
2018-06-12 00:00:00+00:00,66.38,2.96,2.54,112.2138,7703.79,2786.85,12.34,0.41999999999999993,0.09205195583645853,-0.009999999999999787,0.17433501078361058,0.4236006051437258
2018-06-13 00:00:00+00:00,66.63,2.98,2.59,112.2577,7695.7,2775.63,12.94,0.3900000000000001,0.03912174794900025,0.5999999999999996,-0.4026050917702695,0.37661946369389465
2018-06-14 00:00:00+00:00,66.91,2.94,2.59,112.8593,7761.04,2782.49,12.12,0.3500000000000001,0.53590978614384,-0.8200000000000003,0.2471510972283708,0.42023112711990773
2018-06-15 00:00:00+00:00,65.01,2.93,2.55,113.3379,7746.38,2779.66,11.98,0.38000000000000034,0.42406784376654016,-0.1399999999999988,-0.10170746345898873,-2.83963533104169
2018-06-18 00:00:00+00:00,65.91,2.92,2.56,113.4899,7747.03,2773.75,12.31,0.3599999999999999,0.13411224312431802,0.33000000000000007,-0.21261593144484836,1.384402399630802
2018-06-19 00:00:00+00:00,65.09,2.89,2.54,113.639,7725.59,2762.59,13.35,0.3500000000000001,0.13137732961259196,1.0399999999999991,-0.40234339792698526,-1.2441207707479807
2018-06-20 00:00:00+00:00,65.92,2.93,2.56,113.4784,7781.51,2767.32,12.79,0.3700000000000001,-0.141324721266467,-0.5600000000000005,0.17121614137458607,1.2751574742664085
2018-06-21 00:00:00+00:00,65.68,2.9,2.56,113.6109,7712.95,2749.76,14.64,0.33999999999999986,0.11676230895043549,1.8500000000000014,-0.6345489498865264,-0.3640776699029069
2018-06-22 00:00:00+00:00,69.02,2.9,2.56,113.3047,7692.82,2754.88,13.77,0.33999999999999986,-0.26951639323340437,-0.870000000000001,0.1861980681950426,5.08526187576126
2018-06-25 00:00:00+00:00,69.91,2.87,2.54,113.286,7532.01,2717.07,17.33,0.33000000000000007,-0.01650416972993618,3.5599999999999987,-1.3724735741665661,1.2894813097652946
2018-06-26 00:00:00+00:00,75.23,2.88,2.53,113.3016,7561.63,2723.06,15.92,0.3500000000000001,0.013770457073247755,-1.4099999999999984,0.22045806696182613,7.609784008010312
2018-06-27 00:00:00+00:00,77.41,2.83,2.52,113.8971,7445.08,2699.63,17.91,0.31000000000000005,0.5255883412061291,1.9900000000000002,-0.8604290761129008,2.8977801409012294
2018-06-28 00:00:00+00:00,73.45,2.84,2.52,113.8405,7503.68,2716.31,16.85,0.31999999999999984,-0.049693978160980645,-1.0599999999999987,0.6178624478169192,-5.115618137191569
2018-06-29 00:00:00+00:00,74.13,2.85,2.52,113.2586,7510.3,2718.37,16.09,0.33000000000000007,-0.5111537633794683,-0.7600000000000016,0.07583817752760957,0.9257998638529497
2018-07-02 00:00:00+00:00,73.89,2.87,2.57,114.1673,7567.69,2726.71,15.6,0.30000000000000027,0.8023231789903829,-0.4900000000000002,0.3068015023709014,-0.32375556454875554
2018-07-03 00:00:00+00:00,74.19,2.83,2.53,113.3222,7502.67,2713.22,16.14,0.30000000000000027,-0.7402294702598788,0.5400000000000009,-0.494735413740377,0.406008932196511
2018-07-05 00:00:00+00:00,73.05,2.84,2.55,112.9759,7586.43,2736.61,14.97,0.29000000000000004,-0.3055888431392928,-1.17,0.8620753200993869,-1.5365952284674522
2018-07-06 00:00:00+00:00,73.78,2.82,2.53,112.6428,7688.39,2759.82,13.37,0.29000000000000004,-0.29484164321771367,-1.6000000000000014,0.8481296202235589,0.9993155373032137
2018-07-09 00:00:00+00:00,73.93,2.86,2.57,112.6425,7756.2,2784.17,12.69,0.29000000000000004,-0.00026632860687936244,-0.6799999999999997,0.8823039183714743,0.20330712930334283
2018-07-10 00:00:00+00:00,74.11,2.87,2.59,112.5794,7759.2,2793.84,12.64,0.28000000000000025,-0.05601793284061296,-0.049999999999998934,0.3473207455004568,0.24347355606653132
2018-07-11 00:00:00+00:00,70.47,2.85,2.58,112.8582,7716.61,2774.02,13.63,0.27,0.247647438163634,0.9900000000000002,-0.7094178621538827,-4.911617865335316
2018-07-12 00:00:00+00:00,70.28,2.85,2.6,112.779,7823.92,2798.29,12.58,0.25,-0.07017655783984056,-1.0500000000000007,0.8749035695488905,-0.269618277281114
2018-07-13 00:00:00+00:00,71.03,2.83,2.59,113.0705,7825.98,2801.31,12.18,0.2400000000000002,0.25847010525008596,-0.40000000000000036,0.10792305300737493,1.0671599317017666
2018-07-16 00:00:00+00:00,68.22,2.85,2.59,112.8437,7805.72,2798.43,12.83,0.26000000000000023,-0.2005828222215289,0.6500000000000004,-0.1028090429120665,-3.9560748979304505
2018-07-17 00:00:00+00:00,68.03,2.86,2.62,113.1504,7855.12,2809.55,12.06,0.23999999999999977,0.27179186786678855,-0.7699999999999996,0.397365665748306,-0.27851070067428374
2018-07-18 00:00:00+00:00,68.78,2.88,2.6,113.3348,7854.44,2815.62,12.1,0.2799999999999998,0.16296893338423324,0.03999999999999915,0.21604883344306103,1.1024547993532252
2018-07-19 00:00:00+00:00,69.42,2.84,2.6,113.9463,7825.3,2804.49,12.87,0.23999999999999977,0.5395518410938216,0.7699999999999996,-0.39529481961344537,0.9305030532131386
2018-07-20 00:00:00+00:00,70.31,2.89,2.6,113.3213,7820.2,2801.83,12.86,0.29000000000000004,-0.5485039882822007,-0.009999999999999787,-0.09484790461010695,1.2820512820512775
2018-07-23 00:00:00+00:00,67.9,2.96,2.64,113.4246,7841.87,2806.98,12.62,0.31999999999999984,0.09115673752420062,-0.2400000000000002,0.183808439484201,-3.4276774285307843
2018-07-24 00:00:00+00:00,70.77,2.95,2.63,113.2045,7840.77,2820.4,12.41,0.3200000000000003,-0.19404961533917575,-0.20999999999999908,0.4780938945058377,4.226804123711325
2018-07-25 00:00:00+00:00,71.13,2.94,2.66,112.9221,7932.24,2846.07,12.29,0.2799999999999998,-0.24946004796628785,-0.120000000000001,0.9101545880016992,0.5086901229334417
2018-07-26 00:00:00+00:00,71.59,2.98,2.69,112.9179,7852.18,2837.44,12.14,0.29000000000000004,-0.003719378226230141,-0.14999999999999858,-0.3032251490652005,0.6467032194573452
2018-07-27 00:00:00+00:00,68.66,2.96,2.67,112.8125,7737.42,2818.82,13.03,0.29000000000000004,-0.09334215390119915,0.8899999999999988,-0.6562253298748155,-4.092750384131872
2018-07-30 00:00:00+00:00,71.19,2.98,2.66,112.6044,7630.0,2802.6,14.26,0.31999999999999984,-0.18446537396121787,1.2300000000000004,-0.5754180827438504,3.6848237692979957
2018-07-31 00:00:00+00:00,69.88,2.96,2.67,112.7299,7671.79,2816.29,12.83,0.29000000000000004,0.1114521279807823,-1.4299999999999997,0.488474987511589,-1.8401460879337028
2018-08-01 00:00:00+00:00,68.8,3.0,2.67,112.8899,7707.29,2813.36,13.15,0.33000000000000007,0.14193217593556628,0.3200000000000003,-0.10403758135703045,-1.5455065827132186
2018-08-02 00:00:00+00:00,68.95,2.98,2.66,113.1679,7802.69,2827.22,12.19,0.31999999999999984,0.24625763686565438,-0.9600000000000009,0.4926493587738445,0.21802325581397053
2018-08-03 00:00:00+00:00,68.49,2.95,2.63,113.012,7812.01,2840.35,11.64,0.3200000000000003,-0.13775991248401454,-0.5499999999999989,0.46441380578801095,-0.6671501087744836
2018-08-06 00:00:00+00:00,69.01,2.94,2.64,113.229,7859.68,2850.4,11.27,0.2999999999999998,0.19201500725587461,-0.370000000000001,0.35382963367192044,0.7592349248065622
2018-08-07 00:00:00+00:00,69.17,2.98,2.68,112.9759,7883.66,2858.45,10.93,0.2999999999999998,-0.2235293078628242,-0.33999999999999986,0.2824165029469361,0.23185045645557345
2018-08-08 00:00:00+00:00,66.92,2.96,2.68,113.1411,7888.33,2857.7,10.85,0.2799999999999998,0.14622587649224528,-0.08000000000000007,-0.026237996116773576,-3.2528552840826896
2018-08-09 00:00:00+00:00,66.81,2.93,2.64,113.3806,7891.78,2853.58,11.27,0.29000000000000004,0.21168258042392196,0.41999999999999993,-0.1441718864821362,-0.16437537358039433
2018-08-10 00:00:00+00:00,67.61,2.87,2.61,114.3005,7839.11,2833.28,13.16,0.26000000000000023,0.8113380948769011,1.8900000000000006,-0.7113870997133342,1.1974255350995389
2018-08-13 00:00:00+00:00,67.25,2.88,2.61,114.851,7819.71,2821.93,14.78,0.27,0.48162518974108615,1.6199999999999992,-0.4005957759204981,-0.5324656115959114
2018-08-14 00:00:00+00:00,67.04,2.89,2.63,114.658,7870.89,2839.96,13.31,0.26000000000000023,-0.16804381328852092,-1.4699999999999989,0.638924424064391,-0.31226765799255984
2018-08-15 00:00:00+00:00,65.07,2.86,2.61,115.1526,7774.12,2818.37,14.64,0.25,0.4313698128346921,1.33,-0.760221974957398,-2.9385441527446488
2018-08-16 00:00:00+00:00,65.44,2.87,2.63,114.6416,7806.52,2840.69,13.45,0.2400000000000002,-0.44375897721806723,-1.1900000000000013,0.7919471183698512,0.5686184109420678
2018-08-17 00:00:00+00:00,65.93,2.87,2.61,114.5339,7816.33,2850.13,12.64,0.26000000000000023,-0.09394495540885339,-0.8099999999999987,0.33231362802699227,0.7487775061124857
2018-08-20 00:00:00+00:00,66.5,2.82,2.6,114.3504,7821.01,2857.05,12.49,0.21999999999999975,-0.1602145740256855,-0.15000000000000036,0.2427959426412052,0.8645533141210304
2018-08-21 00:00:00+00:00,67.32,2.85,2.61,113.8604,7859.17,2862.96,12.86,0.2400000000000002,-0.42850746477492985,0.3699999999999992,0.20685672284348477,1.233082706766897
2018-08-22 00:00:00+00:00,67.85,2.82,2.6,113.663,7889.1,2861.82,12.25,0.21999999999999975,-0.17337019718883795,-0.6099999999999994,-0.03981892866123937,0.7872846108140319
2018-08-23 00:00:00+00:00,69.13,2.82,2.61,114.0932,7878.46,2856.98,12.41,0.20999999999999996,0.37848728258096376,0.16000000000000014,-0.1691231454109654,1.8865143699336784
2018-08-24 00:00:00+00:00,69.71,2.82,2.63,113.5985,7945.98,2874.69,11.99,0.18999999999999995,-0.43359288721851463,-0.41999999999999993,0.6198853334639987,0.8389989874150183
2018-08-27 00:00:00+00:00,69.97,2.85,2.67,113.2721,8017.9,2896.74,12.16,0.18000000000000016,-0.2873277376021721,0.16999999999999993,0.7670392285776817,0.372973748386185
2018-08-28 00:00:00+00:00,68.54,2.88,2.67,113.3444,8030.04,2897.52,12.5,0.20999999999999996,0.06382860386626721,0.33999999999999986,0.026926821185191407,-2.043733028440753
2018-08-29 00:00:00+00:00,69.68,2.89,2.67,113.6461,8109.69,2914.04,12.25,0.2200000000000002,0.26617989066950454,-0.25,0.5701427427593275,1.663262328567261
2018-08-30 00:00:00+00:00,70.25,2.86,2.64,114.0899,8088.36,2901.13,13.53,0.21999999999999975,0.39051054105683214,1.2799999999999994,-0.4430275493816138,0.8180252583237513
2018-08-31 00:00:00+00:00,69.84,2.86,2.62,114.2755,8109.54,2901.52,12.86,0.23999999999999977,0.16267872966844177,-0.6699999999999999,0.013443037712890238,-0.5836298932384243
2018-09-04 00:00:00+00:00,69.82,2.9,2.66,114.8584,8091.25,2896.72,13.16,0.23999999999999977,0.510083088676061,0.3000000000000007,-0.1654305329620409,-0.0286368843069984
2018-09-05 00:00:00+00:00,68.69,2.9,2.66,114.7477,7995.17,2888.6,13.91,0.23999999999999977,-0.09637954211446642,0.75,-0.2803170482476691,-1.6184474362646695
2018-09-06 00:00:00+00:00,67.81,2.88,2.64,114.6479,7922.73,2878.05,14.65,0.23999999999999977,-0.08697342081801507,0.7400000000000002,-0.36522883057535926,-1.2811180666763677
2018-09-07 00:00:00+00:00,67.73,2.94,2.71,114.5816,7902.54,2871.68,14.88,0.22999999999999998,-0.05782923193535794,0.23000000000000043,-0.22133041469051262,-0.11797669960182944
2018-09-10 00:00:00+00:00,67.55,2.94,2.73,114.6802,7924.16,2877.13,14.16,0.20999999999999996,0.08605221082618186,-0.7200000000000006,0.1897843770893859,-0.2657611102908741
2018-09-11 00:00:00+00:00,69.29,2.98,2.76,114.7051,7972.47,2887.89,13.22,0.2200000000000002,0.021712553692787573,-0.9399999999999995,0.37398379635260603,2.575869726128799
2018-09-12 00:00:00+00:00,70.37,2.97,2.74,114.2192,7954.23,2888.92,13.14,0.22999999999999998,-0.42360801742904464,-0.08000000000000007,0.035666178420923345,1.5586664742387013
2018-09-13 00:00:00+00:00,68.6,2.97,2.76,113.9268,8013.71,2904.18,12.37,0.2100000000000004,-0.25599899141299787,-0.7700000000000014,0.5282250806529776,-2.515276396191568
2018-09-14 00:00:00+00:00,68.98,2.99,2.78,114.0657,8010.04,2904.98,12.07,0.2100000000000004,0.1219203909879063,-0.29999999999999893,0.027546501938591206,0.5539358600583189
2018-09-17 00:00:00+00:00,68.86,2.99,2.78,113.9158,7895.79,2888.8,13.68,0.2100000000000004,-0.13141549124758845,1.6099999999999994,-0.5569745746958565,-0.1739634676718005
2018-09-18 00:00:00+00:00,69.87,3.05,2.81,113.7739,7956.11,2904.31,12.79,0.23999999999999977,-0.12456568799060763,-0.8900000000000006,0.5369011354195541,1.4667441185013175
2018-09-19 00:00:00+00:00,71.08,3.08,2.81,113.6532,7950.04,2907.95,11.75,0.27,-0.10608760005590412,-1.0399999999999991,0.125330973621951,1.73178760555317
2018-09-20 00:00:00+00:00,70.77,3.07,2.81,113.4989,8028.23,2930.75,11.8,0.2599999999999998,-0.13576388522276162,0.05000000000000071,0.7840574975498171,-0.4361283061339316
2018-09-21 00:00:00+00:00,70.8,3.07,2.81,113.5099,7986.96,2929.67,11.68,0.2599999999999998,0.009691723884541759,-0.120000000000001,-0.03685063550284973,0.042390843577799764
2018-09-24 00:00:00+00:00,73.23,3.08,2.83,113.5301,7993.25,2919.37,12.2,0.25,0.01779580459502217,0.5199999999999996,-0.35157543341060027,3.4322033898305238
2018-09-25 00:00:00+00:00,73.4,3.1,2.83,113.7202,8007.47,2915.56,12.42,0.27,0.16744458077637692,0.22000000000000064,-0.13050760951849316,0.23214529564385966
2018-09-26 00:00:00+00:00,72.22,3.06,2.83,113.6739,7990.37,2905.97,12.89,0.22999999999999998,-0.040713962866756326,0.47000000000000064,-0.328924803468289,-1.6076294277929226
2018-09-27 00:00:00+00:00,72.18,3.06,2.83,113.9784,8041.97,2914.0,12.41,0.22999999999999998,0.2678715166805956,-0.4800000000000004,0.27632769780832067,-0.05538631957905382
2018-09-28 00:00:00+00:00,73.16,3.05,2.81,113.8077,8046.35,2913.98,12.12,0.23999999999999977,-0.14976521867300363,-0.2900000000000009,-0.0006863417982172493,1.357716819063448
2018-10-01 00:00:00+00:00,75.37,3.09,2.82,113.8235,8037.3,2924.59,12.0,0.27,0.01388306766589853,-0.11999999999999922,0.36410682297065566,3.0207763805358168
2018-10-02 00:00:00+00:00,75.16,3.05,2.82,113.8954,7999.55,2923.43,12.05,0.22999999999999998,0.06316797497880611,0.05000000000000071,-0.039663679353352244,-0.27862544779090337
2018-10-03 00:00:00+00:00,76.4,3.15,2.85,114.1569,8025.09,2925.51,11.61,0.2999999999999998,0.22959662989023855,-0.4400000000000013,0.07114930065028613,1.6498137307078276
2018-10-04 00:00:00+00:00,74.44,3.19,2.87,114.6867,7879.51,2901.61,14.22,0.31999999999999984,0.46409809656711154,2.610000000000001,-0.8169515742554312,-2.565445026178026
2018-10-05 00:00:00+00:00,74.26,3.23,2.88,114.561,7788.45,2885.57,14.82,0.3500000000000001,-0.10960294436930251,0.5999999999999996,-0.5527965508803745,-0.2418054809242287
2018-10-08 00:00:00+00:00,74.27,,,,7735.95,2884.43,15.69,,,0.8699999999999992,-0.039506925841348295,0.013466199838396697
2018-10-09 00:00:00+00:00,74.95,3.21,2.88,114.6583,7738.02,2880.34,15.95,0.33000000000000007,,0.2599999999999998,-0.14179577940874877,0.9155782954086478
2018-10-10 00:00:00+00:00,73.18,3.22,2.88,114.6072,7422.05,2785.68,22.96,0.3400000000000003,-0.044567205339685056,7.010000000000002,-3.2864175757028824,-2.361574382921938
2018-10-11 00:00:00+00:00,70.97,3.14,2.85,114.4074,7329.06,2728.37,24.98,0.29000000000000004,-0.17433459677926866,2.0199999999999996,-2.0573073719881707,-3.0199508062312197
2018-10-12 00:00:00+00:00,71.41,3.15,2.85,114.3691,7496.89,2767.13,21.31,0.2999999999999998,-0.03347685551807755,-3.6700000000000017,1.4206284338267983,0.6199802733549253
2018-10-15 00:00:00+00:00,71.84,3.16,2.85,114.045,7430.74,2750.79,21.3,0.31000000000000005,-0.28338073832879784,-0.00999999999999801,-0.5905035180855278,0.602156560705791
2018-10-16 00:00:00+00:00,71.93,3.16,2.87,113.8963,7645.49,2809.92,17.62,0.29000000000000004,-0.1303871278881208,-3.6799999999999997,2.1495643069809,0.1252783964365234
2018-10-17 00:00:00+00:00,69.63,3.19,2.89,114.1755,7642.7,2809.21,17.4,0.2999999999999998,0.24513526778306982,-0.22000000000000242,-0.025267623277536178,-3.1975531766995857
2018-10-18 00:00:00+00:00,68.63,3.17,2.87,114.8164,7485.14,2768.78,20.06,0.2999999999999998,0.5613288314918696,2.66,-1.4391946490294405,-1.4361625736033279
2018-10-19 00:00:00+00:00,69.16,3.2,2.92,114.8567,7449.03,2767.78,19.89,0.28000000000000025,0.0350995154002387,-0.16999999999999815,-0.036116990154511086,0.7722570304531606
2018-10-22 00:00:00+00:00,69.25,3.2,2.92,115.1782,7468.63,2755.88,19.64,0.28000000000000025,0.2799140145938406,-0.25,-0.42994746692295305,0.13013302486988287
2018-10-23 00:00:00+00:00,66.49,3.17,2.89,115.1651,7437.54,2740.69,20.71,0.2799999999999998,-0.011373680088777594,1.0700000000000003,-0.551185102399232,-3.9855595667870114
2018-10-24 00:00:00+00:00,66.56,3.1,2.84,115.3755,7108.4,2656.1,25.23,0.26000000000000023,0.1826942363615469,4.52,-3.0864490329077787,0.10527898932171098
2018-10-25 00:00:00+00:00,67.25,3.14,2.86,115.4831,7318.34,2705.57,24.22,0.28000000000000025,0.09326070092869898,-1.0100000000000016,1.8625051767629408,1.0366586538461453
2018-10-26 00:00:00+00:00,67.58,3.08,2.81,115.473,7167.21,2658.69,24.16,0.27,-0.008745868443083005,-0.05999999999999872,-1.732721755489608,0.49070631970260514
2018-10-29 00:00:00+00:00,67.0,3.08,2.81,115.8936,7050.29,2641.25,24.7,0.27,0.3642409914005995,0.5399999999999991,-0.6559621467715271,-0.8582420834566395
2018-10-30 00:00:00+00:00,66.18,3.12,2.84,116.2357,7161.65,2682.63,23.35,0.28000000000000025,0.295184548585925,-1.3499999999999979,1.5666824420255576,-1.2238805970149147
2018-10-31 00:00:00+00:00,65.31,3.15,2.87,116.5281,7305.9,2711.74,21.23,0.2799999999999998,0.2515578260379625,-2.120000000000001,1.0851291456518197,-1.3145965548504113
2018-11-01 00:00:00+00:00,63.67,3.14,2.84,115.8657,7434.06,2740.37,19.34,0.30000000000000027,-0.5684465806959804,-1.8900000000000006,1.05577968389301,-2.511100903383867
2018-11-02 00:00:00+00:00,63.12,3.22,2.91,115.643,7356.99,2723.06,19.51,0.31000000000000005,-0.19220528594744435,0.1700000000000017,-0.6316665267828814,-0.8638291188943104
2018-11-05 00:00:00+00:00,63.12,3.2,2.91,115.703,7328.85,2738.31,19.96,0.29000000000000004,0.05188381484395599,0.4499999999999993,0.5600317290107348,0.0
2018-11-06 00:00:00+00:00,62.16,3.22,2.93,115.5622,7375.96,2755.45,19.91,0.29000000000000004,-0.12169088096246616,-0.05000000000000071,0.6259335137365651,-1.520912547528519
2018-11-07 00:00:00+00:00,61.69,3.22,2.96,115.2519,7570.75,2813.89,16.36,0.26000000000000023,-0.2685134066329642,-3.5500000000000007,2.120887695294771,-0.7561132561132555
2018-11-08 00:00:00+00:00,60.71,3.24,2.98,115.6478,7530.88,2806.83,16.72,0.26000000000000023,0.34350843673727205,0.35999999999999943,-0.2508982227450218,-1.5885881017993153
2018-11-09 00:00:00+00:00,60.19,3.19,2.94,116.4778,7406.9,2781.01,17.36,0.25,0.7176963158832317,0.6400000000000006,-0.9198989607493102,-0.8565310492505418
2018-11-12 00:00:00+00:00,59.85,,,,7200.87,2726.22,20.45,,,3.09,-1.9701475363267495,-0.5648778866921389
2018-11-13 00:00:00+00:00,55.63,3.14,2.89,116.6694,7200.87,2722.18,20.02,0.25,,-0.4299999999999997,-0.1481905348797996,-7.050960735171263
2018-11-14 00:00:00+00:00,56.16,3.12,2.86,116.498,7136.39,2701.58,21.25,0.26000000000000023,-0.14691084380308306,1.2300000000000004,-0.7567464311691308,0.9527233507100386
2018-11-15 00:00:00+00:00,56.45,3.11,2.86,116.3861,7259.03,2730.2,19.98,0.25,-0.09605315112706236,-1.2699999999999996,1.0593800664796094,0.5163817663817794
2018-11-16 00:00:00+00:00,56.49,3.08,2.81,115.9258,7247.87,2736.27,18.14,0.27,-0.3954939636262478,-1.8399999999999999,0.22232803457622463,0.07085916740479092
2018-11-19 00:00:00+00:00,57.16,3.06,2.79,115.9859,7028.48,2690.73,20.1,0.27,0.0518435067948575,1.9600000000000009,-1.6643094431470606,1.1860506284298022
2018-11-20 00:00:00+00:00,53.39,3.06,2.79,116.2367,6908.82,2641.89,22.48,0.27,0.21623318006758208,2.379999999999999,-1.8151208036480848,-6.595521343596911
2018-11-21 00:00:00+00:00,54.41,3.06,2.81,116.092,6972.25,2649.93,20.8,0.25,-0.12448736070449495,-1.6799999999999997,0.304327583661701,1.910470125491659
2018-11-23 00:00:00+00:00,,3.05,2.81,116.4713,6938.98,2632.56,21.52,0.23999999999999977,0.32672363298074103,0.7199999999999989,-0.6554890129173208,
2018-11-26 00:00:00+00:00,51.46,3.07,2.84,116.6208,7081.85,2673.45,18.9,0.22999999999999998,0.12835780144979658,-2.620000000000001,1.5532409517731827,
2018-11-27 00:00:00+00:00,51.31,3.06,2.83,116.9001,7082.7,2682.17,19.02,0.22999999999999998,0.23949415541653085,0.120000000000001,0.3261703042884756,-0.29148853478430103
2018-11-28 00:00:00+00:00,50.06,3.06,2.81,116.8343,7291.59,2743.79,18.49,0.25,-0.05628737699967523,-0.5300000000000011,2.297393528374414,-2.436172286104077
2018-11-29 00:00:00+00:00,51.46,3.03,2.81,116.1961,7273.08,2737.76,18.79,0.21999999999999975,-0.5462436972704099,0.3000000000000007,-0.21976900564546487,2.7966440271673942
2018-11-30 00:00:00+00:00,50.78,3.01,2.8,116.413,7330.54,2760.17,18.07,0.20999999999999996,0.1866671945099707,-0.7199999999999989,0.8185523931973471,-1.3214146910221491
2018-12-03 00:00:00+00:00,52.98,2.98,2.83,115.9057,7441.51,2790.37,16.44,0.1499999999999999,-0.4357760731189875,-1.629999999999999,1.0941355061463431,4.332414336352897
2018-12-04 00:00:00+00:00,53.21,2.91,2.8,116.0028,7158.43,2700.06,20.74,0.11000000000000032,0.08377499984901782,4.299999999999997,-3.236488351007216,0.4341260853152118
2018-12-05 00:00:00+00:00,52.64,,,,,,,,,,,-1.0712272129299039
2018-12-06 00:00:00+00:00,51.54,2.87,2.75,116.3991,7188.26,2695.95,21.19,0.1200000000000001,,,,-2.0896656534954428
2018-12-07 00:00:00+00:00,52.76,2.85,2.72,116.0847,6969.25,2633.08,23.23,0.1299999999999999,-0.27010518122563276,2.039999999999999,-2.332016543333515,2.3670935195964304
2018-12-10 00:00:00+00:00,51.07,2.85,2.72,116.6746,7020.52,2637.72,22.64,0.1299999999999999,0.5081634358360843,-0.5899999999999999,0.1762194844060927,-3.2031842304776292
2018-12-11 00:00:00+00:00,51.65,2.89,2.78,116.7564,7031.83,2636.78,21.76,0.11000000000000032,0.07010951826704748,-0.879999999999999,-0.03563683787511929,1.1356961033875068
2018-12-12 00:00:00+00:00,51.04,2.91,2.77,116.2214,7098.31,2651.07,21.46,0.14000000000000012,-0.45821899270618305,-0.3000000000000007,0.5419488922094429,-1.1810261374636921
2018-12-13 00:00:00+00:00,52.69,2.91,2.75,116.3974,7070.33,2650.54,20.65,0.16000000000000014,0.15143510575506003,-0.8100000000000023,-0.019991927787654795,3.2327586206896575
2018-12-14 00:00:00+00:00,51.26,2.89,2.73,116.79,6910.66,2599.95,21.63,0.16000000000000014,0.3372927573983553,0.9800000000000004,-1.9086676677205427,-2.713987473903967
2018-12-17 00:00:00+00:00,49.8,2.86,2.7,116.4532,6753.73,2545.94,24.52,0.1599999999999997,-0.28838085452522755,2.8900000000000006,-2.0773476413007863,-2.848224736636751
2018-12-18 00:00:00+00:00,46.12,2.82,2.65,116.4127,6783.91,2546.16,25.58,0.16999999999999993,-0.034777919370176935,1.0599999999999987,0.008641209140813899,-7.3895582329317255
2018-12-19 00:00:00+00:00,47.96,2.77,2.63,116.0676,6636.83,2506.96,25.58,0.14000000000000012,-0.2964453191103722,0.0,-1.5395733182517968,3.98959236773635
2018-12-20 00:00:00+00:00,45.64,2.79,2.67,116.0183,6528.41,2467.42,28.38,0.1200000000000001,-0.04247524718353768,2.8000000000000007,-1.5772090500047797,-4.837364470391991
2018-12-21 00:00:00+00:00,45.38,2.79,2.63,116.2227,6332.99,2416.62,30.11,0.16000000000000014,0.17617910277947235,1.7300000000000004,-2.0588306814405377,-0.5696757230499561
2018-12-24 00:00:00+00:00,,2.74,2.55,116.2182,6192.92,2351.1,36.07,0.1900000000000004,-0.0038718770085433007,5.960000000000001,-2.711224768478282,
2018-12-26 00:00:00+00:00,46.04,2.81,2.61,116.1162,6554.36,2467.7,30.41,0.20000000000000018,-0.08776594371621149,-5.66,4.9593807154098,
2018-12-27 00:00:00+00:00,44.48,2.77,2.56,115.9927,6579.49,2488.83,29.96,0.20999999999999996,-0.10635897488895374,-0.4499999999999993,0.8562629168861635,-3.3883579496090444
2018-12-28 00:00:00+00:00,45.15,2.72,2.52,115.7232,6584.52,2485.74,28.34,0.20000000000000018,-0.23234220774237535,-1.620000000000001,-0.12415472330372657,1.506294964028787
2018-12-31 00:00:00+00:00,,2.69,2.48,115.5674,6635.28,2506.85,25.42,0.20999999999999996,-0.13463160368880622,-2.919999999999998,0.8492440882795549,
2019-01-02 00:00:00+00:00,46.31,2.66,2.5,115.7689,6665.94,2510.03,23.22,0.16000000000000014,0.17435712839433126,-2.200000000000003,0.12685242435728217,
2019-01-03 00:00:00+00:00,46.92,2.56,2.39,115.4622,6463.5,2447.89,25.45,0.16999999999999993,-0.26492434496657724,2.2300000000000004,-2.475667621502542,1.317210105808675
2019-01-04 00:00:00+00:00,47.76,2.67,2.5,114.9821,6738.86,2531.94,21.38,0.16999999999999993,-0.4158070779874179,-4.07,3.43356931888279,1.7902813299232712
2019-01-07 00:00:00+00:00,48.27,2.7,2.53,114.5628,6823.47,2549.69,21.4,0.17000000000000037,-0.3646654566232588,0.019999999999999574,0.701043468644591,1.0678391959799027
2019-01-08 00:00:00+00:00,49.58,2.73,2.58,114.7281,6897.0,2574.41,20.47,0.1499999999999999,0.14428767453309455,-0.9299999999999997,0.9695296290921585,2.7139009736896424
2019-01-09 00:00:00+00:00,52.19,2.74,2.56,114.1406,6957.08,2584.96,19.98,0.18000000000000016,-0.5120803011642194,-0.48999999999999844,0.40980263439003295,5.264219443323914
2019-01-10 00:00:00+00:00,52.42,2.74,2.56,114.0496,6986.07,2596.64,19.5,0.18000000000000016,-0.07972623238358123,-0.4800000000000004,0.45184451596929076,0.4406974516190987
2019-01-11 00:00:00+00:00,51.44,2.71,2.55,114.0404,6971.48,2596.26,18.19,0.16000000000000014,-0.008066665731398803,-1.3099999999999987,-0.014634296629478794,-1.8695154521175206
2019-01-14 00:00:00+00:00,50.31,2.71,2.53,,6905.92,2582.61,19.07,0.18000000000000016,,0.879999999999999,-0.5257562801876614,-2.196734059097971
2019-01-15 00:00:00+00:00,51.8,2.72,2.53,114.3402,7023.83,2610.3,18.6,0.1900000000000004,,-0.46999999999999886,1.0721711756711327,2.9616378453587666
2019-01-16 00:00:00+00:00,52.08,2.73,2.55,114.137,7034.69,2616.1,19.04,0.18000000000000016,-0.1777152742429955,0.4399999999999977,0.2221966823736654,0.540540540540535
2019-01-17 00:00:00+00:00,51.83,2.75,2.56,114.4115,7084.46,2635.96,18.06,0.18999999999999995,0.24050045121213337,-0.9800000000000004,0.7591452926111408,-0.480030721966207
2019-01-18 00:00:00+00:00,53.6,2.79,2.62,114.558,7157.23,2670.71,17.8,0.16999999999999993,0.12804656874527698,-0.259999999999998,1.3183052853609212,3.4150106116149104
2019-01-22 00:00:00+00:00,52.59,2.74,2.58,114.7541,7020.36,2632.9,20.8,0.16000000000000014,0.171179664449439,3.0,-1.4157284018107563,-1.8843283582089532
2019-01-23 00:00:00+00:00,52.44,2.76,2.58,114.5759,7025.77,2638.7,19.52,0.17999999999999972,-0.15528856921015466,-1.2800000000000011,0.22028941471379238,-0.28522532800914213
2019-01-24 00:00:00+00:00,52.94,2.72,2.56,114.617,7073.46,2642.33,18.89,0.16000000000000014,0.03587141798579996,-0.629999999999999,0.1375677416909804,0.9534706331044918
2019-01-25 00:00:00+00:00,53.53,2.76,2.6,114.0197,7164.86,2664.76,17.42,0.1599999999999997,-0.5211268834466098,-1.4699999999999989,0.8488720182566301,1.114469210426905
2019-01-28 00:00:00+00:00,51.79,2.75,2.6,114.0522,7085.68,2643.85,18.87,0.1499999999999999,0.028503846265159893,1.4499999999999993,-0.7846860505261399,-3.250513730618354
2019-01-29 00:00:00+00:00,53.07,2.72,2.56,114.026,7028.29,2640.0,19.13,0.16000000000000014,-0.022971937411120358,0.259999999999998,-0.1456209694195909,2.471519598378058
2019-01-30 00:00:00+00:00,54.18,2.7,2.52,114.0731,7183.08,2681.05,17.66,0.18000000000000016,0.04130636872292648,-1.4699999999999989,1.5549242424242493,2.091577162238556
2019-01-31 00:00:00+00:00,53.84,2.63,2.45,113.5504,7281.74,2704.1,16.57,0.17999999999999972,-0.4582149516406564,-1.0899999999999999,0.8597377892989533,-0.627537836840153
2019-02-01 00:00:00+00:00,55.29,2.7,2.52,113.7548,7263.87,2706.53,16.14,0.18000000000000016,0.180008172582391,-0.4299999999999997,0.0898635405495396,2.693164933135206
2019-02-04 00:00:00+00:00,54.57,2.73,2.53,113.8766,7347.54,2724.87,15.73,0.20000000000000018,0.10707240485674507,-0.41000000000000014,0.6776204217207926,-1.302224633749316
2019-02-05 00:00:00+00:00,53.69,2.71,2.53,114.0431,7402.08,2737.7,15.57,0.18000000000000016,0.14621089846378332,-0.16000000000000014,0.4708481505539597,-1.6126076598863892
2019-02-06 00:00:00+00:00,53.94,2.7,2.52,114.2305,7375.28,2731.61,15.38,0.18000000000000016,0.16432383896967107,-0.1899999999999995,-0.2224495014062744,0.46563605885638903
2019-02-07 00:00:00+00:00,52.68,2.65,2.48,114.4339,7288.35,2706.05,16.37,0.16999999999999993,0.17806102573305616,0.9900000000000002,-0.9357119061652264,-2.3359288097886455
2019-02-08 00:00:00+00:00,52.75,2.63,2.45,114.5003,7298.2,2707.88,15.72,0.17999999999999972,0.05802476364085152,-0.6500000000000004,0.06762624489569102,0.13287775246773048
2019-02-11 00:00:00+00:00,52.43,2.65,2.48,115.031,7307.9,2709.8,15.97,0.16999999999999993,0.4634922353915272,0.25,0.07090417596054,-0.6066350710900448
2019-02-12 00:00:00+00:00,53.14,2.68,2.5,114.7297,7414.62,2744.73,15.43,0.18000000000000016,-0.2619293929462585,-0.5400000000000009,1.2890250202966858,1.3541865344268489
2019-02-13 00:00:00+00:00,53.84,2.71,2.53,114.9407,7420.38,2753.03,15.65,0.18000000000000016,0.1839105305775357,0.22000000000000064,0.3023976857468691,1.3172751223184065
2019-02-14 00:00:00+00:00,54.4,2.66,2.5,115.1007,7426.95,2745.73,16.22,0.16000000000000014,0.1392022147072236,0.5699999999999985,-0.26516238471793185,1.0401188707280795
2019-02-15 00:00:00+00:00,55.58,2.66,2.52,114.9923,7472.41,2775.6,14.91,0.14000000000000012,-0.09417840204273276,-1.3099999999999987,1.0878709851296353,2.169117647058827
2019-02-19 00:00:00+00:00,56.12,2.65,2.5,114.57,7486.77,2779.76,14.88,0.1499999999999999,-0.3672419805500038,-0.02999999999999936,0.14987750396311394,0.9715725080964299
2019-02-20 00:00:00+00:00,56.9,2.65,2.5,,7489.07,2784.7,14.02,0.1499999999999999,,-0.8600000000000012,0.17771318387196366,1.3898788310762633
2019-02-21 00:00:00+00:00,56.95,2.69,2.53,114.5091,7459.71,2774.88,14.46,0.16000000000000014,,0.4400000000000013,-0.3526412180845262,0.08787346221441616
2019-02-22 00:00:00+00:00,57.01,2.65,2.48,114.2716,7527.54,2792.67,13.51,0.16999999999999993,-0.20740709690321157,-0.9500000000000011,0.6411088047050706,0.10535557506583526
2019-02-25 00:00:00+00:00,55.32,2.67,2.51,114.1457,7554.46,2796.11,14.85,0.16000000000000014,-0.11017610674918243,1.3399999999999999,0.12317960947767492,-2.9643922118926413
2019-02-26 00:00:00+00:00,55.4,2.64,2.48,114.0687,7549.3,2793.9,15.17,0.16000000000000014,-0.06745764404616494,0.3200000000000003,-0.07903837831845228,0.1446131597975464
2019-02-27 00:00:00+00:00,56.92,2.69,2.5,114.0363,7554.51,2792.38,14.7,0.18999999999999995,-0.028403935523080293,-0.47000000000000064,-0.05440423780378456,2.743682310469331
2019-02-28 00:00:00+00:00,57.21,2.73,2.52,114.1991,7532.53,2784.49,14.78,0.20999999999999996,0.1427615592578979,0.08000000000000007,-0.28255466662847617,0.5094869992972484
2019-03-01 00:00:00+00:00,55.76,2.76,2.55,114.537,7595.35,2803.69,13.57,0.20999999999999996,0.29588674516700664,-1.209999999999999,0.6895338105003201,-2.5345219367243543
2019-03-04 00:00:00+00:00,56.6,2.72,2.55,114.6925,7577.57,2792.81,14.63,0.17000000000000037,0.13576398892933828,1.0600000000000005,-0.38806002090102654,1.5064562410330051
2019-03-05 00:00:00+00:00,56.55,2.72,2.55,114.804,7576.36,2789.65,14.74,0.17000000000000037,0.09721647012665979,0.10999999999999943,-0.11314768996100177,-0.08833922261485272
2019-03-06 00:00:00+00:00,56.22,2.69,2.52,114.9714,7505.92,2771.45,15.74,0.16999999999999993,0.1458137347130739,1.0,-0.6524115928521645,-0.5835543766578244
2019-03-07 00:00:00+00:00,56.6,2.64,2.47,115.4919,7421.46,2748.93,16.59,0.16999999999999993,0.45272128546751667,0.8499999999999996,-0.8125710368218741,0.6759160441124124
2019-03-08 00:00:00+00:00,55.77,2.62,2.45,115.3599,7408.14,2743.07,16.05,0.16999999999999993,-0.11429372969014029,-0.5399999999999991,-0.21317385309919112,-1.466431095406362
2019-03-11 00:00:00+00:00,56.79,2.64,2.47,115.2967,7558.06,2783.3,14.33,0.16999999999999993,-0.054785068294960215,-1.7200000000000006,1.4666049353461608,1.8289402904787533
2019-03-12 00:00:00+00:00,56.89,2.61,2.45,114.939,7591.03,2791.52,13.77,0.1599999999999997,-0.3102430511888077,-0.5600000000000005,0.29533287823806376,0.17608733932030773
2019-03-13 00:00:00+00:00,58.27,2.61,2.45,114.7372,7643.41,2810.92,13.41,0.1599999999999997,-0.17557139004166222,-0.35999999999999943,0.6949618845646821,2.425733872385316
2019-03-14 00:00:00+00:00,58.59,2.63,2.46,114.79,7630.91,2808.48,13.5,0.16999999999999993,0.04601820508083332,0.08999999999999986,-0.08680432029370966,0.5491676677535695
2019-03-15 00:00:00+00:00,58.51,2.59,2.43,114.5815,7688.53,2822.48,12.88,0.1599999999999997,-0.18163603101315484,-0.6199999999999992,0.4984902865607044,-0.13654207202594693
2019-03-18 00:00:00+00:00,59.09,2.6,2.45,114.4375,7714.48,2832.94,13.1,0.1499999999999999,-0.12567473806853746,0.21999999999999886,0.37059607153993035,0.991283541275001
2019-03-19 00:00:00+00:00,59.12,2.61,2.46,114.2324,7723.95,2832.57,13.56,0.1499999999999999,-0.17922446750410215,0.46000000000000085,-0.013060636653083879,0.050770011846323904
2019-03-20 00:00:00+00:00,60.12,2.54,2.4,114.1509,7728.97,2824.23,13.91,0.14000000000000012,-0.07134578280768578,0.34999999999999964,-0.2944322646924902,1.691474966170503
2019-03-21 00:00:00+00:00,59.98,2.54,2.41,114.1684,7838.96,2854.88,13.63,0.1299999999999999,0.015330584340556008,-0.27999999999999936,1.085251555291178,-0.23286759813706537
2019-03-22 00:00:00+00:00,58.87,2.44,2.31,114.6856,7642.67,2800.71,16.48,0.1299999999999999,0.4530150199179461,2.8499999999999996,-1.8974527826038257,-1.8506168722907668
2019-03-25 00:00:00+00:00,58.71,2.43,2.26,114.4171,7637.54,2798.36,16.33,0.17000000000000037,-0.234118319998311,-0.15000000000000213,-0.08390729493592541,-0.27178528962119586
2019-03-26 00:00:00+00:00,59.87,2.41,2.24,114.6414,7691.52,2818.46,14.68,0.16999999999999993,0.19603713081348673,-1.6499999999999986,0.7182778484540853,1.9758133197070205
2019-03-27 00:00:00+00:00,59.39,2.39,2.22,115.1243,7643.38,2805.37,15.15,0.16999999999999993,0.4212265377080193,0.47000000000000064,-0.4644380264399728,-0.8017370970435866
2019-03-28 00:00:00+00:00,59.29,2.39,2.23,115.2581,7669.17,2815.44,14.43,0.16000000000000014,0.1162222050427264,-0.7200000000000006,0.35895443381801506,-0.16837851490150157
2019-03-29 00:00:00+00:00,60.19,2.41,2.27,115.1371,7729.32,2834.4,13.71,0.14000000000000012,-0.10498177568430966,-0.7199999999999989,0.6734293751598397,1.5179625569236022
2019-04-01 00:00:00+00:00,61.59,2.49,2.33,114.9362,7828.91,2867.19,13.4,0.16000000000000014,-0.17448763257021938,-0.3100000000000005,1.156858594411525,2.325967768732351
2019-04-02 00:00:00+00:00,62.53,2.48,2.3,115.1173,7848.69,2867.24,13.36,0.18000000000000016,0.157565675566107,-0.040000000000000924,0.0017438676892522764,1.5262217892515029
2019-04-03 00:00:00+00:00,62.46,2.52,2.33,114.7211,7895.55,2873.4,13.74,0.18999999999999995,-0.34417068503169723,0.3800000000000008,0.21484075277968806,-0.11194626579241751
2019-04-04 00:00:00+00:00,62.12,2.51,2.33,114.9697,7891.78,2879.39,13.58,0.17999999999999972,0.21669945633366883,-0.16000000000000014,0.20846384074615365,-0.5443483829650986
2019-04-05 00:00:00+00:00,63.1,2.5,2.35,114.9726,7938.69,2892.74,12.82,0.1499999999999999,0.002522403728977274,-0.7599999999999998,0.4636398681665099,1.577591757887964
2019-04-08 00:00:00+00:00,64.37,2.52,2.36,114.6893,7953.88,2895.77,13.18,0.16000000000000014,-0.24640653512227884,0.35999999999999943,0.10474498226595852,2.012678288431058
2019-04-09 00:00:00+00:00,64.05,2.51,2.35,114.5321,7909.28,2878.2,14.28,0.1599999999999997,-0.13706596866490672,1.0999999999999996,-0.6067470828139077,-0.4971259903681968
2019-04-10 00:00:00+00:00,64.62,2.48,2.31,114.4269,7964.24,2888.21,13.3,0.16999999999999993,-0.09185197861559802,-0.9799999999999986,0.34778681120144483,0.8899297423887731
2019-04-11 00:00:00+00:00,63.61,2.51,2.35,114.6303,7947.36,2888.32,13.02,0.1599999999999997,0.17775540541604684,-0.28000000000000114,0.003808587325715429,-1.5629835964097838
2019-04-12 00:00:00+00:00,63.86,2.56,2.4,114.3531,7984.16,2907.41,12.01,0.16000000000000014,-0.24182087981974298,-1.0099999999999998,0.6609378462220095,0.3930199654142541
2019-04-15 00:00:00+00:00,63.43,2.55,2.4,114.495,7976.01,2905.58,12.32,0.1499999999999999,0.12408933382654919,0.3100000000000005,-0.06294261903205811,-0.6733479486376481
2019-04-16 00:00:00+00:00,64.01,2.6,2.41,114.6756,8000.23,2907.06,12.18,0.18999999999999995,0.15773614568321825,-0.14000000000000057,0.0509364739569973,0.914393819959014
2019-04-17 00:00:00+00:00,63.74,2.59,2.4,114.5141,7996.08,2900.45,12.6,0.18999999999999995,-0.14083205145646316,0.41999999999999993,-0.22737748790875312,-0.4218090923293283
2019-04-18 00:00:00+00:00,64.02,2.57,2.38,114.7073,7998.06,2905.03,12.09,0.18999999999999995,0.16871284846144974,-0.5099999999999998,0.15790653174507785,0.43928459366173733
2019-04-19 00:00:00+00:00,,,,114.6977,7998.063,,,,-0.008369127335405846,,,
2019-04-22 00:00:00+00:00,65.66,2.59,2.38,114.7694,8015.27,2907.97,12.42,0.20999999999999996,0.06251215150783196,,,
2019-04-23 00:00:00+00:00,66.24,2.57,2.36,115.1578,8120.82,2933.68,12.28,0.20999999999999996,0.33841773155560695,-0.14000000000000057,0.8841219132246891,0.8833384099908637
2019-04-24 00:00:00+00:00,65.96,2.53,2.32,115.4187,8102.01,2927.25,13.14,0.20999999999999996,0.2265586872969072,0.8600000000000012,-0.21917864252406494,-0.4227053140096637
2019-04-25 00:00:00+00:00,65.23,2.54,2.33,115.7709,8106.29,2926.17,13.25,0.20999999999999996,0.3051498587317347,0.10999999999999943,-0.036894696387390624,-1.1067313523347333
2019-04-26 00:00:00+00:00,63.29,2.51,2.28,115.4767,8133.96,2939.88,12.73,0.22999999999999998,-0.2541225817541348,-0.5199999999999996,0.4685305365033532,-2.9740916756093916
2019-04-29 00:00:00+00:00,63.39,2.54,2.3,115.5227,8149.39,2943.03,13.11,0.2400000000000002,0.039834875780142553,0.379999999999999,0.10714723049920494,0.15800284405118603
2019-04-30 00:00:00+00:00,63.83,2.51,2.27,115.3281,8095.39,2945.83,13.12,0.23999999999999977,-0.1684517415191933,0.009999999999999787,0.0951400427450455,0.6941157911342533
2019-05-01 00:00:00+00:00,63.55,2.52,2.31,115.0022,8049.64,2923.73,14.8,0.20999999999999996,-0.28258507683730505,1.6800000000000015,-0.7502130129708795,-0.4386652044493178
2019-05-02 00:00:00+00:00,61.75,2.55,2.35,115.5617,8036.77,2917.52,14.42,0.19999999999999973,0.4865124319360925,-0.3800000000000008,-0.21239991380873624,-2.8324154209284025
2019-05-03 00:00:00+00:00,61.98,2.54,2.33,115.2646,8164.0,2945.64,12.87,0.20999999999999996,-0.25709209885281803,-1.5500000000000007,0.963832295922562,0.3724696356275148
2019-05-06 00:00:00+00:00,62.3,2.51,2.31,115.3811,8123.29,2932.47,15.44,0.19999999999999973,0.10107179480951523,2.5700000000000003,-0.4471014787957861,0.516295579219106
2019-05-07 00:00:00+00:00,61.41,2.45,2.28,115.6116,7963.76,2884.05,19.32,0.17000000000000037,0.19977275307654363,3.880000000000001,-1.6511677868827124,-1.4285714285714346
2019-05-08 00:00:00+00:00,62.13,2.49,2.3,115.5171,7943.32,2879.42,19.4,0.1900000000000004,-0.08173920264056278,0.0799999999999983,-0.16053813214057522,1.172447484123107
2019-05-09 00:00:00+00:00,61.58,2.45,2.26,115.8421,7910.59,2870.72,19.1,0.1900000000000004,0.28134362791309986,-0.29999999999999716,-0.30214418181440106,-0.8852406244970301
2019-05-10 00:00:00+00:00,61.65,2.47,2.26,115.5334,7916.94,2881.4,16.04,0.2100000000000004,-0.26648342873618613,-3.0600000000000023,0.3720321034444529,0.11367327054239151
2019-05-13 00:00:00+00:00,60.97,2.4,2.18,115.915,7647.02,2811.87,20.55,0.21999999999999975,0.33029409677201027,4.510000000000002,-2.4130630943291487,-1.1030008110300082
2019-05-14 00:00:00+00:00,61.82,2.42,2.2,115.9425,7734.49,2834.41,18.06,0.21999999999999975,0.023724280722925428,-2.490000000000002,0.8016017810211773,1.3941282597998983
2019-05-15 00:00:00+00:00,62.03,2.37,2.16,115.8565,7822.15,2850.96,16.44,0.20999999999999996,-0.07417469866528581,-1.6199999999999974,0.583895766667486,0.33969589129732025
2019-05-16 00:00:00+00:00,62.93,2.4,2.2,116.0346,7898.05,2876.32,15.29,0.19999999999999973,0.15372465075329522,-1.1500000000000021,0.8895249319527565,1.4509108495889045
2019-05-17 00:00:00+00:00,62.77,2.39,2.2,116.448,7816.28,2859.53,15.96,0.18999999999999995,0.356273042695876,0.6700000000000017,-0.5837319908772343,-0.2542507548069284
2019-05-20 00:00:00+00:00,63.12,2.41,2.21,116.3119,7702.38,2840.23,16.31,0.20000000000000018,-0.1168762022533687,0.34999999999999787,-0.6749360908960611,0.5575912059901045
2019-05-21 00:00:00+00:00,63.02,2.43,2.26,116.2844,7785.72,2864.36,14.95,0.17000000000000037,-0.02364332454374285,-1.3599999999999994,0.8495790833840999,-0.15842839036754874
2019-05-22 00:00:00+00:00,61.42,2.39,2.23,116.2412,7750.84,2856.27,14.75,0.16000000000000014,-0.03715029703038608,-0.1999999999999993,-0.2824365652362215,-2.5388765471278996
2019-05-23 00:00:00+00:00,57.65,2.31,2.12,116.2368,7628.28,2822.24,16.92,0.18999999999999995,-0.0037852327746112913,2.1700000000000017,-1.1914139769699683,-6.138065776619994
2019-05-24 00:00:00+00:00,58.4,2.32,2.16,116.0806,7637.01,2826.06,15.85,0.1599999999999997,-0.13438085012663636,-1.070000000000002,0.1353534780883292,1.300954032957513
2019-05-28 00:00:00+00:00,58.91,2.26,2.12,116.3174,7607.35,2802.39,17.5,0.13999999999999968,0.20399618885498239,1.6500000000000004,-0.8375618352052028,0.8732876712328697
2019-05-29 00:00:00+00:00,58.84,2.25,2.09,116.5535,7547.31,2783.02,17.9,0.16000000000000014,0.2029790899727768,0.3999999999999986,-0.6911957293595838,-0.11882532676963375
2019-05-30 00:00:00+00:00,56.47,2.22,2.06,116.3989,7567.72,2788.86,17.3,0.16000000000000014,-0.1326429493751835,-0.5999999999999979,0.20984398243635294,-4.0278721957851875
2019-05-31 00:00:00+00:00,53.49,2.14,1.95,116.7273,7453.15,2752.06,18.71,0.19000000000000017,0.2821332504001406,1.4100000000000001,-1.3195355808466647,-5.277138303523987
2019-06-03 00:00:00+00:00,53.25,2.07,1.82,116.4764,7333.02,2744.45,18.86,0.24999999999999978,-0.21494543264515276,0.14999999999999858,-0.27652013400870645,-0.44868199663489206
2019-06-04 00:00:00+00:00,53.5,2.12,1.88,116.091,7527.12,2803.27,16.97,0.2400000000000002,-0.3308824791975029,-1.8900000000000006,2.143234527865334,0.46948356807512415
2019-06-05 00:00:00+00:00,51.57,2.12,1.83,116.03,7575.48,2826.15,16.09,0.29000000000000004,-0.052544986260771864,-0.879999999999999,0.8161896642135735,-3.6074766355140175
2019-06-06 00:00:00+00:00,52.59,2.12,1.88,115.9771,7615.55,2843.49,15.93,0.2400000000000002,-0.045591657330013025,-0.16000000000000014,0.6135555437609463,1.9778941244909864
2019-06-07 00:00:00+00:00,53.95,2.09,1.85,115.7368,7742.1,2873.34,16.3,0.23999999999999977,-0.20719607577701638,0.370000000000001,1.0497663083042452,2.5860429739494206
2019-06-10 00:00:00+00:00,53.33,2.15,1.9,115.5001,7823.17,2886.73,15.94,0.25,-0.20451576335270838,-0.3600000000000012,0.46600819951694294,-1.1492122335495902
2019-06-11 00:00:00+00:00,53.3,2.15,1.93,115.3794,7822.57,2885.72,15.99,0.21999999999999997,-0.10450207402418199,0.05000000000000071,-0.03498768502769867,-0.0562535158447397
2019-06-12 00:00:00+00:00,51.13,2.13,1.88,115.438,7792.72,2879.84,15.91,0.25,0.05078896232775243,-0.08000000000000007,-0.20376197274856178,-4.071294559099425
2019-06-13 00:00:00+00:00,52.38,2.1,1.83,115.6275,7837.13,2891.64,15.82,0.27,0.16415738318404927,-0.08999999999999986,0.4097449858325275,2.4447486798357065
2019-06-14 00:00:00+00:00,52.47,2.09,1.84,115.9057,7796.66,2886.98,15.28,0.24999999999999978,0.2406002032388388,-0.5400000000000009,-0.16115422390061696,0.1718213058419238
2019-06-17 00:00:00+00:00,51.94,2.09,1.86,115.9684,7845.02,2889.67,15.35,0.22999999999999976,0.054095700211465036,0.07000000000000028,0.09317695307899942,-1.0101010101010166
2019-06-18 00:00:00+00:00,53.86,2.06,1.86,115.8797,7953.88,2917.75,15.15,0.19999999999999996,-0.07648635317897279,-0.1999999999999993,0.9717372571954597,3.6965729688101634
2019-06-19 00:00:00+00:00,53.74,2.03,1.74,115.7889,7987.32,2926.46,14.33,0.2899999999999998,-0.07835712381030202,-0.8200000000000003,0.2985176934281464,-0.2227998514667595
2019-06-20 00:00:00+00:00,56.88,2.01,1.72,114.8046,8051.34,2954.18,14.75,0.2899999999999998,-0.8500814844946358,0.41999999999999993,0.9472195075278522,5.842947525120956
2019-06-21 00:00:00+00:00,57.35,2.07,1.77,114.8377,8031.71,2950.46,15.4,0.2999999999999998,0.028831597340173154,0.6500000000000004,-0.12592326804730103,0.8263009845288272
2019-06-24 00:00:00+00:00,57.73,2.02,1.72,114.6559,8005.7,2945.35,15.26,0.30000000000000004,-0.1583103806502506,-0.14000000000000057,-0.1731933325650914,0.6625980819529032
2019-06-25 00:00:00+00:00,57.63,2.0,1.71,114.6363,7884.72,2917.38,16.28,0.29000000000000004,-0.01709462836190223,1.0200000000000014,-0.9496324715228988,-0.17322016282694808
2019-06-26 00:00:00+00:00,59.17,2.05,1.77,114.5608,7909.97,2913.78,16.21,0.2799999999999998,-0.06586046479170049,-0.07000000000000028,-0.12339839170762978,2.6722193302099573
2019-06-27 00:00:00+00:00,59.18,2.01,1.74,114.665,7967.76,2924.92,15.82,0.2699999999999998,0.09095606874254258,-0.39000000000000057,0.3823212459416858,0.016900456312307632
2019-06-28 00:00:00+00:00,58.2,2.0,1.75,114.5821,8006.24,2941.76,15.08,0.25,-0.07229756246457386,-0.7400000000000002,0.5757422425228809,-1.6559648529908655
2019-07-01 00:00:00+00:00,58.91,2.03,1.78,114.7239,8091.16,2964.33,14.06,0.24999999999999978,0.12375405931641659,-1.0199999999999996,0.7672277820080398,1.219931271477659
2019-07-02 00:00:00+00:00,56.0,1.98,1.77,114.8258,8109.09,2973.01,12.93,0.20999999999999996,0.08882194555799305,-1.1300000000000008,0.29281490252435205,-4.9397385842811055
2019-07-03 00:00:00+00:00,57.06,1.96,1.77,114.8135,8170.23,2995.82,12.57,0.18999999999999995,-0.010711878340929903,-0.35999999999999943,0.7672358989710748,1.8928571428571406
2019-07-05 00:00:00+00:00,,2.04,1.87,115.1132,8161.79,2990.41,13.28,0.16999999999999993,0.2610320214957218,0.7099999999999991,-0.18058494836139527,
2019-07-08 00:00:00+00:00,57.35,2.05,1.88,115.0254,8098.38,2975.95,13.96,0.16999999999999993,-0.07627274717408872,0.6800000000000015,-0.4835457345313876,
2019-07-09 00:00:00+00:00,57.57,2.07,1.92,115.1017,8141.73,2979.63,14.09,0.1499999999999999,0.06633317510740255,0.129999999999999,0.12365799156572876,0.38360941586748076
2019-07-10 00:00:00+00:00,60.28,2.07,1.82,115.0879,8202.53,2993.07,13.03,0.24999999999999978,-0.011989397202638585,-1.0600000000000005,0.4510627158405667,4.7073128365468175
2019-07-11 00:00:00+00:00,59.93,2.13,1.85,114.8361,8196.04,2999.91,12.93,0.2799999999999998,-0.21878929062048025,-0.09999999999999964,0.2285278994477169,-0.5806237558062421
2019-07-12 00:00:00+00:00,59.99,2.12,1.84,114.7685,8244.14,3013.77,12.39,0.28,-0.05886650626414358,-0.5399999999999991,0.46201386041582193,0.10011680293675607
2019-07-15 00:00:00+00:00,59.3,2.09,1.83,114.6819,8258.19,3014.3,12.68,0.2599999999999998,-0.07545624452702793,0.28999999999999915,0.017585947169163063,-1.1501916986164429
2019-07-16 00:00:00+00:00,57.44,2.13,1.87,115.0111,8222.8,3004.04,12.86,0.2599999999999998,0.287054888347682,0.17999999999999972,-0.34037753375577573,-3.1365935919055676
2019-07-17 00:00:00+00:00,56.5,2.06,1.83,114.8819,8185.21,2984.42,13.97,0.22999999999999998,-0.11233698312597129,1.1100000000000012,-0.6531204644412147,-1.6364902506963763
2019-07-18 00:00:00+00:00,55.08,2.04,1.77,114.8744,8207.24,2995.11,13.53,0.27,-0.006528443558129204,-0.4400000000000013,0.35819355184592006,-2.513274336283189
2019-07-19 00:00:00+00:00,55.42,2.05,1.8,114.8695,8146.49,2976.61,14.45,0.24999999999999978,-0.004265528263902585,0.9199999999999999,-0.6176734744299917,0.6172839506172867
2019-07-22 00:00:00+00:00,55.87,2.05,1.8,115.0018,8204.14,2985.03,13.53,0.24999999999999978,0.11517417591266899,-0.9199999999999999,0.2828721263450795,0.8119812342114674
2019-07-23 00:00:00+00:00,56.58,2.08,1.83,115.2995,8251.4,3005.47,12.61,0.25,0.2588655134093454,-0.9199999999999999,0.6847502370160408,1.2708072310721352
2019-07-24 00:00:00+00:00,55.9,2.05,1.83,115.2436,8321.5,3019.56,12.07,0.21999999999999975,-0.04848243053958701,-0.5399999999999991,0.468811866363672,-1.2018381053375715
2019-07-25 00:00:00+00:00,55.88,2.08,1.86,115.2982,8238.54,3003.67,12.74,0.21999999999999997,0.0473779021134213,0.6699999999999999,-0.526235610486292,-0.03577817531305039
2019-07-26 00:00:00+00:00,56.04,2.08,1.86,115.5449,8330.21,3025.86,12.16,0.21999999999999997,0.21396691362050024,-0.5800000000000001,0.7387629133693174,0.28632784538296097
2019-07-29 00:00:00+00:00,56.85,2.06,1.85,115.5885,8293.33,3020.97,12.83,0.20999999999999996,0.03773424876389875,0.6699999999999999,-0.161606948107329,1.4453961456102782
2019-07-30 00:00:00+00:00,58.04,2.06,1.85,115.6211,8273.61,3013.18,13.94,0.20999999999999996,0.02820349775281006,1.1099999999999994,-0.2578641959370631,2.0932277924362364
2019-07-31 00:00:00+00:00,58.53,2.02,1.89,115.4946,8175.42,2980.38,16.12,0.13000000000000012,-0.1094090957446281,2.1800000000000015,-1.0885509660889747,0.8442453480358436
2019-08-01 00:00:00+00:00,53.64,1.9,1.73,116.0499,8111.12,2953.56,17.87,0.16999999999999993,0.48080169981972176,1.75,-0.8998852495319398,-8.354689902614043
2019-08-02 00:00:00+00:00,55.67,1.86,1.72,116.1864,8004.07,2932.05,17.61,0.14000000000000012,0.11762181613255152,-0.26000000000000156,-0.7282736765124032,3.7844891871737563
2019-08-05 00:00:00+00:00,54.63,1.75,1.59,116.5851,7726.04,2844.74,24.59,0.15999999999999992,0.343155481192281,6.98,-2.977780051499812,-1.8681516076881621
2019-08-06 00:00:00+00:00,53.6,1.73,1.6,116.6904,7833.27,2881.77,20.17,0.1299999999999999,0.09032028964250927,-4.419999999999998,1.3017006826634425,-1.8854109463664726
2019-08-07 00:00:00+00:00,51.14,1.71,1.59,116.7987,7862.83,2883.98,19.49,0.11999999999999988,0.09280969128566685,-0.6800000000000033,0.07668897934256513,-4.589552238805972
2019-08-08 00:00:00+00:00,52.6,1.72,1.62,116.474,8039.16,2938.09,16.91,0.09999999999999987,-0.2779996695168596,-2.5799999999999983,1.8762266035132091,2.8549080954243244
2019-08-09 00:00:00+00:00,54.41,1.74,1.63,116.4419,7959.14,2918.65,17.97,0.1100000000000001,-0.027559798753373776,1.0599999999999987,-0.6616543400644659,3.4410646387832644
2019-08-12 00:00:00+00:00,54.98,1.65,1.58,116.7548,7863.41,2883.75,21.09,0.06999999999999984,0.2687177038505961,3.120000000000001,-1.1957583129186489,1.0476015438338537
2019-08-13 00:00:00+00:00,57.05,1.68,1.66,116.7267,8016.36,2926.32,17.52,0.020000000000000018,-0.0240675329836626,-3.5700000000000003,1.4762028608582556,3.7650054565296465
2019-08-14 00:00:00+00:00,55.16,1.59,1.58,117.0913,7773.94,2840.6,22.1,0.010000000000000009,0.31235355749799076,4.580000000000002,-2.929276360753441,-3.312883435582825
2019-08-15 00:00:00+00:00,54.51,1.52,1.48,117.2239,7766.62,2847.6,21.18,0.040000000000000036,0.11324496354554459,-0.9200000000000017,0.2464268112370549,-1.1783901377809936
2019-08-16 00:00:00+00:00,54.83,1.55,1.48,117.0786,7895.99,2888.68,18.47,0.07000000000000006,-0.12395083255206663,-2.710000000000001,1.4426183452732166,0.5870482480278882
2019-08-19 00:00:00+00:00,56.24,1.6,1.53,117.3886,8002.81,2923.65,16.88,0.07000000000000006,0.26477938752256236,-1.5899999999999999,1.2105875347909967,2.5715848987780454
2019-08-20 00:00:00+00:00,56.18,1.55,1.5,117.3726,7948.56,2900.51,17.5,0.050000000000000044,-0.013629943623139074,0.620000000000001,-0.7914764079147596,-0.10668563300142431
2019-08-21 00:00:00+00:00,55.65,1.59,1.56,117.1764,8020.21,2924.43,15.8,0.030000000000000027,-0.16715996748816186,-1.6999999999999993,0.8246825558263726,-0.9433962264150941
2019-08-22 00:00:00+00:00,55.33,1.62,1.61,117.3558,7991.39,2922.95,16.68,0.010000000000000009,0.15310250186897356,0.879999999999999,-0.050608152699838094,-0.5750224618149113
2019-08-23 00:00:00+00:00,54.08,1.52,1.51,117.3009,7751.77,2847.11,19.87,0.010000000000000009,-0.046780815264357845,3.1900000000000013,-2.5946389777450785,-2.259172239291518
2019-08-26 00:00:00+00:00,53.54,1.54,1.54,117.6658,7853.74,2878.38,19.32,0.0,0.3110803071417312,-0.5500000000000007,1.0983067039910699,-0.9985207100591698
2019-08-27 00:00:00+00:00,54.99,1.49,1.53,117.75,7826.95,2869.16,20.31,-0.040000000000000036,0.07155860071490494,0.9899999999999984,-0.32031906836484936,2.708255509899149
2019-08-28 00:00:00+00:00,55.76,1.47,1.5,117.8767,7856.88,2887.94,19.35,-0.030000000000000027,0.10760084925689473,-0.9599999999999973,0.6545469754213773,1.4002545917439546
2019-08-29 00:00:00+00:00,56.67,1.5,1.53,118.0625,7973.39,2924.58,17.88,-0.030000000000000027,0.15762232909473095,-1.4700000000000024,1.2687244194824032,1.6319942611190852
2019-08-30 00:00:00+00:00,55.07,1.5,1.5,118.1575,7962.88,2926.46,18.98,0.0,0.08046585494971836,1.1000000000000014,0.06428273461489553,-2.823363331568729
2019-09-03 00:00:00+00:00,53.91,1.47,1.47,118.3113,7874.16,2906.27,19.66,0.0,0.13016524554090303,0.6799999999999997,-0.6899120439028739,-2.106410023606331
2019-09-04 00:00:00+00:00,56.22,1.47,1.43,117.6729,7976.88,2937.78,17.33,0.040000000000000036,-0.5395934285228887,-2.330000000000002,1.0842075925499017,4.284919309961044
2019-09-05 00:00:00+00:00,56.33,1.57,1.55,117.4776,8116.83,2976.0,16.27,0.020000000000000018,-0.16596854500908753,-1.0599999999999987,1.3009823744460025,0.1956599075062293
2019-09-06 00:00:00+00:00,56.45,1.55,1.53,117.1292,8103.07,2978.71,15.0,0.020000000000000018,-0.2965671753593857,-1.2699999999999996,0.09106182795699524,0.2130303568258496
2019-09-09 00:00:00+00:00,57.88,1.63,1.58,117.0601,8087.44,2978.43,15.27,0.04999999999999982,-0.058994682794721864,0.2699999999999996,-0.009400042300200528,2.533215234720987
2019-09-10 00:00:00+00:00,57.37,1.72,1.67,117.0887,8084.16,2979.39,15.2,0.050000000000000044,0.024431894385879005,-0.07000000000000028,0.032231746255573235,-0.8811333794056742
2019-09-11 00:00:00+00:00,55.66,1.75,1.68,117.3125,8169.68,3000.93,14.61,0.07000000000000006,0.19113714645393465,-0.5899999999999999,0.7229667817909124,-2.980651908663068
2019-09-12 00:00:00+00:00,55.13,1.79,1.72,116.8375,8194.47,3009.57,14.22,0.07000000000000006,-0.4049014384656324,-0.3899999999999988,0.28791074766822966,-0.9522098454904704
2019-09-13 00:00:00+00:00,54.76,1.9,1.79,116.7677,8176.71,3007.39,13.74,0.10999999999999988,-0.05974109339895728,-0.4800000000000004,-0.07243559711188619,-0.6711409395973256
2019-09-16 00:00:00+00:00,63.1,1.84,1.74,117.0251,8153.54,2997.96,14.67,0.10000000000000009,0.22043767240425005,0.9299999999999997,-0.31356092824674775,15.230094959824703
2019-09-17 00:00:00+00:00,59.26,1.81,1.72,116.9826,8186.02,3005.7,14.44,0.09000000000000008,-0.036316995242891004,-0.23000000000000043,0.2581755593803692,-6.085578446909667
2019-09-18 00:00:00+00:00,58.19,1.8,1.77,116.9766,8177.39,3006.73,13.95,0.030000000000000027,-0.005128967897793935,-0.4900000000000002,0.03426822370828919,-1.8056024299696216
2019-09-19 00:00:00+00:00,58.19,1.79,1.74,117.0861,8182.88,3006.79,14.05,0.050000000000000044,0.09360846528279065,0.10000000000000142,0.001995523375897257,0.0
2019-09-20 00:00:00+00:00,57.92,1.74,1.69,117.1819,8117.67,2992.07,15.32,0.050000000000000044,0.08182013065598515,1.2699999999999996,-0.4895586322955614,-0.46399725038666073
2019-09-23 00:00:00+00:00,58.69,1.72,1.68,117.2986,8112.46,2991.78,14.91,0.040000000000000036,0.09958875901483477,-0.41000000000000014,-0.00969228661094057,1.3294198895027476
2019-09-24 00:00:00+00:00,57.22,1.64,1.6,117.2227,7993.63,2966.6,17.05,0.039999999999999813,-0.0647066546403674,2.1400000000000006,-0.8416394253588311,-2.50468563639461
2019-09-25 00:00:00+00:00,56.38,1.73,1.68,117.6527,8077.38,2984.87,15.96,0.050000000000000044,0.36682314944118666,-1.0899999999999999,0.6158565361019441,-1.468018175463115
2019-09-26 00:00:00+00:00,56.24,1.7,1.66,117.7267,8030.66,2977.62,16.07,0.040000000000000036,0.06289698408961097,0.10999999999999943,-0.24289165022262083,-0.24831500532103146
2019-09-27 00:00:00+00:00,55.95,1.69,1.63,117.7218,7939.63,2961.79,17.22,0.06000000000000005,-0.004162182410605286,1.1499999999999986,-0.5316326462073695,-0.5156472261735434
2019-09-30 00:00:00+00:00,54.09,1.68,1.63,117.9461,7999.33,2976.74,16.24,0.050000000000000044,0.1905339537791706,-0.9800000000000004,0.5047623227845355,-3.324396782841821
2019-10-01 00:00:00+00:00,53.6,1.65,1.56,117.9595,7908.67,2940.25,18.56,0.08999999999999986,0.011361121732722523,2.3200000000000003,-1.225837661334206,-0.9058975781105594
2019-10-02 00:00:00+00:00,52.67,1.6,1.48,117.9671,7785.23,2887.61,20.56,0.1200000000000001,0.006442889296742749,2.0,-1.7903239520448921,-1.7350746268656736
2019-10-03 00:00:00+00:00,52.41,1.54,1.39,117.6608,7872.25,2910.63,19.12,0.15000000000000013,-0.2596486647548413,-1.4399999999999977,0.7971990677411389,-0.49363964306057273
2019-10-04 00:00:00+00:00,52.84,1.52,1.4,117.5288,7982.46,2952.01,17.04,0.1200000000000001,-0.11218689657047642,-2.080000000000002,1.4216853396000317,0.8204541118107311
2019-10-07 00:00:00+00:00,52.76,1.56,1.46,117.5533,7956.28,2938.79,17.86,0.10000000000000009,0.020845954353299057,0.8200000000000003,-0.4478304612789308,-0.15140045420137804
2019-10-08 00:00:00+00:00,52.64,1.54,1.42,117.7407,7823.76,2893.06,20.28,0.1200000000000001,0.15941704741595508,2.4200000000000017,-1.5560826054260457,-0.22744503411674666
2019-10-09 00:00:00+00:00,52.63,1.59,1.47,117.6835,7903.73,2919.4,18.64,0.1200000000000001,-0.04858133168904599,-1.6400000000000006,0.9104546742895181,-0.01899696048631716
2019-10-10 00:00:00+00:00,53.57,1.67,1.53,117.2801,7950.77,2938.13,17.57,0.1399999999999999,-0.34278382271091257,-1.0700000000000003,0.641570185654583,1.7860535816074385
2019-10-11 00:00:00+00:00,54.76,1.76,1.63,116.8239,8057.04,2970.27,15.58,0.13000000000000012,-0.3889832972516327,-1.9900000000000002,1.0938930544257763,2.221392570468539
2019-10-14 00:00:00+00:00,53.57,,,,8048.65,2966.15,14.57,,,-1.0099999999999998,-0.1387079289088211,-2.1731190650109533
2019-10-15 00:00:00+00:00,52.81,1.77,1.61,116.8111,8148.71,2995.68,13.54,0.15999999999999992,,-1.0300000000000011,0.9955666436289423,-1.418704498786627
2019-10-16 00:00:00+00:00,53.42,1.75,1.58,116.6425,8124.18,2989.69,13.68,0.16999999999999993,-0.14433559824366116,0.14000000000000057,-0.19995460129251796,1.1550842643438752
2019-10-17 00:00:00+00:00,53.89,1.76,1.6,116.2615,8156.85,2997.95,13.79,0.15999999999999992,-0.3266390895256932,0.10999999999999943,0.2762828253096483,0.8798202920254461
2019-10-18 00:00:00+00:00,53.75,1.76,1.58,116.1344,8089.54,2986.2,14.25,0.17999999999999994,-0.1093225186325597,0.46000000000000085,-0.3919344885671916,-0.259788457969945
2019-10-21 00:00:00+00:00,53.28,1.8,1.62,116.0436,8162.99,3006.72,14.0,0.17999999999999994,-0.07818527499173777,-0.25,0.6871609403255041,-0.8744186046511615
2019-10-22 00:00:00+00:00,54.21,1.78,1.6,115.9851,8104.3,2995.99,14.46,0.17999999999999994,-0.05041208649162465,0.46000000000000085,-0.3568672839506126,1.745495495495497
2019-10-23 00:00:00+00:00,55.9,1.77,1.58,116.0586,8119.79,3004.52,14.01,0.18999999999999995,0.06337020875957222,-0.45000000000000107,0.2847139009142241,3.1175059952038398
2019-10-24 00:00:00+00:00,56.11,1.77,1.58,116.1278,8185.8,3010.29,13.71,0.18999999999999995,0.05962505148260355,-0.29999999999999893,0.1920439870594981,0.3756708407871123
2019-10-25 00:00:00+00:00,56.52,1.8,1.63,116.0774,8243.12,3022.55,12.65,0.17000000000000015,-0.043400460527109885,-1.0600000000000005,0.40726973148768053,0.7307075387631423
2019-10-28 00:00:00+00:00,55.6,1.85,1.64,116.0222,8325.99,3039.42,13.11,0.2100000000000002,-0.04755447658200129,0.4599999999999991,0.558137996062924,-1.6277423920736056
2019-10-29 00:00:00+00:00,55.34,1.84,1.64,115.9797,8276.85,3036.89,13.2,0.20000000000000018,-0.036630920634161956,0.08999999999999986,-0.08323956544341593,-0.4676258992805771
2019-10-30 00:00:00+00:00,54.85,1.78,1.61,116.1636,8303.98,3046.77,12.33,0.16999999999999993,0.15856223114907309,-0.8699999999999992,0.3253328240403919,-0.8854354897000372
2019-10-31 00:00:00+00:00,54.02,1.69,1.52,115.9125,8292.36,3037.56,13.22,0.16999999999999993,-0.2161606561780216,0.8900000000000006,-0.3022873403637272,-1.5132178669097551
2019-11-01 00:00:00+00:00,56.04,1.73,1.56,115.7312,8386.4,3066.91,12.3,0.16999999999999993,-0.1564110859484491,-0.9199999999999999,0.9662360578885698,3.739355794150301
2019-11-04 00:00:00+00:00,56.33,1.79,1.6,115.8624,8433.2,3078.27,12.83,0.18999999999999995,0.11336614499806164,0.5299999999999994,0.370405391746087,0.5174875089221986
2019-11-05 00:00:00+00:00,57.04,1.86,1.63,116.1138,8434.68,3074.62,13.1,0.2300000000000002,0.21698152290994255,0.2699999999999996,-0.11857309462782739,1.2604296112195934
2019-11-06 00:00:00+00:00,56.15,1.81,1.61,116.1004,8410.63,3076.78,12.62,0.19999999999999996,-0.01154040260503697,-0.4800000000000004,0.07025258405917167,-1.5603085553997253
2019-11-07 00:00:00+00:00,56.91,1.92,1.68,116.1172,8434.52,3085.18,12.73,0.24,0.014470234383345826,0.11000000000000121,0.27301269509030224,1.3535173642030163
2019-11-08 00:00:00+00:00,57.02,1.94,1.68,116.3436,8475.31,3093.08,12.07,0.26,0.19497542138460222,-0.6600000000000001,0.2560628553277322,0.19328764716219915
2019-11-11 00:00:00+00:00,,,,,8464.28,3087.01,12.69,,,0.6199999999999992,-0.19624452002533488,
2019-11-12 00:00:00+00:00,56.67,1.92,1.66,116.5837,8486.09,3091.84,12.68,0.26,,-0.009999999999999787,0.1564620781921544,
2019-11-13 00:00:00+00:00,56.88,1.88,1.63,116.8397,8482.1,3094.04,13.0,0.25,0.21958472753909053,0.3200000000000003,0.07115504036430131,0.37056643726840477
2019-11-14 00:00:00+00:00,56.57,1.82,1.58,116.8022,8479.02,3096.63,13.05,0.24,-0.03209525529421775,0.05000000000000071,0.08370932502488326,-0.5450070323488099
2019-11-15 00:00:00+00:00,57.54,1.84,1.61,116.4401,8540.83,3120.46,12.05,0.22999999999999998,-0.31001128403402856,-1.0,0.7695462486638771,1.7146897648930404
2019-11-18 00:00:00+00:00,56.82,1.81,1.6,116.3625,8549.94,3122.03,12.46,0.20999999999999996,-0.06664370779482232,0.41000000000000014,0.05031309486422941,-1.2513034410844615
2019-11-19 00:00:00+00:00,54.93,1.79,1.6,116.5391,8570.66,3120.18,12.86,0.18999999999999995,0.15176710710065322,0.3999999999999986,-0.0592563172038818,-3.3262935586061304
2019-11-20 00:00:00+00:00,56.71,1.73,1.56,116.828,8526.73,3108.46,12.78,0.16999999999999993,0.24789963196900633,-0.08000000000000007,-0.37561935529359936,3.240487893682875
2019-11-21 00:00:00+00:00,58.36,1.77,1.6,116.7435,8506.21,3103.54,13.13,0.16999999999999993,-0.07232855137467853,0.3500000000000014,-0.15827773238195064,2.9095397637101117
2019-11-22 00:00:00+00:00,57.68,1.77,1.61,116.9137,8519.88,3110.29,12.34,0.15999999999999992,0.14578970135383784,-0.7900000000000009,0.21749357185665286,-1.1651816312542862
2019-11-25 00:00:00+00:00,57.79,1.76,1.61,117.0098,8632.49,3133.64,11.87,0.1499999999999999,0.08219738148735889,-0.47000000000000064,0.7507338543994324,0.19070735090152002
2019-11-26 00:00:00+00:00,58.25,1.74,1.58,117.0513,8647.93,3140.52,11.54,0.15999999999999992,0.035467114720311166,-0.33000000000000007,0.21955297992111156,0.795985464613258
2019-11-27 00:00:00+00:00,58.12,1.77,1.63,117.1273,8705.18,3153.63,11.75,0.14000000000000012,0.06492879617741032,0.21000000000000085,0.41744679225097503,-0.22317596566524545
2019-11-29 00:00:00+00:00,58.12,1.78,1.61,117.1204,8665.47,3140.98,12.62,0.16999999999999993,-0.005891026259463583,0.8699999999999992,-0.4011250527170329,0.0
2019-12-02 00:00:00+00:00,55.97,1.83,1.61,116.9647,8567.99,3113.87,14.91,0.21999999999999997,-0.13294011974003261,2.290000000000001,-0.8631064190157245,-3.6992429456297327
2019-12-03 00:00:00+00:00,56.15,1.72,1.53,116.8898,8520.64,3093.2,15.96,0.18999999999999995,-0.06403641440536623,1.0500000000000007,-0.6638042050567283,0.32160085760228885
2019-12-04 00:00:00+00:00,58.46,1.77,1.58,116.692,8566.67,3112.76,14.8,0.18999999999999995,-0.1692192133103121,-1.1600000000000001,0.6323548428811776,4.113980409617102
2019-12-05 00:00:00+00:00,58.42,1.8,1.58,116.3838,8570.7,3117.43,14.52,0.21999999999999997,-0.2641140780858975,-0.28000000000000114,0.1500276282141666,-0.06842285323297448
2019-12-06 00:00:00+00:00,59.2,1.84,1.61,116.5381,8656.53,3145.91,13.62,0.22999999999999998,0.13257858911635,-0.9000000000000004,0.9135730393304842,1.3351591920575112
2019-12-09 00:00:00+00:00,58.99,1.83,1.63,116.3283,8621.83,3135.96,15.86,0.20000000000000018,-0.18002696113974537,2.24,-0.316283682622831,-0.35472972972973027
2019-12-10 00:00:00+00:00,59.22,1.85,1.65,116.2542,8616.18,3132.52,15.68,0.20000000000000018,-0.06369903110421404,-0.17999999999999972,-0.10969527672547441,0.3898965926428133
2019-12-11 00:00:00+00:00,58.74,1.79,1.61,116.1478,8654.05,3141.63,14.99,0.17999999999999994,-0.09152357506222453,-0.6899999999999995,0.2908201703420987,-0.8105369807497431
2019-12-12 00:00:00+00:00,59.18,1.9,1.66,115.8741,8717.32,3168.57,13.94,0.24,-0.23564802777151783,-1.0500000000000007,0.8575166394515055,0.7490636704119868
2019-12-13 00:00:00+00:00,60.11,1.82,1.61,115.6967,8734.88,3168.8,12.63,0.20999999999999996,-0.15309719773443087,-1.3099999999999987,0.007258794976916505,1.5714768502872678
2019-12-16 00:00:00+00:00,60.21,1.89,1.65,115.555,8814.23,3191.45,12.14,0.24,-0.12247540336068896,-0.4900000000000002,0.7147816208028068,0.16636167027117565
2019-12-17 00:00:00+00:00,60.88,1.89,1.63,115.5553,8823.36,3192.52,12.29,0.26,0.0002596166327695215,0.14999999999999858,0.033527080167328194,1.112771964789916
2019-12-18 00:00:00+00:00,60.93,1.92,1.63,115.6618,8827.73,3191.14,12.58,0.29000000000000004,0.09216366536195508,0.2900000000000009,-0.0432260408705365,0.08212877792377338
2019-12-19 00:00:00+00:00,61.3,1.92,1.62,115.5988,8887.22,3205.37,12.5,0.2999999999999998,-0.05446915057520929,-0.08000000000000007,0.4459221469443442,0.6072542261611691
2019-12-20 00:00:00+00:00,60.43,1.92,1.63,115.7598,8924.96,3221.22,12.51,0.29000000000000004,0.13927480216058274,0.009999999999999787,0.49448269622538454,-1.419249592169658
2019-12-23 00:00:00+00:00,60.51,1.93,1.64,115.8059,8945.65,3224.01,12.61,0.29000000000000004,0.03982384212826151,0.09999999999999964,0.0866131465718123,0.13238457719675356
2019-12-24 00:00:00+00:00,61.17,1.9,1.62,,8952.88,3223.38,12.67,0.2799999999999998,,0.0600000000000005,-0.01954088231737039,1.0907288051561714
2019-12-26 00:00:00+00:00,61.72,1.9,1.64,115.634,9022.39,3239.91,12.65,0.26,,-0.019999999999999574,0.5128157399996169,0.89913356220368
2019-12-27 00:00:00+00:00,61.76,1.88,1.59,115.22,9006.62,3240.02,13.43,0.2899999999999998,-0.3580261860698375,0.7799999999999994,0.0033951560382883272,0.06480881399870686
2019-12-30 00:00:00+00:00,61.66,1.9,1.58,114.9631,8945.99,3221.29,14.82,0.31999999999999984,-0.22296476306197244,1.3900000000000006,-0.5780828513404224,-0.16191709844559643
2019-12-31 00:00:00+00:00,61.14,1.92,1.58,114.669,8972.6,3230.78,13.78,0.33999999999999986,-0.2558212156770323,-1.040000000000001,0.2946024729223451,-0.8433344145312938
2020-01-02 00:00:00+00:00,61.17,1.88,1.58,114.9745,9092.19,3257.85,12.47,0.2999999999999998,0.2664189972878539,-1.3099999999999987,0.8378781594537532,0.04906771344455052
2020-01-03 00:00:00+00:00,63.0,1.8,1.53,114.9867,9020.77,3234.85,14.02,0.27,0.010611048536834922,1.549999999999999,-0.7059870773669763,2.9916625796959195
2020-01-06 00:00:00+00:00,63.27,1.81,1.54,114.9557,9071.46,3246.28,13.85,0.27,-0.026959639680068648,-0.16999999999999993,0.35333941295578875,0.4285714285714226
2020-01-07 00:00:00+00:00,62.7,1.83,1.54,115.1477,9068.58,3237.18,13.79,0.29000000000000004,0.1670208610795365,-0.0600000000000005,-0.28032085956850583,-0.9009009009009028
2020-01-08 00:00:00+00:00,59.65,1.87,1.58,115.1328,9129.24,3253.05,13.45,0.29000000000000004,-0.012939902403608095,-0.33999999999999986,0.49024150649641385,-4.864433811802238
2020-01-09 00:00:00+00:00,59.56,1.85,1.58,115.2331,9203.43,3274.7,12.54,0.27,0.08711679034991704,-0.9100000000000001,0.6655292725288531,-0.1508801341156718
2020-01-10 00:00:00+00:00,59.02,1.83,1.56,115.0677,9178.86,3265.35,12.56,0.27,-0.14353514745328866,0.02000000000000135,-0.2855223379240823,-0.9066487575554061
2020-01-13 00:00:00+00:00,58.17,1.85,1.58,115.0342,9273.93,3288.13,12.32,0.27,-0.029113295911886716,-0.2400000000000002,0.6976281256220629,-1.4401897661809548
2020-01-14 00:00:00+00:00,58.34,1.82,1.58,115.0239,9251.33,3283.15,12.39,0.24,-0.008953858939342307,0.07000000000000028,-0.15145386587512855,0.2922468626439745
2020-01-15 00:00:00+00:00,57.86,1.79,1.56,114.9528,9258.7,3289.29,12.42,0.22999999999999998,-0.06181324055262172,0.02999999999999936,0.1870155186330269,-0.8227631127871171
2020-01-16 00:00:00+00:00,58.52,1.81,1.58,115.0006,9357.13,3316.81,12.32,0.22999999999999998,0.041582284207097864,-0.09999999999999964,0.836654718799501,1.1406844106463865
2020-01-17 00:00:00+00:00,58.55,1.84,1.58,115.0656,9388.94,3329.62,12.1,0.26,0.05652144423593519,-0.22000000000000064,0.3862144651035182,0.051264524948724244
2020-01-21 00:00:00+00:00,58.25,1.78,1.53,115.1876,9370.81,3320.79,12.85,0.25,0.10602647533233256,0.75,-0.2651954277064661,-0.5123825789923098
2020-01-22 00:00:00+00:00,56.76,1.77,1.53,115.2273,9383.77,3321.75,12.91,0.24,0.03446551538532905,0.0600000000000005,0.02890878375325645,-2.5579399141630987
2020-01-23 00:00:00+00:00,55.51,1.74,1.51,115.5545,9402.48,3325.54,12.98,0.22999999999999998,0.2839604850586763,0.07000000000000028,0.11409648528637462,-2.2022551092318543
2020-01-24 00:00:00+00:00,54.09,1.7,1.49,115.5556,9314.91,3295.47,14.56,0.20999999999999996,0.0009519317724526744,1.58,-0.9042140524546438,-2.558097640064838
2020-01-27 00:00:00+00:00,53.09,1.61,1.44,115.8004,9139.31,3243.63,18.23,0.17000000000000015,0.21184607236688358,3.67,-1.5730684849202037,-1.8487705675725663
2020-01-28 00:00:00+00:00,53.33,1.65,1.45,115.7239,9269.68,3276.24,16.28,0.19999999999999996,-0.06606194797253995,-1.9499999999999993,1.0053551114029613,0.45206253531737683
2020-01-29 00:00:00+00:00,53.29,1.6,1.42,115.7003,9275.16,3273.4,16.39,0.18000000000000016,-0.020393367316517974,0.10999999999999943,-0.08668473616095795,-0.07500468779298997
2020-01-30 00:00:00+00:00,52.19,1.57,1.41,115.8077,9298.93,3283.66,15.49,0.16000000000000014,0.09282603415894375,-0.9000000000000004,0.3134355715769477,-2.0641771439294465
2020-01-31 00:00:00+00:00,51.58,1.51,1.33,115.7345,9150.94,3225.52,18.84,0.17999999999999994,-0.06320823226779737,3.3499999999999996,-1.7705852615678808,-1.1688062847288738
2020-02-03 00:00:00+00:00,50.06,1.54,1.36,116.1172,9273.4,3248.92,17.97,0.17999999999999994,0.33067062976035455,-0.870000000000001,0.725464421240618,-2.9468786351298903
2020-02-04 00:00:00+00:00,49.59,1.61,1.41,115.9291,9467.97,3297.59,16.05,0.20000000000000018,-0.16199150513446225,-1.9199999999999982,1.4980362705145023,-0.9388733519776205
2020-02-05 00:00:00+00:00,50.87,1.66,1.44,116.009,9508.68,3334.69,15.15,0.21999999999999997,0.0689214356015766,-0.9000000000000004,1.1250640619361318,2.581165557572085
2020-02-06 00:00:00+00:00,50.94,1.65,1.44,116.1518,9572.15,3345.78,14.96,0.20999999999999996,0.12309389788722758,-0.1899999999999995,0.33256464618900416,0.13760566149008113
2020-02-07 00:00:00+00:00,50.34,1.59,1.41,116.5086,9520.51,3327.71,15.47,0.18000000000000016,0.3071842192716723,0.5099999999999998,-0.5400833288500828,-1.1778563015311994
2020-02-10 00:00:00+00:00,49.59,1.56,1.37,116.5711,9628.39,3352.09,15.04,0.18999999999999995,0.053644108675232616,-0.4300000000000015,0.7326359568592178,-1.489868891537549
2020-02-11 00:00:00+00:00,50.0,1.59,1.41,116.3585,9638.94,3357.75,15.18,0.18000000000000016,-0.18237796503592918,0.14000000000000057,0.16884988171557147,0.8267795926597987
2020-02-12 00:00:00+00:00,51.13,1.62,1.44,116.2794,9725.96,3379.45,13.74,0.18000000000000016,-0.06797956316041409,-1.4399999999999995,0.6462661008115544,2.2599999999999953
2020-02-13 00:00:00+00:00,51.41,1.61,1.44,116.3999,9711.97,3373.94,14.15,0.17000000000000015,0.10362970569164354,0.41000000000000014,-0.16304428235363044,0.5476237042831844
2020-02-14 00:00:00+00:00,52.03,1.59,1.42,116.4223,9731.18,3380.16,13.68,0.17000000000000015,0.019244002786944492,-0.47000000000000064,0.18435419717006685,1.2059910523244621
2020-02-18 00:00:00+00:00,52.1,1.55,1.41,116.6039,9732.74,3370.29,14.83,0.14000000000000012,0.1559838621982168,1.1500000000000004,-0.29199801192842934,0.1345377666730707
2020-02-19 00:00:00+00:00,53.31,1.56,1.42,116.7829,9817.18,3386.15,14.38,0.14000000000000012,0.15351116043289537,-0.4499999999999993,0.4705826501577137,2.3224568138195734
2020-02-20 00:00:00+00:00,53.77,1.52,1.39,117.2454,9750.96,3373.23,15.56,0.13000000000000012,0.3960340084036229,1.1799999999999997,-0.38155427255142094,0.8628775089101426
2020-02-21 00:00:00+00:00,53.36,1.46,1.34,117.0473,9576.59,3337.75,17.08,0.11999999999999988,-0.1689618526611647,1.5199999999999978,-1.0518108756295885,-0.7625069741491575
2020-02-24 00:00:00+00:00,51.36,1.38,1.26,117.4018,9221.28,3225.89,25.03,0.11999999999999988,0.302869011074991,7.950000000000003,-3.35135944873044,-3.748125937031488
2020-02-25 00:00:00+00:00,49.78,1.33,1.2,117.2425,8965.61,3128.21,27.85,0.13000000000000012,-0.13568786849944559,2.8200000000000003,-3.0280015747592093,-3.0763239875389425
2020-02-26 00:00:00+00:00,48.67,1.33,1.16,117.405,8980.77,3116.39,27.56,0.17000000000000015,0.1386016163080761,-0.2900000000000027,-0.3778518705585654,-2.2298111691442357
2020-02-27 00:00:00+00:00,47.17,1.3,1.11,117.3678,8566.48,2978.76,39.16,0.18999999999999995,-0.03168519228312627,11.599999999999998,-4.4163278665378725,-3.081980686254371
2020-02-28 00:00:00+00:00,44.83,1.13,0.86,117.6568,8567.37,2954.22,40.11,0.2699999999999999,0.2462344868013222,0.9500000000000028,-0.8238327357692588,-4.960780156879374
2020-03-02 00:00:00+00:00,46.78,1.1,0.84,116.8144,8952.16,3090.23,33.42,0.2600000000000001,-0.7159807167966492,-6.689999999999998,4.603922524388837,4.349765781842518
2020-03-03 00:00:00+00:00,47.27,1.02,0.71,116.4958,8684.09,3003.37,36.82,0.31000000000000005,-0.2727403470805023,3.3999999999999986,-2.8107940185681968,1.0474561778537783
2020-03-04 00:00:00+00:00,46.78,1.02,0.67,116.7802,9018.09,3130.12,31.99,0.35,0.244128972890012,-4.830000000000002,4.2202592421180185,-1.0365982652845385
2020-03-05 00:00:00+00:00,45.9,0.92,0.59,116.7901,8738.6,3023.94,39.62,0.33000000000000007,0.008477464501699394,7.629999999999999,-3.392202215889484,-1.8811457887986327
2020-03-06 00:00:00+00:00,41.14,0.74,0.49,116.7106,8575.62,2972.37,41.94,0.25,-0.06807083819604376,2.3200000000000003,-1.7053909799797706,-10.370370370370363
2020-03-09 00:00:00+00:00,31.05,0.54,0.38,117.1871,7950.68,2746.56,54.46,0.16000000000000003,0.40827482679379745,12.520000000000003,-7.59696807597977,-24.526008750607676
2020-03-10 00:00:00+00:00,34.47,0.76,0.5,117.9027,8344.25,2882.23,47.3,0.26,0.6106474176765131,-7.160000000000004,4.939633578003022,11.014492753623184
2020-03-11 00:00:00+00:00,33.13,0.82,0.5,118.2505,7952.05,2741.38,53.9,0.31999999999999995,0.2949890036445302,6.600000000000001,-4.886841091793503,-3.8874383521902978
2020-03-12 00:00:00+00:00,31.56,0.88,0.5,120.4883,7201.8,2480.64,75.47,0.38,1.8924232878507752,21.57,-9.51126804747975,-4.7389073347419375
2020-03-13 00:00:00+00:00,31.72,0.94,0.49,120.4388,7874.88,2711.02,57.83,0.44999999999999996,-0.04108282712926847,-17.64,9.28711945304439,0.5069708491761693
2020-03-16 00:00:00+00:00,28.96,0.73,0.36,120.9352,6904.59,2386.13,82.69,0.37,0.41215953662772087,24.86,-11.984050283657066,-8.701134930643118
2020-03-17 00:00:00+00:00,26.96,1.02,0.47,122.4816,7334.78,2529.19,75.91,0.55,1.278701321038045,-6.780000000000001,5.995482224354909,-6.906077348066297
2020-03-18 00:00:00+00:00,20.48,1.18,0.54,124.1623,6989.84,2398.1,76.45,0.6399999999999999,1.372206110958718,0.5400000000000063,-5.183082330706679,-24.03560830860534
2020-03-19 00:00:00+00:00,25.09,1.12,0.44,125.0587,7150.58,2409.39,72.0,0.6800000000000002,0.721958275579615,-4.450000000000003,0.4707893749218206,22.509765625
2020-03-20 00:00:00+00:00,19.48,0.92,0.37,124.9362,6879.52,2304.92,66.04,0.55,-0.09795400080122585,-5.959999999999994,-4.3359522534749395,-22.359505779194897
2020-03-23 00:00:00+00:00,23.33,0.76,0.28,126.1262,6860.67,2237.4,61.59,0.48,0.9524861489304204,-4.450000000000003,-2.929385835517062,19.763860369609844
2020-03-24 00:00:00+00:00,21.03,0.84,0.38,125.5001,7417.86,2447.33,61.67,0.45999999999999996,-0.49640756638984485,0.0799999999999983,9.382765710199337,-9.858551221603074
2020-03-25 00:00:00+00:00,20.75,0.88,0.34,124.7916,7384.3,2475.56,63.95,0.54,-0.5645413828355483,2.280000000000001,1.1535019797084933,-1.3314312886352875
2020-03-26 00:00:00+00:00,16.6,0.83,0.3,122.4308,7797.54,2630.07,61.0,0.53,-1.8917939989550603,-2.950000000000003,6.241416083633622,-19.999999999999996
2020-03-27 00:00:00+00:00,15.48,0.72,0.25,122.4007,7502.38,2541.47,65.54,0.47,-0.02458531676670095,4.540000000000006,-3.36873163071707,-6.746987951807237
2020-03-30 00:00:00+00:00,14.1,0.7,0.23,123.2883,7774.15,2626.65,57.08,0.47,0.7251592515402416,-8.460000000000008,3.351603599491648,-8.914728682170548
2020-03-31 00:00:00+00:00,20.51,0.7,0.23,122.5301,7700.1,2584.59,53.54,0.47,-0.6149813080397748,-3.539999999999999,-1.60127919593398,45.46099290780143
2020-04-01 00:00:00+00:00,20.28,0.62,0.23,123.7933,7360.58,2470.5,57.06,0.39,1.0309303591525598,3.520000000000003,-4.414239782712159,-1.1214041930765473
2020-04-02 00:00:00+00:00,25.18,0.63,0.23,123.5916,7487.31,2526.9,50.91,0.4,-0.16293288893663993,-6.150000000000006,2.2829386763812964,24.16173570019724
2020-04-03 00:00:00+00:00,28.36,0.62,0.23,124.4152,7373.08,2488.65,46.8,0.39,0.6663883305985108,-4.109999999999999,-1.5137124539950086,12.629070691024612
2020-04-06 00:00:00+00:00,26.21,0.67,0.27,124.16,7913.24,2663.68,45.24,0.4,-0.20511963168488023,-1.5599999999999952,7.033130412070787,-7.581100141043717
2020-04-07 00:00:00+00:00,23.54,0.75,0.28,123.0956,7887.26,2659.41,46.7,0.47,-0.8572809278350468,1.4600000000000009,-0.16030454108602044,-10.186951545211754
2020-04-08 00:00:00+00:00,24.97,0.77,0.27,123.2216,8090.9,2749.98,43.35,0.5,0.10235946695087428,-3.3500000000000014,3.4056426049386967,6.074766355140193
2020-04-09 00:00:00+00:00,22.9,0.73,0.23,122.476,8153.58,2789.82,41.67,0.5,-0.6050887182117437,-1.6799999999999997,1.448737809002254,-8.289947937525033
2020-04-10 00:00:00+00:00,,,,122.1592,,,,,-0.25866292171528027,,,
2020-04-13 00:00:00+00:00,22.36,0.76,0.25,122.5203,8192.42,2761.63,41.17,0.51,0.295597875559106,,,
2020-04-14 00:00:00+00:00,20.15,0.76,0.23,122.1121,8515.74,2846.06,37.76,0.53,-0.3331692788868468,-3.4100000000000037,3.0572524197665762,-9.883720930232565
2020-04-15 00:00:00+00:00,19.96,0.63,0.2,123.0752,8393.18,2783.36,40.84,0.43,0.7887015291686783,3.0800000000000054,-2.2030456139364496,-0.9429280397022177
2020-04-16 00:00:00+00:00,19.82,0.61,0.2,123.4615,8532.36,2799.55,40.11,0.41,0.31387314422401946,-0.730000000000004,0.5816710738100639,-0.7014028056112287
2020-04-17 00:00:00+00:00,18.31,0.65,0.2,122.871,8650.14,2874.56,38.15,0.45,-0.4782867533603685,-1.9600000000000009,2.6793591827257934,-7.618567103935425
2020-04-20 00:00:00+00:00,-36.98,0.63,0.2,123.1033,8560.73,2823.16,43.83,0.43,0.18906007113153045,5.68,-1.7880997439608137,-301.9661387220098
2020-04-21 00:00:00+00:00,8.91,0.58,0.2,123.9116,8263.23,2736.56,45.41,0.37999999999999995,0.6566030317627591,1.5799999999999983,-3.0674846625766805,-124.09410492157924
2020-04-22 00:00:00+00:00,13.64,0.63,0.22,123.9256,8495.38,2799.31,41.98,0.41000000000000003,0.01129837723021776,-3.4299999999999997,2.293024819481393,53.08641975308643
2020-04-23 00:00:00+00:00,15.06,0.61,0.22,123.7542,8494.75,2797.8,41.38,0.39,-0.138308791726649,-0.5999999999999943,-0.053941864245110605,10.410557184750724
2020-04-24 00:00:00+00:00,15.99,0.6,0.22,124.1615,8634.52,2836.74,35.93,0.38,0.3291201429931334,-5.450000000000003,1.391807849024218,6.175298804780871
2020-04-27 00:00:00+00:00,12.17,0.67,0.24,123.8843,8730.16,2878.48,33.29,0.43000000000000005,-0.22325761206171135,-2.6400000000000006,1.4714073196697708,-23.889931207004377
2020-04-28 00:00:00+00:00,12.4,0.62,0.2,123.3693,8607.73,2863.39,33.57,0.42,-0.4157104653293442,0.28000000000000114,-0.5242350129234907,1.8898931799506968
2020-04-29 00:00:00+00:00,15.04,0.63,0.2,122.7782,8914.71,2939.51,31.23,0.43,-0.4791305454436401,-2.34,2.6583874358714787,21.29032258064516
2020-04-30 00:00:00+00:00,19.23,0.64,0.2,122.327,8889.55,2912.43,34.15,0.44,-0.3674919488964701,2.919999999999998,-0.9212419757034462,27.859042553191493
2020-05-01 00:00:00+00:00,19.72,0.64,0.2,123.1492,8604.95,2830.71,37.19,0.44,0.6721328897136392,3.039999999999999,-2.8059043479156554,2.548101924076951
2020-05-04 00:00:00+00:00,20.47,0.64,0.19,123.2117,8710.71,2842.74,35.97,0.45,0.050751446213204154,-1.2199999999999989,0.42498171836746756,3.8032454361054846
2020-05-05 00:00:00+00:00,24.56,0.66,0.19,122.803,8809.12,2868.44,33.61,0.47000000000000003,-0.3317055117330492,-2.3599999999999994,0.9040573531170715,19.980459208597946
2020-05-06 00:00:00+00:00,23.88,0.72,0.17,123.609,8854.39,2848.42,34.12,0.5499999999999999,0.656335757269777,0.509999999999998,-0.6979403438802989,-2.7687296416938123
2020-05-07 00:00:00+00:00,23.68,0.63,0.13,123.1249,8979.66,2881.19,31.44,0.5,-0.3916381493256904,-2.679999999999996,1.1504623615899323,-0.8375209380234505
2020-05-08 00:00:00+00:00,24.73,0.69,0.16,122.5379,9121.32,2929.8,27.98,0.5299999999999999,-0.47675165624500027,-3.460000000000001,1.6871501011734846,4.434121621621623
2020-05-11 00:00:00+00:00,24.02,0.73,0.17,123.2333,9192.34,2930.32,27.57,0.5599999999999999,0.5674978924887775,-0.41000000000000014,0.01774865178509888,-2.8710068742418104
2020-05-12 00:00:00+00:00,25.76,0.69,0.17,123.0592,9002.55,2870.12,33.04,0.5199999999999999,-0.1412767490605149,5.469999999999999,-2.054383139042848,7.243963363863459
2020-05-13 00:00:00+00:00,25.37,0.64,0.16,123.5408,8863.17,2820.0,35.28,0.48,0.39135635531517554,2.240000000000002,-1.7462684487059787,-1.513975155279501
2020-05-14 00:00:00+00:00,27.4,0.63,0.16,123.6429,8943.72,2852.5,32.61,0.47,0.08264476189241421,-2.6700000000000017,1.152482269503552,8.001576665352772
2020-05-15 00:00:00+00:00,29.44,0.64,0.16,123.5991,9014.56,2863.7,31.89,0.48,-0.0354245977730927,-0.7199999999999989,0.39263803680980036,7.445255474452561
2020-05-18 00:00:00+00:00,31.83,0.73,0.18,122.7968,9234.83,2953.91,29.3,0.55,-0.6491147589262392,-2.59,3.150120473513285,8.118206521739113
2020-05-19 00:00:00+00:00,32.3,0.7,0.17,122.5655,9185.1,2922.94,30.53,0.5299999999999999,-0.18835995726272925,1.2300000000000004,-1.0484408800538914,1.4765944077913984
2020-05-20 00:00:00+00:00,33.56,0.68,0.16,122.1007,9375.78,2971.61,27.99,0.52,-0.3792258017141781,-2.5400000000000027,1.665104312780974,3.900928792569669
2020-05-21 00:00:00+00:00,34.3,0.68,0.17,122.0914,9284.88,2948.51,29.53,0.51,-0.0076166639503383315,1.5400000000000027,-0.7773563825670182,2.205005959475548
2020-05-22 00:00:00+00:00,33.49,0.66,0.17,122.3211,9324.59,2955.45,28.16,0.49,0.1881377394312933,-1.370000000000001,0.23537312066093108,-2.3615160349854114
2020-05-26 00:00:00+00:00,34.7,0.69,0.18,121.3864,9340.22,2991.77,28.01,0.51,-0.7641363591400108,-0.14999999999999858,1.2289160703107926,3.6130188115855555
2020-05-27 00:00:00+00:00,32.8,0.68,0.19,121.5677,9412.36,3036.13,27.62,0.49000000000000005,0.1493577534221302,-0.39000000000000057,1.4827343010993532,-5.475504322766589
2020-05-28 00:00:00+00:00,33.67,0.7,0.17,121.0138,9368.99,3029.73,28.59,0.5299999999999999,-0.45563089537763446,0.9699999999999989,-0.21079466294262605,2.652439024390252
2020-05-29 00:00:00+00:00,35.57,0.65,0.16,120.9458,9489.87,3044.31,27.51,0.49,-0.05619193844007553,-1.0799999999999983,0.4812310007822562,5.643005643005639
2020-06-01 00:00:00+00:00,35.49,0.66,0.14,120.2686,9552.05,3055.73,28.23,0.52,-0.5599202287305594,0.7199999999999989,0.37512605483673855,-0.22490863086870316
2020-06-02 00:00:00+00:00,36.88,0.68,0.17,119.6854,9608.37,3080.82,26.84,0.51,-0.48491459948815097,-1.3900000000000006,0.821080396500995,3.9165962242885266
2020-06-03 00:00:00+00:00,37.33,0.77,0.19,119.2556,9682.91,3122.87,25.66,0.5800000000000001,-0.35910812847682605,-1.1799999999999997,1.3648963587616247,1.2201735357917354
2020-06-04 00:00:00+00:00,37.42,0.82,0.19,119.3014,9615.81,3112.35,25.81,0.6299999999999999,0.03840490509461336,0.14999999999999858,-0.33686961032639573,0.2410929547281171
2020-06-05 00:00:00+00:00,39.49,0.91,0.22,118.8138,9814.08,3193.93,24.52,0.6900000000000001,-0.4087127225665399,-1.2899999999999991,2.621170498176606,5.5318011758417995
2020-06-08 00:00:00+00:00,38.17,0.88,0.22,118.6621,9924.74,3232.39,25.81,0.66,-0.12767877132118244,1.2899999999999991,1.2041591393674889,-3.3426183844011192
2020-06-09 00:00:00+00:00,38.98,0.84,0.2,118.5893,9953.75,3207.18,27.57,0.6399999999999999,-0.06135067557375695,1.7600000000000016,-0.7799182648133396,2.122085407387986
2020-06-10 00:00:00+00:00,39.54,0.75,0.17,118.5231,10020.35,3190.14,27.57,0.58,-0.05582291151056129,0.0,-0.53130787794885,1.4366341713699438
2020-06-11 00:00:00+00:00,36.43,0.66,0.19,119.2347,9492.73,3002.1,40.79,0.47000000000000003,0.6003892912014752,13.219999999999999,-5.894412157460172,-7.865452706120379
2020-06-12 00:00:00+00:00,36.24,0.71,0.19,119.6645,9588.81,3041.31,36.09,0.52,0.3604655356200803,-4.699999999999996,1.3060857399820103,-0.5215481745813877
2020-06-15 00:00:00+00:00,37.07,0.71,0.19,119.9539,9726.02,3066.59,34.4,0.52,0.2418428188811328,-1.6900000000000048,0.8312207568449193,2.290286975717426
2020-06-16 00:00:00+00:00,38.26,0.75,0.21,119.567,9895.87,3124.74,33.67,0.54,-0.32254057600462627,-0.7299999999999969,1.8962430582503575,3.2101429727542374
2020-06-17 00:00:00+00:00,37.91,0.74,0.19,119.9105,9910.53,3113.49,33.47,0.55,0.2872866259084894,-0.20000000000000284,-0.36002995449221364,-0.9147935180345068
2020-06-18 00:00:00+00:00,38.79,0.71,0.19,120.2173,9943.05,3115.34,32.94,0.52,0.2558574937140623,-0.5300000000000011,0.0594188515139038,2.3212872592983436
2020-06-19 00:00:00+00:00,39.72,0.7,0.19,120.2186,9946.12,3097.74,35.12,0.51,0.0010813751431859586,2.1799999999999997,-0.5649463621948292,2.3975251353441696
2020-06-22 00:00:00+00:00,40.6,0.71,0.19,119.7532,10056.47,3117.86,31.77,0.52,-0.38712811495058563,-3.349999999999998,0.6495057687217143,2.2155085599194324
2020-06-23 00:00:00+00:00,40.4,0.72,0.18,119.3285,10131.37,3131.29,31.37,0.54,-0.35464605538724214,-0.3999999999999986,0.4307441642665166,-0.49261083743843415
2020-06-24 00:00:00+00:00,37.91,0.69,0.19,119.9744,9909.17,3050.33,33.84,0.49999999999999994,0.5412789065478929,2.4700000000000024,-2.5855158736495243,-6.163366336633668
2020-06-25 00:00:00+00:00,38.66,0.68,0.17,120.2997,10017.0,3083.76,32.22,0.51,0.271141176784373,-1.6200000000000045,1.095946995898811,1.9783698232656244
2020-06-26 00:00:00+00:00,38.53,0.64,0.17,120.533,9757.22,3009.05,34.73,0.47,0.1939323206957333,2.509999999999998,-2.4226917788673585,-0.3362648732539997
2020-06-29 00:00:00+00:00,39.67,0.64,0.16,120.6658,9874.15,3053.24,31.78,0.48,0.1101772958443048,-2.9499999999999957,1.468569814393228,2.958733454451079
2020-06-30 00:00:00+00:00,39.27,0.66,0.16,120.4649,10058.77,3100.29,30.43,0.5,-0.16649290851260545,-1.3500000000000014,1.5409859690034278,-1.0083186286866663
2020-07-01 00:00:00+00:00,39.88,0.69,0.17,120.0808,10154.63,3115.86,28.62,0.5199999999999999,-0.3188480627967172,-1.8099999999999987,0.5022110834792981,1.553348612172134
2020-07-02 00:00:00+00:00,40.57,0.68,0.16,119.8555,10207.63,3130.01,27.68,0.52,-0.18762366673106268,-0.9400000000000013,0.4541282342595654,1.730190571715129
2020-07-06 00:00:00+00:00,40.51,0.69,0.16,119.2852,10433.65,3179.72,27.94,0.5299999999999999,-0.4758229701599004,0.26000000000000156,1.58817383970018,-0.14789253142717396
2020-07-07 00:00:00+00:00,40.59,0.65,0.16,119.5717,10343.89,3145.32,29.43,0.49,0.24018067622806338,1.4899999999999984,-1.0818562640735552,0.19748210318442094
2020-07-08 00:00:00+00:00,40.91,0.67,0.16,119.5525,10492.5,3169.94,28.08,0.51,-0.016057311219974668,-1.3500000000000014,0.7827502448081614,0.7883715200788233
2020-07-09 00:00:00+00:00,39.64,0.62,0.16,119.5129,10547.75,3152.05,29.26,0.45999999999999996,-0.03312352313836753,1.1800000000000033,-0.5643639942711776,-3.1043754583231387
2020-07-10 00:00:00+00:00,40.56,0.65,0.16,119.3509,10617.44,3185.04,27.29,0.49,-0.13555022093849622,-1.9700000000000024,1.046620453355751,2.320887991927356
2020-07-13 00:00:00+00:00,40.06,0.64,0.16,119.1891,10390.84,3155.22,32.19,0.48,-0.1355666358611507,4.899999999999999,-0.9362519779971379,-1.2327416173570027
2020-07-14 00:00:00+00:00,40.3,0.63,0.14,119.3901,10488.58,3197.52,29.52,0.49,0.16863958197519402,-2.669999999999998,1.3406355182839835,0.599101347978026
2020-07-15 00:00:00+00:00,41.2,0.64,0.16,119.0331,10550.49,3226.56,27.76,0.48,-0.2990197679707096,-1.759999999999998,0.908203857989931,2.2332506203474045
2020-07-16 00:00:00+00:00,40.74,0.62,0.16,118.9275,10473.83,3215.57,28.0,0.45999999999999996,-0.08871481965941896,0.23999999999999844,-0.3406104334027549,-1.1165048543689382
2020-07-17 00:00:00+00:00,40.55,0.64,0.14,119.124,10503.19,3224.73,25.68,0.5,0.16522671375418518,-2.3200000000000003,0.284863958800452,-0.4663721158566614
2020-07-20 00:00:00+00:00,40.83,0.62,0.16,119.0483,10767.09,3251.84,24.46,0.45999999999999996,-0.06354722809844837,-1.2199999999999989,0.8406905384326757,0.6905055487053113
2020-07-21 00:00:00+00:00,41.76,0.61,0.14,118.4042,10680.36,3257.3,24.84,0.47,-0.5410409052460152,0.379999999999999,0.16790493997245193,2.2777369581190365
2020-07-22 00:00:00+00:00,41.88,0.6,0.14,118.1337,10706.13,3276.02,24.32,0.45999999999999996,-0.2284547338692322,-0.5199999999999996,0.5747091149111094,0.287356321839094
2020-07-23 00:00:00+00:00,40.99,0.59,0.16,118.0613,10461.42,3235.66,26.08,0.42999999999999994,-0.06128649149226284,1.759999999999998,-1.2319827107282633,-2.1251193887297015
2020-07-24 00:00:00+00:00,41.23,0.59,0.14,118.1329,10363.18,3215.63,25.84,0.44999999999999996,0.06064646077927893,-0.23999999999999844,-0.6190390832163994,0.5855086606489257
2020-07-27 00:00:00+00:00,41.46,0.62,0.15,117.3869,10536.27,3239.41,24.74,0.47,-0.6314921584080424,-1.1000000000000014,0.7395129414764723,0.5578462284744123
2020-07-28 00:00:00+00:00,40.89,0.59,0.14,117.3189,10402.09,3218.44,25.44,0.44999999999999996,-0.05792809930239562,0.7000000000000028,-0.6473401020556158,-1.374819102749636
2020-07-29 00:00:00+00:00,41.13,0.58,0.12,117.2126,10542.94,3258.44,24.1,0.45999999999999996,-0.09060773669034017,-1.3399999999999999,1.242838145188352,0.5869405722670695
2020-07-30 00:00:00+00:00,39.85,0.55,0.11,117.4008,10587.81,3246.22,24.76,0.44000000000000006,0.1605629428918176,0.6600000000000001,-0.37502608610255894,-3.1120836372477534
2020-07-31 00:00:00+00:00,40.1,0.55,0.11,117.2082,10745.27,3271.12,24.46,0.44000000000000006,-0.16405339656969664,-0.3000000000000007,0.7670459796317086,0.6273525721455453
2020-08-03 00:00:00+00:00,40.83,0.56,0.11,117.8074,10902.8,3294.61,24.28,0.45000000000000007,0.5112270301907085,-0.17999999999999972,0.7181026681992719,1.8204488778054806
2020-08-04 00:00:00+00:00,41.67,0.52,0.11,117.7833,10941.17,3306.51,23.76,0.41000000000000003,-0.020457118992533996,-0.5199999999999996,0.36119601409574376,2.0573108008817176
2020-08-05 00:00:00+00:00,42.25,0.55,0.11,116.8736,10998.4,3327.77,22.99,0.44000000000000006,-0.7723505794115182,-0.7700000000000031,0.6429740118735428,1.3918886489080906
2020-08-06 00:00:00+00:00,41.93,0.55,0.11,117.0422,11108.07,3349.16,22.65,0.44000000000000006,0.14425841250718108,-0.33999999999999986,0.6427727877827971,-0.7573964497041397
2020-08-07 00:00:00+00:00,41.16,0.57,0.13,117.6239,11010.98,3351.28,22.21,0.43999999999999995,0.4970002272684626,-0.4399999999999977,0.06329945419150107,-1.8363939899833093
2020-08-10 00:00:00+00:00,41.94,0.59,0.14,117.5821,10968.36,3360.47,22.13,0.44999999999999996,-0.0355369954575635,-0.08000000000000185,0.27422358024395965,1.895043731778423
2020-08-11 00:00:00+00:00,41.53,0.64,0.16,117.3781,10782.82,3333.69,24.03,0.48,-0.1734957957035932,1.9000000000000021,-0.7969123366671882,-0.9775870290891664
2020-08-12 00:00:00+00:00,42.6,0.69,0.16,117.2559,11012.24,3380.35,22.28,0.5299999999999999,-0.10410800651911023,-1.75,1.3996502374245878,2.576450758487847
2020-08-13 00:00:00+00:00,42.26,0.71,0.16,117.1193,11042.5,3373.43,22.13,0.5499999999999999,-0.11649733616816427,-0.15000000000000213,-0.20471252976762555,-0.7981220657277022
2020-08-14 00:00:00+00:00,42.05,0.71,0.14,116.9395,11019.3,3372.85,22.05,0.57,-0.15351867710957645,-0.0799999999999983,-0.017193183199293305,-0.4969238050165692
2020-08-17 00:00:00+00:00,42.89,0.69,0.14,116.749,11129.73,3381.99,21.35,0.5499999999999999,-0.1629047498920344,-0.6999999999999993,0.27098744385312123,1.9976218787158162
2020-08-18 00:00:00+00:00,42.89,0.67,0.14,116.5593,11210.84,3389.78,21.51,0.53,-0.1624853317801489,0.16000000000000014,0.23033775972136628,0.0
2020-08-19 00:00:00+00:00,42.91,0.68,0.14,116.567,11146.46,3374.85,22.54,0.54,0.006606079480575566,1.0299999999999976,-0.4404415625792857,0.04663091629748539
2020-08-20 00:00:00+00:00,42.62,0.65,0.13,116.8126,11264.95,3385.51,22.72,0.52,0.21069427882678404,0.17999999999999972,0.31586589033587575,-0.6758331391284012
2020-08-21 00:00:00+00:00,42.32,0.64,0.16,117.0572,11311.8,3397.16,22.54,0.48,0.2093952193513271,-0.17999999999999972,0.34411358997610275,-0.7038948850304982
2020-08-24 00:00:00+00:00,42.44,0.65,0.14,116.912,11379.72,3431.28,22.37,0.51,-0.12404192138543157,-0.16999999999999815,1.004368354743379,0.2835538752362865
2020-08-25 00:00:00+00:00,43.17,0.69,0.15,116.8206,11466.47,3443.62,22.03,0.5399999999999999,-0.07817845901191278,-0.33999999999999986,0.3596325569466652,1.7200754005655128
2020-08-26 00:00:00+00:00,43.21,0.69,0.16,116.6243,11665.06,3478.73,23.27,0.5299999999999999,-0.16803543210700544,1.2399999999999984,1.0195666188487662,0.09265693768820693
2020-08-27 00:00:00+00:00,42.88,0.74,0.16,116.649,11625.34,3484.55,24.47,0.58,0.021179119617431574,1.1999999999999993,0.16730243508407128,-0.7637121036797034
2020-08-28 00:00:00+00:00,42.96,0.74,0.14,115.9374,11695.63,3508.01,22.96,0.6,-0.6100352339068471,-1.509999999999998,0.6732576659826961,0.1865671641791078
2020-08-31 00:00:00+00:00,42.61,0.72,0.14,115.7586,11775.46,3500.31,26.41,0.58,-0.1542211572796992,3.4499999999999993,-0.21949766391772263,-0.8147113594040967
2020-09-01 00:00:00+00:00,42.76,0.68,0.13,115.5687,11939.67,3526.65,26.12,0.55,-0.16404828669316363,-0.28999999999999915,0.752504778148233,0.35203003989674464
2020-09-02 00:00:00+00:00,42.76,0.66,0.14,116.0304,12056.44,3580.84,26.57,0.52,0.39950263349850523,0.4499999999999993,1.5365857116526938,0.0
2020-09-03 00:00:00+00:00,41.39,0.63,0.13,116.0685,11458.1,3455.06,33.6,0.5,0.032836222231424905,7.030000000000001,-3.5125836395929477,-3.203928905519171
2020-09-04 00:00:00+00:00,39.69,0.72,0.14,116.0347,11313.13,3426.96,30.75,0.58,-0.029120734738541376,-2.8500000000000014,-0.8132999137496877,-4.107272287992281
2020-09-08 00:00:00+00:00,36.87,0.69,0.14,116.4618,10847.69,3331.84,31.46,0.5499999999999999,0.36807954861777237,0.7100000000000009,-2.7756378831384043,-7.105064247921389
2020-09-09 00:00:00+00:00,38.05,0.71,0.14,116.1291,11141.56,3398.96,28.81,0.57,-0.28567307048319446,-2.650000000000002,2.0145024971186976,3.200433957146731
2020-09-10 00:00:00+00:00,37.25,0.68,0.14,115.8806,10919.59,3339.19,29.71,0.54,-0.21398598628594723,0.9000000000000021,-1.7584790641843373,-2.1024967148488782
2020-09-11 00:00:00+00:00,37.33,0.67,0.13,116.0866,10853.55,3340.97,26.87,0.54,0.17776918655927343,-2.84,0.053306340759284865,0.21476510067113264
2020-09-14 00:00:00+00:00,37.23,0.68,0.14,115.6428,11056.65,3383.54,25.85,0.54,-0.3823007995754968,-1.0199999999999996,1.274180851668838,-0.2678810608090054
2020-09-15 00:00:00+00:00,38.29,0.68,0.14,115.5908,11190.32,3401.2,25.59,0.54,-0.044966050631767285,-0.26000000000000156,0.5219385613883576,2.847166263765777
2020-09-16 00:00:00+00:00,40.17,0.69,0.14,115.3537,11050.47,3385.49,26.04,0.5499999999999999,-0.2051201306678352,0.4499999999999993,-0.4618958014818264,4.909898145729952
2020-09-17 00:00:00+00:00,40.99,0.69,0.13,115.4392,10910.28,3357.01,26.46,0.5599999999999999,0.07411985918093222,0.4200000000000017,-0.8412371621242309,2.04132437142146
2020-09-18 00:00:00+00:00,41.09,0.7,0.14,115.2395,10793.28,3319.47,25.83,0.5599999999999999,-0.172991496822561,-0.6300000000000026,-1.118257020384228,0.24396194193705423
2020-09-21 00:00:00+00:00,39.26,0.68,0.14,116.378,10778.94,3281.06,27.78,0.54,0.9879425023537891,1.9500000000000028,-1.1571124305988612,-4.4536383548308685
2020-09-22 00:00:00+00:00,39.55,0.68,0.13,116.5438,10963.77,3315.57,26.86,0.55,0.142466789255713,-0.9200000000000017,1.0517942372282096,0.7386653082017247
2020-09-23 00:00:00+00:00,39.92,0.68,0.14,117.2526,10633.15,3236.92,28.58,0.54,0.608183361105441,1.7199999999999989,-2.372141140135786,0.935524652338815
2020-09-24 00:00:00+00:00,40.11,0.67,0.14,117.5473,10672.43,3246.59,28.51,0.53,0.25133771020855455,-0.06999999999999673,0.2987407782707008,0.4759519038076032
2020-09-25 00:00:00+00:00,40.06,0.66,0.12,117.8679,10913.73,3298.46,26.38,0.54,0.272741270960708,-2.1300000000000026,1.5976763311659203,-0.12465719272001241
2020-09-28 00:00:00+00:00,40.47,0.67,0.14,117.6178,11117.7,3351.6,26.19,0.53,-0.21218669374782895,-0.18999999999999773,1.6110548559024496,1.0234648027958038
2020-09-29 00:00:00+00:00,39.03,0.66,0.11,117.526,11085.42,3335.47,26.27,0.55,-0.07804941088849215,0.0799999999999983,-0.4812626805108078,-3.55819125277983
2020-09-30 00:00:00+00:00,40.05,0.69,0.13,116.946,11167.68,3363.0,26.37,0.5599999999999999,-0.49350781954631273,0.10000000000000142,0.8253709372292528,2.613374327440421
2020-10-01 00:00:00+00:00,38.51,0.68,0.14,116.7227,11326.61,3380.8,26.7,0.54,-0.1909428283139225,0.3299999999999983,0.5292893250074426,-3.8451935081148525
2020-10-02 00:00:00+00:00,36.9,0.7,0.13,116.7321,11075.11,3348.44,27.63,0.57,0.008053274984209935,0.9299999999999997,-0.9571699006152401,-4.180732277330568
2020-10-05 00:00:00+00:00,39.12,0.78,0.14,116.1767,11332.58,3408.63,27.96,0.64,-0.47579029247311055,0.33000000000000185,1.7975534875942278,6.016260162601617
2020-10-06 00:00:00+00:00,40.52,0.76,0.14,116.2681,11154.7,3360.95,29.48,0.62,0.07867326236672412,1.5199999999999996,-1.3988024514247743,3.5787321063394772
2020-10-07 00:00:00+00:00,39.82,0.81,0.16,116.3447,11364.7,3419.45,28.06,0.65,0.0658822153281946,-1.4200000000000017,1.740579300495404,-1.727541954590328
2020-10-08 00:00:00+00:00,41.04,0.78,0.13,116.1657,11421.08,3446.83,26.36,0.65,-0.153853162198192,-1.6999999999999993,0.8007135650470065,3.0637870416875934
2020-10-09 00:00:00+00:00,40.44,0.79,0.16,115.2757,11580.05,3477.13,25.0,0.63,-0.7661469779805974,-1.3599999999999994,0.8790685934612519,-1.4619883040935755
2020-10-12 00:00:00+00:00,39.22,,,,11876.36,3534.22,25.07,,,0.07000000000000028,1.6418713134107588,-3.0168150346191913
2020-10-13 00:00:00+00:00,40.03,0.74,0.16,115.9107,11864.0,3511.93,26.07,0.58,,1.0,-0.6306907889152336,2.065272819989805
2020-10-14 00:00:00+00:00,40.86,0.73,0.14,115.6872,11768.83,3488.67,26.4,0.59,-0.192820852604636,0.3299999999999983,-0.6623138843883547,2.073444916312761
2020-10-15 00:00:00+00:00,40.84,0.74,0.14,116.0964,11713.97,3483.34,26.97,0.6,0.35371242453789975,0.5700000000000003,-0.15278028589691406,-0.04894762604013003
2020-10-16 00:00:00+00:00,40.7,0.76,0.14,115.7679,11671.66,3483.81,27.41,0.62,-0.2829545102173703,0.4400000000000013,0.013492797142955482,-0.3428011753183191
2020-10-19 00:00:00+00:00,40.69,0.78,0.16,115.4031,11478.98,3426.92,29.18,0.62,-0.3151132567836168,1.7699999999999996,-1.6329822808936134,-0.02457002457003643
2020-10-20 00:00:00+00:00,41.37,0.81,0.14,115.2485,11516.49,3443.12,29.35,0.67,-0.13396520544074475,0.1700000000000017,0.47272769717412455,1.6711722782010385
2020-10-21 00:00:00+00:00,39.88,0.83,0.14,114.9108,11484.69,3435.56,28.65,0.69,-0.2930189980780762,-0.7000000000000028,-0.21956829851994542,-3.601643703166535
2020-10-22 00:00:00+00:00,40.46,0.87,0.16,115.1158,11506.01,3453.49,28.11,0.71,0.17839924532767615,-0.5399999999999991,0.5218945382994278,1.4543630892678072
2020-10-23 00:00:00+00:00,39.73,0.85,0.18,115.0126,11548.28,3465.39,27.55,0.6699999999999999,-0.08964885793261157,-0.5599999999999987,0.34457896215134287,-1.8042511122095983
2020-10-26 00:00:00+00:00,38.39,0.81,0.16,115.2797,11358.94,3400.97,32.46,0.65,0.23223542464043678,4.91,-1.8589538262648642,-3.372766171658692
2020-10-27 00:00:00+00:00,39.34,0.79,0.16,115.0131,11431.35,3390.68,33.35,0.63,-0.23126361362842962,0.8900000000000006,-0.30256074002417144,2.4746027611357135
2020-10-28 00:00:00+00:00,37.27,0.79,0.16,115.8023,11004.87,3271.03,40.28,0.63,0.6861827044049917,6.93,-3.528790685054317,-5.261820030503306
2020-10-29 00:00:00+00:00,35.94,0.85,0.16,116.3069,11185.59,3310.11,37.59,0.69,0.4357426406902176,-2.6899999999999977,1.1947307117329942,-3.568553796619278
2020-10-30 00:00:00+00:00,35.64,0.88,0.14,116.1354,10911.59,3269.96,38.02,0.74,-0.14745470819014228,0.4299999999999997,-1.2129506270184387,-0.8347245409014992
2020-11-02 00:00:00+00:00,36.6,0.87,0.16,116.2361,10957.61,3310.24,37.13,0.71,0.08670913433801442,-0.8900000000000006,1.231819349472163,2.6936026936027035
2020-11-03 00:00:00+00:00,37.44,0.9,0.17,115.4802,11160.57,3369.16,35.55,0.73,-0.6503143171527559,-1.5800000000000054,1.7799313644932147,2.2950819672131084
2020-11-04 00:00:00+00:00,38.97,0.78,0.14,115.1677,11590.78,3443.44,29.57,0.64,-0.2706091607046046,-5.979999999999997,2.2047038430944355,4.086538461538458
2020-11-05 00:00:00+00:00,38.56,0.79,0.14,114.4556,11890.93,3510.45,27.58,0.65,-0.6183157256765548,-1.990000000000002,1.9460190971818836,-1.052091352322293
2020-11-06 00:00:00+00:00,36.97,0.83,0.16,113.9919,11895.23,3509.44,24.86,0.6699999999999999,-0.4051352664264596,-2.719999999999999,-0.028771240154390476,-4.123443983402497
2020-11-09 00:00:00+00:00,40.05,0.96,0.17,114.0895,11713.78,3550.5,25.75,0.7899999999999999,0.08562011862245367,0.8900000000000006,1.1699872344305584,8.331079253448737
2020-11-10 00:00:00+00:00,41.18,0.98,0.19,114.0757,11553.86,3545.53,24.8,0.79,-0.012095766919828499,-0.9499999999999993,-0.1399802844669673,2.8214731585518127
2020-11-11 00:00:00+00:00,41.23,,,,11786.43,3572.66,23.45,,,-1.3500000000000014,0.7651888434169196,0.12141816415736084
2020-11-12 00:00:00+00:00,40.9,0.88,0.17,114.2843,11709.59,3537.01,25.35,0.71,,1.9000000000000021,-0.9978559392721298,-0.8003880669415486
2020-11-13 00:00:00+00:00,39.93,0.89,0.17,114.2397,11829.29,3585.15,23.1,0.72,-0.039025482940358014,-2.25,1.3610365817456005,-2.3716381418092847
2020-11-16 00:00:00+00:00,41.14,0.91,0.19,113.8312,11924.13,3626.91,22.45,0.72,-0.35758147123986506,-0.6500000000000021,1.164804819882015,3.0303030303030276
2020-11-17 00:00:00+00:00,41.24,0.87,0.18,113.682,11899.34,3609.53,22.71,0.69,-0.13107127044253986,0.26000000000000156,-0.47919578925310624,0.2430724355858116
2020-11-18 00:00:00+00:00,41.64,0.88,0.16,113.46,11801.6,3567.79,23.84,0.72,-0.1952815749195147,1.129999999999999,-1.156383241031389,0.9699321047526688
2020-11-19 00:00:00+00:00,41.57,0.86,0.18,113.694,11904.71,3581.87,23.11,0.6799999999999999,0.20624008461131993,-0.7300000000000004,0.39464206133208446,-0.1681075888568695
2020-11-20 00:00:00+00:00,41.99,0.83,0.16,113.489,11854.97,3557.54,23.7,0.6699999999999999,-0.18030854750470393,0.5899999999999999,-0.6792541326178791,1.0103439980755358
2020-11-23 00:00:00+00:00,42.91,0.86,0.16,113.7548,11881.17,3577.59,22.66,0.7,0.23420772057203276,-1.0399999999999991,0.563591695385024,2.190997856632526
2020-11-24 00:00:00+00:00,44.71,0.88,0.16,113.4316,12037.33,3635.41,21.64,0.72,-0.2841198788974153,-1.0199999999999996,1.6161717804443754,4.194826380797023
2020-11-25 00:00:00+00:00,45.58,0.88,0.17,113.1823,12094.4,3629.65,21.25,0.71,-0.21978002602449642,-0.39000000000000057,-0.15844155129681736,1.9458734063967809
2020-11-27 00:00:00+00:00,,0.84,0.16,,12205.85,3638.35,20.84,0.6799999999999999,,-0.41000000000000014,0.23969253233782073,
2020-11-30 00:00:00+00:00,45.2,0.84,0.16,113.2256,12198.74,3621.63,20.57,0.6799999999999999,,-0.2699999999999996,-0.45954897137437944,
2020-12-01 00:00:00+00:00,44.54,0.92,0.17,112.8063,12355.11,3662.45,20.77,0.75,-0.37032261255405263,0.1999999999999993,1.1271167954760575,-1.4601769911504525
2020-12-02 00:00:00+00:00,45.23,0.95,0.16,112.6115,12349.37,3669.01,21.17,0.7899999999999999,-0.17268539079819956,0.40000000000000213,0.17911507324332998,1.5491692860350126
2020-12-03 00:00:00+00:00,45.65,0.92,0.16,112.0236,12377.18,3666.72,21.28,0.76,-0.5220603579563443,0.10999999999999943,-0.06241465681479097,0.9285872208711021
2020-12-04 00:00:00+00:00,46.23,0.97,0.16,111.7778,12464.23,3699.12,20.79,0.8099999999999999,-0.21941805119636282,-0.490000000000002,0.8836235109307422,1.270536692223434
2020-12-07 00:00:00+00:00,45.72,0.94,0.14,111.8385,12519.95,3691.96,21.3,0.7999999999999999,0.054304164154239665,0.5100000000000016,-0.19355954929820562,-1.10317975340688
2020-12-08 00:00:00+00:00,45.64,0.92,0.14,111.8639,12582.77,3702.25,20.68,0.78,0.022711320341395336,-0.620000000000001,0.2787137455443789,-0.17497812773402677
2020-12-09 00:00:00+00:00,45.48,0.95,0.16,112.0305,12338.95,3672.82,22.27,0.7899999999999999,0.1489309777327641,1.5899999999999999,-0.7949220068876994,-0.35056967572305586
2020-12-10 00:00:00+00:00,46.76,0.92,0.14,111.9788,12405.81,3668.1,22.52,0.78,-0.04614814715635518,0.25,-0.12851160688518437,2.8144239226033374
2020-12-11 00:00:00+00:00,46.59,0.9,0.11,112.1417,12377.87,3663.46,23.31,0.79,0.1454739647147374,0.7899999999999991,-0.1264960061067022,-0.36355859709151783
2020-12-14 00:00:00+00:00,47.02,0.9,0.13,112.1708,12440.04,3647.49,24.72,0.77,0.025949312343231945,1.4100000000000001,-0.4359266922526861,0.9229448379480587
2020-12-15 00:00:00+00:00,47.58,0.92,0.11,111.8601,12595.06,3694.62,22.89,0.81,-0.276988307117354,-1.8299999999999983,1.2921214314501217,1.1909825606124969
2020-12-16 00:00:00+00:00,47.86,0.92,0.13,111.7157,12658.19,3701.17,22.5,0.79,-0.12908981844286238,-0.39000000000000057,0.17728480872187813,0.5884825556956796
2020-12-17 00:00:00+00:00,48.34,0.94,0.13,111.2226,12764.75,3722.48,21.93,0.8099999999999999,-0.4413882739847663,-0.5700000000000003,0.5757638800703457,1.00292519849563
2020-12-18 00:00:00+00:00,49.04,0.95,0.13,111.6071,12755.64,3709.41,21.57,0.82,0.3457031214878947,-0.35999999999999943,-0.35111001267972286,1.4480761274306975
2020-12-21 00:00:00+00:00,47.79,0.95,0.13,111.9415,12742.52,3694.92,25.16,0.82,0.29962251505504245,3.59,-0.3906281591951277,-2.5489396411092935
2020-12-22 00:00:00+00:00,47.02,0.93,0.13,112.1947,12807.92,3687.26,24.23,0.8,0.22618957223192737,-0.9299999999999997,-0.20731166033364223,-1.611215735509508
2020-12-23 00:00:00+00:00,47.94,0.96,0.13,111.9807,12771.11,3690.01,23.31,0.83,-0.19073984778247288,-0.9200000000000017,0.07458112528002658,1.9566142067205305
2020-12-24 00:00:00+00:00,48.18,0.94,0.13,,12804.73,3703.06,21.53,0.8099999999999999,,-1.7799999999999976,0.3536575781637463,0.5006257822277815
2020-12-28 00:00:00+00:00,47.5,0.94,0.13,111.9752,12899.42,3735.36,21.7,0.8099999999999999,,0.16999999999999815,0.8722515973276224,-1.411374014113742
2020-12-29 00:00:00+00:00,47.85,0.94,0.12,111.5172,12850.22,3727.04,23.08,0.82,-0.4090191399524157,1.379999999999999,-0.22273622890431888,0.7368421052631691
2020-12-30 00:00:00+00:00,48.24,0.93,0.12,111.3084,12870.0,3732.04,22.77,0.81,-0.18723569099654558,-0.3099999999999987,0.13415471795312772,0.8150470219435713
2020-12-31 00:00:00+00:00,48.35,0.93,0.13,111.3169,12888.28,3756.07,22.75,0.8,0.007636440735825367,-0.019999999999999574,0.643883774021714,0.2280265339966725
2021-01-04 00:00:00+00:00,47.47,0.93,0.11,111.2075,12698.45,3700.65,26.97,0.8200000000000001,-0.09827797935444416,4.219999999999999,-1.475478359029514,-1.8200620475698037
2021-01-05 00:00:00+00:00,49.78,0.96,0.13,110.9574,12818.96,3726.86,25.34,0.83,-0.2248949036710579,-1.629999999999999,0.7082539553862066,4.866231303981472
2021-01-06 00:00:00+00:00,50.45,1.04,0.14,110.8502,12740.79,3748.14,25.07,0.9,-0.09661365533079058,-0.2699999999999996,0.5709900559720538,1.3459220570510189
2021-01-07 00:00:00+00:00,50.63,1.08,0.14,111.3042,13067.48,3803.79,22.37,0.9400000000000001,0.40956173286110786,-2.6999999999999993,1.484736429268918,0.356788899900895
2021-01-08 00:00:00+00:00,52.14,1.13,0.14,111.2847,13201.98,3824.68,21.56,0.9899999999999999,-0.01751955451815279,-0.8100000000000023,0.5491890982414871,2.9824214892356204
2021-01-11 00:00:00+00:00,52.15,1.15,0.14,111.8257,13036.43,3799.61,24.08,1.0099999999999998,0.48614050269264464,2.5199999999999996,-0.6554796741165214,0.01917913310318653
2021-01-12 00:00:00+00:00,53.08,1.15,0.14,111.5501,13072.43,3801.19,23.33,1.0099999999999998,-0.24645497412491002,-0.75,0.04158321511944507,1.7833173537871616
2021-01-13 00:00:00+00:00,52.81,1.1,0.14,111.3622,13128.95,3809.84,22.21,0.9600000000000001,-0.1684444926539741,-1.1199999999999974,0.22756031663768717,-0.5086661642803247
2021-01-14 00:00:00+00:00,53.47,1.15,0.16,111.1567,13112.64,3795.54,23.25,0.9899999999999999,-0.18453299234389986,1.0399999999999991,-0.3753438464607517,1.2497633024048493
2021-01-15 00:00:00+00:00,52.25,1.11,0.13,111.5106,12998.5,3768.25,24.34,0.9800000000000001,0.318379368944921,1.0899999999999999,-0.719001775768402,-2.281653263512251
2021-01-19 00:00:00+00:00,52.87,1.1,0.14,111.4527,13197.18,3798.91,23.24,0.9600000000000001,-0.05192331491356006,-1.1000000000000014,0.8136402839514334,1.1866028708134024
2021-01-20 00:00:00+00:00,53.16,1.1,0.13,,13457.25,3851.85,21.58,0.9700000000000001,,-1.6600000000000001,1.3935576257400273,0.5485152260261028
2021-01-21 00:00:00+00:00,53.0,1.12,0.13,111.1973,13530.91,3853.07,21.32,0.9900000000000001,,-0.259999999999998,0.03167309215053038,-0.3009781790820121
2021-01-22 00:00:00+00:00,52.28,1.1,0.13,111.5516,13543.06,3841.47,21.91,0.9700000000000001,0.3186228442596972,0.5899999999999999,-0.30105863636010755,-1.3584905660377289
2021-01-25 00:00:00+00:00,52.78,1.05,0.13,111.8676,13635.99,3855.36,23.19,0.92,0.28327697675336605,1.2800000000000011,0.3615803325289546,0.9563886763580776
2021-01-26 00:00:00+00:00,52.61,1.05,0.11,111.6572,13626.06,3849.62,23.02,0.9400000000000001,-0.1880794796705998,-0.1700000000000017,-0.14888363213811928,-0.3220917014020497
2021-01-27 00:00:00+00:00,52.81,1.04,0.12,112.0782,13270.6,3750.77,37.21,0.92,0.37704688994528723,14.190000000000001,-2.5677859113367063,0.38015586390420797
2021-01-28 00:00:00+00:00,52.26,1.07,0.12,112.0059,13337.16,3787.38,30.21,0.9500000000000001,-0.06450853065091966,-7.0,0.9760662477304782,-1.0414694186707152
2021-01-29 00:00:00+00:00,52.16,1.11,0.11,111.9511,13070.69,3714.24,33.09,1.0,-0.04892599407709808,2.8800000000000026,-1.9311502938707092,-0.19135093761959432
2021-02-01 00:00:00+00:00,53.55,1.09,0.11,112.4189,13403.39,3773.86,30.24,0.9800000000000001,0.417861012531362,-2.850000000000005,1.6051736021366558,2.6648773006134885
2021-02-02 00:00:00+00:00,54.77,1.12,0.11,112.2862,13612.78,3826.31,25.56,1.01,-0.11804064974839656,-4.68,1.3898236818535858,2.2782446311858218
2021-02-03 00:00:00+00:00,55.67,1.15,0.11,112.2567,13610.54,3830.17,22.91,1.0399999999999998,-0.026272150985606757,-2.6499999999999986,0.10088048276277739,1.6432353478181394
2021-02-04 00:00:00+00:00,56.19,1.15,0.11,112.7469,13777.74,3871.74,21.77,1.0399999999999998,0.4366777216860962,-1.1400000000000006,1.085330416143404,0.9340758038440811
2021-02-05 00:00:00+00:00,56.8,1.19,0.09,112.2379,13856.3,3886.83,20.87,1.0999999999999999,-0.4514536541581182,-0.8999999999999986,0.3897472454245321,1.0856024203594883
2021-02-08 00:00:00+00:00,57.95,1.19,0.11,112.0428,13987.64,3915.59,21.24,1.0799999999999998,-0.17382720097222082,0.36999999999999744,0.7399345996609075,2.0246478873239493
2021-02-09 00:00:00+00:00,58.34,1.18,0.11,111.7675,14007.7,3911.23,21.63,1.0699999999999998,-0.24570967523125375,0.39000000000000057,-0.11134975827398197,0.6729939603106194
2021-02-10 00:00:00+00:00,58.69,1.15,0.11,111.5834,13972.53,3909.88,21.99,1.0399999999999998,-0.16471693470820892,0.35999999999999943,-0.03451599624669788,0.5999314364072639
2021-02-11 00:00:00+00:00,58.22,1.16,0.11,111.5272,14025.77,3916.38,21.25,1.0499999999999998,-0.050365914643224485,-0.7399999999999984,0.16624551137118804,-0.8008178565343305
2021-02-12 00:00:00+00:00,59.5,1.2,0.11,111.4889,14095.47,3934.83,19.97,1.0899999999999999,-0.034341398331516615,-1.2800000000000011,0.47109831017417836,2.198557196839568
2021-02-16 00:00:00+00:00,60.07,1.3,0.13,111.7879,14047.5,3932.59,21.46,1.17,0.26818813352718074,1.490000000000002,-0.05692749114954987,0.957983193277312
2021-02-17 00:00:00+00:00,61.09,1.29,0.11,112.0204,13965.5,3931.33,21.5,1.18,0.2079831538118082,0.03999999999999915,-0.03203995331321208,1.6980189778591726
2021-02-18 00:00:00+00:00,60.4,1.29,0.11,112.1603,13865.36,3913.97,22.49,1.18,0.12488796683463033,0.9899999999999984,-0.4415808390544673,-1.129481093468665
2021-02-19 00:00:00+00:00,59.12,1.34,0.11,111.7058,13874.47,3906.71,22.05,1.23,-0.40522359515801076,-0.4399999999999977,-0.18548941356217874,-2.119205298013249
2021-02-22 00:00:00+00:00,61.67,1.37,0.11,111.918,13533.05,3876.5,23.45,1.26,0.1899632785405947,1.3999999999999986,-0.7732849379657014,4.313261163734783
2021-02-23 00:00:00+00:00,61.66,1.37,0.11,111.8981,13465.2,3881.37,23.11,1.26,-0.017780875283690545,-0.33999999999999986,0.12562878885591378,-0.01621533971137845
2021-02-24 00:00:00+00:00,63.21,1.38,0.12,111.7212,13597.97,3925.43,21.34,1.2599999999999998,-0.1580902624798819,-1.7699999999999996,1.135166191319037,2.513785274083702
2021-02-25 00:00:00+00:00,63.43,1.54,0.17,111.9253,13119.43,3829.34,28.89,1.37,0.18268690275435873,7.550000000000001,-2.4478846903396523,0.34804619522226243
2021-02-26 00:00:00+00:00,61.55,1.44,0.14,112.8306,13192.35,3811.15,27.95,1.2999999999999998,0.8088430408495828,-0.9400000000000013,-0.47501658249202716,-2.963897209522315
2021-03-01 00:00:00+00:00,60.54,1.45,0.13,112.5263,13588.83,3901.82,23.35,1.3199999999999998,-0.269696341240766,-4.599999999999998,2.3790719336683086,-1.640942323314376
2021-03-02 00:00:00+00:00,59.7,1.42,0.13,112.5342,13358.79,3870.29,24.1,1.29,0.007020580966399237,0.75,-0.8080844323930969,-1.3875123885034646
2021-03-03 00:00:00+00:00,61.33,1.47,0.14,112.7617,12997.75,3819.72,26.67,1.33,0.20216076534955718,2.5700000000000003,-1.306620434127681,2.7303182579564433
2021-03-04 00:00:00+00:00,63.81,1.54,0.14,112.7037,12723.47,3768.47,28.57,1.4,-0.05143590421216038,1.8999999999999986,-1.341721382719152,4.0436980270667
2021-03-05 00:00:00+00:00,66.08,1.56,0.14,113.7487,12920.15,3841.94,24.66,1.42,0.9272100206115796,-3.91,1.9495975820425837,3.557436138536274
2021-03-08 00:00:00+00:00,65.03,1.59,0.17,114.2678,12609.16,3821.35,25.47,1.4200000000000002,0.4563568638586535,0.8099999999999987,-0.5359271617984662,-1.5889830508474478
2021-03-09 00:00:00+00:00,64.02,1.55,0.17,113.928,13073.82,3875.44,24.03,1.3800000000000001,-0.2973716130003301,-1.4399999999999977,1.4154683554241432,-1.5531293249269607
2021-03-10 00:00:00+00:00,64.45,1.53,0.16,113.5881,13068.83,3898.81,22.56,1.37,-0.2983463239941031,-1.4700000000000024,0.6030283013025661,0.671665104654795
2021-03-11 00:00:00+00:00,66.02,1.54,0.14,112.9214,13398.67,3939.34,21.91,1.4,-0.5869452874024628,-0.6499999999999986,1.0395479646353678,2.435996896819237
2021-03-12 00:00:00+00:00,65.59,1.64,0.14,113.0269,13319.86,3943.34,20.69,1.5,0.0934278179335335,-1.2199999999999989,0.10153985185334946,-0.6513177824901462
2021-03-15 00:00:00+00:00,65.36,1.62,0.14,113.1928,13459.71,3968.94,20.03,1.48,0.14677921804455707,-0.6600000000000001,0.6491958593476621,-0.3506632108553176
2021-03-16 00:00:00+00:00,64.82,1.62,0.15,112.9839,13471.57,3962.71,19.79,1.4700000000000002,-0.18455237435596183,-0.240000000000002,-0.15696886322292825,-0.8261933904528895
2021-03-17 00:00:00+00:00,64.55,1.63,0.13,113.1589,13525.2,3974.12,19.23,1.5,0.15488932493921137,-0.5599999999999987,0.28793426720601367,-0.4165381055229789
2021-03-18 00:00:00+00:00,59.95,1.71,0.16,112.7744,13116.17,3915.46,21.58,1.55,-0.33978767909550456,2.349999999999998,-1.4760500437832724,-7.126258714175049
2021-03-19 00:00:00+00:00,61.43,1.74,0.16,112.9756,13215.24,3913.1,20.95,1.58,0.17840928437660164,-0.629999999999999,-0.060273888636330764,2.468723936613837
2021-03-22 00:00:00+00:00,61.48,1.69,0.15,113.0023,13377.54,3940.59,18.88,1.54,0.02363342172999605,-2.0700000000000003,0.7025120748255897,0.0813934559661389
2021-03-23 00:00:00+00:00,57.75,1.63,0.15,113.2916,13227.7,3910.52,20.3,1.48,0.2560124882413861,1.4200000000000017,-0.7630837006641134,-6.067013662979825
2021-03-24 00:00:00+00:00,61.12,1.62,0.14,113.6565,12961.89,3889.14,21.2,1.48,0.3220891928439551,0.8999999999999986,-0.5467303581109473,5.835497835497838
2021-03-25 00:00:00+00:00,58.47,1.63,0.14,114.0016,12977.68,3909.52,19.81,1.4899999999999998,0.3036341960204636,-1.3900000000000006,0.524023305923671,-4.335732984293195
2021-03-26 00:00:00+00:00,60.93,1.67,0.14,113.7406,13138.72,3974.54,18.86,1.5299999999999998,-0.22894415516975242,-0.9499999999999993,1.6631197691788335,4.207285787583381
2021-03-29 00:00:00+00:00,61.49,1.73,0.14,113.9314,13059.65,3971.09,20.74,1.5899999999999999,0.16775012616427887,1.879999999999999,-0.08680249789911887,0.9190874774331226
2021-03-30 00:00:00+00:00,60.55,1.73,0.16,114.203,13045.39,3958.55,19.61,1.57,0.2383890657009502,-1.129999999999999,-0.3157823166939022,-1.5287038542852627
2021-03-31 00:00:00+00:00,59.19,1.74,0.16,113.8234,13246.87,3972.89,19.4,1.58,-0.3323905676733463,-0.21000000000000085,0.3622538555784205,-2.246077621800169
2021-04-01 00:00:00+00:00,61.41,1.69,0.17,113.7389,13480.11,4019.87,17.33,1.52,-0.07423781050294176,-2.0700000000000003,1.1825144919693331,3.7506335529650325
2021-04-02 00:00:00+00:00,,1.72,0.19,113.7315,,,,1.53,-0.006506129389327597,,,
2021-04-05 00:00:00+00:00,58.73,1.73,0.17,113.394,13705.59,4077.91,17.91,1.56,-0.29675155959429933,,,
2021-04-06 00:00:00+00:00,59.34,1.67,0.16,113.1464,13698.38,4073.94,18.12,1.51,-0.2183537047815598,0.21000000000000085,-0.09735379152555623,1.0386514558147653
2021-04-07 00:00:00+00:00,59.77,1.68,0.16,113.2436,13688.84,4079.95,17.16,1.52,0.08590640091068469,-0.9600000000000009,0.14752303666720756,0.7246376811594235
2021-04-08 00:00:00+00:00,59.61,1.64,0.14,113.0917,13829.31,4097.17,16.95,1.5,-0.1341356156109419,-0.21000000000000085,0.4220639958823158,-0.2676928224861985
2021-04-09 00:00:00+00:00,59.29,1.67,0.16,113.2028,13900.19,4128.8,16.69,1.51,0.09823886279893834,-0.259999999999998,0.7719962803593772,-0.5368226807582643
2021-04-12 00:00:00+00:00,59.7,1.69,0.18,113.1815,13850.0,4127.99,16.91,1.51,-0.01881578900875258,0.21999999999999886,-0.0196182910288778,0.6915162759318694
2021-04-13 00:00:00+00:00,60.2,1.64,0.16,113.0391,13996.1,4141.59,16.65,1.48,-0.12581561474268588,-0.26000000000000156,0.329458162447116,0.8375209380234505
2021-04-14 00:00:00+00:00,63.15,1.64,0.16,112.7849,13857.84,4124.66,16.99,1.48,-0.22487794046486265,0.33999999999999986,-0.40878020277237415,4.900332225913617
2021-04-15 00:00:00+00:00,63.42,1.56,0.16,112.6181,14038.76,4170.42,16.57,1.4000000000000001,-0.14789213804329293,-0.41999999999999815,1.1094247768300924,0.42755344418052843
2021-04-16 00:00:00+00:00,63.16,1.59,0.16,112.4814,14052.34,4185.47,16.25,1.4300000000000002,-0.12138368521579235,-0.3200000000000003,0.36087492386858155,-0.40996531062756913
2021-04-19 00:00:00+00:00,63.33,1.61,0.16,112.1835,13914.77,4163.26,17.29,1.4500000000000002,-0.2648437875061971,1.0399999999999991,-0.5306453038726788,0.2691576947435159
2021-04-20 00:00:00+00:00,62.61,1.58,0.15,112.2354,13786.27,4134.94,18.68,1.4300000000000002,0.04626348794609658,1.3900000000000006,-0.6802361610853236,-1.13690194220748
2021-04-21 00:00:00+00:00,61.34,1.57,0.15,112.1771,13950.22,4173.42,17.5,1.4200000000000002,-0.05194439544029539,-1.1799999999999997,0.9306060063749566,-2.028429963264644
2021-04-22 00:00:00+00:00,61.45,1.57,0.16,112.2297,13818.41,4134.98,18.71,1.4100000000000001,0.04689014067933428,1.2100000000000009,-0.9210671343885979,0.1793283338767493
2021-04-23 00:00:00+00:00,62.18,1.58,0.16,112.0889,14016.81,4180.17,17.33,1.4200000000000002,-0.1254569868760269,-1.3800000000000026,1.0928710658818286,1.1879576891781873
2021-04-26 00:00:00+00:00,62.02,1.58,0.18,111.8109,14138.78,4187.62,17.64,1.4000000000000001,-0.24801742188566012,0.3100000000000023,0.1782224167916624,-0.2573174654229571
2021-04-27 00:00:00+00:00,63.03,1.63,0.17,111.9097,14090.22,4186.72,17.56,1.46,0.0883634779793363,-0.08000000000000185,-0.02149192142553158,1.6285069332473423
2021-04-28 00:00:00+00:00,63.81,1.63,0.17,111.7909,14051.03,4183.18,17.28,1.46,-0.1061570176669302,-0.2799999999999976,-0.08455306301830001,1.2375059495478347
2021-04-29 00:00:00+00:00,65.0,1.65,0.16,111.7464,14082.55,4211.47,17.61,1.49,-0.03980646009648092,0.3299999999999983,0.6762797680233579,1.8649114558846547
2021-04-30 00:00:00+00:00,63.5,1.65,0.16,112.0839,13962.68,4181.17,18.61,1.49,0.3020231524237138,1.0,-0.7194637501869883,-2.3076923076923106
2021-05-03 00:00:00+00:00,64.46,1.63,0.16,112.005,13895.12,4192.66,18.31,1.47,-0.0703936961508389,-0.3000000000000007,0.27480346410215795,1.511811023622034
2021-05-04 00:00:00+00:00,65.72,1.61,0.16,112.2896,13633.5,4164.66,19.48,1.4500000000000002,0.2540957992946735,1.1700000000000017,-0.6678337857112138,1.954700589512881
2021-05-05 00:00:00+00:00,65.63,1.59,0.16,112.1514,13582.42,4167.59,19.15,1.4300000000000002,-0.12307462133626101,-0.33000000000000185,0.07035388242977447,-0.13694461351186904
2021-05-06 00:00:00+00:00,64.73,1.58,0.16,111.8401,13632.84,4201.62,18.39,1.4200000000000002,-0.27757121177264255,-0.759999999999998,0.8165390549454088,-1.3713240895931622
2021-05-07 00:00:00+00:00,64.96,1.6,0.14,111.0249,13752.24,4232.6,16.69,1.46,-0.7288977745906866,-1.6999999999999993,0.7373346471123199,0.3553221072145618
2021-05-10 00:00:00+00:00,64.92,1.63,0.16,110.7905,13401.86,4188.43,19.66,1.47,-0.2111238109649305,2.969999999999999,-1.0435666020885526,-0.061576354679793166
2021-05-11 00:00:00+00:00,65.31,1.64,0.16,110.8921,13389.43,4152.1,21.84,1.48,0.0917046136627242,2.1799999999999997,-0.8673894514173552,0.600739371534198
2021-05-12 00:00:00+00:00,65.96,1.69,0.16,111.5636,13031.68,4063.04,27.59,1.53,0.6055435869642523,5.75,-2.1449387057151936,0.9952534068289554
2021-05-13 00:00:00+00:00,63.82,1.66,0.16,111.5955,13124.99,4112.5,23.13,1.5,0.028593555604161658,-4.460000000000001,1.2173151138064053,-3.2443905397210315
2021-05-14 00:00:00+00:00,65.32,1.63,0.16,111.1353,13429.98,4173.85,18.81,1.47,-0.4123822197131588,-4.32,1.4917933130699224,2.350360388592909
2021-05-17 00:00:00+00:00,66.24,1.64,0.16,111.079,13379.05,4163.29,19.72,1.48,-0.050658971541905906,0.9100000000000001,-0.25300382141189015,1.4084507042253502
2021-05-18 00:00:00+00:00,65.49,1.64,0.16,110.8317,13303.64,4127.83,21.34,1.48,-0.22263434132463455,1.620000000000001,-0.8517302421882755,-1.1322463768115965
2021-05-19 00:00:00+00:00,63.28,1.68,0.16,110.8807,13299.74,4115.68,22.18,1.52,0.044211177848940686,0.8399999999999999,-0.2943435170537412,-3.3745610016796324
2021-05-20 00:00:00+00:00,61.95,1.63,0.15,110.8605,13535.74,4159.12,20.67,1.48,-0.018217778206675028,-1.509999999999998,1.055475644364945,-2.1017699115044253
2021-05-21 00:00:00+00:00,63.61,1.63,0.17,111.0576,13470.99,4155.86,20.15,1.46,0.17779100761767808,-0.5200000000000031,-0.07838196541576359,2.6795803066989476
2021-05-24 00:00:00+00:00,66.13,1.61,0.15,110.9118,13661.17,4197.05,18.4,1.4600000000000002,-0.13128322600163278,-1.75,0.9911305963146155,3.9616412513755694
2021-05-25 00:00:00+00:00,66.27,1.56,0.15,110.842,13657.17,4188.13,18.84,1.4100000000000001,-0.06293288901632055,0.4400000000000013,-0.2125302295660103,0.21170421896266056
2021-05-26 00:00:00+00:00,66.41,1.58,0.14,110.8677,13738.0,4195.99,17.36,1.44,0.023186156871934926,-1.4800000000000004,0.1876732575158746,0.21125697902519835
2021-05-27 00:00:00+00:00,66.87,1.61,0.14,110.8688,13736.28,4200.88,16.74,1.4700000000000002,0.0009921735546036814,-0.620000000000001,0.11653983922745859,0.6926667670531739
2021-05-28 00:00:00+00:00,66.31,1.58,0.14,110.7576,13748.74,4204.11,16.76,1.44,-0.10029873147359147,0.020000000000003126,0.07688865190149663,-0.8374457903394639
2021-06-01 00:00:00+00:00,67.8,1.62,0.16,110.5046,13736.48,4202.04,17.9,1.4600000000000002,-0.22842676258785222,1.139999999999997,-0.04923753184382651,2.2470215653747516
2021-06-02 00:00:00+00:00,68.79,1.59,0.13,110.5799,13756.33,4208.12,17.48,1.46,0.06814195970121784,-0.41999999999999815,0.14469162597214869,1.4601769911504636
2021-06-03 00:00:00+00:00,68.81,1.63,0.16,111.1782,13614.51,4192.85,18.04,1.47,0.5410567381594733,0.5599999999999987,-0.3628698801364849,0.029073993312977997
2021-06-04 00:00:00+00:00,69.57,1.56,0.14,110.7521,13814.49,4229.89,16.42,1.42,-0.38325858846428584,-1.6199999999999974,0.883408659980689,1.104490626362442
2021-06-07 00:00:00+00:00,69.21,1.57,0.16,110.5155,13881.72,4226.52,16.42,1.4100000000000001,-0.21363026073545344,0.0,-0.07967110255822085,-0.5174644243208237
2021-06-08 00:00:00+00:00,70.11,1.53,0.14,110.649,13924.91,4227.26,17.07,1.3900000000000001,0.12079753518736691,0.6499999999999986,0.017508493985585183,1.3003901170351106
2021-06-09 00:00:00+00:00,69.9,1.5,0.16,110.5707,13911.75,4219.55,17.89,1.34,-0.07076430876012951,0.8200000000000003,-0.18238764589828538,-0.2995293110825803
2021-06-10 00:00:00+00:00,70.34,1.45,0.14,110.5456,14020.33,4239.18,16.1,1.31,-0.022700407974274306,-1.7899999999999991,0.4652154850635748,0.6294706723891208
2021-06-11 00:00:00+00:00,71.0,1.47,0.16,111.0933,14069.42,4247.44,15.65,1.31,0.4954516507215123,-0.45000000000000107,0.19484900381676606,0.9382996872334237
2021-06-14 00:00:00+00:00,70.94,1.51,0.16,110.9659,14174.14,4255.15,16.39,1.35,-0.11467838294477728,0.7400000000000002,0.18152110447704484,-0.08450704225352323
2021-06-15 00:00:00+00:00,72.06,1.51,0.16,111.3507,14072.86,4246.59,17.02,1.35,0.34677319789231387,0.629999999999999,-0.20116799642784233,1.5787989850577944
2021-06-16 00:00:00+00:00,72.03,1.57,0.21,111.1165,14039.68,4223.7,18.15,1.36,-0.2103264730262122,1.129999999999999,-0.5390207201542929,-0.04163197335553814
2021-06-17 00:00:00+00:00,71.06,1.52,0.23,112.5772,14161.35,4221.86,17.75,1.29,1.3145662435371852,-0.3999999999999986,-0.04356370007340127,-1.3466611134249629
2021-06-18 00:00:00+00:00,71.64,1.45,0.26,113.0408,14030.38,4166.45,20.7,1.19,0.411806298255768,2.9499999999999993,-1.3124547000611053,0.8162116521249541
2021-06-21 00:00:00+00:00,73.64,1.5,0.27,112.8391,14141.48,4224.79,17.89,1.23,-0.17843115052263991,-2.8099999999999987,1.400232812106239,2.7917364600781758
2021-06-22 00:00:00+00:00,73.15,1.48,0.25,112.9174,14253.27,4246.44,16.66,1.23,0.06939084058628087,-1.2300000000000004,0.5124515064653945,-0.665399239543718
2021-06-23 00:00:00+00:00,73.11,1.5,0.26,112.3819,14271.73,4241.84,16.32,1.24,-0.4742404624973662,-0.33999999999999986,-0.10832603310065858,-0.054682159945329545
2021-06-24 00:00:00+00:00,73.31,1.49,0.26,112.326,14369.71,4266.49,15.97,1.23,-0.04974110599661463,-0.34999999999999964,0.5811157422250579,0.27356038845576247
2021-06-25 00:00:00+00:00,74.21,1.54,0.28,111.9655,14360.39,4280.7,15.62,1.26,-0.3209408329327035,-0.3500000000000014,0.3330606657931945,1.2276633474287202
2021-06-28 00:00:00+00:00,72.98,1.49,0.25,112.0248,14500.51,4290.61,15.76,1.24,0.05296274298778325,0.14000000000000057,0.23150419323942906,-1.6574585635358963
2021-06-29 00:00:00+00:00,73.14,1.49,0.27,112.2613,14528.33,4291.8,16.02,1.22,0.21111396762145684,0.2599999999999998,0.027734984069871516,0.21923814743765035
2021-06-30 00:00:00+00:00,73.52,1.45,0.25,112.5533,14503.95,4297.5,15.83,1.2,0.26010744575377664,-0.1899999999999995,0.1328114078009257,0.5195515449822219
2021-07-01 00:00:00+00:00,75.33,1.48,0.25,112.74,14522.38,4319.94,15.48,1.23,0.16587696673486807,-0.34999999999999964,0.5221640488656032,2.461915125136027
2021-07-02 00:00:00+00:00,75.37,1.44,0.24,112.5425,14639.33,4352.34,15.07,1.2,-0.1751818343090239,-0.41000000000000014,0.750010416811353,0.05309969467677256
2021-07-06 00:00:00+00:00,73.62,1.37,0.22,112.9516,14663.64,4343.54,16.44,1.1500000000000001,0.3635071195326134,1.370000000000001,-0.20219008625245172,-2.3218787315908207
2021-07-07 00:00:00+00:00,72.22,1.33,0.22,113.1048,14665.06,4358.13,16.2,1.11,0.1356333155085876,-0.240000000000002,0.3359011313352811,-1.9016571583808872
2021-07-08 00:00:00+00:00,72.98,1.3,0.19,113.0776,14559.78,4320.82,19.0,1.11,-0.024048493078976385,2.8000000000000007,-0.856101125941644,1.0523400720022336
2021-07-09 00:00:00+00:00,74.56,1.37,0.23,112.8375,14701.92,4369.55,16.18,1.1400000000000001,-0.21233206222982526,-2.8200000000000003,1.127795187024705,2.1649767059468417
2021-07-12 00:00:00+00:00,74.21,1.38,0.23,112.7611,14733.24,4384.63,16.17,1.15,-0.06770798714966775,-0.00999999999999801,0.345115629755921,-0.46942060085838344
2021-07-13 00:00:00+00:00,75.24,1.42,0.26,113.0063,14677.65,4369.21,17.12,1.16,0.2174508762330163,0.9499999999999993,-0.3516830382495284,1.3879531060503991
2021-07-14 00:00:00+00:00,73.06,1.37,0.23,112.8801,14644.95,4374.3,16.33,1.1400000000000001,-0.11167518979030566,-0.7900000000000027,0.11649703264435818,-2.897395002658154
2021-07-15 00:00:00+00:00,71.67,1.31,0.23,113.0041,14543.13,4360.03,17.01,1.08,0.10985107206673561,0.6800000000000033,-0.32622362435132946,-1.9025458527237915
2021-07-16 00:00:00+00:00,71.76,1.31,0.25,113.0428,14427.24,4327.16,18.45,1.06,0.03424654503687563,1.4399999999999977,-0.7538938952254881,0.12557555462537895
2021-07-19 00:00:00+00:00,66.45,1.19,0.21,113.5472,14274.98,4258.49,22.5,0.98,0.44620267721606766,4.050000000000001,-1.5869531055010655,-7.399665551839463
2021-07-20 00:00:00+00:00,67.32,1.23,0.2,113.7502,14498.88,4323.06,19.73,1.03,0.17878027815745323,-2.7699999999999996,1.516265155019747,1.3092550790067659
2021-07-21 00:00:00+00:00,70.26,1.3,0.22,113.3926,14631.95,4358.69,17.91,1.08,-0.3143730736297701,-1.8200000000000003,0.8241847210077813,4.36720142602498
2021-07-22 00:00:00+00:00,72.15,1.27,0.2,113.4695,14684.6,4367.48,17.69,1.07,0.06781747662545357,-0.21999999999999886,0.20166609692362503,2.690008539709643
2021-07-23 00:00:00+00:00,72.24,1.3,0.22,113.4398,14836.99,4411.79,17.2,1.08,-0.026174434539671942,-0.490000000000002,1.0145438559535647,0.1247401247401081
2021-07-26 00:00:00+00:00,72.15,1.29,0.22,113.2238,14840.71,4422.3,17.58,1.07,-0.19040936249887785,0.379999999999999,0.2382253008416102,-0.1245847176079562
2021-07-27 00:00:00+00:00,71.68,1.25,0.2,113.2227,14660.58,4401.46,19.36,1.05,-0.0009715271877430709,1.7800000000000011,-0.47124799312575627,-0.6514206514206533
2021-07-28 00:00:00+00:00,72.37,1.26,0.2,113.1807,14762.58,4400.64,18.31,1.06,-0.037095034829592866,-1.0500000000000007,-0.018630181803303003,0.9626116071428603
2021-07-29 00:00:00+00:00,73.62,1.28,0.2,112.4834,14778.26,4419.15,17.7,1.08,-0.6160944401298107,-0.6099999999999994,0.4206206369982368,1.727235042144537
2021-07-30 00:00:00+00:00,73.93,1.24,0.19,112.6714,14672.68,4395.26,18.24,1.05,0.1671357729229328,0.5399999999999991,-0.5406016994218166,0.42108122792718916
2021-08-02 00:00:00+00:00,71.31,1.2,0.17,112.6691,14681.07,4387.16,19.46,1.03,-0.0020413343581493493,1.2200000000000024,-0.18428943907755624,-3.5438928716353346
2021-08-03 00:00:00+00:00,70.64,1.19,0.17,112.8228,14761.29,4423.15,18.04,1.02,0.1364171720551699,-1.4200000000000017,0.8203484714484954,-0.9395596690506269
2021-08-04 00:00:00+00:00,68.19,1.19,0.17,112.8953,14780.53,4402.66,17.97,1.02,0.06426006090967107,-0.07000000000000028,-0.46324452030791496,-3.4682899207248097
2021-08-05 00:00:00+00:00,69.1,1.23,0.21,112.7674,14895.12,4429.1,17.28,1.02,-0.11329081015774012,-0.6899999999999977,0.6005460335342772,1.334506525883561
2021-08-06 00:00:00+00:00,68.26,1.31,0.21,113.3088,14835.76,4436.52,16.15,1.1,0.4801032922635562,-1.1300000000000026,0.16752839177258672,-1.2156295224312386
2021-08-09 00:00:00+00:00,66.56,1.33,0.23,113.4521,14860.18,4432.35,16.72,1.1,0.12646855319269346,0.5700000000000003,-0.0939925887858073,-2.4904775857017336
2021-08-10 00:00:00+00:00,68.33,1.36,0.24,113.4973,14788.09,4436.75,16.79,1.12,0.03984060233348519,0.07000000000000028,0.0992701388653705,2.6592548076922906
2021-08-11 00:00:00+00:00,69.3,1.35,0.23,113.282,14765.14,4447.7,16.06,1.12,-0.18969614255140987,-0.7300000000000004,0.24680227644109376,1.4195814429972087
2021-08-12 00:00:00+00:00,69.12,1.36,0.23,113.2691,14816.26,4460.83,15.59,1.1300000000000001,-0.011387510813720692,-0.46999999999999886,0.2952087595835984,-0.2597402597402487
2021-08-13 00:00:00+00:00,68.36,1.29,0.23,113.0615,14822.9,4468.0,15.45,1.06,-0.18328034742043364,-0.14000000000000057,0.1607324197514748,-1.099537037037046
2021-08-16 00:00:00+00:00,67.44,1.26,0.21,113.1698,14793.76,4479.71,16.12,1.05,0.09578857524443762,0.6700000000000017,0.26208594449417255,-1.345816266822708
2021-08-17 00:00:00+00:00,66.5,1.26,0.23,113.6174,14656.18,4448.08,17.91,1.03,0.39551187684347955,1.7899999999999991,-0.7060724912996585,-1.393831553973901
2021-08-18 00:00:00+00:00,65.36,1.27,0.23,113.6959,14525.91,4400.27,21.57,1.04,0.06909152999452495,3.66,-1.0748457761550978,-1.7142857142857126
2021-08-19 00:00:00+00:00,63.69,1.24,0.22,114.1106,14541.79,4405.8,21.67,1.02,0.3647449028505001,0.10000000000000142,0.12567410636163956,-2.5550795593635267
2021-08-20 00:00:00+00:00,62.25,1.26,0.23,114.5009,14714.66,4441.67,18.56,1.03,0.34203658555822525,-3.110000000000003,0.8141540696354754,-2.260951483749407
2021-08-23 00:00:00+00:00,65.65,1.25,0.23,113.9418,14942.65,4479.53,17.15,1.02,-0.48829310511969704,-1.4100000000000001,0.8523820995256282,5.461847389558239
2021-08-24 00:00:00+00:00,67.5,1.29,0.24,113.6795,15019.8,4486.23,17.22,1.05,-0.2302052451339187,0.07000000000000028,0.14956926284677152,2.817974105102805
2021-08-25 00:00:00+00:00,68.54,1.35,0.23,113.6322,15041.86,4496.19,16.79,1.12,-0.041608205525189845,-0.4299999999999997,0.22201269217136943,1.5407407407407536
2021-08-26 00:00:00+00:00,67.42,1.34,0.25,113.7883,14945.81,4470.0,18.84,1.09,0.13737303334795392,2.0500000000000007,-0.5824931775569864,-1.6340822877152106
2021-08-27 00:00:00+00:00,68.84,1.31,0.22,113.3404,15129.5,4509.37,16.39,1.09,-0.3936257066851412,-2.4499999999999993,0.8807606263982137,2.106199940670428
2021-08-30 00:00:00+00:00,69.28,1.29,0.2,113.246,15265.89,4528.79,16.19,1.09,-0.08328892433766555,-0.1999999999999993,0.430658828173347,0.6391632771644451
2021-08-31 00:00:00+00:00,68.43,1.3,0.2,113.1076,15259.24,4522.68,16.48,1.1,-0.12221182205109926,0.28999999999999915,-0.1349146239944865,-1.2269053117782813
2021-09-01 00:00:00+00:00,68.63,1.31,0.2,112.8732,15309.38,4524.09,16.11,1.11,-0.20723629535063237,-0.370000000000001,0.03117620525883158,0.2922694724535768
2021-09-02 00:00:00+00:00,70.07,1.29,0.2,112.7863,15331.18,4536.95,16.41,1.09,-0.07698904611546098,0.3000000000000007,0.28425606033477546,2.0982077808538557
2021-09-03 00:00:00+00:00,69.34,1.33,0.21,112.5476,15363.52,4535.43,16.41,1.12,-0.21163917958120226,0.0,-0.0335026835208585,-1.0418153275295938
2021-09-07 00:00:00+00:00,68.49,1.38,0.22,112.9795,15374.33,4520.03,18.14,1.16,0.38374874275417525,1.7300000000000004,-0.3395488410139813,-1.2258436688780017
2021-09-08 00:00:00+00:00,69.36,1.35,0.22,113.2319,15286.64,4514.07,17.96,1.1300000000000001,0.2234033607866781,-0.17999999999999972,-0.13185753191903293,1.270258431887883
2021-09-09 00:00:00+00:00,68.26,1.3,0.23,113.043,15248.25,4493.28,18.8,1.07,-0.1668257796610173,0.8399999999999999,-0.46055998245485563,-1.585928489042665
2021-09-10 00:00:00+00:00,69.82,1.35,0.23,112.9425,15115.49,4458.58,20.95,1.12,-0.0889042222871006,2.1499999999999986,-0.7722643592208756,2.2853794315850884
2021-09-13 00:00:00+00:00,70.54,1.33,0.21,113.0341,15105.58,4468.73,19.37,1.12,0.08110321623835404,-1.5799999999999983,0.22765095613401787,1.0312231452306087
2021-09-14 00:00:00+00:00,70.53,1.28,0.21,113.0061,15037.76,4443.05,19.46,1.07,-0.02477128583320276,0.08999999999999986,-0.574659914561837,-0.014176353841799383
2021-09-15 00:00:00+00:00,72.59,1.31,0.21,112.9773,15161.53,4480.7,18.18,1.1,-0.025485349905896015,-1.2800000000000011,0.8473908688851006,2.92074294626401
2021-09-16 00:00:00+00:00,72.69,1.34,0.23,113.3036,15181.92,4473.75,18.69,1.11,0.2888190813552738,0.5100000000000016,-0.15510969268194286,0.13776002204159976
2021-09-17 00:00:00+00:00,72.09,1.37,0.23,113.5989,15043.97,4432.99,20.81,1.1400000000000001,0.26062719984183413,2.1199999999999974,-0.9110924839340617,-0.8254230293025078
2021-09-20 00:00:00+00:00,70.41,1.31,0.23,113.9422,14713.9,4357.73,25.71,1.08,0.3022036304928921,4.900000000000002,-1.6977254629493954,-2.330420307948411
2021-09-21 00:00:00+00:00,70.51,1.33,0.22,113.8179,14746.4,4354.19,24.36,1.11,-0.10909039846519475,-1.3500000000000014,-0.08123495489623656,0.14202528049993557
2021-09-22 00:00:00+00:00,72.37,1.32,0.25,113.6223,14896.85,4395.64,20.87,1.07,-0.17185346065952123,-3.4899999999999984,0.9519566210937302,2.6379236987661425
2021-09-23 00:00:00+00:00,73.43,1.41,0.27,113.513,15052.24,4448.98,18.63,1.14,-0.09619590520522081,-2.240000000000002,1.2134751708511082,1.4646953157385623
2021-09-24 00:00:00+00:00,74.18,1.47,0.29,113.7597,15047.7,4455.48,17.75,1.18,0.21733193554922536,-0.879999999999999,0.14610090402744635,1.0213809069862467
2021-09-27 00:00:00+00:00,75.54,1.48,0.31,113.7432,14969.97,4443.11,18.76,1.17,-0.01450425765889829,1.0100000000000016,-0.27763563072890074,1.8333782690752143
2021-09-28 00:00:00+00:00,75.44,1.54,0.31,114.2469,14546.68,4352.63,23.25,1.23,0.44283965986537943,4.489999999999998,-2.0364114325326033,-0.1323801959226989
2021-09-29 00:00:00+00:00,75.06,1.55,0.3,114.7092,14512.44,4359.46,22.56,1.25,0.40464992923221477,-0.6900000000000013,0.1569166228234442,-0.5037115588547136
2021-09-30 00:00:00+00:00,75.22,1.52,0.28,114.6403,14448.58,4307.54,23.14,1.24,-0.06006492940409114,0.5800000000000018,-1.1909731939276913,0.21316280309084945
2021-10-01 00:00:00+00:00,76.01,1.48,0.27,114.3798,14566.7,4357.04,21.15,1.21,-0.22723248281799613,-1.990000000000002,1.1491477734391298,1.0502525923956396
2021-10-04 00:00:00+00:00,77.68,1.49,0.27,114.2739,14255.48,4300.46,22.96,1.22,-0.09258627834635158,1.8100000000000023,-1.2985880322420762,2.1970793316668846
2021-10-05 00:00:00+00:00,79.17,1.54,0.28,114.3654,14433.83,4345.72,21.3,1.26,0.08007077731659873,-1.6600000000000001,1.0524455523362564,1.918125643666313
2021-10-06 00:00:00+00:00,77.66,1.53,0.3,114.7185,14501.91,4363.55,21.0,1.23,0.30874722599667503,-0.3000000000000007,0.41028874386752623,-1.9072881141846687
2021-10-07 00:00:00+00:00,78.46,1.58,0.32,114.5044,14654.02,4399.76,19.54,1.26,-0.18663075266849294,-1.4600000000000009,0.829828923697451,1.0301313417460767
2021-10-08 00:00:00+00:00,79.55,1.61,0.32,114.5986,14579.54,4391.34,18.77,1.29,0.08226758098379694,-0.7699999999999996,-0.19137407494954628,1.3892429263318906
2021-10-11 00:00:00+00:00,80.64,,,,14486.2,4361.19,20.0,,,1.2300000000000004,-0.686578584213482,1.3702074167190492
2021-10-12 00:00:00+00:00,80.75,1.59,0.35,114.7542,14465.92,4350.65,19.85,1.2400000000000002,,-0.14999999999999858,-0.24167715692277048,0.13640873015872135
2021-10-13 00:00:00+00:00,80.67,1.56,0.37,114.4705,14571.64,4363.8,18.64,1.19,-0.24722406674438924,-1.2100000000000009,0.3022536862308023,-0.0990712074303346
2021-10-14 00:00:00+00:00,81.43,1.52,0.36,114.2053,14823.43,4438.26,16.86,1.1600000000000001,-0.23167540982175217,-1.7800000000000011,1.706311013337003,0.9421098301723108
2021-10-15 00:00:00+00:00,82.39,1.59,0.41,114.0905,14897.34,4471.37,16.3,1.1800000000000002,-0.10052072889785713,-0.5599999999999987,0.7460130771969053,1.1789266854967284
2021-10-18 00:00:00+00:00,82.62,1.59,0.44,113.9899,15021.81,4486.46,16.31,1.1500000000000001,-0.08817561497233006,0.00999999999999801,0.33748045900920953,0.2791600922442017
2021-10-19 00:00:00+00:00,83.19,1.65,0.41,113.647,15129.09,4519.63,15.7,1.24,-0.3008161249373864,-0.6099999999999994,0.739335690054066,0.6899055918663688
2021-10-20 00:00:00+00:00,84.4,1.65,0.4,113.5083,15121.68,4536.19,15.49,1.25,-0.12204457662762236,-0.20999999999999908,0.3664016744733489,1.4545017429979712
2021-10-21 00:00:00+00:00,82.64,1.68,0.45,113.6188,15215.7,4549.78,15.01,1.23,0.09734970922830044,-0.4800000000000004,0.2995906256131331,-2.0853080568720483
2021-10-22 00:00:00+00:00,84.53,1.66,0.48,113.67,15090.2,4544.9,15.43,1.18,0.04506296493187456,0.41999999999999993,-0.10725793335062406,2.2870280735721282
2021-10-25 00:00:00+00:00,84.64,1.64,0.47,113.605,15226.71,4566.48,15.24,1.17,-0.057183073810151974,-0.1899999999999995,0.47481792778718557,0.130131314326265
2021-10-26 00:00:00+00:00,85.64,1.63,0.47,113.674,15235.71,4574.79,15.98,1.16,0.060736763346680434,0.7400000000000002,0.18197824144636776,1.1814744801512234
2021-10-27 00:00:00+00:00,82.66,1.54,0.5,113.6218,15235.84,4551.68,16.98,1.04,-0.045920791034026465,1.0,-0.5051597996847845,-3.4796823914058916
2021-10-28 00:00:00+00:00,82.78,1.57,0.5,113.4389,15448.12,4596.42,16.53,1.07,-0.16097263025228736,-0.4499999999999993,0.9829337739032606,0.1451729978224181
2021-10-29 00:00:00+00:00,83.5,1.55,0.48,114.1349,15498.39,4605.38,16.26,1.07,0.6135461468684822,-0.2699999999999996,0.19493431844783693,0.8697753080454174
2021-11-01 00:00:00+00:00,84.08,1.58,0.5,114.2067,15595.92,4613.67,16.41,1.08,0.06290801498927134,0.14999999999999858,0.18000686154020507,0.6946107784431055
2021-11-02 00:00:00+00:00,83.91,1.56,0.46,114.2847,15649.6,4630.65,16.03,1.1,0.06829721898977681,-0.379999999999999,0.36803672564356127,-0.2021883920076184
2021-11-03 00:00:00+00:00,80.82,1.6,0.47,114.3593,15811.58,4660.57,15.1,1.1300000000000001,0.06527557932076711,-0.9300000000000015,0.646129593037692,-3.682516982481232
2021-11-04 00:00:00+00:00,78.88,1.53,0.41,114.3558,15940.31,4680.06,15.44,1.12,-0.0030605294016328166,0.33999999999999986,0.4181891914508462,-2.40039594159861
2021-11-05 00:00:00+00:00,81.25,1.45,0.39,114.0732,15971.59,4697.53,16.48,1.06,-0.2471234515433407,1.040000000000001,0.37328581257503046,3.0045638945233266
2021-11-08 00:00:00+00:00,81.96,1.51,0.45,113.8256,15982.36,4701.7,17.22,1.06,-0.2170536111900101,0.7399999999999984,0.08877005575269603,0.8738461538461362
2021-11-09 00:00:00+00:00,84.12,1.46,0.41,113.762,15886.54,4685.25,17.78,1.05,-0.05587495255899855,0.5600000000000023,-0.34987345002870374,2.6354319180087904
2021-11-10 00:00:00+00:00,81.23,1.56,0.51,114.1484,15622.71,4646.71,18.73,1.05,0.33965647580034286,0.9499999999999993,-0.8225815057894437,-3.4355682358535478
2021-11-11 00:00:00+00:00,81.47,,,,15704.28,4649.27,17.66,,,-1.0700000000000003,0.05509274303756584,0.29545734334603946
2021-11-12 00:00:00+00:00,80.87,1.58,0.53,114.5144,15860.96,4682.85,16.29,1.05,,-1.370000000000001,0.7222639253044116,-0.7364674113170433
2021-11-15 00:00:00+00:00,80.85,1.63,0.53,114.5876,15853.85,4682.8,16.49,1.0999999999999999,0.06392209189411968,0.1999999999999993,-0.0010677258507119092,-0.024731049833082164
2021-11-16 00:00:00+00:00,80.76,1.63,0.54,115.136,15973.86,4700.9,16.37,1.0899999999999999,0.4785858155681666,-0.11999999999999744,0.3865208849406221,-0.11131725417438121
2021-11-17 00:00:00+00:00,78.32,1.6,0.52,115.0263,15921.57,4688.67,17.11,1.08,-0.09527862701499412,0.7399999999999984,-0.26016294752068125,-3.02129767211492
2021-11-18 00:00:00+00:00,78.92,1.59,0.52,115.0678,15993.71,4704.54,17.59,1.07,0.03607870547865932,0.4800000000000004,0.338475516511072,0.7660878447395492
2021-11-19 00:00:00+00:00,76.11,1.54,0.52,115.2187,16057.44,4697.96,17.91,1.02,0.13114007567711639,0.3200000000000003,-0.13986489646171663,-3.5605676634566708
2021-11-22 00:00:00+00:00,76.74,1.63,0.63,115.6481,15854.76,4682.94,19.17,0.9999999999999999,0.3726825593414862,1.2600000000000016,-0.31971323723489764,0.8277493102089029
2021-11-23 00:00:00+00:00,78.32,1.67,0.6,116.0118,15775.14,4690.7,19.38,1.0699999999999998,0.31448852164452923,0.2099999999999973,0.16570786727996278,2.058900182434198
2021-11-24 00:00:00+00:00,78.32,1.64,0.64,116.2711,15845.23,4701.46,18.58,0.9999999999999999,0.22351174621892955,-0.8000000000000007,0.2293900697124096,0.0
2021-11-26 00:00:00+00:00,,1.48,0.5,116.5103,15491.66,4594.62,28.62,0.98,0.20572610046691864,10.040000000000003,-2.272485568312821,
2021-11-29 00:00:00+00:00,69.88,1.52,0.51,116.581,15782.83,4655.27,22.96,1.01,0.06068133032015588,-5.66,1.3200221128189193,
2021-11-30 00:00:00+00:00,66.14,1.43,0.52,116.2071,15537.69,4567.0,27.19,0.9099999999999999,-0.3207212152923744,4.23,-1.896130621854386,-5.352032054951339
2021-12-01 00:00:00+00:00,65.44,1.43,0.56,115.889,15254.05,4513.04,31.12,0.8699999999999999,-0.27373542580444443,3.9299999999999997,-1.1815195971097037,-1.0583610523132836
2021-12-02 00:00:00+00:00,66.6,1.44,0.63,116.018,15381.32,4577.1,27.95,0.8099999999999999,0.11131341197181399,-3.1700000000000017,1.4194423271231882,1.7726161369193028
2021-12-03 00:00:00+00:00,66.39,1.35,0.6,116.2377,15085.47,4538.43,30.67,0.7500000000000001,0.18936716716371205,2.7200000000000024,-0.8448580979222631,-0.315315315315301
2021-12-06 00:00:00+00:00,69.62,1.43,0.65,116.1538,15225.15,4591.67,27.18,0.7799999999999999,-0.07217968008658149,-3.490000000000002,1.1730928977641941,4.865190540744102
2021-12-07 00:00:00+00:00,71.94,1.48,0.7,115.8555,15686.92,4686.75,21.89,0.78,-0.2568146715819841,-5.289999999999999,2.0707063007576743,3.3323757540936416
2021-12-08 00:00:00+00:00,72.43,1.52,0.68,115.4418,15786.99,4701.21,19.9,0.84,-0.35708274531637274,-1.990000000000002,0.30852936469836223,0.68112315818738
2021-12-09 00:00:00+00:00,70.87,1.49,0.7,115.7784,15517.37,4667.45,21.58,0.79,0.2915754951845928,1.6799999999999997,-0.7181129964413446,-2.1538036725113896
2021-12-10 00:00:00+00:00,71.71,1.48,0.67,115.5732,15630.6,4712.02,18.69,0.8099999999999999,-0.17723513194171092,-2.889999999999997,0.954911139915815,1.1852688020318691
2021-12-13 00:00:00+00:00,71.19,1.42,0.66,115.842,15413.28,4668.97,20.31,0.7599999999999999,0.2325798714580829,1.6199999999999974,-0.9136209099282255,-0.7251429368288931
2021-12-14 00:00:00+00:00,70.57,1.44,0.67,116.2397,15237.64,4634.09,21.89,0.7699999999999999,0.3433124428100287,1.5800000000000018,-0.7470598440341258,-0.8709088355106087
2021-12-15 00:00:00+00:00,70.89,1.47,0.69,116.4219,15565.58,4709.85,19.29,0.78,0.15674507074605604,-2.6000000000000014,1.6348409288555077,0.4534504747059742
2021-12-16 00:00:00+00:00,72.34,1.44,0.64,115.7146,15180.43,4668.67,20.57,0.7999999999999999,-0.6075317444570016,1.2800000000000011,-0.874337823922211,2.045422485540982
2021-12-17 00:00:00+00:00,70.93,1.41,0.66,115.791,15169.68,4620.64,21.57,0.7499999999999999,0.06602451203219228,1.0,-1.0287726483131143,-1.9491291125241839
2021-12-20 00:00:00+00:00,68.69,1.43,0.65,116.0092,14980.94,4568.02,22.87,0.7799999999999999,0.18844297052449388,1.3000000000000007,-1.1388032826621375,-3.1580431411250665
2021-12-21 00:00:00+00:00,71.1,1.48,0.7,116.1089,15341.09,4649.23,21.01,0.78,0.08594145981526413,-1.8599999999999994,1.7777943178882483,3.508516523511429
2021-12-22 00:00:00+00:00,72.82,1.46,0.68,115.7485,15521.89,4696.56,18.63,0.7799999999999999,-0.31039825543088817,-2.3800000000000026,1.0180180373954517,2.4191279887482375
2021-12-23 00:00:00+00:00,73.89,1.5,0.71,115.5337,15653.37,4725.79,17.96,0.79,-0.18557475906816334,-0.6699999999999982,0.6223704157936716,1.4693765449052654
2021-12-27 00:00:00+00:00,75.49,1.48,0.76,115.4684,15871.26,4791.19,17.68,0.72,-0.05652030533082053,-0.28000000000000114,1.383895602639984,2.1653809717147032
2021-12-28 00:00:00+00:00,76.01,1.49,0.74,115.4192,15781.72,4786.35,17.54,0.75,-0.04260906014112997,-0.14000000000000057,-0.10101874482121298,0.6888329580077013
2021-12-29 00:00:00+00:00,76.58,1.55,0.75,115.3678,15766.22,4793.06,16.95,0.8,-0.044533318546657874,-0.5899999999999999,0.14019033292591576,0.7499013287725287
2021-12-30 00:00:00+00:00,76.83,1.52,0.73,115.283,15741.56,4778.73,17.33,0.79,-0.0735040453228697,0.379999999999999,-0.2989739331450192,0.32645599373204437
2021-12-31 00:00:00+00:00,75.33,1.52,0.73,,15644.97,4766.18,17.22,0.79,,-0.10999999999999943,-0.26262207741385435,-1.9523623584537297
2022-01-03 00:00:00+00:00,75.99,1.63,0.78,115.4101,15832.8,4796.56,16.6,0.8499999999999999,,-0.6199999999999974,0.637407735335227,0.8761449621664585
2022-01-04 00:00:00+00:00,77.0,1.66,0.77,115.3103,15622.72,4793.54,16.91,0.8899999999999999,-0.08647423405750976,0.3099999999999987,-0.0629617892823231,1.3291222529280278
2022-01-05 00:00:00+00:00,77.83,1.71,0.83,115.137,15100.17,4700.58,19.73,0.88,-0.1502901301965176,2.8200000000000003,-1.939276609770646,1.0779220779220777
2022-01-06 00:00:00+00:00,79.47,1.73,0.88,115.4046,15080.86,4696.05,19.61,0.85,0.23241877068187478,-0.120000000000001,-0.09637108612128298,2.107156623409989
2022-01-07 00:00:00+00:00,79.0,1.76,0.87,115.0451,14935.9,4677.03,18.76,0.89,-0.3115127126648298,-0.8499999999999979,-0.40502124125595396,-0.5914181452120304
2022-01-10 00:00:00+00:00,78.11,1.78,0.92,115.2216,14942.83,4670.29,19.4,0.86,0.15341809429518793,0.639999999999997,-0.14410854751839564,-1.1265822784810142
2022-01-11 00:00:00+00:00,81.17,1.75,0.9,114.8332,15153.45,4713.07,18.41,0.85,-0.3370895734827406,-0.9899999999999984,0.9160030747555226,3.917552170016636
2022-01-12 00:00:00+00:00,82.51,1.74,0.92,114.355,15188.39,4726.35,17.62,0.82,-0.41643009164596956,-0.7899999999999991,0.2817696321081753,1.6508562276703165
2022-01-13 00:00:00+00:00,81.97,1.7,0.91,114.177,14806.81,4659.03,20.31,0.7899999999999999,-0.15565563377202274,2.6899999999999977,-1.4243549462058636,-0.6544661253181538
2022-01-14 00:00:00+00:00,83.82,1.78,0.99,114.3825,14893.75,4662.85,19.19,0.79,0.1799837095036505,-1.1199999999999974,0.08199131578892072,2.256923264609001
2022-01-18 00:00:00+00:00,85.42,1.87,1.06,114.7373,14506.9,4577.11,22.79,0.81,0.3101873101217567,3.599999999999998,-1.83878958147915,1.9088523025531101
2022-01-19 00:00:00+00:00,86.84,1.83,1.04,114.6109,14340.26,4532.76,23.85,0.79,-0.11016469796657491,1.0600000000000023,-0.9689520243122751,1.6623741512526324
2022-01-20 00:00:00+00:00,86.29,1.83,1.08,114.4642,14154.02,4482.73,25.59,0.75,-0.1279982968461102,1.7399999999999984,-1.103742532143781,-0.6333486872408978
2022-01-21 00:00:00+00:00,85.16,1.75,1.01,114.6125,13768.92,4397.94,28.85,0.74,0.12956015942102717,3.2600000000000016,-1.8914813071498782,-1.3095376057480679
2022-01-24 00:00:00+00:00,84.48,1.75,0.99,115.2034,13855.13,4410.13,29.9,0.76,0.5155633111571634,1.0499999999999972,0.27717522294530283,-0.7984969469234326
2022-01-25 00:00:00+00:00,86.61,1.78,1.02,115.1654,13539.29,4356.45,31.16,0.76,-0.03298513759142363,1.2600000000000016,-1.2171976789799865,2.521306818181812
2022-01-26 00:00:00+00:00,88.33,1.85,1.13,115.0922,13542.12,4349.93,31.96,0.7200000000000002,-0.06356075696346553,0.8000000000000007,-0.14966314315554285,1.985913866759037
2022-01-27 00:00:00+00:00,87.61,1.81,1.18,115.978,13352.78,4326.51,30.49,0.6300000000000001,0.7696438160014196,-1.4700000000000024,-0.5383994684971971,-0.8151250990603431
2022-01-28 00:00:00+00:00,87.67,1.78,1.15,116.0393,13770.57,4431.85,27.66,0.6300000000000001,0.05285485178223581,-2.8299999999999983,2.4347568825681787,0.06848533272458823
2022-01-31 00:00:00+00:00,89.16,1.79,1.18,115.566,14239.88,4515.55,24.83,0.6100000000000001,-0.40787905476851183,-2.830000000000002,1.8886018254227865,1.6995551499942918
2022-02-01 00:00:00+00:00,88.22,1.81,1.18,115.3685,14346.0,4546.54,21.96,0.6300000000000001,-0.17089801498710866,-2.8699999999999974,0.6862951356977565,-1.0542844324809342
2022-02-02 00:00:00+00:00,88.16,1.78,1.16,115.1538,14417.55,4589.38,22.09,0.6200000000000001,-0.18609932520574635,0.129999999999999,0.9422549895085064,-0.06801178871004288
2022-02-03 00:00:00+00:00,90.17,1.82,1.19,114.9065,13878.82,4477.44,24.35,0.6300000000000001,-0.21475626509938062,2.2600000000000016,-2.4391094221877574,2.279945553539031
2022-02-04 00:00:00+00:00,92.27,1.93,1.31,115.1362,14098.01,4500.53,23.22,0.6199999999999999,0.1999016591750724,-1.1300000000000026,0.5156964694110977,2.3289342353332465
2022-02-07 00:00:00+00:00,91.25,1.92,1.3,115.0098,14015.67,4483.87,22.86,0.6199999999999999,-0.10978302219458724,-0.35999999999999943,-0.3701786234065696,-1.1054513926519904
2022-02-08 00:00:00+00:00,89.32,1.96,1.35,115.0892,14194.45,4521.54,21.44,0.6099999999999999,0.06903759505711982,-1.4199999999999982,0.8401224834796661,-2.115068493150696
2022-02-09 00:00:00+00:00,89.57,1.94,1.36,114.8232,14490.37,4587.18,19.96,0.5799999999999998,-0.23112507515909986,-1.4800000000000004,1.4517177775713597,0.2798925212718295
2022-02-10 00:00:00+00:00,89.83,2.03,1.61,114.5527,14185.64,4504.08,23.91,0.4199999999999997,-0.23557956928564883,3.9499999999999993,-1.8115705073705524,0.2902757619738905
2022-02-11 00:00:00+00:00,93.1,1.92,1.5,114.8413,13791.15,4418.64,27.36,0.41999999999999993,0.25193644497250034,3.4499999999999993,-1.89694676826343,3.6402092842034994
2022-02-14 00:00:00+00:00,95.52,1.98,1.58,115.1946,13790.92,4401.67,28.33,0.3999999999999999,0.30764193717764954,0.9699999999999989,-0.38405482229827426,2.5993555316863537
2022-02-15 00:00:00+00:00,92.07,2.05,1.58,114.93,14139.76,4471.07,25.7,0.46999999999999975,-0.22969826710625973,-2.629999999999999,1.5766743077059386,-3.611809045226133
2022-02-16 00:00:00+00:00,93.83,2.03,1.52,114.6886,14124.09,4475.01,24.29,0.5099999999999998,-0.2100408944575083,-1.4100000000000001,0.08812208263346832,1.9115890083632125
2022-02-17 00:00:00+00:00,91.78,1.97,1.49,114.6755,13716.72,4380.26,28.11,0.48,-0.011422233770397305,3.8200000000000003,-2.1173137043269175,-2.1848023020355933
2022-02-18 00:00:00+00:00,91.26,1.92,1.47,114.7982,13548.07,4348.87,27.75,0.44999999999999996,0.10699757140801847,-0.35999999999999943,-0.7166241273349194,-0.5665722379603388
2022-02-22 00:00:00+00:00,92.11,1.94,1.56,114.7002,13381.52,4304.76,28.81,0.3799999999999999,-0.08536719216851729,1.0599999999999987,-1.0142864698185927,0.9314047775586198
2022-02-23 00:00:00+00:00,92.14,1.99,1.58,114.6668,13037.49,4225.5,31.02,0.4099999999999999,-0.029119391247789395,2.210000000000001,-1.8412176288573612,0.032569753555522496
2022-02-24 00:00:00+00:00,92.77,1.96,1.54,115.9419,13473.59,4288.7,30.32,0.41999999999999993,1.1120045209249918,-0.6999999999999993,1.4956809844988816,0.6837421315389669
2022-02-25 00:00:00+00:00,91.68,1.97,1.55,115.2577,13694.62,4384.65,27.59,0.41999999999999993,-0.5901231565120124,-2.7300000000000004,2.2372746986266234,-1.1749487981028262
2022-02-28 00:00:00+00:00,96.13,1.83,1.44,115.2224,13751.4,4373.94,30.15,0.3900000000000001,-0.030627021014650868,2.5599999999999987,-0.2442612295166069,4.853839441535768
2022-03-01 00:00:00+00:00,103.66,1.72,1.31,115.7962,13532.46,4306.26,33.32,0.4099999999999999,0.4979934457189028,3.1700000000000017,-1.5473463284818578,7.833142619369604
2022-03-02 00:00:00+00:00,110.74,1.86,1.5,115.7623,13752.02,4386.54,30.74,0.3600000000000001,-0.029275572082676504,-2.580000000000002,1.8642627244987553,6.8300212232297985
2022-03-03 00:00:00+00:00,107.69,1.86,1.53,115.9495,13537.94,4363.49,30.48,0.33000000000000007,0.16171067782861925,-0.259999999999998,-0.5254711002293466,-2.754199024742643
2022-03-04 00:00:00+00:00,115.77,1.74,1.5,116.6503,13313.44,4328.87,31.98,0.24,0.6044010539070888,1.5,-0.793401612012401,7.503017921812605
2022-03-07 00:00:00+00:00,119.26,1.78,1.55,117.3278,12830.96,4201.09,36.45,0.22999999999999998,0.580795763062758,4.470000000000002,-2.951809594651711,3.014597909648442
2022-03-08 00:00:00+00:00,123.64,1.86,1.63,117.6176,12795.55,4170.7,35.13,0.2300000000000002,0.247000284672505,-1.3200000000000003,-0.7233836932796112,3.6726479959751757
2022-03-09 00:00:00+00:00,108.81,1.94,1.68,116.5961,13255.55,4277.88,32.45,0.26,-0.8684924705146035,-2.6799999999999997,2.569832402234651,-11.994500161759946
2022-03-10 00:00:00+00:00,105.93,1.98,1.72,116.7401,13129.96,4259.52,30.23,0.26,0.12350327326555721,-2.2200000000000024,-0.42918454935622075,-2.646815550041348
2022-03-11 00:00:00+00:00,109.31,2.0,1.75,117.0192,12843.81,4204.31,30.75,0.25,0.23907808884864323,0.5199999999999996,-1.2961554353542182,3.1907863683564575
2022-03-14 00:00:00+00:00,103.22,2.14,1.87,117.1506,12581.22,4173.11,31.77,0.27,0.11228926535131745,1.0199999999999996,-0.742095611408311,-5.571310950507735
2022-03-15 00:00:00+00:00,96.42,2.15,1.85,117.246,12948.62,4262.45,29.83,0.2999999999999998,0.0814336418251349,-1.9400000000000013,2.1408493905025416,-6.587870567719434
2022-03-16 00:00:00+00:00,94.85,2.19,1.95,116.8073,13436.55,4357.86,26.67,0.24,-0.3741705473960688,-3.1599999999999966,2.2383840279651235,-1.6282928852935141
2022-03-17 00:00:00+00:00,102.97,2.2,1.94,116.0467,13614.78,4411.67,25.67,0.26000000000000023,-0.6511579327661887,-1.0,1.2347803738532281,8.560885608856083
2022-03-18 00:00:00+00:00,104.69,2.14,1.97,116.1378,13893.84,4463.12,23.87,0.17000000000000015,0.07850287858250926,-1.8000000000000007,1.1662250349640857,1.6703894338156777
2022-03-21 00:00:00+00:00,112.14,2.32,2.14,115.9398,13838.46,4461.18,23.53,0.17999999999999972,-0.170487128221819,-0.33999999999999986,-0.043467350194470455,7.11624797019772
2022-03-22 00:00:00+00:00,111.03,2.38,2.18,116.0824,14108.82,4511.61,22.94,0.19999999999999973,0.12299486457627573,-0.5899999999999999,1.1304184094790948,-0.9898341359015461
2022-03-23 00:00:00+00:00,114.89,2.32,2.13,116.005,13922.6,4456.24,23.57,0.18999999999999995,-0.0666767744292085,0.629999999999999,-1.2272780670315009,3.476537872647034
2022-03-24 00:00:00+00:00,114.2,2.34,2.13,115.9599,14191.84,4520.16,21.67,0.20999999999999996,-0.03887763458471083,-1.8999999999999986,1.4343931206577842,-0.6005744625293685
2022-03-25 00:00:00+00:00,116.2,2.48,2.3,115.7921,14169.3,4543.06,20.81,0.18000000000000016,-0.1447051955029255,-0.860000000000003,0.5066192347173759,1.7513134851138368
2022-03-28 00:00:00+00:00,107.55,2.46,2.35,116.1911,14354.9,4575.52,19.63,0.10999999999999988,0.34458309331983905,-1.1799999999999997,0.7144963967017803,-7.444061962134252
2022-03-29 00:00:00+00:00,104.25,2.41,2.35,115.5679,14619.64,4631.6,18.9,0.06000000000000005,-0.5363577761119509,-0.7300000000000004,1.2256530405287291,-3.0683403068340276
2022-03-30 00:00:00+00:00,107.81,2.35,2.31,115.0818,14442.27,4602.45,19.33,0.040000000000000036,-0.4206185281553032,0.4299999999999997,-0.6293721392175655,3.4148681055155894
2022-03-31 00:00:00+00:00,100.53,2.32,2.28,115.2218,14220.52,4530.41,20.56,0.040000000000000036,0.12165259841261378,1.2300000000000004,-1.5652532890091164,-6.752620350616823
2022-04-01 00:00:00+00:00,99.32,2.39,2.44,115.4814,14261.5,4545.86,19.63,-0.04999999999999982,0.22530458645846352,-0.9299999999999997,0.34102873691344016,-1.20362080970855
2022-04-04 00:00:00+00:00,103.29,2.42,2.43,115.4112,14532.55,4582.64,18.57,-0.010000000000000231,-0.06078901017826377,-1.0599999999999987,0.80908782936564,3.997180829641578
2022-04-05 00:00:00+00:00,101.98,2.54,2.51,115.73,14204.17,4525.12,21.03,0.03000000000000025,0.27622969001275255,2.460000000000001,-1.2551716914267819,-1.2682737922354526
2022-04-06 00:00:00+00:00,96.39,2.61,2.5,115.9995,13888.82,4481.15,22.1,0.10999999999999988,0.232869610299824,1.0700000000000003,-0.9716869386889204,-5.48146695430477
2022-04-07 00:00:00+00:00,96.05,2.66,2.47,116.3512,13897.3,4500.21,21.55,0.18999999999999995,0.30319096203001994,-0.5500000000000007,0.42533724601945266,-0.3527336860670194
2022-04-08 00:00:00+00:00,98.35,2.72,2.53,116.4176,13711.0,4488.28,21.16,0.1900000000000004,0.0570685992065334,-0.39000000000000057,-0.26509873983658894,2.394586153045286
2022-04-11 00:00:00+00:00,94.22,2.79,2.5,116.5401,13411.96,4412.53,24.37,0.29000000000000004,0.1052246395734091,3.210000000000001,-1.6877289295676778,-4.199288256227751
2022-04-12 00:00:00+00:00,100.52,2.72,2.39,116.3866,13371.57,4397.45,24.26,0.33000000000000007,-0.1317143197920645,-0.10999999999999943,-0.3417540503973915,6.686478454680533
2022-04-13 00:00:00+00:00,104.26,2.7,2.37,116.2796,13643.59,4446.59,21.82,0.33000000000000007,-0.09193498220585461,-2.4400000000000013,1.1174658040455254,3.720652606446495
2022-04-14 00:00:00+00:00,106.84,2.83,2.47,116.7558,13351.08,4392.59,22.7,0.3599999999999999,0.4095301325425904,0.879999999999999,-1.2144137417661627,2.4745827738346327
2022-04-15 00:00:00+00:00,,,,116.7017,,,,,-0.046336027846149985,,,
2022-04-18 00:00:00+00:00,108.24,2.85,2.46,116.8441,13332.36,4391.69,22.17,0.3900000000000001,0.12202050184357827,,,
2022-04-19 00:00:00+00:00,102.54,2.93,2.61,117.1324,13619.66,4462.21,21.37,0.3200000000000003,0.24673903089673654,-0.8000000000000007,1.6057599693967584,-5.266075388026592
2022-04-20 00:00:00+00:00,102.56,2.85,2.6,116.7306,13453.07,4459.45,20.32,0.25,-0.34303062175794485,-1.0500000000000007,-0.06185275905885579,0.019504583577134582
2022-04-21 00:00:00+00:00,103.89,2.9,2.68,117.1432,13174.65,4393.66,22.68,0.21999999999999975,0.3534634448893348,2.3599999999999994,-1.475294038502506,1.296801872074882
2022-04-22 00:00:00+00:00,102.86,2.9,2.72,118.0186,12839.29,4271.78,28.21,0.17999999999999972,0.7472904957351423,5.530000000000001,-2.773997077607282,-0.9914332467032438
2022-04-25 00:00:00+00:00,99.6,2.81,2.63,118.6271,13004.85,4296.12,27.02,0.18000000000000016,0.5155966940804113,-1.1900000000000013,0.5697858972138148,-3.169356406766488
2022-04-26 00:00:00+00:00,102.62,2.77,2.54,118.9624,12490.74,4175.2,33.52,0.22999999999999998,0.2826504230483584,6.5000000000000036,-2.814632738377887,3.0321285140562315
2022-04-27 00:00:00+00:00,101.96,2.82,2.58,119.4708,12488.93,4183.96,31.6,0.23999999999999977,0.4273619227587844,-1.9200000000000017,0.20981030848821192,-0.643149483531491
2022-04-28 00:00:00+00:00,105.47,2.85,2.63,120.0675,12871.53,4287.5,29.99,0.2200000000000002,0.4994525859038257,-1.610000000000003,2.474689050564538,3.4425264809729406
2022-04-29 00:00:00+00:00,104.59,2.89,2.7,119.4933,12334.64,4131.93,33.4,0.18999999999999995,-0.47823099506526523,3.41,-3.6284548104956182,-0.834360481653551
2022-05-02 00:00:00+00:00,105.18,2.99,2.73,119.8825,12536.02,4155.38,32.34,0.26000000000000023,0.32570863805752026,-1.0599999999999952,0.5675313957399952,0.5641074672530833
2022-05-03 00:00:00+00:00,102.53,2.97,2.78,119.7043,12563.76,4175.48,29.25,0.1900000000000004,-0.1486455487664906,-3.0900000000000034,0.4837102743912469,-2.5194903974139593
2022-05-04 00:00:00+00:00,107.84,2.93,2.66,119.5592,12964.86,4300.17,25.42,0.27,-0.12121536152001067,-3.8299999999999983,2.98624349775356,5.178972008192728
2022-05-05 00:00:00+00:00,108.17,3.05,2.71,120.0068,12317.69,4146.87,31.2,0.33999999999999986,0.37437520491940823,5.779999999999998,-3.5649753381843063,0.30600890207714837
2022-05-06 00:00:00+00:00,109.72,3.12,2.72,119.8577,12144.66,4123.34,30.19,0.3999999999999999,-0.12424295956562359,-1.009999999999998,-0.5674159064547379,1.4329296477766373
2022-05-09 00:00:00+00:00,103.08,3.05,2.61,120.4972,11623.25,3991.24,34.75,0.43999999999999995,0.5335493672913971,4.559999999999999,-3.2037134944001844,-6.051768137076197
2022-05-10 00:00:00+00:00,99.74,2.99,2.62,120.7742,11737.67,4001.05,32.99,0.3700000000000001,0.22988086030213406,-1.759999999999998,0.245788276325154,-3.240201785021346
2022-05-11 00:00:00+00:00,105.5,2.91,2.66,120.3925,11364.24,3935.18,32.56,0.25,-0.31604432072412925,-0.4299999999999997,-1.6463178415666024,5.775015039101672
2022-05-12 00:00:00+00:00,106.15,2.84,2.56,121.2796,11370.96,3930.08,31.77,0.2799999999999998,0.73683991943021,-0.7900000000000027,-0.12960017076728558,0.6161137440758413
2022-05-13 00:00:00+00:00,110.52,2.93,2.61,120.8442,11805.0,4023.89,28.87,0.3200000000000003,-0.35900514183754284,-2.8999999999999986,2.386974310955492,4.116815826660369
2022-05-16 00:00:00+00:00,114.07,2.88,2.58,120.6881,11662.79,4008.01,27.47,0.2999999999999998,-0.12917459009202936,-1.4000000000000021,-0.3946429947140562,3.21208830980817
2022-05-17 00:00:00+00:00,112.31,2.98,2.71,119.8871,11984.52,4088.85,26.1,0.27,-0.6636942664604017,-1.3699999999999974,2.0169610355263545,-1.5429122468659462
2022-05-18 00:00:00+00:00,109.67,2.89,2.68,120.0274,11418.15,3923.68,30.96,0.20999999999999996,0.11702676935216871,4.859999999999999,-4.039522115020122,-2.350636630754166
2022-05-19 00:00:00+00:00,112.21,2.84,2.63,119.4278,11388.5,3900.79,29.35,0.20999999999999996,-0.4995526021558394,-1.6099999999999994,-0.5833809077192775,2.316039026169414
2022-05-20 00:00:00+00:00,112.63,2.78,2.6,119.3677,11354.62,3901.36,29.43,0.17999999999999972,-0.05032329156193782,0.0799999999999983,0.014612424662696633,0.37429819089207506
2022-05-23 00:00:00+00:00,110.32,2.86,2.65,118.7169,11535.27,3973.75,28.48,0.20999999999999996,-0.5452061152221299,-0.9499999999999993,1.8555067976295359,-2.050963331261657
2022-05-24 00:00:00+00:00,112.55,2.76,2.5,118.6245,11264.45,3941.48,29.45,0.2599999999999998,-0.07783222102328846,0.9699999999999989,-0.8120792702107527,2.021392313270498
2022-05-25 00:00:00+00:00,112.88,2.75,2.48,118.9598,11434.74,3978.73,28.37,0.27,0.28265661815223275,-1.0799999999999983,0.9450764687376267,0.2932030208796066
2022-05-26 00:00:00+00:00,116.19,2.75,2.46,118.7687,11740.65,4057.84,27.5,0.29000000000000004,-0.16064250276144332,-0.870000000000001,1.988322907058282,2.932317505315374
2022-05-27 00:00:00+00:00,114.96,2.74,2.47,118.2834,12131.13,4158.24,25.72,0.27,-0.40860933899250496,-1.7800000000000011,2.4742227391912897,-1.0586108959462992
2022-05-30 00:00:00+00:00,,,,,,,26.54,,,0.8200000000000003,,
2022-05-31 00:00:00+00:00,114.38,2.85,2.53,118.0704,12081.39,4132.15,26.19,0.3200000000000003,,-0.34999999999999787,,
2022-06-01 00:00:00+00:00,115.26,2.94,2.66,118.6954,11994.46,4101.23,25.69,0.2799999999999998,0.5293452042171465,-0.5,-0.7482787410912017,0.7693652736492584
2022-06-02 00:00:00+00:00,116.88,2.92,2.65,118.0658,12316.9,4176.82,24.72,0.27,-0.5304333613602608,-0.9700000000000024,1.8431056049039052,1.4055179593961409
2022-06-03 00:00:00+00:00,118.97,2.96,2.66,118.2153,12012.73,4108.54,24.79,0.2999999999999998,0.12662430610728137,0.07000000000000028,-1.6347364741597592,1.7881587953456624
2022-06-06 00:00:00+00:00,118.41,3.04,2.73,118.3081,12061.37,4121.43,25.07,0.31000000000000005,0.07850083703209165,0.28000000000000114,0.31373675320187644,-0.47070690089938694
2022-06-07 00:00:00+00:00,119.55,2.98,2.75,118.4414,12175.23,4160.68,24.02,0.22999999999999998,0.11267191341928218,-1.0500000000000007,0.9523393579413009,0.9627565239422431
2022-06-08 00:00:00+00:00,121.94,3.03,2.78,118.3951,12086.27,4115.77,23.96,0.25,-0.03909106106479987,-0.05999999999999872,-1.0793908688002896,1.9991635299038135
2022-06-09 00:00:00+00:00,121.52,3.04,2.83,118.9226,11754.23,4017.82,26.09,0.20999999999999996,0.4455420874681426,2.129999999999999,-2.3798705952956634,-0.3444316877152742
2022-06-10 00:00:00+00:00,120.73,3.15,3.06,119.9981,11340.02,3900.86,27.75,0.08999999999999986,0.9043697329187195,1.6600000000000001,-2.911031355312088,-0.650098749177086
2022-06-13 00:00:00+00:00,120.92,3.43,3.4,121.1523,10809.23,3749.63,34.02,0.03000000000000025,0.961848562602241,6.270000000000003,-3.876837415339185,0.1573759628924032
2022-06-14 00:00:00+00:00,118.92,3.49,3.45,121.6669,10828.35,3735.48,32.69,0.040000000000000036,0.4247546270273128,-1.3300000000000054,-0.37737056722930706,-1.6539861065167027
2022-06-15 00:00:00+00:00,115.32,3.33,3.2,121.6403,11099.15,3789.99,29.62,0.1299999999999999,-0.021862971769648354,-3.0699999999999967,1.4592502168395916,-3.0272452068617617
2022-06-16 00:00:00+00:00,117.56,3.28,3.14,120.6714,10646.1,3666.77,32.95,0.13999999999999968,-0.796528781990824,3.330000000000002,-3.2511959134456814,1.9424210891432647
2022-06-17 00:00:00+00:00,109.56,3.25,3.17,121.2369,10798.35,3674.84,31.13,0.08000000000000007,0.4686280261934517,-1.8200000000000038,0.22008470670371594,-6.805035726437558
2022-06-20 00:00:00+00:00,,,,,,,31.03,,,-0.09999999999999787,,
2022-06-21 00:00:00+00:00,110.49,3.31,3.21,120.6427,11069.3,3764.79,30.19,0.10000000000000009,,-0.8399999999999999,,
2022-06-22 00:00:00+00:00,106.22,3.16,3.06,120.5197,11053.08,3759.89,28.95,0.10000000000000009,-0.10195395162740928,-1.240000000000002,-0.13015334188627437,-3.8646031315051066
2022-06-23 00:00:00+00:00,105.75,3.09,3.01,120.7622,11232.19,3795.73,29.05,0.08000000000000007,0.20121191805158034,0.10000000000000142,0.9532193760987795,-0.4424778761061954
2022-06-24 00:00:00+00:00,109.07,3.13,3.04,120.4853,11607.62,3911.74,27.23,0.08999999999999986,-0.22929360346202188,-1.8200000000000003,3.056329085577736,3.139479905437348
2022-06-27 00:00:00+00:00,111.44,3.2,3.08,120.1736,11524.55,3900.11,26.95,0.1200000000000001,-0.2587037588817953,-0.28000000000000114,-0.2973101484249896,2.172916475657849
2022-06-28 00:00:00+00:00,113.66,3.2,3.1,120.62,11181.54,3821.55,28.36,0.10000000000000009,0.3714626174134761,1.4100000000000001,-2.014302160708281,1.9921033740129213
2022-06-29 00:00:00+00:00,111.65,3.1,3.06,120.9616,11177.89,3818.83,28.16,0.040000000000000036,0.2832034488476243,-0.1999999999999993,-0.0711753084481459,-1.768432166109446
2022-06-30 00:00:00+00:00,107.76,2.98,2.92,120.9652,11028.74,3785.38,28.71,0.06000000000000005,0.00297615110911309,0.5500000000000007,-0.8759227302603145,-3.484102104791764
2022-07-01 00:00:00+00:00,110.3,2.88,2.84,121.5058,11127.85,3825.33,26.7,0.040000000000000036,0.44690539097194115,-2.0100000000000016,1.0553762105785847,2.3570898292501807
2022-07-04 00:00:00+00:00,,,,,,,27.53,,,0.8300000000000018,,
2022-07-05 00:00:00+00:00,101.55,2.82,2.82,122.6203,11322.24,3831.39,27.54,0.0,,0.00999999999999801,,
2022-07-06 00:00:00+00:00,100.31,2.93,2.97,123.0073,11361.85,3845.08,26.73,-0.040000000000000036,0.3156084269896553,-0.8099999999999987,0.3573115762164569,-1.2210733628754245
2022-07-07 00:00:00+00:00,104.62,3.01,3.03,122.7257,11621.35,3902.62,26.08,-0.020000000000000018,-0.22892950255797295,-0.6500000000000021,1.4964578110208349,4.296680291097599
2022-07-08 00:00:00+00:00,106.78,3.09,3.12,122.4662,11635.31,3899.38,24.64,-0.03000000000000025,-0.21144715410057469,-1.4399999999999977,-0.08302114989416909,2.064614796406028
2022-07-11 00:00:00+00:00,106.09,2.99,3.07,123.2974,11372.6,3854.43,26.17,-0.07999999999999963,0.678717882975044,1.5300000000000011,-1.1527473598367033,-0.6461884247986438
2022-07-12 00:00:00+00:00,97.69,2.96,3.03,123.4524,11264.73,3818.8,27.29,-0.06999999999999984,0.1257123021247919,1.1199999999999974,-0.9243908956706903,-7.917805636723541
2022-07-13 00:00:00+00:00,98.44,2.91,3.13,123.2834,11247.58,3801.78,26.82,-0.21999999999999975,-0.1368948679815074,-0.46999999999999886,-0.44568974546977946,0.7677346708977462
2022-07-14 00:00:00+00:00,97.79,2.96,3.15,124.0622,11251.19,3790.38,26.4,-0.18999999999999995,0.6317152187561348,-0.4200000000000017,-0.299859539478875,-0.6603006907760944
2022-07-15 00:00:00+00:00,99.59,2.93,3.13,123.4765,11452.42,3863.16,24.23,-0.19999999999999973,-0.4721018972741131,-2.169999999999998,1.9201241036518768,1.84067900603333
2022-07-18 00:00:00+00:00,104.48,2.96,3.15,122.7727,11360.05,3830.85,25.3,-0.18999999999999995,-0.5699870015752007,1.0700000000000003,-0.8363619420370894,4.910131539311169
2022-07-19 00:00:00+00:00,106.12,3.01,3.23,122.4819,11713.15,3936.69,24.5,-0.2200000000000002,-0.23686047468207683,-0.8000000000000007,2.7628333137554417,1.5696784073506942
2022-07-20 00:00:00+00:00,104.45,3.04,3.25,122.5997,11897.65,3959.9,23.88,-0.20999999999999996,0.09617747601891047,-0.620000000000001,0.5895816028186118,-1.5736901620806654
2022-07-21 00:00:00+00:00,98.44,2.91,3.1,122.9032,12059.61,3998.95,23.11,-0.18999999999999995,0.24755362370381118,-0.7699999999999996,0.9861360135356989,-5.753949258018198
2022-07-22 00:00:00+00:00,97.71,2.77,2.98,122.451,11834.11,3961.63,23.03,-0.20999999999999996,-0.36793183578621713,-0.0799999999999983,-0.9332449768064022,-0.7415684681024048
2022-07-25 00:00:00+00:00,99.83,2.81,3.0,122.4594,11782.67,3966.84,23.36,-0.18999999999999995,0.006859886811882987,0.3299999999999983,0.13151152429682345,2.169685804932975
2022-07-26 00:00:00+00:00,97.74,2.81,3.02,122.7581,11562.57,3921.05,24.69,-0.20999999999999996,0.24391757594761643,1.3300000000000018,-1.1543193070554847,-2.0935590503856627
2022-07-27 00:00:00+00:00,100.03,2.78,2.96,122.8169,12032.42,4023.61,23.24,-0.18000000000000016,0.047899079571944725,-1.4500000000000028,2.6156259165274642,2.342950685492129
2022-07-28 00:00:00+00:00,99.11,2.68,2.85,122.1161,12162.59,4072.43,22.33,-0.16999999999999993,-0.570605511130795,-0.9100000000000001,1.2133382708562568,-0.919724082775164
2022-07-29 00:00:00+00:00,101.31,2.67,2.89,121.7678,12390.69,4130.29,21.33,-0.2200000000000002,-0.2852203763467842,-1.0,1.4207733466259809,2.219755826859049
2022-08-01 00:00:00+00:00,96.59,2.6,2.9,121.4109,12368.98,4118.63,22.84,-0.2999999999999998,-0.29309883236783296,1.5100000000000016,-0.28230463236237346,-4.658967525417035
2022-08-02 00:00:00+00:00,97.14,2.75,3.06,121.9486,12348.76,4091.19,23.93,-0.31000000000000005,0.44287621622112194,1.0899999999999999,-0.6662409587654183,0.5694171239258639
2022-08-03 00:00:00+00:00,93.25,2.73,3.1,122.3888,12668.16,4155.17,21.95,-0.3700000000000001,0.36097175367326706,-1.9800000000000004,1.5638481713144525,-4.004529544986612
2022-08-04 00:00:00+00:00,91.29,2.68,3.03,121.8333,12720.58,4151.94,21.44,-0.34999999999999964,-0.4538814009125147,-0.509999999999998,-0.07773448499099889,-2.1018766756032092
2022-08-05 00:00:00+00:00,91.77,2.83,3.24,122.321,12657.55,4145.19,21.15,-0.41000000000000014,0.4003010671138396,-0.2900000000000027,-0.16257460367924415,0.5257969109431437
2022-08-08 00:00:00+00:00,93.52,2.77,3.21,121.8783,12644.46,4140.06,21.29,-0.43999999999999995,-0.3619165964961035,0.14000000000000057,-0.12375789770792123,1.9069412662090057
2022-08-09 00:00:00+00:00,93.18,2.8,3.28,121.8614,12493.93,4122.47,21.77,-0.48,-0.013866291210162807,0.4800000000000004,-0.4248730694724312,-0.36355859709151783
2022-08-10 00:00:00+00:00,94.68,2.78,3.23,120.7543,12854.8,4210.24,19.74,-0.4500000000000002,-0.9084911218810943,-2.030000000000001,2.1290634013103604,1.6097875080489432
2022-08-11 00:00:00+00:00,97.02,2.87,3.23,120.7163,12779.91,4207.27,20.2,-0.3599999999999999,-0.031468858665895105,0.46000000000000085,-0.07054229687617486,2.4714828897338226
2022-08-12 00:00:00+00:00,94.86,2.84,3.25,121.018,13047.19,4280.15,19.53,-0.41000000000000014,0.24992482373962233,-0.6699999999999982,1.7322396708554288,-2.226345083487935
2022-08-15 00:00:00+00:00,92.24,2.79,3.2,121.4315,13128.05,4297.14,19.95,-0.41000000000000014,0.34168470805995277,0.41999999999999815,0.396948705068767,-2.7619650010541896
2022-08-16 00:00:00+00:00,89.23,2.82,3.25,121.6807,13102.55,4305.2,19.69,-0.43000000000000016,0.2052185800224926,-0.259999999999998,0.18756661407353103,-3.2632263660017258
2022-08-17 00:00:00+00:00,90.85,2.89,3.28,122.0711,12938.12,4274.04,19.9,-0.3899999999999997,0.3208397058859891,0.2099999999999973,-0.7237758989129373,1.8155328925249181
2022-08-18 00:00:00+00:00,93.2,2.88,3.22,122.3627,12965.34,4283.74,19.56,-0.3400000000000003,0.23887717895554328,-0.33999999999999986,0.22695154935377104,2.5866813428728763
2022-08-19 00:00:00+00:00,93.55,2.98,3.25,123.0501,12705.22,4228.48,20.6,-0.27,0.5617725009336993,1.0400000000000027,-1.2899942573545653,0.375536480686689
2022-08-22 00:00:00+00:00,93.42,3.03,3.32,123.605,12381.57,4137.99,23.8,-0.29000000000000004,0.45095452990286944,3.1999999999999993,-2.1400124867564707,-0.13896312132548605
2022-08-23 00:00:00+00:00,96.46,3.05,3.29,123.0547,12381.3,4128.73,24.11,-0.2400000000000002,-0.4452085271631434,0.3099999999999987,-0.22378014446627903,3.2541211731963005
2022-08-24 00:00:00+00:00,95.52,3.11,3.36,123.109,12431.53,4140.77,22.82,-0.25,0.04412671763045495,-1.2899999999999991,0.29161509713642175,-0.9744972009122943
2022-08-25 00:00:00+00:00,93.33,3.03,3.35,123.0586,12639.27,4199.12,21.78,-0.3200000000000003,-0.04093933018706197,-1.0399999999999991,1.409158200044902,-2.2927135678391886
2022-08-26 00:00:00+00:00,93.63,3.04,3.37,123.0656,12141.71,4057.66,25.56,-0.33000000000000007,0.005688346852639192,3.7799999999999976,-3.3688010821315006,0.32144005143039944
2022-08-29 00:00:00+00:00,97.4,3.12,3.42,123.4686,12017.67,4030.61,26.21,-0.2999999999999998,0.3274676270216714,0.6500000000000021,-0.6666403789376107,4.026487236996701
2022-08-30 00:00:00+00:00,92.08,3.11,3.46,123.6848,11883.14,3986.16,26.21,-0.3500000000000001,0.17510524943185057,0.0,-1.1028107408059928,-5.4620123203285464
2022-08-31 00:00:00+00:00,90.09,3.15,3.45,123.535,11816.2,3955.0,25.87,-0.30000000000000027,-0.1211143163913464,-0.33999999999999986,-0.7817046982559583,-2.16116420503909
2022-09-01 00:00:00+00:00,87.09,3.26,3.51,124.4006,11785.13,3966.85,25.56,-0.25,0.7006921115473297,-0.3100000000000023,0.2996207332490508,-3.3300033300033283
2022-09-02 00:00:00+00:00,87.29,3.2,3.4,123.7743,11630.86,3924.26,25.47,-0.19999999999999973,-0.5034541634043599,-0.08999999999999986,-1.0736478566116592,0.22964749110117033
2022-09-05 00:00:00+00:00,,,,,,,25.99,,,0.5199999999999996,,
2022-09-06 00:00:00+00:00,87.35,3.33,3.5,124.767,11544.91,3908.19,26.91,-0.16999999999999993,,0.9200000000000017,,
2022-09-07 00:00:00+00:00,82.5,3.27,3.45,124.8408,11791.9,3979.87,24.64,-0.18000000000000016,0.059150256077322716,-2.2699999999999996,1.8340971140093032,-5.552375500858608
2022-09-08 00:00:00+00:00,84.04,3.29,3.48,124.578,11862.13,4006.18,23.61,-0.18999999999999995,-0.2105081031201328,-1.0300000000000011,0.6610768693449787,1.8666666666666831
2022-09-09 00:00:00+00:00,87.27,3.33,3.56,123.7874,12112.31,4067.36,22.79,-0.22999999999999998,-0.6346224855110827,-0.8200000000000003,1.5271405678227268,3.843407900999507
2022-09-12 00:00:00+00:00,88.18,3.37,3.58,123.3332,12266.41,4110.41,23.87,-0.20999999999999996,-0.3669194118302799,1.0800000000000018,1.058426104401855,1.0427409189870618
2022-09-13 00:00:00+00:00,87.84,3.42,3.75,124.4242,11633.57,3932.69,27.27,-0.33000000000000007,0.8845955509141135,3.3999999999999986,-4.3236562775976095,-0.3855749603084657
2022-09-14 00:00:00+00:00,88.88,3.41,3.78,124.4509,11719.68,3946.01,26.16,-0.36999999999999966,0.02145884803761433,-1.1099999999999994,0.33869946525153516,1.1839708561020013
2022-09-15 00:00:00+00:00,85.72,3.45,3.87,124.8843,11552.36,3901.35,26.27,-0.41999999999999993,0.348249791684907,0.10999999999999943,-1.1317761485652666,-3.5553555355535504
2022-09-16 00:00:00+00:00,85.57,3.45,3.85,124.8794,11448.4,3873.33,26.3,-0.3999999999999999,-0.003923631713509401,0.030000000000001137,-0.7182129262947479,-0.1749883341110703
2022-09-19 00:00:00+00:00,86.15,3.49,3.95,125.0104,11535.02,3899.89,25.76,-0.45999999999999996,0.10490120868613673,-0.5399999999999991,0.6857148758303566,0.6778076428655133
2022-09-20 00:00:00+00:00,84.69,3.57,3.96,125.1248,11425.05,3855.93,27.16,-0.3900000000000001,0.09151238616946777,1.3999999999999986,-1.1272112803181633,-1.6947185142193955
2022-09-21 00:00:00+00:00,83.38,3.51,4.02,125.7399,11220.19,3789.93,27.99,-0.5099999999999998,0.49158919734537676,0.8299999999999983,-1.7116493297336777,-1.5468178061164295
2022-09-22 00:00:00+00:00,84.02,3.7,4.11,126.1667,11066.81,3757.99,27.35,-0.41000000000000014,0.3394308409661484,-0.639999999999997,-0.8427596288058115,0.7675701607100072
2022-09-23 00:00:00+00:00,79.07,3.69,4.2,127.2853,10867.93,3693.23,29.92,-0.5100000000000002,0.8866047855733639,2.5700000000000003,-1.723261637204987,-5.891454415615338
2022-09-26 00:00:00+00:00,77.17,3.88,4.27,128.4539,10802.92,3655.04,32.26,-0.3899999999999997,0.9180950196134186,2.3399999999999963,-1.0340542018774879,-2.4029341090173184
2022-09-27 00:00:00+00:00,78.91,3.97,4.3,128.4386,10829.5,3647.29,32.6,-0.3299999999999996,-0.011910887874944098,0.3400000000000034,-0.21203598319033956,2.254762213295325
2022-09-28 00:00:00+00:00,82.61,3.72,4.07,128.0884,11051.64,3719.04,30.18,-0.3500000000000001,-0.27265946530092844,-2.4200000000000017,1.9672140136923533,4.688886072741094
2022-09-29 00:00:00+00:00,81.78,3.76,4.16,127.5437,10737.51,3640.47,31.84,-0.40000000000000036,-0.4252531845194474,1.6600000000000001,-2.1126419721218426,-1.0047209780898125
2022-09-30 00:00:00+00:00,79.91,3.83,4.22,127.5148,10575.62,3585.62,31.62,-0.3899999999999997,-0.02265890043962049,-0.21999999999999886,-1.506673588849794,-2.286622646123748
2022-10-03 00:00:00+00:00,84.05,3.67,4.12,127.0813,10815.43,3678.43,30.1,-0.4500000000000002,-0.33996053791403025,-1.5199999999999996,2.588394754603107,5.180828431985995
2022-10-04 00:00:00+00:00,86.87,3.62,4.1,126.1819,11176.41,3790.93,29.07,-0.47999999999999954,-0.7077359139385564,-1.0300000000000011,3.0583700111188827,3.3551457465794243
2022-10-05 00:00:00+00:00,88.22,3.76,4.15,126.8616,11148.64,3783.28,28.55,-0.39000000000000057,0.5386667976944315,-0.5199999999999996,-0.20179744811957834,1.5540462760446516
2022-10-06 00:00:00+00:00,88.9,3.83,4.23,127.2493,11073.31,3744.52,30.52,-0.40000000000000036,0.3056086317688056,1.9699999999999989,-1.0245078344716774,0.7708002720471674
2022-10-07 00:00:00+00:00,93.07,3.89,4.3,127.3111,10652.4,3639.66,31.36,-0.4099999999999997,0.04856608248531291,0.8399999999999999,-2.8003589245083504,4.690663667041606
2022-10-10 00:00:00+00:00,91.6,,,,10542.1,3612.39,32.45,,,1.0900000000000034,-0.7492458086744369,-1.5794563231975922
2022-10-11 00:00:00+00:00,89.75,3.93,4.3,127.6641,10426.19,3588.84,33.63,-0.36999999999999966,,1.1799999999999997,-0.6519229651283376,-2.019650655021832
2022-10-12 00:00:00+00:00,87.83,3.91,4.28,128.1481,10417.1,3577.03,33.57,-0.3700000000000001,0.3791198935330975,-0.060000000000002274,-0.3290756901951575,-2.1392757660167128
2022-10-13 00:00:00+00:00,89.59,3.97,4.47,127.7286,10649.15,3669.91,31.94,-0.49999999999999956,-0.327355614324365,-1.629999999999999,2.5965675434648228,2.0038711146533217
2022-10-14 00:00:00+00:00,86.1,4.0,4.48,128.3325,10321.39,3583.07,32.02,-0.4800000000000004,0.4727993573874656,0.08000000000000185,-2.3662705624933444,-3.895524054023891
2022-10-17 00:00:00+00:00,86.0,4.02,4.45,127.6448,10675.8,3677.95,31.37,-0.4300000000000006,-0.5358736095688932,-0.6500000000000021,2.6480085513260976,-0.11614401858303092
2022-10-18 00:00:00+00:00,83.29,4.01,4.43,127.9153,10772.4,3719.98,30.5,-0.41999999999999993,0.21191619243401405,-0.870000000000001,1.1427561549232745,-3.1511627906976702
2022-10-19 00:00:00+00:00,86.0,4.14,4.55,128.3968,10680.51,3695.16,30.76,-0.41000000000000014,0.3764209598070112,0.26000000000000156,-0.6672078882144605,3.253691919798296
2022-10-20 00:00:00+00:00,86.02,4.24,4.62,128.0052,10614.84,3665.78,29.98,-0.3799999999999999,-0.3049920247233606,-0.7800000000000011,-0.7950941231232078,0.023255813953482196
2022-10-21 00:00:00+00:00,85.47,4.21,4.49,127.6735,10859.72,3752.75,29.69,-0.28000000000000025,-0.25913009783977703,-0.28999999999999915,2.3724828003862664,-0.6393861892583064
2022-10-24 00:00:00+00:00,86.12,4.25,4.5,128.0304,10952.61,3797.34,29.85,-0.25,0.27954117338364615,0.16000000000000014,1.1881953234294862,0.7605007605007597
2022-10-25 00:00:00+00:00,86.93,4.1,4.42,127.3771,11199.12,3859.11,28.46,-0.3200000000000003,-0.5102694360089366,-1.3900000000000006,1.6266649812763712,0.9405480724570481
2022-10-26 00:00:00+00:00,89.39,4.04,4.39,126.4723,10970.99,3830.6,27.28,-0.34999999999999964,-0.7103317629306938,-1.1799999999999997,-0.7387713747470381,2.8298631082479986
2022-10-27 00:00:00+00:00,89.06,3.96,4.3,126.7028,10792.67,3807.3,27.39,-0.33999999999999986,0.18225334717560937,0.10999999999999943,-0.6082598026418751,-0.3691688108289459
2022-10-28 00:00:00+00:00,87.85,4.02,4.41,127.2135,11102.45,3901.06,25.75,-0.39000000000000057,0.4030692297249949,-1.6400000000000006,2.4626375646783716,-1.3586346283404493
2022-10-31 00:00:00+00:00,86.54,4.1,4.51,127.6219,10988.15,3871.98,25.88,-0.41000000000000014,0.32103511026737586,0.129999999999999,-0.7454384193014141,-1.4911781445645866
2022-11-01 00:00:00+00:00,88.36,4.07,4.54,127.3987,10890.85,3856.1,25.81,-0.46999999999999975,-0.17489161342997273,-0.07000000000000028,-0.410126085362017,2.103073723133808
2022-11-02 00:00:00+00:00,90.06,4.1,4.61,127.3115,10524.8,3759.69,25.86,-0.5100000000000007,-0.06844653830848646,0.05000000000000071,-2.500194497030672,1.9239474875509366
2022-11-03 00:00:00+00:00,88.14,4.14,4.71,128.1743,10342.94,3719.89,25.3,-0.5700000000000003,0.6777078268656034,-0.5599999999999987,-1.0585979163175718,-2.131912058627583
2022-11-04 00:00:00+00:00,92.58,4.17,4.66,127.1468,10475.25,3770.55,24.55,-0.4900000000000002,-0.8016427630187839,-0.75,1.3618682272863003,5.037440435670515
2022-11-07 00:00:00+00:00,91.8,4.22,4.72,126.3062,10564.52,3806.8,24.35,-0.5,-0.6611255650948333,-0.1999999999999993,0.961398204505981,-0.8425145819831559
2022-11-08 00:00:00+00:00,88.8,4.14,4.67,125.633,10616.2,3828.11,25.54,-0.5300000000000002,-0.5329904628593174,1.1899999999999977,0.5597877482399927,-3.26797385620915
2022-11-09 00:00:00+00:00,85.79,4.12,4.61,125.9861,10353.17,3748.57,26.09,-0.4900000000000002,0.28105672872573706,0.5500000000000007,-2.0777877333723382,-3.38963963963963
2022-11-10 00:00:00+00:00,86.52,3.82,4.34,124.7044,11114.15,3956.37,23.53,-0.52,-1.0173344519752492,-2.5599999999999987,5.543447234545429,0.850915025061183
2022-11-11 00:00:00+00:00,89.14,,,,11323.33,3992.93,22.52,,,-1.0100000000000016,0.9240793960120008,3.0282015718908983
2022-11-14 00:00:00+00:00,85.85,3.88,4.4,123.4277,11196.22,3957.25,23.73,-0.5200000000000005,,1.2100000000000009,-0.8935794015923149,-3.690823423827694
2022-11-15 00:00:00+00:00,86.87,3.8,4.37,123.039,11358.41,3991.73,24.54,-0.5700000000000003,-0.3149212048835115,0.8099999999999987,0.8713121485880437,1.1881188118811892
2022-11-16 00:00:00+00:00,85.62,3.67,4.35,123.2817,11183.66,3958.79,24.11,-0.6799999999999997,0.19725452905177132,-0.4299999999999997,-0.8252061136399536,-1.4389317370783972
2022-11-17 00:00:00+00:00,81.69,3.77,4.43,123.977,11144.96,3946.56,23.93,-0.6599999999999997,0.5639928716103082,-0.17999999999999972,-0.3089327799655983,-4.590049053959366
2022-11-18 00:00:00+00:00,80.07,3.82,4.51,123.8524,11146.06,3965.34,23.12,-0.69,-0.10050251256281673,-0.8099999999999987,0.4758574556069206,-1.9831068674256436
2022-11-21 00:00:00+00:00,79.74,3.83,4.48,124.7009,11024.51,3949.94,22.36,-0.6500000000000004,0.6850896712538468,-0.7600000000000016,-0.38836518432215916,-0.4121393780442073
2022-11-22 00:00:00+00:00,80.83,3.76,4.47,124.2365,11174.41,4003.58,21.29,-0.71,-0.372411105292747,-1.0700000000000003,1.3579953113211918,1.3669425633308308
2022-11-23 00:00:00+00:00,77.93,3.71,4.46,123.7574,11285.32,4027.26,20.35,-0.75,-0.385635461398226,-0.9399999999999977,0.5914706337827758,-3.587776815538779
2022-11-24 00:00:00+00:00,,,,,,,20.42,,,0.07000000000000028,,
2022-11-25 00:00:00+00:00,76.45,3.68,4.42,123.3386,11226.36,4026.12,20.5,-0.7399999999999998,,0.0799999999999983,,
2022-11-28 00:00:00+00:00,77.1,3.69,4.46,123.6032,11049.5,3963.94,22.21,-0.77,0.21453137947082812,1.7100000000000009,-1.544414970244301,0.8502289077828573
2022-11-29 00:00:00+00:00,77.96,3.75,4.48,123.6615,10983.78,3957.63,21.89,-0.7300000000000004,0.047167063635900064,-0.3200000000000003,-0.15918505325509535,1.1154345006485045
2022-11-30 00:00:00+00:00,80.48,3.68,4.38,123.5175,11468.0,4080.11,20.58,-0.6999999999999997,-0.11644691355030545,-1.3100000000000023,3.0947814727501077,3.2324268855823624
2022-12-01 00:00:00+00:00,81.06,3.53,4.25,122.0045,11482.45,4076.57,19.84,-0.7200000000000002,-1.2249276418321298,-0.7399999999999984,-0.08676236670089876,0.7206759443340038
2022-12-02 00:00:00+00:00,79.86,3.51,4.28,122.0102,11461.5,4071.7,19.06,-0.7700000000000005,0.004671958821189648,-0.7800000000000011,-0.11946317615054713,-1.4803849000740277
2022-12-05 00:00:00+00:00,76.83,3.6,4.41,122.6384,11239.94,3998.84,20.75,-0.81,0.5148749858618462,1.6900000000000013,-1.7894245646781326,-3.794139744552971
2022-12-06 00:00:00+00:00,74.21,3.51,4.34,123.0191,11014.89,3941.26,22.17,-0.8300000000000001,0.3104247935393767,1.4200000000000017,-1.4399175760970717,-3.410126252765855
2022-12-07 00:00:00+00:00,71.93,3.42,4.26,122.7608,10958.55,3933.92,22.68,-0.8399999999999999,-0.20996739530689812,0.509999999999998,-0.1862348589029894,-3.072362215334845
2022-12-08 00:00:00+00:00,71.3,3.48,4.31,122.4152,11082.0,3963.51,22.29,-0.8299999999999996,-0.2815230920619638,-0.39000000000000057,0.7521759466384781,-0.8758515223133756
2022-12-09 00:00:00+00:00,71.05,3.57,4.33,122.4201,11004.62,3934.38,22.83,-0.7600000000000002,0.004002770897737484,0.5399999999999991,-0.7349546235533633,-0.3506311360448766
2022-12-12 00:00:00+00:00,72.96,3.61,4.39,122.7714,11143.74,3990.56,25.0,-0.7799999999999998,0.2869626801481173,2.1700000000000017,1.4279251114533986,2.6882477128782556
2022-12-13 00:00:00+00:00,75.44,3.51,4.22,121.8493,11256.81,4019.65,22.55,-0.71,-0.7510706891018626,-2.4499999999999993,0.7289703700733785,3.3991228070175517
2022-12-14 00:00:00+00:00,77.14,3.49,4.23,121.8226,11170.89,3995.32,21.14,-0.7400000000000002,-0.02191231299646379,-1.4100000000000001,-0.6052765788066128,2.2534464475079563
2022-12-15 00:00:00+00:00,75.89,3.44,4.23,122.5519,10810.53,3895.75,22.83,-0.7900000000000005,0.5986573919781746,1.6899999999999977,-2.492165834025817,-1.6204303863106007
2022-12-16 00:00:00+00:00,74.19,3.48,4.17,122.6505,10705.41,3852.36,22.62,-0.69,0.08045570896901832,-0.2099999999999973,-1.1137778348199956,-2.240084332586645
2022-12-19 00:00:00+00:00,75.05,3.57,4.25,122.5275,10546.03,3817.66,22.42,-0.6800000000000002,-0.10028495603360277,-0.1999999999999993,-0.9007465553582783,1.159185874107016
2022-12-20 00:00:00+00:00,75.92,3.69,4.25,122.1357,10547.11,3821.62,21.48,-0.56,-0.31976495072535416,-0.9400000000000013,0.10372846193742458,1.1592271818787525
2022-12-21 00:00:00+00:00,78.17,3.68,4.21,122.2828,10709.37,3878.44,20.07,-0.5299999999999998,0.1204398058880285,-1.4100000000000001,1.4868040255179737,2.9636459430979922
2022-12-22 00:00:00+00:00,77.68,3.67,4.24,122.2419,10476.12,3822.39,21.97,-0.5700000000000003,-0.03344705878504106,1.8999999999999986,-1.4451686760656446,-0.6268389407701136
2022-12-23 00:00:00+00:00,79.57,3.75,4.31,121.9743,10497.86,3844.82,20.87,-0.5599999999999996,-0.2189102100016438,-1.0999999999999979,0.5868056373107056,2.4330587023686734
2022-12-27 00:00:00+00:00,79.45,3.84,4.32,121.7539,10353.23,3829.25,21.65,-0.4800000000000004,-0.180693801891052,0.7799999999999976,-0.40496044028068834,-0.15081060701268578
2022-12-28 00:00:00+00:00,78.89,3.88,4.31,122.0075,10213.29,3783.22,22.14,-0.4299999999999997,0.20828901579332815,0.490000000000002,-1.202063067180259,-0.7048458149779724
2022-12-29 00:00:00+00:00,78.43,3.83,4.34,121.6577,10478.09,3849.28,21.44,-0.5099999999999998,-0.2867036862487904,-0.6999999999999993,1.7461316021801565,-0.5830903790087438
2022-12-30 00:00:00+00:00,80.16,3.88,4.41,121.4256,10466.48,3839.5,21.67,-0.5300000000000002,-0.1907811835995643,0.23000000000000043,-0.25407348906808513,2.205788601300518
2023-01-03 00:00:00+00:00,76.87,3.79,4.4,122.0905,10386.98,3824.14,22.9,-0.6100000000000003,0.5475781054407047,1.2299999999999969,-0.4000520901158988,-4.104291417165662
2023-01-04 00:00:00+00:00,72.82,3.69,4.36,121.5008,10458.76,3852.97,22.01,-0.6700000000000004,-0.483002363001217,-0.889999999999997,0.753894993384141,-5.268635358397312
2023-01-05 00:00:00+00:00,73.61,3.71,4.45,122.1017,10305.24,3808.1,22.46,-0.7400000000000002,0.4945646448418328,0.4499999999999993,-1.164556173549236,1.084866794836592
2023-01-06 00:00:00+00:00,73.77,3.55,4.24,121.0852,10569.29,3895.08,21.13,-0.6900000000000004,-0.8325027415670649,-1.3300000000000018,2.284078674404566,0.2173617714984255
2023-01-09 00:00:00+00:00,74.69,3.53,4.19,120.1508,10635.65,3892.09,21.97,-0.6600000000000006,-0.7716880345409627,0.8399999999999999,-0.07676350678290644,1.247119425240606
2023-01-10 00:00:00+00:00,75.11,3.61,4.24,120.2483,10742.63,3919.25,20.58,-0.6300000000000003,0.08114802398320187,-1.3900000000000006,0.6978255898501873,0.5623242736644718
2023-01-11 00:00:00+00:00,77.46,3.54,4.2,120.1614,10931.67,3969.61,21.09,-0.6600000000000001,-0.07226713392205486,0.5100000000000016,1.2849397206098123,3.128744508054848
2023-01-12 00:00:00+00:00,78.32,3.43,4.12,119.4218,11001.1,3983.17,18.83,-0.69,-0.6155054784647951,-2.2600000000000016,0.341595270064321,1.1102504518461176
2023-01-13 00:00:00+00:00,79.9,3.49,4.22,119.1673,11079.16,3999.09,18.35,-0.7299999999999995,-0.21311016916509828,-0.4799999999999969,0.3996816605869258,2.0173646578141025
2023-01-16 00:00:00+00:00,,,,,,,19.49,,,1.139999999999997,,
2023-01-17 00:00:00+00:00,80.25,3.53,4.18,119.2121,11095.11,3990.97,19.36,-0.6499999999999999,,-0.129999999999999,,
2023-01-18 00:00:00+00:00,79.53,3.37,4.06,119.0755,10957.01,3928.86,20.34,-0.6899999999999995,-0.11458568383578838,0.9800000000000004,-1.556263264319191,-0.8971962616822426
2023-01-19 00:00:00+00:00,80.31,3.39,4.09,119.6107,10852.27,3898.85,20.52,-0.6999999999999997,0.44946273582726626,0.17999999999999972,-0.7638348019527341,0.9807619766126097
2023-01-20 00:00:00+00:00,81.27,3.48,4.14,119.3486,11140.43,3972.61,19.85,-0.6599999999999997,-0.2191275529697556,-0.6699999999999982,1.891839901509429,1.1953679491968572
2023-01-23 00:00:00+00:00,81.62,3.52,4.21,119.1434,11364.41,4019.81,19.81,-0.69,-0.1719333113249788,-0.0400000000000027,1.188135759613962,0.4306632213609163
2023-01-24 00:00:00+00:00,79.86,3.46,4.12,119.0958,11334.27,4016.95,19.2,-0.6600000000000001,-0.039951856334474734,-0.6099999999999994,-0.07114764130643492,-2.156334231805934
2023-01-25 00:00:00+00:00,79.78,3.46,4.11,118.9686,11313.36,4016.22,19.08,-0.6500000000000004,-0.10680477397188026,-0.120000000000001,-0.018172991946630024,-0.10017530678687603
2023-01-26 00:00:00+00:00,80.64,3.49,4.17,119.021,11512.41,4060.43,18.73,-0.6799999999999997,0.044045235465506316,-0.34999999999999787,1.1007863115068517,1.077964402105791
2023-01-27 00:00:00+00:00,79.73,3.52,4.19,118.9223,11621.71,4070.56,18.51,-0.6700000000000004,-0.08292654237487262,-0.21999999999999886,0.24948096630159622,-1.128472222222221
2023-01-30 00:00:00+00:00,77.97,3.55,4.25,118.8953,11393.81,4017.77,19.94,-0.7000000000000002,-0.02270389994138977,1.4299999999999997,-1.2968731575016657,-2.2074501442368
2023-01-31 00:00:00+00:00,78.95,3.52,4.21,118.9802,11584.55,4076.6,19.4,-0.69,0.07140736429445127,-0.5400000000000027,1.4642450911824145,1.2568936770552819
2023-02-01 00:00:00+00:00,76.34,3.39,4.09,118.6259,11816.32,4119.21,17.87,-0.6999999999999997,-0.29778063913155073,-1.5299999999999976,1.0452337732424155,-3.305889803673212
2023-02-02 00:00:00+00:00,75.87,3.4,4.09,118.3421,12200.82,4179.76,18.73,-0.69,-0.23923949154442958,0.8599999999999994,1.469942051995421,-0.6156667539952809
2023-02-03 00:00:00+00:00,73.4,3.53,4.3,119.5095,12006.95,4136.48,18.33,-0.77,0.9864621297070109,-0.40000000000000213,-1.0354661511665864,-3.255568735995784
2023-02-06 00:00:00+00:00,74.11,3.63,4.44,120.541,11887.45,4111.08,19.43,-0.8100000000000005,0.8631113007752544,1.1000000000000014,-0.6140486597300043,0.9673024523160656
2023-02-07 00:00:00+00:00,77.17,3.67,4.47,120.3475,12113.79,4164.0,18.66,-0.7999999999999998,-0.16052629395807427,-0.7699999999999996,1.287252984617182,4.12899743624342
2023-02-08 00:00:00+00:00,78.47,3.63,4.45,120.1436,11910.52,4117.86,19.63,-0.8200000000000003,-0.16942603710088378,0.9699999999999989,-1.1080691642651352,1.6845924582091554
2023-02-09 00:00:00+00:00,78.04,3.67,4.48,119.9781,11789.58,4081.5,20.71,-0.8100000000000005,-0.13775182365103333,1.0800000000000018,-0.8829829085981511,-0.5479801197909917
2023-02-10 00:00:00+00:00,79.74,3.74,4.5,120.1419,11718.12,4090.46,20.53,-0.7599999999999998,0.13652491579714265,-0.17999999999999972,0.21952713463186946,2.1783700666324846
2023-02-13 00:00:00+00:00,80.14,3.72,4.52,119.9828,11891.79,4137.29,20.34,-0.7999999999999994,-0.13242673871480815,-0.19000000000000128,1.1448590134117032,0.5016302984700349
2023-02-14 00:00:00+00:00,79.08,3.77,4.6,119.9229,11960.15,4136.13,18.91,-0.8299999999999996,-0.04992382241454374,-1.4299999999999997,-0.02803767683676739,-1.322685300723736
2023-02-15 00:00:00+00:00,78.57,3.81,4.62,120.4557,12070.59,4147.6,18.23,-0.81,0.4442854534038032,-0.6799999999999997,0.27731236687436045,-0.6449165402124479
2023-02-16 00:00:00+00:00,78.45,3.86,4.62,120.4651,11855.83,4090.41,20.17,-0.7600000000000002,0.007803698787189894,1.9400000000000013,-1.378869707782826,-0.1527300496372508
2023-02-17 00:00:00+00:00,76.31,3.82,4.6,120.5526,11787.27,4079.09,20.02,-0.7799999999999998,0.07263514495068346,-0.15000000000000213,-0.2767448739857348,-2.727852135117914
2023-02-20 00:00:00+00:00,,,,,,,21.23,,,1.2100000000000009,,
2023-02-21 00:00:00+00:00,76.28,3.95,4.67,120.6256,11492.3,3997.34,22.87,-0.7199999999999998,,1.6400000000000006,,
2023-02-22 00:00:00+00:00,73.95,3.93,4.66,120.8389,11507.07,3991.05,22.29,-0.73,0.17682813598438596,-0.5800000000000018,-0.15735464083616035,-3.054535920293655
2023-02-23 00:00:00+00:00,75.26,3.88,4.66,121.0896,11590.4,4012.32,21.14,-0.7800000000000002,0.2074663043109437,-1.1499999999999986,0.532942458751462,1.7714672075726856
2023-02-24 00:00:00+00:00,76.19,3.95,4.78,121.5681,11394.94,3970.04,21.67,-0.8300000000000001,0.3951619296785225,0.5300000000000011,-1.0537544363360851,1.2357161838958186
2023-02-27 00:00:00+00:00,75.57,3.92,4.78,121.3941,11466.98,3982.24,20.95,-0.8600000000000003,-0.14312965325607996,-0.7200000000000024,0.30730168965551474,-0.8137550859692921
2023-02-28 00:00:00+00:00,76.88,3.92,4.81,121.3341,11455.54,3970.15,20.7,-0.8899999999999997,-0.04942579581708184,-0.25,-0.30359797500902896,1.7334921265052206
2023-03-01 00:00:00+00:00,77.57,4.01,4.89,120.6347,11379.48,3951.39,20.58,-0.8799999999999999,-0.5764249291831502,-0.120000000000001,-0.47252622696876134,0.8975026014568233
2023-03-02 00:00:00+00:00,78.05,4.08,4.89,121.1302,11462.98,3981.35,19.59,-0.8099999999999996,0.410744172282107,-0.9899999999999984,0.7582141980416957,0.6187959262601517
2023-03-03 00:00:00+00:00,79.62,3.97,4.86,120.7742,11689.01,4045.64,18.49,-0.8900000000000001,-0.2938986313900327,-1.1000000000000014,1.61477890665227,2.011531069827033
2023-03-06 00:00:00+00:00,80.39,3.98,4.89,120.485,11675.74,4048.42,18.61,-0.9099999999999997,-0.23945511541372255,0.120000000000001,0.06871595099910977,0.9670936950514797
2023-03-07 00:00:00+00:00,77.45,3.97,5.0,121.4623,11530.33,3986.37,19.59,-1.0299999999999998,0.8111383159729479,0.9800000000000004,-1.5326967063694075,-3.657171289961436
2023-03-08 00:00:00+00:00,76.56,3.98,5.05,121.4511,11576.0,3992.01,19.11,-1.0699999999999998,-0.009220968152257036,-0.4800000000000004,0.1414821002566402,-1.1491284699806315
2023-03-09 00:00:00+00:00,75.6,3.93,4.9,121.4458,11338.35,3918.32,22.61,-0.9700000000000002,-0.00436389625123601,3.5,-1.8459372596762003,-1.2539184952978122
2023-03-10 00:00:00+00:00,76.55,3.7,4.6,121.2421,11138.89,3861.59,24.8,-0.8999999999999995,-0.1677291433709649,2.1900000000000013,-1.4478143694236278,1.256613756613767
2023-03-13 00:00:00+00:00,74.68,3.55,4.03,120.8897,11188.84,3855.76,26.52,-0.4800000000000004,-0.29065811298220057,1.7199999999999989,-0.15097408062482165,-2.4428478118876384
2023-03-14 00:00:00+00:00,71.18,3.64,4.2,121.0141,11428.15,3919.29,23.73,-0.56,0.10290372132613079,-2.789999999999999,1.6476647924144494,-4.686663095875732
2023-03-15 00:00:00+00:00,67.38,3.51,3.93,122.1079,11434.05,3891.93,26.14,-0.4200000000000004,0.9038616161257229,2.41,-0.6980856226510457,-5.338578252318083
2023-03-16 00:00:00+00:00,68.15,3.56,4.14,121.7221,11717.28,3960.28,22.99,-0.5799999999999996,-0.3159500736643617,-3.150000000000002,1.7561980816715783,1.1427723360047715
2023-03-17 00:00:00+00:00,66.61,3.39,3.81,121.5643,11630.51,3916.64,25.51,-0.41999999999999993,-0.12963956422046286,2.520000000000003,-1.101942286909019,-2.259721203228182
2023-03-20 00:00:00+00:00,67.56,3.47,3.92,121.0141,11675.54,3951.57,24.15,-0.44999999999999973,-0.4525999820671034,-1.360000000000003,0.8918358593079878,1.426212280438377
2023-03-21 00:00:00+00:00,69.4,3.59,4.17,120.8958,11860.11,4002.87,21.38,-0.5800000000000001,-0.09775720349942674,-2.7699999999999996,1.2982181765728518,2.7235050325636445
2023-03-22 00:00:00+00:00,70.71,3.48,3.96,120.6217,11669.96,3936.97,22.26,-0.48,-0.2267241707321399,0.8800000000000026,-1.646318766285193,1.8876080691642372
2023-03-23 00:00:00+00:00,69.77,3.38,3.76,119.7587,11787.4,3948.72,22.61,-0.3799999999999999,-0.7154599877136514,0.34999999999999787,0.2984528711166279,-1.329373497383679
2023-03-24 00:00:00+00:00,69.22,3.38,3.76,120.4598,11823.96,3970.99,21.74,-0.3799999999999999,0.5854271965209934,-0.870000000000001,0.5639802265037686,-0.7883044288376051
2023-03-27 00:00:00+00:00,72.87,3.53,3.94,120.2541,11768.84,3977.53,20.6,-0.41000000000000014,-0.1707623622154486,-1.139999999999997,0.16469444647304599,5.273042473273626
2023-03-28 00:00:00+00:00,73.12,3.55,4.02,119.7138,11716.08,3971.27,19.97,-0.46999999999999975,-0.4492986101929053,-0.6300000000000026,-0.15738410521103363,0.34307671195279443
2023-03-29 00:00:00+00:00,72.95,3.57,4.08,119.7258,11926.24,4027.81,19.12,-0.5100000000000002,0.010023907018230638,-0.8499999999999979,1.4237259113583312,-0.23249452954048344
2023-03-30 00:00:00+00:00,74.32,3.55,4.1,119.4078,12013.47,4050.83,19.02,-0.5499999999999998,-0.26560691179345897,-0.10000000000000142,0.5715264622710547,1.8779986291980633
2023-03-31 00:00:00+00:00,75.68,3.48,4.06,119.3602,12221.91,4109.31,18.7,-0.5799999999999996,-0.039863392508687756,-0.3200000000000003,1.4436547571732294,1.829924650161474
2023-04-03 00:00:00+00:00,80.4,3.43,3.97,119.3204,12189.45,4124.51,18.55,-0.54,-0.033344448149386086,-0.14999999999999858,0.3698917823186765,6.236786469344602
2023-04-04 00:00:00+00:00,80.7,3.35,3.84,119.142,12126.33,4100.6,19.0,-0.48999999999999977,-0.1495134109506968,0.4499999999999993,-0.5797052255904322,0.3731343283582156
2023-04-05 00:00:00+00:00,80.69,3.3,3.79,119.2953,11996.86,4090.38,19.08,-0.4900000000000002,0.12866999043159577,0.0799999999999983,-0.24923181973370845,-0.012391573729875205
2023-04-06 00:00:00+00:00,80.7,3.3,3.82,119.3072,12087.96,4105.02,18.4,-0.52,0.009975246300575336,-0.6799999999999997,0.3579129567424122,0.01239310943115246
2023-04-07 00:00:00+00:00,,3.39,3.97,119.3547,,,,-0.5800000000000001,0.039813188139525835,,,
2023-04-10 00:00:00+00:00,79.79,3.41,4.0,119.7948,12084.36,4109.11,18.97,-0.5899999999999999,0.3687328609598195,,,
2023-04-11 00:00:00+00:00,81.54,3.43,4.03,119.5248,12031.88,4108.94,19.1,-0.6000000000000001,-0.22538540904947224,0.13000000000000256,-0.004137148920324574,2.193257300413576
2023-04-12 00:00:00+00:00,83.26,3.41,3.95,119.003,11929.34,4091.95,19.09,-0.54,-0.4365621193258673,-0.010000000000001563,-0.4134886369720592,2.1093941623743007
2023-04-13 00:00:00+00:00,82.16,3.45,3.96,118.3915,12166.27,4146.22,17.8,-0.5099999999999998,-0.5138525919514692,-1.2899999999999991,1.3262625398648753,-1.3211626231083407
2023-04-14 00:00:00+00:00,82.58,3.52,4.08,118.8567,12123.47,4137.64,17.07,-0.56,0.3929336143219775,-0.7300000000000004,-0.20693547375681964,0.5111976630963966
2023-04-17 00:00:00+00:00,80.93,3.6,4.18,119.2787,12157.72,4151.32,16.95,-0.5799999999999996,0.3550493998234927,-0.120000000000001,0.3306232538355047,-1.99806248486315
2023-04-18 00:00:00+00:00,80.85,3.58,4.19,119.1049,12153.41,4154.87,16.83,-0.6100000000000003,-0.14570916685040514,-0.120000000000001,0.08551496873283604,-0.0988508587668524
2023-04-19 00:00:00+00:00,79.18,3.6,4.24,119.303,12157.23,4154.52,16.46,-0.6400000000000001,0.16632397155784684,-0.36999999999999744,-0.008423849602978706,-2.0655534941249054
2023-04-20 00:00:00+00:00,77.27,3.54,4.14,119.1199,12059.56,4129.79,17.17,-0.5999999999999996,-0.15347476593211562,0.7100000000000009,-0.5952552882162232,-2.4122253094215895
2023-04-21 00:00:00+00:00,77.86,3.57,4.17,119.3117,12072.46,4133.52,16.77,-0.6000000000000001,0.16101423859489206,-0.40000000000000213,0.09031936248575789,0.7635563608127338
2023-04-24 00:00:00+00:00,78.64,3.52,4.12,119.2039,12037.2,4137.04,16.89,-0.6000000000000001,-0.0903515749084094,0.120000000000001,0.08515744450250384,1.001798099152329
2023-04-25 00:00:00+00:00,77.05,3.4,3.86,119.613,11799.16,4071.63,18.76,-0.45999999999999996,0.34319346934117423,1.870000000000001,-1.5810821263512076,-2.021871820956256
2023-04-26 00:00:00+00:00,74.33,3.43,3.9,119.3228,11854.35,4055.99,18.84,-0.46999999999999975,-0.24261576918896965,0.0799999999999983,-0.3841213469789828,-3.530175210902009
2023-04-27 00:00:00+00:00,74.77,3.53,4.07,119.4298,12142.24,4135.35,17.03,-0.5400000000000005,0.08967271971491719,-1.8099999999999987,1.9566123190639217,0.5919547961791949
2023-04-28 00:00:00+00:00,76.78,3.44,4.04,119.2248,12226.58,4169.48,15.78,-0.6000000000000001,-0.17164895193662044,-1.2500000000000018,0.8253231286347917,2.688243948107538
2023-05-01 00:00:00+00:00,75.65,3.59,4.14,119.4435,12212.6,4167.87,16.08,-0.5499999999999998,0.1834349900356358,0.29999999999999893,-0.03861392787588569,-1.4717374316228105
2023-05-02 00:00:00+00:00,71.71,3.44,3.97,119.6105,12080.51,4119.58,17.78,-0.5300000000000002,0.13981505900280133,1.7000000000000028,-1.1586253889876552,-5.2081956378057015
2023-05-03 00:00:00+00:00,68.62,3.38,3.89,119.1233,12025.33,4090.75,18.34,-0.5100000000000002,-0.4073220996484439,0.5599999999999987,-0.6998286233062534,-4.309022451540912
2023-05-04 00:00:00+00:00,68.52,3.37,3.75,119.0465,11966.4,4061.22,20.09,-0.3799999999999999,-0.0644710144866778,1.75,-0.7218725172645657,-0.14573010784029172
2023-05-05 00:00:00+00:00,71.32,3.44,3.92,118.5548,12235.41,4136.25,17.19,-0.48,-0.4130318824996926,-2.8999999999999986,1.8474744042430657,4.086398131932278
2023-05-08 00:00:00+00:00,73.13,3.52,4.0,118.5759,12256.92,4138.12,16.98,-0.48,0.01779767668623755,-0.21000000000000085,0.04521003324267081,2.537857543466071
2023-05-09 00:00:00+00:00,73.68,3.53,4.01,118.8239,12179.55,4119.17,17.71,-0.48,0.2091487393306668,0.7300000000000004,-0.4579374208577791,0.7520853274989969
2023-05-10 00:00:00+00:00,72.53,3.43,3.9,118.5864,12306.44,4137.64,16.94,-0.46999999999999975,-0.19987561424932299,-0.7699999999999996,0.4483913021312569,-1.5608034744842625
2023-05-11 00:00:00+00:00,70.81,3.39,3.89,119.0303,12328.51,4130.62,16.93,-0.5,0.3743262296519667,-0.010000000000001563,-0.16966193288928677,-2.371432510685234
2023-05-12 00:00:00+00:00,70.02,3.46,3.98,119.3671,12284.74,4124.08,17.03,-0.52,0.28295316402628945,0.10000000000000142,-0.15832974226629437,-1.115661629713327
2023-05-15 00:00:00+00:00,71.07,3.5,3.99,119.1608,12365.21,4136.28,17.12,-0.4900000000000002,-0.17282819135255867,0.08999999999999986,0.2958235533743192,1.4995715509854346
2023-05-16 00:00:00+00:00,70.85,3.54,4.06,119.1743,12343.05,4109.9,17.99,-0.5199999999999996,0.011329229075340841,0.8699999999999974,-0.6377711373504735,-0.30955396088363507
2023-05-17 00:00:00+00:00,72.78,3.57,4.12,119.607,12500.57,4158.77,16.87,-0.5500000000000003,0.3630816375678192,-1.1199999999999974,1.1890800262780221,2.724064925899805
2023-05-18 00:00:00+00:00,71.82,3.65,4.24,120.0886,12688.84,4198.05,16.05,-0.5900000000000003,0.40265201869456035,-0.8200000000000003,0.9445100354191105,-1.3190436933223526
2023-05-19 00:00:00+00:00,71.57,3.7,4.28,119.7751,12657.9,4191.98,16.81,-0.5800000000000001,-0.26105725272840274,0.759999999999998,-0.1445909410321633,-0.34809245335560846
2023-05-22 00:00:00+00:00,71.81,3.72,4.29,120.0875,12720.78,4192.63,17.21,-0.5699999999999998,0.2608221575268965,0.40000000000000213,0.015505799168891166,0.33533603465141226
2023-05-23 00:00:00+00:00,72.87,3.7,4.26,120.3204,12560.25,4145.58,18.53,-0.5599999999999996,0.19394191735193633,1.3200000000000003,-1.1222073018606449,1.476117532377108
2023-05-24 00:00:00+00:00,74.37,3.73,4.31,120.4752,12484.16,4115.24,20.03,-0.5799999999999996,0.12865648717923506,1.5,-0.7318638164020563,2.0584602717167666
2023-05-25 00:00:00+00:00,71.68,3.83,4.5,120.8413,12698.09,4151.28,19.14,-0.6699999999999999,0.30387996865746114,-0.8900000000000006,0.875769092446621,-3.6170498857066025
2023-05-26 00:00:00+00:00,72.35,3.8,4.54,120.6304,12975.69,4205.45,17.95,-0.7400000000000002,-0.174526424326793,-1.1900000000000013,1.3048987300302572,0.9347098214285587
2023-05-29 00:00:00+00:00,,,,,,,17.46,,,-0.48999999999999844,,
2023-05-30 00:00:00+00:00,69.45,3.69,4.46,120.5546,13017.43,4205.52,17.46,-0.77,,0.0,,
2023-05-31 00:00:00+00:00,68.11,3.64,4.4,120.9662,12935.29,4179.83,17.94,-0.7600000000000002,0.34142206104121886,0.4800000000000004,-0.6108638170785219,-1.9294456443484598
2023-06-01 00:00:00+00:00,70.09,3.61,4.33,120.0491,13100.98,4221.02,15.65,-0.7200000000000002,-0.7581456638300677,-2.290000000000001,0.9854467765435526,2.9070621054177126
2023-06-02 00:00:00+00:00,71.76,3.69,4.5,120.0049,13240.77,4282.37,14.6,-0.81,-0.03681826852511838,-1.0500000000000007,1.4534401637518846,2.382650877443293
2023-06-05 00:00:00+00:00,72.14,3.69,4.46,120.0048,13229.43,4273.79,14.73,-0.77,-8.332993070014894e-05,0.13000000000000078,-0.2003563447343426,0.5295429208472591
2023-06-06 00:00:00+00:00,71.71,3.7,4.51,119.9718,13276.42,4283.85,13.96,-0.8099999999999996,-0.027498900043998464,-0.7699999999999996,0.23538826194080542,-0.5960632104241803
2023-06-07 00:00:00+00:00,72.52,3.79,4.56,119.859,13104.89,4267.52,13.94,-0.7699999999999996,-0.09402209519238092,-0.02000000000000135,-0.381199154965739,1.12954957467577
2023-06-08 00:00:00+00:00,71.28,3.73,4.52,119.5712,13238.52,4293.93,13.65,-0.7899999999999996,-0.2401154690094165,-0.28999999999999915,0.6188606028794119,-1.709873138444562
2023-06-09 00:00:00+00:00,70.16,3.75,4.59,119.4322,13259.14,4298.86,13.83,-0.8399999999999999,-0.11624872879089088,0.17999999999999972,0.11481323635922358,-1.5712682379349086
2023-06-12 00:00:00+00:00,67.08,3.73,4.55,119.6376,13461.92,4338.93,15.01,-0.8199999999999998,0.17198042069057617,1.1799999999999997,0.9321075820101221,-4.389965792474337
2023-06-13 00:00:00+00:00,69.39,3.84,4.67,119.1899,13573.32,4369.01,14.61,-0.8300000000000001,-0.37421345797643557,-0.40000000000000036,0.6932584761680793,3.4436493738819296
2023-06-14 00:00:00+00:00,68.22,3.83,4.74,118.776,13626.48,4372.59,13.88,-0.9100000000000001,-0.347260967581986,-0.7299999999999986,0.08194076003487094,-1.6861219195849597
2023-06-15 00:00:00+00:00,70.61,3.72,4.62,118.5521,13782.82,4425.84,14.5,-0.8999999999999999,-0.1885060955075124,0.6199999999999992,1.217813698517345,3.503371445323955
2023-06-16 00:00:00+00:00,71.81,3.77,4.7,118.4184,13689.57,4409.59,13.54,-0.9300000000000002,-0.11277742022283155,-0.9600000000000009,-0.36716193988033385,1.699475994901567
2023-06-19 00:00:00+00:00,,,,,,,14.19,,,0.6500000000000004,,
2023-06-20 00:00:00+00:00,70.94,3.74,4.68,118.938,13667.29,4388.71,13.88,-0.9399999999999995,,-0.3099999999999987,,
2023-06-21 00:00:00+00:00,72.55,3.72,4.68,118.727,13502.2,4365.69,13.2,-0.9599999999999995,-0.1774033530074437,-0.6800000000000015,-0.5245277085977551,2.2695235410205905
2023-06-22 00:00:00+00:00,69.22,3.8,4.77,118.7552,13630.61,4381.89,12.91,-0.9699999999999998,0.023751968802376844,-0.28999999999999915,0.3710753626574581,-4.589937973811164
2023-06-23 00:00:00+00:00,68.91,3.74,4.71,119.152,13492.52,4348.33,13.44,-0.9699999999999998,0.33413273692435297,0.5299999999999994,-0.7658795633847637,-0.4478474429355672
2023-06-26 00:00:00+00:00,69.09,3.72,4.65,119.0761,13335.78,4328.82,14.25,-0.9300000000000002,-0.06370014771048815,0.8100000000000005,-0.4486779982200151,0.2612102742707956
2023-06-27 00:00:00+00:00,67.68,3.77,4.74,118.8949,13555.67,4378.41,13.74,-0.9700000000000002,-0.15217159446773154,-0.5099999999999998,1.1455777787018118,-2.0408163265306034
2023-06-28 00:00:00+00:00,69.54,3.71,4.71,119.3382,13591.75,4376.86,13.43,-1.0,0.37285030728819724,-0.3100000000000005,-0.035400978894173374,2.7482269503546153
2023-06-29 00:00:00+00:00,69.85,3.85,4.87,119.527,13591.33,4396.44,13.54,-1.02,0.1582058385328322,0.10999999999999943,0.4473526683512752,0.44578659764162865
2023-06-30 00:00:00+00:00,70.66,3.81,4.87,119.3606,13787.92,4450.38,13.59,-1.06,-0.13921540739748606,0.05000000000000071,1.2269017659743087,1.1596277738010086
2023-07-03 00:00:00+00:00,69.71,3.86,4.94,119.2119,13816.77,4455.59,13.57,-1.0800000000000005,-0.12458047295339503,-0.019999999999999574,0.11706865481149187,-1.3444664590999245
2023-07-04 00:00:00+00:00,,,,,,,13.7,,,0.129999999999999,,
2023-07-05 00:00:00+00:00,71.78,3.95,4.94,119.3483,13791.65,4446.82,14.18,-0.9900000000000002,,0.4800000000000004,,
2023-07-06 00:00:00+00:00,71.76,4.05,4.99,119.8193,13679.04,4411.59,15.44,-0.9400000000000004,0.3946432416716439,1.2599999999999998,-0.7922515415510367,-0.027862914460852206
2023-07-07 00:00:00+00:00,73.91,4.06,4.94,119.0761,13660.72,4398.95,14.83,-0.8800000000000008,-0.6202673525884439,-0.6099999999999994,-0.28651801277997935,2.996098104793754
2023-07-10 00:00:00+00:00,73.05,4.01,4.85,118.9548,13685.48,4409.53,15.07,-0.8399999999999999,-0.10186762918839021,0.2400000000000002,0.24051194034939716,-1.163577323772158
2023-07-11 00:00:00+00:00,74.87,3.99,4.88,118.7344,13760.7,4439.26,14.84,-0.8899999999999997,-0.1852804594686508,-0.23000000000000043,0.6742215156717579,2.4914442162902173
2023-07-12 00:00:00+00:00,75.77,3.86,4.72,117.6385,13918.96,4472.16,13.54,-0.8599999999999999,-0.9229844088991856,-1.3000000000000007,0.7411145100759908,1.2020836115934186
2023-07-13 00:00:00+00:00,76.86,3.76,4.59,117.1831,14138.57,4510.04,13.61,-0.8300000000000001,-0.3871181628463449,0.07000000000000028,0.8470179957783319,1.438564075491633
2023-07-14 00:00:00+00:00,75.44,3.83,4.74,117.0463,14113.7,4505.42,13.34,-0.9100000000000001,-0.11674038321225488,-0.2699999999999996,-0.10243811584819129,-1.847514962269059
2023-07-17 00:00:00+00:00,74.17,3.81,4.74,117.1267,14244.95,4522.79,13.48,-0.9300000000000002,0.06869076596185408,0.14000000000000057,0.3855356437357571,-1.683457051961823
2023-07-18 00:00:00+00:00,75.76,3.8,4.74,117.0264,14353.64,4554.98,13.3,-0.9400000000000004,-0.08563376241284004,-0.17999999999999972,0.7117288222535212,2.1437238775785294
2023-07-19 00:00:00+00:00,75.4,3.75,4.74,117.3462,14358.02,4565.72,13.76,-0.9900000000000002,0.27327167203297087,0.4599999999999991,0.23578588709500803,-0.47518479408659164
2023-07-20 00:00:00+00:00,75.65,3.85,4.8,117.5947,14063.31,4534.87,13.99,-0.9499999999999997,0.21176655059984562,0.23000000000000043,-0.6756875147840957,0.3315649867374093
2023-07-21 00:00:00+00:00,77.06,3.84,4.82,117.9418,14032.81,4536.34,13.6,-0.9800000000000004,0.29516636379021133,-0.39000000000000057,0.032415482692993436,1.8638466622604044
2023-07-24 00:00:00+00:00,78.81,3.86,4.81,117.8124,14058.87,4554.64,13.91,-0.9499999999999997,-0.1097151306831079,0.3100000000000005,0.4034089155574794,2.270957695302367
2023-07-25 00:00:00+00:00,79.76,3.91,4.85,117.8565,14144.56,4567.46,13.86,-0.9399999999999995,0.0374323925155684,-0.05000000000000071,0.2814712029929778,1.2054307828955668
2023-07-26 00:00:00+00:00,79.11,3.86,4.82,117.76,14127.28,4566.75,13.19,-0.9600000000000004,-0.08187923449278767,-0.6699999999999999,-0.015544744781559316,-0.8149448345035171
2023-07-27 00:00:00+00:00,80.17,4.01,4.91,117.8938,14050.11,4537.41,14.41,-0.9000000000000004,0.11362092391302703,1.2200000000000006,-0.6424700279192064,1.339906459360396
2023-07-28 00:00:00+00:00,80.55,3.96,4.87,117.788,14316.66,4582.23,13.33,-0.9100000000000001,-0.08974178455525283,-1.08,0.9877881875342887,0.4739927653735654
2023-07-31 00:00:00+00:00,81.8,3.97,4.88,117.8241,14346.02,4588.96,13.63,-0.9099999999999997,0.030648283356549122,0.3000000000000007,0.14687171966489831,1.5518311607697122
2023-08-01 00:00:00+00:00,81.37,4.05,4.92,118.5738,14283.91,4576.73,13.93,-0.8700000000000001,0.6362874827815501,0.29999999999999893,-0.26650918726683903,-0.5256723716381306
2023-08-02 00:00:00+00:00,79.5,4.08,4.88,119.1268,13973.45,4513.39,16.09,-0.7999999999999998,0.4663762146443817,2.16,-1.383957541738301,-2.298144279218395
2023-08-03 00:00:00+00:00,81.56,4.2,4.9,119.3963,13959.72,4501.89,15.92,-0.7000000000000002,0.22622953021484982,-0.16999999999999993,-0.2547973917609636,2.5911949685534674
2023-08-04 00:00:00+00:00,82.76,4.05,4.78,118.821,13892.07,4478.03,17.1,-0.7300000000000004,-0.481840727057703,1.1800000000000015,-0.529999622380839,1.471309465424242
2023-08-07 00:00:00+00:00,81.94,4.09,4.76,119.0809,13977.12,4518.44,15.77,-0.6699999999999999,0.2187323789565765,-1.3300000000000018,0.902405745383561,-0.9908168197196754
2023-08-08 00:00:00+00:00,82.94,4.02,4.74,119.6407,13867.19,4499.38,15.99,-0.7200000000000006,0.4701005786822199,0.22000000000000064,-0.42182700223970526,1.2204051745179356
2023-08-09 00:00:00+00:00,84.35,4.0,4.79,119.476,13705.08,4467.71,15.96,-0.79,-0.1376621835211589,-0.02999999999999936,-0.7038747560775049,1.7000241138172223
2023-08-10 00:00:00+00:00,82.81,4.09,4.82,119.1581,13721.03,4468.83,15.85,-0.7300000000000004,-0.2660785429709711,-0.11000000000000121,0.025068771249703303,-1.8257261410788317
2023-08-11 00:00:00+00:00,83.17,4.16,4.89,119.6268,13644.85,4464.05,14.84,-0.7299999999999995,0.3933429619975559,-1.0099999999999998,-0.10696312010077813,0.4347301050597663
2023-08-14 00:00:00+00:00,82.5,4.19,4.96,120.0725,13788.33,4489.72,14.82,-0.7699999999999996,0.37257537608630376,-0.019999999999999574,0.5750383620255262,-0.8055789347120368
2023-08-15 00:00:00+00:00,81.06,4.21,4.92,120.2127,13631.05,4437.86,16.46,-0.71,0.11676278914822813,1.6400000000000006,-1.1550831677699436,-1.745454545454539
2023-08-16 00:00:00+00:00,79.4,4.28,4.97,120.3551,13474.63,4404.33,16.78,-0.6899999999999995,0.11845670216208415,0.3200000000000003,-0.75554433893813,-2.04786577843572
2023-08-17 00:00:00+00:00,80.43,4.3,4.94,120.5242,13316.93,4370.36,17.89,-0.6400000000000006,0.14050090108355118,1.1099999999999994,-0.7712864385729601,1.2972292191435697
2023-08-18 00:00:00+00:00,81.25,4.26,4.92,120.4321,13290.78,4369.71,17.3,-0.6600000000000001,-0.07641618861605748,-0.5899999999999999,-0.014872916647590273,1.0195200795722892
2023-08-21 00:00:00+00:00,80.71,4.34,4.97,120.4627,13497.59,4399.77,17.13,-0.6299999999999999,0.02540850819672258,-0.1700000000000017,0.6879175048229769,-0.6646153846153968
2023-08-22 00:00:00+00:00,80.25,4.34,5.02,120.3554,13505.87,4387.55,16.97,-0.6799999999999997,-0.08907321519441291,-0.16000000000000014,-0.27774179104816943,-0.5699417668194706
2023-08-23 00:00:00+00:00,78.91,4.19,4.95,120.0307,13721.03,4436.01,15.98,-0.7599999999999998,-0.26978432209938674,-0.9899999999999984,1.1044888377340412,-1.669781931464176
2023-08-24 00:00:00+00:00,79.52,4.23,4.98,120.2354,13463.97,4376.31,17.2,-0.75,0.17053970359250936,1.2199999999999989,-1.3458039995401183,0.7730325687492101
2023-08-25 00:00:00+00:00,80.47,4.25,5.03,120.5137,13590.65,4405.71,15.68,-0.7800000000000002,0.2314626141718623,-1.5199999999999996,0.6717988442317857,1.194668008048283
2023-08-28 00:00:00+00:00,80.65,4.2,4.98,120.3155,13705.13,4433.31,15.08,-0.7800000000000002,-0.16446262955995827,-0.5999999999999996,0.626459753365527,0.22368584565677363
2023-08-29 00:00:00+00:00,81.14,4.12,4.87,120.2669,13943.76,4497.63,14.45,-0.75,-0.040393797972826384,-0.6300000000000008,1.4508347036412905,0.6075635461872286
2023-08-30 00:00:00+00:00,81.64,4.12,4.9,119.7937,14019.31,4514.87,13.88,-0.7800000000000002,-0.39345821668306247,-0.5699999999999985,0.383312989285467,0.6162188809465174
2023-08-31 00:00:00+00:00,83.55,4.09,4.85,120.225,14034.97,4507.66,13.57,-0.7599999999999998,0.36003562791699917,-0.3100000000000005,-0.1596945205509792,2.339539441450267
2023-09-01 00:00:00+00:00,85.52,4.18,4.87,120.759,14031.81,4515.77,13.09,-0.6900000000000004,0.4441671865252683,-0.4800000000000004,0.17991596526802933,2.3578695391980764
2023-09-04 00:00:00+00:00,,,,,,,13.82,,,0.7300000000000004,,
2023-09-05 00:00:00+00:00,86.74,4.27,4.94,121.4345,14020.95,4496.83,14.01,-0.6700000000000008,,0.1899999999999995,,
2023-09-06 00:00:00+00:00,87.55,4.3,5.01,121.8671,13872.47,4465.48,14.45,-0.71,0.35624143056545154,0.4399999999999995,-0.697157775588586,0.9338252248097811
2023-09-07 00:00:00+00:00,86.87,4.27,4.94,121.9528,13748.83,4451.14,14.4,-0.6700000000000008,0.07032250705891752,-0.049999999999998934,-0.32113009127796577,-0.7766990291262044
2023-09-08 00:00:00+00:00,87.51,4.26,4.98,121.9475,13761.53,4457.49,13.84,-0.7200000000000006,-0.004345943676564712,-0.5600000000000005,0.14266008258556617,0.7367330493841306
2023-09-11 00:00:00+00:00,87.3,4.29,4.97,121.3386,13917.91,4487.46,13.8,-0.6799999999999997,-0.4993132290534885,-0.03999999999999915,0.6723514803174124,-0.23997257456291887
2023-09-12 00:00:00+00:00,88.87,4.27,4.98,121.2913,13773.63,4461.9,14.23,-0.7100000000000009,-0.03898182441530729,0.4299999999999997,-0.5695872498027943,1.7983963344788245
2023-09-13 00:00:00+00:00,88.59,4.25,4.96,121.0549,13813.59,4467.44,13.48,-0.71,-0.19490268469379846,-0.75,0.12416235236110129,-0.31506695172723864
2023-09-14 00:00:00+00:00,90.13,4.29,5.0,121.2395,13926.05,4505.1,12.82,-0.71,0.15249279459155218,-0.6600000000000001,0.8429883781315706,1.7383451856868737
2023-09-15 00:00:00+00:00,90.83,4.33,5.02,121.199,13708.33,4450.32,13.79,-0.6899999999999995,-0.03340495465586901,0.9699999999999989,-1.2159552507158722,0.7766559414179586
2023-09-18 00:00:00+00:00,91.47,4.32,5.05,121.1938,13710.24,4453.53,14.0,-0.7299999999999995,-0.004290464442779918,0.21000000000000085,0.07212964460983073,0.7046130133215867
2023-09-19 00:00:00+00:00,91.16,4.37,5.08,121.1645,13678.19,4443.95,14.11,-0.71,-0.024176154225707958,0.10999999999999943,-0.21511026084926055,-0.3389089318902361
2023-09-20 00:00:00+00:00,89.2,4.35,5.12,120.9648,13469.13,4402.2,15.14,-0.7700000000000005,-0.16481725257810886,1.0300000000000011,-0.9394795170962755,-2.1500658183413734
2023-09-21 00:00:00+00:00,89.56,4.49,5.12,121.5528,13223.98,4330.0,17.54,-0.6299999999999999,0.4860918217531207,2.3999999999999986,-1.6400890463858953,0.40358744394619617
2023-09-22 00:00:00+00:00,90.0,4.44,5.1,121.5306,13211.81,4320.06,17.2,-0.6599999999999993,-0.01826366813434399,-0.33999999999999986,-0.22956120092377796,0.4912907548012546
2023-09-25 00:00:00+00:00,89.68,4.55,5.09,122.1143,13271.32,4337.44,16.9,-0.54,0.480290560566643,-0.3000000000000007,0.40230922718664797,-0.3555555555555534
2023-09-26 00:00:00+00:00,91.43,4.56,5.04,122.4742,13063.61,4273.53,18.94,-0.4800000000000004,0.29472387754749807,2.0400000000000027,-1.473449776826885,1.951382694023196
2023-09-27 00:00:00+00:00,93.67,4.61,5.1,122.9895,13092.85,4274.51,18.22,-0.4899999999999993,0.42074167457311074,-0.7200000000000024,0.02293186195019281,2.449961719348126
2023-09-28 00:00:00+00:00,91.65,4.59,5.04,122.5342,13201.28,4299.7,17.34,-0.4500000000000002,-0.3701942035702288,-0.879999999999999,0.5893073124170867,-2.1565068858759417
2023-09-29 00:00:00+00:00,90.77,4.59,5.03,122.3077,13219.32,4288.05,17.52,-0.4400000000000004,-0.18484635309978792,0.17999999999999972,-0.2709491359862204,-0.9601745771958603
2023-10-02 00:00:00+00:00,88.81,4.69,5.12,123.0545,13307.77,4288.39,17.61,-0.4299999999999997,0.6105911565666089,0.08999999999999986,0.00792901202177898,-2.159303734714102
2023-10-03 00:00:00+00:00,89.26,4.81,5.15,123.7848,13059.47,4229.45,19.78,-0.34000000000000075,0.5934768740679885,2.1700000000000017,-1.374408577578079,0.5066996959801839
2023-10-04 00:00:00+00:00,84.32,4.73,5.05,123.5946,13236.01,4263.75,18.58,-0.3199999999999994,-0.15365376039707668,-1.2000000000000028,0.8109801510834735,-5.534393905444778
2023-10-05 00:00:00+00:00,82.3,4.72,5.03,123.8993,13219.83,4258.19,18.49,-0.3100000000000005,0.24653180640576977,-0.08999999999999986,-0.13040164174730196,-2.3956356736242856
2023-10-06 00:00:00+00:00,82.83,4.78,5.08,123.3563,13431.34,4308.5,17.45,-0.2999999999999998,-0.43825913463594324,-1.0399999999999991,1.1814879091820885,0.6439854191980565
2023-10-09 00:00:00+00:00,,,,,13484.24,4335.66,17.7,,,0.25,0.6303818034118613,
2023-10-10 00:00:00+00:00,85.89,4.66,4.96,122.9282,13562.84,4358.24,17.03,-0.2999999999999998,,-0.6699999999999982,0.5207972949908379,
2023-10-11 00:00:00+00:00,83.7,4.58,4.99,122.7697,13659.68,4376.95,16.09,-0.41000000000000014,-0.12893705431300528,-0.9400000000000013,0.4293017364807916,-2.5497729654208823
2023-10-12 00:00:00+00:00,82.87,4.7,5.06,123.2101,13574.22,4349.61,16.69,-0.35999999999999943,0.3587204334619898,0.6000000000000014,-0.6246358765807258,-0.9916367980884133
2023-10-13 00:00:00+00:00,87.67,4.63,5.04,123.5954,13407.23,4327.78,19.32,-0.41000000000000014,0.31271786972009163,2.629999999999999,-0.5018840769632216,5.792204657897915
2023-10-16 00:00:00+00:00,86.65,4.71,5.09,123.3185,13567.98,4373.63,17.21,-0.3799999999999999,-0.2240374641774623,-2.1099999999999994,1.0594346293018697,-1.1634538610699185
2023-10-17 00:00:00+00:00,86.66,4.83,5.19,123.1202,13533.75,4373.2,17.88,-0.3600000000000003,-0.16080312361892446,0.6699999999999982,-0.009831650139591197,0.011540680900168354
2023-10-18 00:00:00+00:00,88.35,4.91,5.19,123.8148,13314.3,4314.6,19.22,-0.28000000000000025,0.5641641257892793,1.3399999999999999,-1.3399798774352711,1.9501500115393533
2023-10-19 00:00:00+00:00,89.35,4.98,5.14,123.798,13186.18,4278.0,21.4,-0.15999999999999925,-0.013568652535889125,2.1799999999999997,-0.848282575441528,1.1318619128466434
2023-10-20 00:00:00+00:00,89.12,4.93,5.07,123.612,12983.81,4224.16,21.71,-0.14000000000000057,-0.15024475355014388,0.3100000000000023,-1.2585320243104325,-0.2574146614437445
2023-10-23 00:00:00+00:00,85.49,4.86,5.05,123.2846,13018.33,4217.04,20.37,-0.1899999999999995,-0.26486101672976714,-1.3399999999999999,-0.1685542214310054,-4.073159784560154
2023-10-24 00:00:00+00:00,84.58,4.83,5.02,123.6416,13139.87,4247.68,18.97,-0.1899999999999995,0.2895738802737746,-1.4000000000000021,0.726575986948208,-1.0644519826880305
2023-10-25 00:00:00+00:00,86.07,4.95,5.08,123.7871,12821.22,4186.77,20.19,-0.1299999999999999,0.11767883948443636,1.2200000000000024,-1.4339592436341642,1.7616457791439943
2023-10-26 00:00:00+00:00,83.8,4.86,5.02,124.0064,12595.61,4137.23,20.68,-0.15999999999999925,0.17715900929904382,0.48999999999999844,-1.183251050332379,-2.6373881724177983
2023-10-27 00:00:00+00:00,86.04,4.84,4.99,123.62,12643.01,4117.37,21.27,-0.15000000000000036,-0.31159682080924567,0.5899999999999999,-0.48003132530701764,2.6730310262530033
2023-10-30 00:00:00+00:00,83.03,4.88,5.03,123.4076,12789.48,4166.82,19.75,-0.15000000000000036,-0.1718168581135715,-1.5199999999999996,1.2010093822027113,-3.4983728498372946
2023-10-31 00:00:00+00:00,81.64,4.88,5.07,123.8364,12851.24,4193.8,18.14,-0.1900000000000004,0.3474664445301645,-1.6099999999999994,0.6474961721408823,-1.6740937010718993
2023-11-01 00:00:00+00:00,81.05,4.77,4.95,123.7922,13061.47,4237.86,16.87,-0.1800000000000006,-0.03569225203575721,-1.2699999999999996,1.0505985025513809,-0.7226849583537476
2023-11-02 00:00:00+00:00,83.04,4.67,4.98,122.8818,13294.19,4317.78,15.66,-0.3100000000000005,-0.7354259799890461,-1.2100000000000009,1.8858574846738696,2.455274521900064
2023-11-03 00:00:00+00:00,81.19,4.57,4.83,121.7564,13478.28,4358.34,14.91,-0.2599999999999998,-0.9158394489664046,-0.75,0.9393716215277292,-2.227842003853575
2023-11-06 00:00:00+00:00,81.54,4.67,4.93,121.6484,13518.78,4365.98,14.89,-0.2599999999999998,-0.0887017027441761,-0.019999999999999574,0.17529609897344312,0.43108757236114403
2023-11-07 00:00:00+00:00,77.96,4.58,4.91,122.0777,13639.86,4378.38,14.81,-0.33000000000000007,0.3529022987560859,-0.08000000000000007,0.28401412741241305,-4.390483198430228
2023-11-08 00:00:00+00:00,75.85,4.49,4.93,122.0926,13650.41,4382.78,14.45,-0.4399999999999995,0.012205341352289345,-0.3600000000000012,0.10049378994057001,-2.7065161621344314
2023-11-09 00:00:00+00:00,76.34,4.62,5.03,122.1281,13521.45,4347.35,15.29,-0.41000000000000014,0.029076291273999466,0.8399999999999999,-0.8083910212239531,0.6460118655240654
2023-11-10 00:00:00+00:00,,4.61,5.04,,13798.11,4415.24,14.17,-0.4299999999999997,,-1.1199999999999992,1.561640999689451,
2023-11-13 00:00:00+00:00,78.86,4.63,5.02,122.4264,13767.74,4411.55,14.76,-0.3899999999999997,,0.5899999999999999,-0.08357416584374722,
2023-11-14 00:00:00+00:00,78.9,4.44,4.8,121.35,14094.38,4495.7,14.16,-0.35999999999999943,-0.8792221285605084,-0.5999999999999996,1.907492831317792,0.050722799898572646
2023-11-15 00:00:00+00:00,77.15,4.53,4.9,121.0749,14103.84,4502.88,14.18,-0.3700000000000001,-0.22669962917181152,0.019999999999999574,0.1597081655804411,-2.217997465145749
2023-11-16 00:00:00+00:00,73.5,4.45,4.83,121.1754,14113.67,4508.24,14.32,-0.3799999999999999,0.08300646954901847,0.14000000000000057,0.11903492875668942,-4.73104342190539
2023-11-17 00:00:00+00:00,76.47,4.44,4.88,120.8477,14125.48,4514.02,13.8,-0.4399999999999995,-0.2704344281099891,-0.5199999999999996,0.12820967827800178,4.040816326530616
2023-11-20 00:00:00+00:00,78.1,4.42,4.89,120.2533,14284.53,4547.38,13.41,-0.46999999999999975,-0.4918587610686864,-0.39000000000000057,0.7390308416887814,2.131554858114293
2023-11-21 00:00:00+00:00,78.35,4.41,4.86,120.2241,14199.98,4538.19,13.35,-0.4500000000000002,-0.024282077913861944,-0.0600000000000005,-0.2020943928152108,0.3201024327784907
2023-11-22 00:00:00+00:00,76.8,4.42,4.89,120.6802,14265.86,4556.62,12.85,-0.46999999999999975,0.3793748507994632,-0.5,0.4061090434732906,-1.978302488832162
2023-11-23 00:00:00+00:00,,,,,,,12.8,,,-0.049999999999998934,,
2023-11-24 00:00:00+00:00,74.83,4.47,4.92,120.2105,14250.85,4559.34,12.46,-0.4500000000000002,,-0.33999999999999986,,
2023-11-27 00:00:00+00:00,74.46,4.39,4.84,120.173,14241.02,4550.43,12.69,-0.4500000000000002,-0.03119527828266966,0.22999999999999865,-0.1954230217531494,-0.4944540959508248
2023-11-28 00:00:00+00:00,76.09,4.34,4.73,119.5904,14281.76,4554.89,12.69,-0.39000000000000057,-0.48480107844524056,0.0,0.09801271528184774,2.1890948160086188
2023-11-29 00:00:00+00:00,77.56,4.27,4.64,119.8159,14258.49,4550.58,12.98,-0.3700000000000001,0.18856028577545203,0.2900000000000009,-0.09462358037187757,1.931922723091084
2023-11-30 00:00:00+00:00,75.66,4.37,4.73,120.2434,14226.22,4567.8,12.92,-0.3600000000000003,0.35679738665734817,-0.0600000000000005,0.37841330116161753,-2.449716348633324
2023-12-01 00:00:00+00:00,73.7,4.22,4.56,119.9424,14305.03,4594.63,12.63,-0.33999999999999986,-0.2503255895957568,-0.28999999999999915,0.5873724769035471,-2.5905366111551587
2023-12-04 00:00:00+00:00,72.73,4.28,4.64,120.4727,14185.49,4569.78,13.08,-0.35999999999999943,0.44212888853316645,0.4499999999999993,-0.5408487734594569,-1.31614654002713
2023-12-05 00:00:00+00:00,71.95,4.18,4.57,120.7913,14229.91,4567.18,12.85,-0.39000000000000057,0.26445825485774677,-0.23000000000000043,-0.05689551794614278,-1.0724597827581506
2023-12-06 00:00:00+00:00,68.98,4.12,4.6,120.5334,14146.71,4549.34,12.97,-0.47999999999999954,-0.2135087543556624,0.120000000000001,-0.39061302598102365,-4.127866574009731
2023-12-07 00:00:00+00:00,69.0,4.14,4.58,120.6013,14339.99,4585.59,13.06,-0.4400000000000004,0.056332933444158684,0.08999999999999986,0.7968188792220499,0.02899391127861861
2023-12-08 00:00:00+00:00,70.87,4.23,4.71,120.7607,14403.97,4604.37,12.35,-0.47999999999999954,0.1321710462490966,-0.7100000000000009,0.40954381006588214,2.710144927536229
2023-12-11 00:00:00+00:00,70.95,4.23,4.71,120.9279,14432.49,4622.44,12.63,-0.47999999999999954,0.13845563995571464,0.28000000000000114,0.3924532563629679,0.11288274305065737
2023-12-12 00:00:00+00:00,68.27,4.2,4.73,120.6817,14533.4,4643.7,12.07,-0.5300000000000002,-0.20359238852241113,-0.5600000000000005,0.4599302532861449,-3.7773079633544815
2023-12-13 00:00:00+00:00,69.09,4.04,4.46,121.1571,14733.96,4707.09,12.19,-0.41999999999999993,0.3939288226798121,0.11999999999999922,1.3650752632599072,1.2011132268932245
2023-12-14 00:00:00+00:00,71.21,3.92,4.37,119.5683,14761.56,4719.55,12.48,-0.4500000000000002,-1.3113552569350095,0.2900000000000009,0.2647070695482867,3.068461427124025
2023-12-15 00:00:00+00:00,71.05,3.91,4.44,119.7382,14813.92,4719.19,12.28,-0.5300000000000002,0.14209451836315612,-0.20000000000000107,-0.007627845875146644,-0.22468754388428325
2023-12-18 00:00:00+00:00,72.16,3.95,4.43,119.9102,14905.19,4740.56,12.56,-0.47999999999999954,0.1436467225998106,0.28000000000000114,0.452831947855481,1.5622800844475648
2023-12-19 00:00:00+00:00,73.23,3.93,4.41,119.4632,15003.22,4768.37,12.53,-0.48,-0.3727789629239253,-0.030000000000001137,0.5866395531329616,1.4828159645232875
2023-12-20 00:00:00+00:00,73.87,3.86,4.34,119.5435,14777.94,4698.35,13.67,-0.48,0.06721735228922832,1.1400000000000006,-1.4684263175886003,0.8739587600710141
2023-12-21 00:00:00+00:00,73.59,3.89,4.33,119.3168,14963.87,4746.75,13.65,-0.43999999999999995,-0.1896380815351706,-0.019999999999999574,1.030148882054327,-0.3790442669554639
2023-12-22 00:00:00+00:00,73.29,3.9,4.31,119.0625,14992.97,4754.63,13.03,-0.4099999999999997,-0.21313008729700877,-0.620000000000001,0.16600832148312428,-0.40766408479412375
2023-12-26 00:00:00+00:00,75.84,3.89,4.26,118.8875,15074.57,4774.75,12.99,-0.36999999999999966,-0.14698162729658293,-0.03999999999999915,0.42316647141837915,3.4793286942284007
2023-12-27 00:00:00+00:00,74.31,3.79,4.2,118.4729,15099.18,4781.58,12.43,-0.41000000000000014,-0.348733045946803,-0.5600000000000005,0.1430441384365766,-2.0174050632911444
2023-12-28 00:00:00+00:00,72.02,3.84,4.26,118.4104,15095.14,4783.35,12.47,-0.41999999999999993,-0.052754680606281745,0.040000000000000924,0.03701705294067992,-3.0816848338043434
2023-12-29 00:00:00+00:00,71.89,3.88,4.23,118.4208,15011.35,4769.83,12.45,-0.35000000000000053,0.008783012302981952,-0.02000000000000135,-0.28264709879060046,-0.18050541516244634
2024-01-02 00:00:00+00:00,70.62,3.95,4.33,119.2686,14765.94,4742.83,13.2,-0.3799999999999999,0.7159215272992681,0.75,-0.566057909820683,-1.766587842537204
2024-01-03 00:00:00+00:00,72.97,3.91,4.33,119.6958,14592.21,4704.81,14.04,-0.41999999999999993,0.35818312615389925,0.8399999999999999,-0.8016310936719062,3.3276692155196796
2024-01-04 00:00:00+00:00,72.38,3.99,4.38,119.6208,14510.3,4688.68,14.13,-0.3899999999999997,-0.06265884015981271,0.09000000000000163,-0.3428406248073834,-0.8085514595039145
2024-01-05 00:00:00+00:00,74.0,4.05,4.4,119.388,14524.07,4697.24,13.35,-0.35000000000000053,-0.19461498334737426,-0.7800000000000011,0.1825673750394552,2.2381873445703304
2024-01-08 00:00:00+00:00,71.06,4.01,4.36,119.2506,14843.77,4763.54,13.08,-0.35000000000000053,-0.11508694341140213,-0.2699999999999996,1.4114671594383177,-3.9729729729729657
2024-01-09 00:00:00+00:00,72.43,4.02,4.36,119.6666,14857.71,4756.5,12.76,-0.34000000000000075,0.348845204971715,-0.3200000000000003,-0.1477892491718369,1.9279482127779302
2024-01-10 00:00:00+00:00,71.57,4.04,4.37,119.7614,14969.65,4783.45,12.69,-0.33000000000000007,0.07922009984406841,-0.07000000000000028,0.5665930831493693,-1.1873533066409148
2024-01-11 00:00:00+00:00,72.15,3.98,4.26,119.8916,14970.19,4780.24,12.44,-0.2799999999999998,0.10871616397269968,-0.25,-0.0671063771963798,0.8103954170742167
2024-01-12 00:00:00+00:00,72.94,3.96,4.14,119.534,14972.76,4783.83,12.7,-0.17999999999999972,-0.29826943672449646,0.2599999999999998,0.07510083175741311,1.094941094941082
2024-01-15 00:00:00+00:00,,,,,,,13.25,,,0.5500000000000007,,
2024-01-16 00:00:00+00:00,72.63,4.07,4.22,120.5759,14944.35,4765.98,13.84,-0.14999999999999947,,0.5899999999999999,,
2024-01-17 00:00:00+00:00,72.79,4.1,4.34,121.0402,14855.62,4739.21,14.79,-0.2400000000000002,0.3850686579988105,0.9499999999999993,-0.5616893062916684,0.2202946440864828
2024-01-18 00:00:00+00:00,74.32,4.14,4.34,120.8895,15055.65,4780.94,14.13,-0.20000000000000018,-0.12450409037658705,-0.6599999999999984,0.8805265012522989,2.1019370792691117
2024-01-19 00:00:00+00:00,73.69,4.15,4.39,120.6442,15310.97,4839.81,13.3,-0.23999999999999932,-0.2029125771882634,-0.8300000000000001,1.2313478102632613,-0.8476856835306745
2024-01-22 00:00:00+00:00,75.26,4.11,4.37,120.6178,15360.29,4850.43,13.19,-0.2599999999999998,-0.02188252729927731,-0.11000000000000121,0.2194301015948863,2.1305468856018583
2024-01-23 00:00:00+00:00,74.72,4.14,4.31,121.1001,15425.94,4864.6,12.55,-0.16999999999999993,0.3998580640668159,-0.6399999999999988,0.29213904746590025,-0.7175126229072681
2024-01-24 00:00:00+00:00,75.48,4.18,4.34,120.4916,15481.92,4868.55,13.14,-0.16000000000000014,-0.5024768765673926,0.5899999999999999,0.08119886527155895,1.0171306209850073
2024-01-25 00:00:00+00:00,77.91,4.14,4.28,120.8311,15510.5,4894.16,13.45,-0.14000000000000057,0.281762380116124,0.3099999999999987,0.5260293105750158,3.2193958664546773
2024-01-26 00:00:00+00:00,78.45,4.15,4.34,120.6173,15455.36,4890.97,13.26,-0.1899999999999995,-0.1769412013960081,-0.1899999999999995,-0.06517972440622799,0.6931074316519181
2024-01-29 00:00:00+00:00,77.25,4.08,4.29,120.8538,15628.04,4927.93,13.6,-0.20999999999999996,0.19607469243632103,0.33999999999999986,0.7556783214781593,-1.5296367112810794
2024-01-30 00:00:00+00:00,78.3,4.06,4.36,120.6025,15509.9,4924.97,13.31,-0.3000000000000007,-0.20793719353466855,-0.28999999999999915,-0.060065788272156695,1.3592233009708687
2024-01-31 00:00:00+00:00,76.28,3.99,4.27,120.4331,15164.01,4845.65,14.35,-0.27999999999999936,-0.1404614332207177,1.0399999999999991,-1.610568186202166,-2.5798212005108456
2024-02-01 00:00:00+00:00,74.36,3.87,4.2,120.3335,15361.64,4906.19,13.88,-0.33000000000000007,-0.08270151644356183,-0.46999999999999886,1.2493679898465615,-2.5170424750917686
2024-02-02 00:00:00+00:00,72.72,4.03,4.36,120.902,15628.95,4958.61,13.85,-0.33000000000000007,0.47243701878529887,-0.030000000000001137,1.068446187367389,-2.2054868208714384
2024-02-05 00:00:00+00:00,73.21,4.17,4.46,121.349,15597.68,4942.81,13.67,-0.29000000000000004,0.36972093100196,-0.17999999999999972,-0.318637682737688,0.6738173817381732
2024-02-06 00:00:00+00:00,73.83,4.09,4.39,120.9588,15609.0,4954.23,13.06,-0.2999999999999998,-0.32155188753101305,-0.6099999999999994,0.2310426660138587,0.8468788416883033
2024-02-07 00:00:00+00:00,74.26,4.09,4.41,120.9049,15756.64,4995.06,12.83,-0.3200000000000003,-0.04456062725489707,-0.23000000000000043,0.8241442161546875,0.5824190708384247
2024-02-08 00:00:00+00:00,76.67,4.15,4.46,121.0798,15793.71,4997.91,12.79,-0.3099999999999996,0.14465914946375502,-0.040000000000000924,0.05705637169521882,3.2453541610557357
2024-02-09 00:00:00+00:00,77.26,4.17,4.48,121.039,15990.66,5026.61,12.93,-0.3100000000000005,-0.03369678509544949,0.14000000000000057,0.5742400323335062,0.7695317594887285
2024-02-12 00:00:00+00:00,77.34,4.17,4.46,120.9378,15942.55,5021.84,13.93,-0.29000000000000004,-0.08360941514719,1.0,-0.09489496897510108,0.10354646647683374
2024-02-13 00:00:00+00:00,78.28,4.31,4.64,121.5202,15655.6,4953.17,15.85,-0.33000000000000007,0.48156986483962605,1.92,-1.3674270785210219,1.2154124644427222
2024-02-14 00:00:00+00:00,77.09,4.27,4.56,121.4002,15859.15,5000.62,14.38,-0.29000000000000004,-0.09874901456713436,-1.4699999999999989,0.957972369210025,-1.5201839550332163
2024-02-15 00:00:00+00:00,78.47,4.24,4.56,121.2121,15906.17,5029.73,14.01,-0.3199999999999994,-0.15494208411517274,-0.370000000000001,0.5821278161507903,1.7901154494746274
2024-02-16 00:00:00+00:00,79.65,4.3,4.64,121.1505,15775.65,5005.57,14.24,-0.33999999999999986,-0.05082000889351512,0.23000000000000043,-0.4803438753173572,1.5037593984962516
2024-02-19 00:00:00+00:00,,,,,,,14.71,,,0.47000000000000064,,
2024-02-20 00:00:00+00:00,78.72,4.27,4.59,121.0199,15630.78,4975.51,15.42,-0.3200000000000003,,0.7099999999999991,,
2024-02-21 00:00:00+00:00,78.89,4.32,4.64,121.0379,15580.87,4981.8,15.34,-0.3199999999999994,0.014873586905950198,-0.08000000000000007,0.12641920124771833,0.21595528455284896
2024-02-22 00:00:00+00:00,79.64,4.33,4.69,121.102,16041.62,5087.03,14.54,-0.3600000000000003,0.05295861874670127,-0.8000000000000007,2.1122887309807714,0.9506908353403398
2024-02-23 00:00:00+00:00,77.6,4.26,4.67,121.0369,15996.82,5088.8,13.75,-0.41000000000000014,-0.05375633763273768,-0.7899999999999991,0.03479436920954537,-2.5615268709191397
2024-02-26 00:00:00+00:00,78.53,4.28,4.69,121.0592,15976.25,5069.53,13.74,-0.41000000000000014,0.01842413346673233,-0.009999999999999787,-0.3786747366766319,1.1984536082474406
2024-02-27 00:00:00+00:00,79.8,4.31,4.7,120.9647,16035.3,5078.18,13.43,-0.39000000000000057,-0.07806098173456233,-0.3100000000000005,0.17062725735916828,1.617216350439321
2024-02-28 00:00:00+00:00,79.44,4.27,4.64,121.128,15947.74,5069.76,13.84,-0.3700000000000001,0.1349980614179236,0.41000000000000014,-0.16580743494716277,-0.4511278195488688
2024-02-29 00:00:00+00:00,79.22,4.25,4.64,121.1824,16091.92,5096.27,13.4,-0.3899999999999997,0.044911168350836306,-0.4399999999999995,0.5229044372909275,-0.2769385699899263
2024-03-01 00:00:00+00:00,80.9,4.19,4.54,121.0111,16274.94,5137.08,13.11,-0.34999999999999964,-0.1413571607758235,-0.2900000000000009,0.8007817482197588,2.1206765968190044
2024-03-04 00:00:00+00:00,79.67,4.22,4.61,120.872,16207.51,5130.95,13.49,-0.39000000000000057,-0.11494813285722882,0.3800000000000008,-0.11932849011501157,-1.520395550061815
2024-03-05 00:00:00+00:00,79.11,4.13,4.54,120.8846,15939.59,5078.65,14.46,-0.41000000000000014,0.010424250446749994,0.9700000000000006,-1.0193044173106403,-0.7028994602736316
2024-03-06 00:00:00+00:00,80.08,4.11,4.55,120.4649,16031.54,5104.76,14.5,-0.4399999999999995,-0.3471906264321589,0.03999999999999915,0.5141130024711504,1.2261408165844978
2024-03-07 00:00:00+00:00,79.81,4.09,4.5,120.1909,16273.38,5157.36,14.44,-0.41000000000000014,-0.22745214581176842,-0.0600000000000005,1.0304108322428451,-0.3371628371628299
2024-03-08 00:00:00+00:00,78.96,4.09,4.48,119.975,16085.11,5123.69,14.74,-0.39000000000000057,-0.17963090383714686,0.3000000000000007,-0.652853397862474,-1.06502944493172
2024-03-11 00:00:00+00:00,78.87,4.1,4.51,120.0394,16019.27,5117.94,15.22,-0.41000000000000014,0.05367784955199184,0.4800000000000004,-0.1122238074512727,-0.11398176291791406
2024-03-12 00:00:00+00:00,78.51,4.16,4.58,120.1668,16265.64,5175.27,13.84,-0.41999999999999993,0.10613182005241306,-1.3800000000000008,1.1201772588189884,-0.4564473183719997
2024-03-13 00:00:00+00:00,80.67,4.19,4.61,119.9642,16177.77,5165.31,13.75,-0.41999999999999993,-0.16859898075007873,-0.08999999999999986,-0.1924537270519222,2.751241880015276
2024-03-14 00:00:00+00:00,82.16,4.29,4.68,120.241,16128.53,5150.48,14.4,-0.3899999999999997,0.2307355027583169,0.6500000000000004,-0.2871076469757039,1.8470311144167528
2024-03-15 00:00:00+00:00,81.94,4.31,4.72,120.4003,15973.17,5117.09,14.41,-0.41000000000000014,0.13248392811104903,0.009999999999999787,-0.6482890915021411,-0.2677702044790675
2024-03-18 00:00:00+00:00,83.68,4.34,4.73,120.5752,16103.45,5149.42,14.33,-0.39000000000000057,0.14526541877386556,-0.08000000000000007,0.6318044044564486,2.12350500366123
2024-03-19 00:00:00+00:00,84.39,4.3,4.68,120.9332,16166.79,5178.51,13.82,-0.3799999999999999,0.2969101440428945,-0.5099999999999998,0.5649179907640134,0.8484703632887003
2024-03-20 00:00:00+00:00,82.79,4.27,4.59,120.9289,16369.41,5224.62,13.04,-0.3200000000000003,-0.0035556819798054917,-0.7800000000000011,0.8904105621114988,-1.895959236876399
2024-03-21 00:00:00+00:00,81.99,4.27,4.62,120.8086,16401.84,5241.53,12.92,-0.35000000000000053,-0.0994799423462922,-0.11999999999999922,0.3236599025383535,-0.9663002778113383
2024-03-22 00:00:00+00:00,81.1,4.22,4.59,121.1842,16428.82,5234.18,13.06,-0.3700000000000001,0.3109050183513373,0.14000000000000057,-0.14022623165372838,-1.085498231491644
2024-03-25 00:00:00+00:00,82.41,4.25,4.54,121.0295,16384.47,5218.19,13.19,-0.29000000000000004,-0.1276569057682475,0.129999999999999,-0.30549197773100945,1.6152897657213394
2024-03-26 00:00:00+00:00,82.41,4.24,4.56,121.0742,16315.7,5203.58,13.24,-0.3199999999999994,0.036933144398676454,0.05000000000000071,-0.27998213940082506,0.0
2024-03-27 00:00:00+00:00,82.15,4.2,4.54,121.0089,16399.52,5248.49,12.78,-0.33999999999999986,-0.053933868652455974,-0.46000000000000085,0.8630596627706266,-0.31549569227034
2024-03-28 00:00:00+00:00,83.96,4.2,4.59,121.0635,16379.46,5254.35,13.01,-0.3899999999999997,0.04512064815067607,0.23000000000000043,0.11165116061955249,2.2032866707242693
2024-03-29 00:00:00+00:00,,,,121.0191,,,,,-0.03667496809526272,,,
2024-04-01 00:00:00+00:00,84.54,4.33,4.72,121.5151,16396.83,5243.77,13.65,-0.3899999999999997,0.4098526596215013,,,
2024-04-02 00:00:00+00:00,85.95,4.36,4.7,121.3035,16240.45,5205.81,14.61,-0.33999999999999986,-0.17413473716435535,0.9599999999999991,-0.723906654944817,1.6678495386799108
2024-04-03 00:00:00+00:00,86.22,4.36,4.68,121.0198,16277.46,5211.49,14.33,-0.3199999999999994,-0.233876186589832,-0.27999999999999936,0.10910886106099138,0.3141361256544517
2024-04-04 00:00:00+00:00,87.37,4.31,4.65,120.7613,16049.08,5147.21,16.35,-0.34000000000000075,-0.21360141067825467,2.0200000000000014,-1.2334284436888443,1.333797262816061
2024-04-05 00:00:00+00:00,87.69,4.39,4.73,120.9646,16248.52,5204.34,16.03,-0.34000000000000075,0.16834863486894225,-0.3200000000000003,1.1099216857287653,0.36625844111251027
2024-04-08 00:00:00+00:00,87.24,4.42,4.78,120.7359,16253.96,5202.39,15.19,-0.3600000000000003,-0.1890635772779814,-0.8400000000000016,-0.037468728023148934,-0.5131713992473474
2024-04-09 00:00:00+00:00,86.04,4.36,4.74,120.7048,16306.64,5209.91,14.98,-0.3799999999999999,-0.025758701430145248,-0.20999999999999908,0.1445489476951778,-1.3755158184318939
2024-04-10 00:00:00+00:00,86.98,4.55,4.97,121.5727,16170.36,5160.64,15.8,-0.41999999999999993,0.7190269152510753,0.8200000000000003,-0.9456977183866844,1.0925151092515017
2024-04-11 00:00:00+00:00,85.79,4.56,4.93,121.6081,16442.2,5199.06,14.91,-0.3700000000000001,0.029118379373005432,-0.8900000000000006,0.7444813046443954,-1.368130604736717
2024-04-12 00:00:00+00:00,86.46,4.5,4.88,122.2885,16175.09,5123.41,17.31,-0.3799999999999999,0.5595022042117259,2.3999999999999986,-1.4550707243232486,0.7809768038232745
2024-04-15 00:00:00+00:00,86.21,4.63,4.93,122.425,15885.02,5061.82,19.23,-0.2999999999999998,0.1116212890010182,1.9200000000000017,-1.2021290507689297,-0.2891510525098284
2024-04-16 00:00:00+00:00,86.15,4.67,4.97,123.1234,15865.25,5051.41,18.4,-0.2999999999999998,0.570471717377985,-0.8300000000000018,-0.2056572537150636,-0.06959749449018116
2024-04-17 00:00:00+00:00,83.58,4.59,4.93,123.0207,15683.37,5022.21,18.21,-0.33999999999999986,-0.0834122514485447,-0.18999999999999773,-0.5780564238499708,-2.9831688914683796
2024-04-18 00:00:00+00:00,83.5,4.64,4.98,123.0017,15601.5,5011.12,18.0,-0.34000000000000075,-0.015444555265908821,-0.21000000000000085,-0.22081912146246774,-0.09571667863125244
2024-04-19 00:00:00+00:00,83.79,4.62,4.97,123.1075,15282.01,4967.23,18.71,-0.34999999999999964,0.0860150713364094,0.7100000000000009,-0.8758521049186729,0.34730538922156384
2024-04-22 00:00:00+00:00,83.82,4.62,4.97,123.0609,15451.31,5010.6,16.94,-0.34999999999999964,-0.03785309587148733,-1.7699999999999996,0.8731224445012842,0.035803795202271615
2024-04-23 00:00:00+00:00,84.17,4.61,4.86,122.7227,15696.64,5070.55,15.69,-0.25,-0.2748232785555804,-1.2500000000000018,1.196463497385536,0.41756144118350047
2024-04-24 00:00:00+00:00,84.09,4.65,4.89,122.89,15712.75,5071.63,15.97,-0.23999999999999932,0.13632359783479764,0.28000000000000114,0.02129946455513565,-0.09504574076274475
2024-04-25 00:00:00+00:00,84.92,4.7,4.96,122.8384,15611.76,5048.42,15.37,-0.2599999999999998,-0.041988770445122725,-0.6000000000000014,-0.4576437949929346,0.987037697704829
2024-04-26 00:00:00+00:00,85.38,4.67,4.96,122.9471,15927.9,5099.96,15.03,-0.29000000000000004,0.0884902440930535,-0.33999999999999986,1.0209134739185721,0.5416862929816135
2024-04-29 00:00:00+00:00,84.26,4.63,4.97,122.5449,15983.08,5116.17,14.67,-0.33999999999999986,-0.3271325635171629,-0.35999999999999943,0.3178456301617949,-1.3117826188802861
2024-04-30 00:00:00+00:00,83.49,4.69,5.04,122.9853,15657.82,5035.69,15.65,-0.34999999999999964,0.35937848086700086,0.9800000000000004,-1.5730517164206925,-0.9138381201044488
2024-05-01 00:00:00+00:00,80.7,4.63,4.96,123.0168,15605.48,5018.39,15.39,-0.33000000000000007,0.025612817141573707,-0.2599999999999998,-0.3435477561168243,-3.3417175709665736
2024-05-02 00:00:00+00:00,80.59,4.58,4.87,122.4384,15840.96,5064.2,14.68,-0.29000000000000004,-0.4701796827750404,-0.7100000000000009,0.9128425650457572,-0.13630731102850513
2024-05-03 00:00:00+00:00,79.65,4.5,4.81,122.1375,16156.33,5127.79,13.49,-0.3099999999999996,-0.24575623333855656,-1.1899999999999995,1.2556771059594851,-1.1663978161062127
2024-05-06 00:00:00+00:00,80.1,4.49,4.82,121.8913,16349.25,5180.74,13.49,-0.33000000000000007,-0.2015760925186738,0.0,1.0326085896653403,0.5649717514124131
2024-05-07 00:00:00+00:00,79.97,4.47,4.82,122.093,16332.56,5187.7,13.23,-0.35000000000000053,0.16547530463617566,-0.2599999999999998,0.134343742399734,-0.1622971285892616
2024-05-08 00:00:00+00:00,80.57,4.48,4.84,122.1926,16302.76,5187.67,13.0,-0.35999999999999943,0.0815771583956515,-0.23000000000000043,-0.0005782909574536532,0.7502813555082977
2024-05-09 00:00:00+00:00,80.86,4.45,4.8,122.1634,16346.26,5214.08,12.69,-0.34999999999999964,-0.023896700782211067,-0.3100000000000005,0.5090917502462489,0.35993545984858155
2024-05-10 00:00:00+00:00,79.81,4.5,4.87,122.014,16340.87,5222.68,12.55,-0.3700000000000001,-0.12229522099089785,-0.1399999999999988,0.164938013992888,-1.2985406876082073
2024-05-13 00:00:00+00:00,80.71,4.48,4.85,122.0261,16388.24,5221.42,13.6,-0.3699999999999992,0.009916894782580066,1.049999999999999,-0.024125544739483917,1.1276782358100368
2024-05-14 00:00:00+00:00,79.62,4.45,4.81,121.9256,16511.18,5246.68,13.42,-0.35999999999999943,-0.08235942966299259,-0.17999999999999972,0.4837764439558523,-1.3505141865939652
2024-05-15 00:00:00+00:00,80.23,4.36,4.73,121.3543,16742.39,5308.15,12.45,-0.3700000000000001,-0.46856443601672737,-0.9700000000000006,1.1715980391409309,0.7661391610148227
2024-05-16 00:00:00+00:00,80.85,4.38,4.78,121.2236,16698.32,5297.1,12.42,-0.40000000000000036,-0.10770116922101947,-0.02999999999999936,-0.20817045486656305,0.7727782624953106
2024-05-17 00:00:00+00:00,81.66,4.42,4.83,121.2354,16685.97,5303.27,11.99,-0.41000000000000014,0.009734078182788153,-0.4299999999999997,0.11647882803798026,1.0018552875695752
2024-05-20 00:00:00+00:00,81.39,4.44,4.82,121.2289,16794.87,5308.13,12.15,-0.3799999999999999,-0.005361470329623419,0.16000000000000014,0.09164157208665369,-0.33063923585597843
2024-05-21 00:00:00+00:00,80.66,4.41,4.82,121.3793,16832.62,5321.41,11.86,-0.41000000000000014,0.12406282660322177,-0.2900000000000009,0.25018226757822504,-0.8969160830568867
2024-05-22 00:00:00+00:00,79.15,4.43,4.86,121.5462,16801.54,5307.01,12.29,-0.4300000000000006,0.1375028526280797,0.4299999999999997,-0.2706049712388192,-1.8720555417803042
2024-05-23 00:00:00+00:00,77.47,4.47,4.91,121.7477,16736.03,5267.84,12.77,-0.4400000000000004,0.1657805838438442,0.4800000000000004,-0.7380803880150943,-2.1225521162350103
2024-05-24 00:00:00+00:00,78.48,4.46,4.93,121.6172,16920.79,5304.72,11.93,-0.46999999999999975,-0.1071888832396839,-0.8399999999999999,0.7000971935366307,1.303730476313425
2024-05-27 00:00:00+00:00,,,,,,,12.36,,,0.4299999999999997,,
2024-05-28 00:00:00+00:00,80.9,4.54,4.94,121.43,17019.88,5306.04,12.92,-0.40000000000000036,,0.5600000000000005,,
2024-05-29 00:00:00+00:00,80.24,4.61,4.96,122.1641,16920.58,5266.95,14.28,-0.34999999999999964,0.6045458288725936,1.3599999999999994,-0.7367076011488782,-0.8158220024721996
2024-05-30 00:00:00+00:00,78.96,4.55,4.92,121.9601,16737.08,5235.48,14.47,-0.3700000000000001,-0.16698850153196165,0.19000000000000128,-0.5974995016091,-1.5952143569292088
2024-05-31 00:00:00+00:00,77.97,4.51,4.89,122.098,16735.02,5277.51,12.92,-0.3799999999999999,0.1130697662596214,-1.5500000000000007,0.8027917211029578,-1.2537993920972546
2024-06-03 00:00:00+00:00,75.26,4.41,4.82,122.3509,16828.67,5283.4,13.11,-0.41000000000000014,0.20712869989680804,0.1899999999999995,0.1116056625188655,-3.4756957804283672
2024-06-04 00:00:00+00:00,74.27,4.33,4.77,122.7256,16857.05,5291.34,13.16,-0.4399999999999995,0.3062503013872453,0.05000000000000071,0.15028201536890773,-1.3154398086633101
2024-06-05 00:00:00+00:00,75.08,4.29,4.72,122.5339,17187.9,5354.03,12.63,-0.4299999999999997,-0.15620212897716756,-0.5299999999999994,1.1847660516995706,1.090615322472055
2024-06-06 00:00:00+00:00,76.52,4.28,4.72,122.3713,17173.12,5352.96,12.58,-0.4399999999999995,-0.132697971744955,-0.05000000000000071,-0.01998494591923805,1.917954182205639
2024-06-07 00:00:00+00:00,76.53,4.43,4.87,123.549,17133.13,5346.99,12.22,-0.4400000000000004,0.962398863132119,-0.35999999999999943,-0.11152708034434244,0.013068478829070251
2024-06-10 00:00:00+00:00,78.75,4.47,4.87,123.9125,17192.53,5360.79,12.74,-0.40000000000000036,0.29421525062929277,0.5199999999999996,0.25808913052016713,2.9008232065856454
2024-06-11 00:00:00+00:00,78.88,4.39,4.81,124.0349,17343.55,5375.32,12.85,-0.41999999999999993,0.09877938061131353,0.10999999999999943,0.271042141176947,0.16507936507936805
2024-06-12 00:00:00+00:00,79.56,4.31,4.75,123.8295,17608.44,5421.03,12.04,-0.4400000000000004,-0.16559855331039763,-0.8100000000000005,0.8503679780924589,0.8620689655172598
2024-06-13 00:00:00+00:00,79.61,4.24,4.68,124.0235,17667.56,5433.74,11.94,-0.4399999999999995,0.15666703006957938,-0.09999999999999964,0.23445728948188194,0.06284565108094498
2024-06-14 00:00:00+00:00,79.41,4.2,4.67,124.1694,17688.88,5431.6,12.66,-0.46999999999999975,0.11763899583545623,0.7200000000000006,-0.0393835553412436,-0.25122472051249956
2024-06-17 00:00:00+00:00,81.33,4.28,4.75,124.239,17857.02,5473.23,12.75,-0.46999999999999975,0.056052457368727104,0.08999999999999986,0.7664408277487045,2.41783150736683
2024-06-18 00:00:00+00:00,82.67,4.22,4.69,123.9776,17862.23,5487.03,12.3,-0.47000000000000064,-0.21040092080587547,-0.4499999999999993,0.2521363070800975,1.6476085085454395
2024-06-19 00:00:00+00:00,,,,,,,12.48,,,0.17999999999999972,,
2024-06-20 00:00:00+00:00,83.34,4.25,4.7,124.192,17721.59,5473.17,13.28,-0.4500000000000002,,0.7999999999999989,,
2024-06-21 00:00:00+00:00,81.71,4.25,4.7,124.1086,17689.36,5464.62,13.2,-0.4500000000000002,-0.06715408399896594,-0.08000000000000007,-0.1562165984246855,-1.9558435325174095
2024-06-24 00:00:00+00:00,82.63,4.25,4.71,123.7125,17496.82,5447.87,13.33,-0.45999999999999996,-0.3191559650177256,0.13000000000000078,-0.30651719607218686,1.125933178313554
2024-06-25 00:00:00+00:00,81.97,4.23,4.65,123.9417,17717.65,5469.3,12.84,-0.41999999999999993,0.18526826311002775,-0.4900000000000002,0.39336474622191364,-0.7987413772237661
2024-06-26 00:00:00+00:00,82.19,4.32,4.71,124.26,17805.16,5477.9,12.55,-0.3899999999999997,0.25681429252624177,-0.28999999999999915,0.15724132887204867,0.268390874710267
2024-06-27 00:00:00+00:00,83.04,4.29,4.7,124.3379,17858.68,5482.87,12.24,-0.41000000000000014,0.06269113149846017,-0.3100000000000005,0.09072819876230209,1.0341890740966253
2024-06-28 00:00:00+00:00,82.83,4.36,4.71,124.2103,17732.6,5460.48,12.44,-0.34999999999999964,-0.10262357656032339,0.1999999999999993,-0.40836277351096184,-0.25289017341041387
2024-07-01 00:00:00+00:00,84.7,4.48,4.77,124.4667,17879.3,5475.09,12.22,-0.28999999999999915,0.20642410492528462,-0.21999999999999886,0.2675588959212494,2.257636122177953
2024-07-02 00:00:00+00:00,84.09,4.43,4.74,124.2917,18028.76,5509.01,12.03,-0.3100000000000005,-0.1405998552223231,-0.19000000000000128,0.6195331948881222,-0.7201889020070795
2024-07-03 00:00:00+00:00,85.19,4.36,4.71,123.7768,18188.3,5537.02,12.09,-0.34999999999999964,-0.4142674048226991,0.0600000000000005,0.5084398104196586,1.308122249970256
2024-07-04 00:00:00+00:00,,,,,,,12.26,,,0.16999999999999993,,
2024-07-05 00:00:00+00:00,84.44,4.28,4.6,123.4762,18352.76,5567.19,12.48,-0.3199999999999994,,0.22000000000000064,,
2024-07-08 00:00:00+00:00,83.63,4.28,4.62,123.3576,18403.74,5572.85,12.37,-0.33999999999999986,-0.09605089887767537,-0.11000000000000121,0.10166708878267539,-0.9592610137375668
2024-07-09 00:00:00+00:00,82.78,4.3,4.62,123.4071,18429.29,5576.98,12.51,-0.3200000000000003,0.040127239829557126,0.14000000000000057,0.07410929775606423,-1.016381681214873
2024-07-10 00:00:00+00:00,83.39,4.28,4.62,123.1895,18647.45,5633.91,12.85,-0.33999999999999986,-0.17632696984209995,0.33999999999999986,1.0208033738690059,0.7368929693162496
2024-07-11 00:00:00+00:00,83.92,4.2,4.5,122.769,18283.41,5584.54,12.92,-0.2999999999999998,-0.341344026885404,0.07000000000000028,-0.8763008283767415,0.6355678138865617
2024-07-12 00:00:00+00:00,83.49,4.18,4.45,122.4404,18398.45,5615.35,12.46,-0.27000000000000046,-0.26765714471894686,-0.4599999999999991,0.5517016620885551,-0.5123927550047758
2024-07-15 00:00:00+00:00,83.22,4.23,4.44,122.6347,18472.57,5631.22,13.12,-0.20999999999999996,0.15868945217427655,0.6599999999999984,0.2826181805230199,-0.3233920229967602
2024-07-16 00:00:00+00:00,81.92,4.17,4.43,122.7264,18509.34,5667.2,13.19,-0.2599999999999998,0.07477492096445992,0.07000000000000028,0.6389379210899104,-1.5621244893054498
2024-07-17 00:00:00+00:00,84.16,4.16,4.42,122.518,17996.92,5588.27,14.48,-0.2599999999999998,-0.1698086149353295,1.290000000000001,-1.3927512704686507,2.734375
2024-07-18 00:00:00+00:00,84.17,4.2,4.46,122.7909,17871.22,5544.59,15.93,-0.2599999999999998,0.22274278065264053,1.4499999999999993,-0.7816372508844482,0.011882129277562825
2024-07-19 00:00:00+00:00,81.43,4.25,4.49,123.147,17726.94,5505.0,16.52,-0.2400000000000002,0.2900052039687129,0.5899999999999999,-0.7140293511332718,-3.255316621123905
2024-07-22 00:00:00+00:00,81.25,4.26,4.5,123.2172,18007.57,5564.41,14.91,-0.2400000000000002,0.05700504275378826,-1.6099999999999994,1.0792007266121617,-0.22104875353065045
2024-07-23 00:00:00+00:00,78.24,4.25,4.4,123.3843,17997.35,5555.74,14.72,-0.15000000000000036,0.13561418373408962,-0.1899999999999995,-0.1558116673645582,-3.704615384615395
2024-07-24 00:00:00+00:00,78.78,4.28,4.37,123.5575,17342.41,5427.13,18.04,-0.08999999999999986,0.1403744236503357,3.3199999999999985,-2.3149031452155744,0.6901840490797673
2024-07-25 00:00:00+00:00,79.43,4.27,4.41,123.5286,17181.72,5399.22,18.46,-0.14000000000000057,-0.02338991967303361,0.4200000000000017,-0.5142681306694263,0.8250825082508406
2024-07-26 00:00:00+00:00,78.58,4.2,4.36,123.672,17357.88,5459.1,16.39,-0.16000000000000014,0.11608647713969855,-2.0700000000000003,1.1090490848678192,-1.0701246380460883
2024-07-29 00:00:00+00:00,77.27,4.17,4.36,124.1392,17370.2,5463.54,16.6,-0.1900000000000004,0.37777346529530575,0.21000000000000085,0.0813320877067536,-1.6670908628149683
2024-07-30 00:00:00+00:00,76.17,4.15,4.35,124.2855,17147.42,5436.44,17.69,-0.1999999999999993,0.11785157307280247,1.0899999999999999,-0.4960154039322595,-1.4235796557525493
2024-07-31 00:00:00+00:00,79.36,4.09,4.29,123.6373,17599.4,5522.3,16.36,-0.20000000000000018,-0.5215411290939054,-1.3300000000000018,1.579342363752767,4.188000525141122
2024-08-01 00:00:00+00:00,77.74,3.99,4.16,123.8693,17194.15,5446.68,18.59,-0.16999999999999993,0.1876456376837643,2.2300000000000004,-1.3693569708273734,-2.041330645161299
2024-08-02 00:00:00+00:00,74.99,3.8,3.88,123.4681,16776.16,5346.56,23.39,-0.08000000000000007,-0.32388977737016766,4.800000000000001,-1.8381839946536194,-3.5374324671983537
2024-08-05 00:00:00+00:00,74.46,3.78,3.89,123.5787,16200.08,5186.33,38.57,-0.11000000000000032,0.08957779377829489,15.18,-2.9968802370122227,-0.7067609014535292
2024-08-06 00:00:00+00:00,74.6,3.9,3.99,123.6532,16366.85,5240.03,27.71,-0.0900000000000003,0.06028546990703987,-10.86,1.035414252467537,0.18802041364491817
2024-08-07 00:00:00+00:00,76.68,3.96,4.0,123.5698,16195.81,5199.5,27.85,-0.040000000000000036,-0.06744669769969125,0.14000000000000057,-0.7734688541859436,2.788203753351226
2024-08-08 00:00:00+00:00,77.64,3.99,4.04,123.4466,16660.02,5319.31,23.79,-0.04999999999999982,-0.09970073594033346,-4.060000000000002,2.3042600250024137,1.2519561815336422
2024-08-09 00:00:00+00:00,78.28,3.94,4.05,122.9276,16745.3,5344.16,20.37,-0.10999999999999988,-0.42042470185489345,-3.419999999999998,0.46716585421793244,0.8243173621844457
2024-08-12 00:00:00+00:00,81.45,3.9,4.01,123.2204,16780.61,5344.39,20.71,-0.10999999999999988,0.23818898278336054,0.33999999999999986,0.004303763360380408,4.049565661727139
2024-08-13 00:00:00+00:00,79.81,3.85,3.93,123.0146,17187.61,5434.43,18.12,-0.08000000000000007,-0.1670177990008126,-2.59,1.6847572875482442,-2.0135052179251045
2024-08-14 00:00:00+00:00,78.47,3.83,3.94,122.4297,17192.6,5455.21,16.19,-0.10999999999999988,-0.4754720171426863,-1.9299999999999997,0.38237680860733203,-1.6789875955394051
2024-08-15 00:00:00+00:00,79.66,3.92,4.08,122.5844,17594.5,5543.22,15.23,-0.16000000000000014,0.12635822843640732,-0.9600000000000009,1.6133201104998829,1.5165031222122982
2024-08-16 00:00:00+00:00,78.05,3.89,4.06,122.3972,17631.72,5554.25,14.8,-0.16999999999999948,-0.1527111116912172,-0.4299999999999997,0.19898181923141411,-2.0210896309314608
2024-08-19 00:00:00+00:00,75.82,3.86,4.06,121.8788,17876.77,5608.25,14.65,-0.19999999999999973,-0.4235391005676603,-0.15000000000000036,0.9722284736913167,-2.857142857142858
2024-08-20 00:00:00+00:00,75.27,3.82,3.99,121.7728,17816.94,5597.12,15.88,-0.17000000000000037,-0.08697164724299489,1.2300000000000004,-0.19845762938528466,-0.7254022685307282
2024-08-21 00:00:00+00:00,72.76,3.79,3.92,121.8535,17918.99,5620.85,16.27,-0.1299999999999999,0.06627095706102093,0.3899999999999988,0.42396804070665706,-3.334661883884671
2024-08-22 00:00:00+00:00,73.72,3.86,3.99,122.3626,17619.35,5570.64,17.55,-0.13000000000000034,0.4177967805602645,1.2800000000000011,-0.8932812652890587,1.319406267179768
2024-08-23 00:00:00+00:00,75.82,3.81,3.9,121.4597,17877.79,5634.61,15.86,-0.08999999999999986,-0.7378888647348147,-1.6900000000000013,1.1483420217425433,2.84861638632663
2024-08-26 00:00:00+00:00,78.4,3.82,3.91,121.6943,17725.76,5616.84,16.15,-0.0900000000000003,0.19315048530499368,0.28999999999999915,-0.31537231503155905,3.4027960960169024
2024-08-27 00:00:00+00:00,76.5,3.83,3.83,121.8672,17754.82,5625.8,15.43,0.0,0.14207731997308848,-0.7199999999999989,0.15952029967027936,-2.423469387755106
2024-08-28 00:00:00+00:00,75.49,3.84,3.83,121.8943,17556.03,5592.18,17.11,0.009999999999999787,0.022237320624429735,1.6799999999999997,-0.5976038963347419,-1.3202614379084987
2024-08-29 00:00:00+00:00,76.9,3.87,3.87,122.2333,17516.43,5591.96,15.65,0.0,0.2781098049703612,-1.459999999999999,-0.003934065069444159,1.867797059213161
2024-08-30 00:00:00+00:00,74.52,3.91,3.91,122.3262,17713.62,5648.4,15.0,0.0,0.07600220234584842,-0.6500000000000004,1.0093062182132906,-3.0949284785435793
2024-09-02 00:00:00+00:00,,,,,,,15.55,,,0.5500000000000007,,
2024-09-03 00:00:00+00:00,71.28,3.84,3.88,122.7811,17136.3,5528.93,20.72,-0.040000000000000036,,5.169999999999998,,
2024-09-04 00:00:00+00:00,70.11,3.77,3.76,122.5144,17084.3,5520.07,21.32,0.010000000000000231,-0.21721584185188103,0.6000000000000014,-0.16024800458679378,-1.6414141414141437
2024-09-05 00:00:00+00:00,70.09,3.73,3.75,122.4533,17127.66,5503.41,19.9,-0.020000000000000018,-0.04987168855252744,-1.4200000000000017,-0.30180776693048417,-0.02852660105547855
2024-09-06 00:00:00+00:00,68.58,3.72,3.66,122.4991,16690.83,5408.42,22.38,0.06000000000000005,0.03740201366562168,2.4800000000000004,-1.726020776209658,-2.1543729490654973
2024-09-09 00:00:00+00:00,69.65,3.7,3.68,122.7156,16884.6,5471.05,19.45,0.020000000000000018,0.17673599234606652,-2.9299999999999997,1.158009178281283,1.5602216389618118
2024-09-10 00:00:00+00:00,66.73,3.65,3.59,123.0071,17025.88,5495.52,19.08,0.06000000000000005,0.23754111131755185,-0.370000000000001,0.44726332239699573,-4.192390524048816
2024-09-11 00:00:00+00:00,68.25,3.65,3.62,122.7754,17395.53,5554.13,17.69,0.029999999999999805,-0.1883631107472583,-1.389999999999997,1.0665050805019227,2.277836055747029
2024-09-12 00:00:00+00:00,69.89,3.68,3.64,122.4423,17569.68,5595.76,17.07,0.040000000000000036,-0.27130842171966263,-0.620000000000001,0.7495323299958834,2.4029304029304033
2024-09-13 00:00:00+00:00,69.59,3.66,3.57,121.6551,17683.98,5626.02,16.56,0.0900000000000003,-0.642915071017125,-0.5100000000000016,0.5407665804108897,-0.4292459579338881
2024-09-16 00:00:00+00:00,71.1,3.63,3.56,121.4976,17592.13,5633.09,17.14,0.06999999999999984,-0.12946436277641027,0.5800000000000018,0.12566610143582846,2.1698519902284774
2024-09-17 00:00:00+00:00,72.16,3.65,3.59,121.6031,17628.06,5634.58,17.61,0.06000000000000005,0.08683299093972252,0.46999999999999886,0.026450846693371055,1.4908579465541472
2024-09-18 00:00:00+00:00,71.87,3.7,3.61,121.5618,17573.3,5618.26,18.23,0.0900000000000003,-0.03396294995768878,0.620000000000001,-0.2896400441559033,-0.40188470066517823
2024-09-19 00:00:00+00:00,72.86,3.73,3.59,121.3059,18013.98,5713.64,16.33,0.14000000000000012,-0.21051020962178368,-1.9000000000000021,1.6976786407179478,1.3774871295394453
2024-09-20 00:00:00+00:00,72.72,3.73,3.55,121.4052,17948.32,5702.55,16.15,0.18000000000000016,0.0818591676085001,-0.17999999999999972,-0.19409693295342478,-0.19214932747735336
2024-09-23 00:00:00+00:00,71.33,3.75,3.57,121.4303,17974.27,5718.57,15.89,0.18000000000000016,0.02067456748147123,-0.259999999999998,0.2809269537312087,-1.911441144114412
2024-09-24 00:00:00+00:00,72.34,3.74,3.49,121.1291,18074.52,5732.93,15.39,0.25,-0.24804352785096073,-0.5,0.2511117289812015,1.415954016542842
2024-09-25 00:00:00+00:00,70.42,3.79,3.53,121.4447,18082.21,5722.26,15.41,0.26000000000000023,0.2605484561513327,0.019999999999999574,-0.18611774432969463,-2.6541332596074163
2024-09-26 00:00:00+00:00,68.28,3.79,3.6,121.0785,18190.29,5745.37,15.37,0.18999999999999995,-0.30153641945674936,-0.040000000000000924,0.4038614114003858,-3.038909400738432
2024-09-27 00:00:00+00:00,68.72,3.75,3.55,121.1111,18119.59,5738.17,16.96,0.20000000000000018,0.026924681095308323,1.5900000000000016,-0.12531829977877607,0.6444053895723556
2024-09-30 00:00:00+00:00,68.75,3.81,3.66,121.2864,18189.17,5762.48,16.73,0.1499999999999999,0.14474313254524418,-0.23000000000000043,0.42365423122701085,0.043655413271248555
2024-10-01 00:00:00+00:00,70.41,3.74,3.61,121.6881,17910.36,5708.75,19.26,0.13000000000000034,0.3311995409213342,2.530000000000001,-0.9324110452443968,2.414545454545447
2024-10-02 00:00:00+00:00,70.74,3.79,3.63,121.5724,17925.12,5709.54,18.9,0.16000000000000014,-0.0950791408527274,-0.360000000000003,0.013838405955768351,0.46868342564976295
2024-10-03 00:00:00+00:00,74.33,3.85,3.7,122.1197,17918.48,5699.94,20.49,0.1499999999999999,0.45018441685775734,1.5899999999999999,-0.1681396399709989,5.074922250494773
2024-10-04 00:00:00+00:00,74.93,3.98,3.93,122.2197,18137.85,5751.07,19.21,0.04999999999999982,0.08188687001360329,-1.2799999999999976,0.8970269862489832,0.8072110856989223
2024-10-07 00:00:00+00:00,77.76,4.03,3.99,122.4241,17923.9,5695.94,22.64,0.040000000000000036,0.1672398148580001,3.4299999999999997,-0.9586042249529192,3.776858401174432
2024-10-08 00:00:00+00:00,74.26,4.04,3.98,122.6625,18182.92,5751.13,21.42,0.06000000000000005,0.19473289981302155,-1.2199999999999989,0.968935768284096,-4.501028806584362
2024-10-09 00:00:00+00:00,73.85,4.06,3.99,122.8821,18291.62,5792.04,20.86,0.0699999999999994,0.1790278202384643,-0.5600000000000023,0.7113384673968381,-0.5521141933746421
2024-10-10 00:00:00+00:00,76.46,4.09,3.98,123.0951,18282.05,5780.05,20.93,0.10999999999999988,0.17333688144978154,0.07000000000000028,-0.20700823889336917,3.534190927555847
2024-10-11 00:00:00+00:00,76.11,4.08,3.95,122.9805,18342.94,5815.03,20.46,0.1299999999999999,-0.09309875047828209,-0.46999999999999886,0.605185076253667,-0.4577556892492729
2024-10-14 00:00:00+00:00,,,,,18502.69,5859.85,19.7,,,-0.7600000000000016,0.7707612858403268,
2024-10-15 00:00:00+00:00,71.22,4.03,3.95,123.5124,18315.59,5815.26,20.64,0.08000000000000007,,0.9400000000000013,-0.7609409797179167,
2024-10-16 00:00:00+00:00,70.97,4.02,3.93,123.9235,18367.08,5842.47,19.58,0.08999999999999941,0.33284107506614813,-1.0600000000000023,0.4679068519722218,-0.3510249929794984
2024-10-17 00:00:00+00:00,71.26,4.09,3.96,124.1122,18373.61,5841.47,19.11,0.1299999999999999,0.15227136096058747,-0.46999999999999886,-0.017116048520571248,0.4086233619839508
2024-10-18 00:00:00+00:00,69.78,4.08,3.95,123.9185,18489.55,5864.67,18.03,0.1299999999999999,-0.15606846063481727,-1.0799999999999983,0.39716030382763723,-2.0769014875105296
2024-10-21 00:00:00+00:00,71.16,4.19,4.02,124.4757,18540.0,5853.98,18.37,0.17000000000000082,0.4496503750448966,0.33999999999999986,-0.18227794573267841,1.9776440240756532
2024-10-22 00:00:00+00:00,72.84,4.2,4.03,124.4107,18573.13,5851.2,18.2,0.16999999999999993,-0.05221902748889784,-0.1700000000000017,-0.04748905872585807,2.360876897133224
2024-10-23 00:00:00+00:00,71.37,4.24,4.07,124.6931,18276.65,5797.42,19.24,0.16999999999999993,0.22699012223224013,1.0399999999999991,-0.9191277003007925,-2.0181219110378845
2024-10-24 00:00:00+00:00,70.58,4.21,4.07,124.5127,18415.49,5809.86,19.08,0.13999999999999968,-0.1446752065671686,-0.16000000000000014,0.2145782089274073,-1.1069076642847175
2024-10-25 00:00:00+00:00,72.02,4.25,4.11,124.6105,18518.61,5808.12,20.33,0.13999999999999968,0.07854620452372174,1.25,-0.02994908655286066,2.040238027769914
2024-10-28 00:00:00+00:00,67.65,4.28,4.12,124.8076,18567.19,5823.52,19.8,0.16000000000000014,0.15817286665247288,-0.5299999999999976,0.2651460369276215,-6.067758955845582
2024-10-29 00:00:00+00:00,67.48,4.28,4.11,124.8612,18712.75,5832.92,19.34,0.16999999999999993,0.042946102641194805,-0.46000000000000085,0.16141440228589765,-0.25129342202513394
2024-10-30 00:00:00+00:00,68.91,4.29,4.15,124.8153,18607.93,5813.67,20.35,0.13999999999999968,-0.036760819213654816,1.0100000000000016,-0.33002338451409985,2.1191464137522154
2024-10-31 00:00:00+00:00,69.58,4.28,4.16,124.7988,18095.15,5705.45,23.16,0.1200000000000001,-0.013219533182229348,2.8099999999999987,-1.8614747655095742,0.972282687563486
2024-11-01 00:00:00+00:00,69.81,4.37,4.21,124.8076,18239.92,5728.8,21.88,0.16000000000000014,0.007051349852726929,-1.2800000000000011,0.4092578148962911,0.33055475711412097
2024-11-04 00:00:00+00:00,71.83,4.31,4.17,124.5903,18179.98,5712.69,21.98,0.13999999999999968,-0.1741079870136053,0.10000000000000142,-0.2812107247591178,2.8935682566967325
2024-11-05 00:00:00+00:00,72.26,4.26,4.19,124.5532,18439.17,5782.76,20.49,0.0699999999999994,-0.029777599058666837,-1.490000000000002,1.2265675189796932,0.5986356675483862
2024-11-06 00:00:00+00:00,71.98,4.42,4.27,125.7035,18983.47,5929.04,16.27,0.15000000000000036,0.923541105326886,-4.219999999999999,2.5295879476236127,-0.3874896208137302
2024-11-07 00:00:00+00:00,72.69,4.31,4.21,124.775,19269.46,5973.1,15.2,0.09999999999999964,-0.7386429176594156,-1.0700000000000003,0.7431219893945906,0.9863851069741525
2024-11-08 00:00:00+00:00,70.69,4.3,4.26,125.5811,19286.78,5995.54,14.94,0.040000000000000036,0.6460428771789317,-0.2599999999999998,0.37568431802581514,-2.7514100976750555
2024-11-11 00:00:00+00:00,,,,,19298.76,6001.35,14.97,,,0.030000000000001137,0.0969053663222974,
2024-11-12 00:00:00+00:00,68.43,4.43,4.34,126.7762,19281.4,5983.99,14.71,0.08999999999999986,,-0.2599999999999998,-0.2892682479775477,
2024-11-13 00:00:00+00:00,68.76,4.44,4.27,126.9572,19230.73,5985.38,14.02,0.17000000000000082,0.14277127725865757,-0.6900000000000013,0.023228648443596178,0.48224462954844505
2024-11-14 00:00:00+00:00,68.99,4.43,4.34,127.0015,19107.65,5949.17,14.31,0.08999999999999986,0.03489364919830873,0.2900000000000009,-0.6049741202730607,0.3344968004653781
2024-11-15 00:00:00+00:00,67.33,4.43,4.31,126.8848,18680.12,5870.62,16.14,0.1200000000000001,-0.09188867848016757,1.83,-1.3203522508181798,-2.4061458182345175
2024-11-18 00:00:00+00:00,69.46,4.42,4.29,126.6045,18791.81,5893.62,15.58,0.1299999999999999,-0.22090904505503994,-0.5600000000000005,0.3917814472747416,3.1635229466805193
2024-11-19 00:00:00+00:00,69.75,4.39,4.27,126.3994,18987.47,5916.98,16.35,0.1200000000000001,-0.16200056080155623,0.7700000000000014,0.39636081050355987,0.4175064785488125
2024-11-20 00:00:00+00:00,69.25,4.41,4.31,126.88,18966.14,5917.11,17.16,0.10000000000000053,0.380223323844886,0.8099999999999987,0.0021970667468895755,-0.7168458781361964
2024-11-21 00:00:00+00:00,70.39,4.43,4.34,127.1047,18972.42,5948.71,16.87,0.08999999999999986,0.17709646910466503,-0.28999999999999915,0.5340444913141784,1.646209386281594
2024-11-22 00:00:00+00:00,71.68,4.41,4.37,127.4712,19003.65,5969.34,15.24,0.040000000000000036,0.28834496285345956,-1.6300000000000008,0.34679787718681077,1.8326466827674581
2024-11-25 00:00:00+00:00,69.41,4.27,4.21,126.9948,19054.84,5987.37,14.6,0.05999999999999961,-0.3737314781691814,-0.6400000000000006,0.30204344198856425,-3.1668526785714413
2024-11-26 00:00:00+00:00,69.05,4.3,4.21,127.4301,19175.58,6021.63,14.1,0.08999999999999986,0.34276994018651585,-0.5,0.5722044904524104,-0.5186572539979784
2024-11-27 00:00:00+00:00,69.03,4.25,4.19,126.8205,19060.48,5998.74,14.1,0.05999999999999961,-0.4783799118104781,0.0,-0.38012963267421984,-0.02896451846488013
2024-11-28 00:00:00+00:00,,,,,,,13.9,,,-0.1999999999999993,,
2024-11-29 00:00:00+00:00,68.26,4.18,4.13,126.5798,19218.17,6032.38,13.51,0.04999999999999982,,-0.39000000000000057,,
2024-12-02 00:00:00+00:00,68.35,4.19,4.17,127.1272,19403.95,6047.15,13.34,0.020000000000000462,0.43245446745847627,-0.16999999999999993,0.24484531809998433,0.13184881336065768
2024-12-03 00:00:00+00:00,70.15,4.23,4.17,126.9565,19480.91,6049.88,13.3,0.0600000000000005,-0.1342749623998607,-0.03999999999999915,0.04514523370513501,2.633504023408939
2024-12-04 00:00:00+00:00,68.81,4.19,4.13,126.7574,19735.12,6086.49,13.45,0.0600000000000005,-0.15682536931941327,0.14999999999999858,0.6051359696390701,-1.9101924447612273
2024-12-05 00:00:00+00:00,68.58,4.17,4.15,126.4286,19700.72,6075.11,13.54,0.019999999999999574,-0.2593931399665794,0.08999999999999986,-0.18697147288503357,-0.33425374218863935
2024-12-06 00:00:00+00:00,68.58,4.15,4.1,126.688,19859.77,6090.27,12.77,0.05000000000000071,0.20517509487567587,-0.7699999999999996,0.2495428066323191,0.0
2024-12-09 00:00:00+00:00,68.65,4.2,4.13,126.5981,19736.69,6052.85,14.19,0.07000000000000028,-0.0709617327607992,1.42,-0.6144226774839168,0.10207057451152579
2024-12-10 00:00:00+00:00,68.85,4.22,4.15,126.957,19687.24,6034.91,14.18,0.0699999999999994,0.28349556588920244,-0.009999999999999787,-0.29638930421207466,0.2913328477785804
2024-12-11 00:00:00+00:00,70.57,4.26,4.15,126.8483,20034.89,6084.19,13.58,0.10999999999999943,-0.0856195404743354,-0.5999999999999996,0.8165821859812183,2.4981844589687663
2024-12-12 00:00:00+00:00,70.25,4.32,4.18,126.9556,19902.84,6051.25,13.92,0.14000000000000057,0.0845892298123152,0.33999999999999986,-0.5414032106163646,-0.453450474705952
2024-12-13 00:00:00+00:00,71.54,4.4,4.25,127.3096,19926.72,6051.09,13.81,0.15000000000000036,0.27883764087601737,-0.10999999999999943,-0.0026440818012729572,1.8362989323843504
2024-12-16 00:00:00+00:00,71.03,4.39,4.25,127.2687,20173.89,6074.08,14.69,0.13999999999999968,-0.03212640680672063,0.879999999999999,0.379931549522472,-0.7128878948839845
2024-12-17 00:00:00+00:00,70.31,4.4,4.25,127.5043,20109.06,6050.61,15.87,0.15000000000000036,0.1851201434445393,1.1799999999999997,-0.38639596449174807,-1.013656201604951
2024-12-18 00:00:00+00:00,70.8,4.5,4.35,127.6418,19392.69,5872.16,27.62,0.15000000000000036,0.10783950031489908,11.750000000000002,-2.9492894104891865,0.6969136680415211
2024-12-19 00:00:00+00:00,70.1,4.57,4.32,128.6366,19372.77,5867.08,24.09,0.25,0.7793685140760953,-3.530000000000001,-0.08650990436227524,-0.9887005649717562
2024-12-20 00:00:00+00:00,69.71,4.52,4.3,127.893,19572.6,5930.85,18.36,0.21999999999999975,-0.5780625420758856,-5.73,1.0869120584686254,-0.5563480741797466
2024-12-23 00:00:00+00:00,69.5,4.59,4.3,128.3021,19764.89,5974.07,16.78,0.29000000000000004,0.3198767719890805,-1.5799999999999983,0.7287319692792726,-0.30124802754266655
2024-12-24 00:00:00+00:00,70.87,4.59,4.29,128.3377,20031.13,6040.04,14.27,0.2999999999999998,0.027747012714529617,-2.5100000000000016,1.1042722967758989,1.9712230215827464
2024-12-26 00:00:00+00:00,70.38,4.58,4.3,128.3329,20020.36,6037.59,14.73,0.28000000000000025,-0.0037401324786245915,0.46000000000000085,-0.040562645280495246,-0.6914068011852792
2024-12-27 00:00:00+00:00,71.28,4.62,4.31,128.45,19722.03,5970.84,15.95,0.3100000000000005,0.0912470613537053,1.2199999999999989,-1.1055735815118317,1.278772378516635
2024-12-30 00:00:00+00:00,71.73,4.55,4.24,128.8205,19486.78,5906.94,17.4,0.3099999999999996,0.28843908135463003,1.4499999999999993,-1.0702011777237508,0.631313131313127
2024-12-31 00:00:00+00:00,72.44,4.58,4.25,129.2775,19310.79,5881.63,17.35,0.33000000000000007,0.35475720091133756,-0.04999999999999716,-0.4284790432948271,0.989822947162966
2025-01-02 00:00:00+00:00,73.79,4.57,4.25,129.4598,19280.79,5868.55,17.93,0.3200000000000003,0.14101448434569175,0.5799999999999983,-0.2223873314030289,1.8636112644947689
2025-01-03 00:00:00+00:00,74.64,4.6,4.28,129.4535,19621.68,5942.47,16.13,0.3199999999999994,-0.004866375508083554,-1.8000000000000007,1.2595956411720177,1.1519176040113654
2025-01-06 00:00:00+00:00,74.31,4.62,4.28,128.538,19864.98,5975.38,16.04,0.33999999999999986,-0.7072037449740498,-0.08999999999999986,0.5538101159955344,-0.4421221864951752
2025-01-07 00:00:00+00:00,74.99,4.67,4.3,128.613,19489.68,5909.03,17.82,0.3700000000000001,0.05834850394434987,1.7800000000000011,-1.1103896321238205,0.9150854528327201
2025-01-08 00:00:00+00:00,73.99,4.67,4.28,129.0785,19478.88,5918.25,17.7,0.3899999999999997,0.36193852876458266,-0.120000000000001,0.15603237756451893,-1.3335111348179773
2025-01-09 00:00:00+00:00,,4.68,4.27,129.2827,,,18.07,0.41000000000000014,0.15819830568222226,0.370000000000001,,
2025-01-10 00:00:00+00:00,77.27,4.77,4.4,129.8664,19161.63,5827.04,19.54,0.3699999999999992,0.4514911894630824,1.4699999999999989,,
2025-01-13 00:00:00+00:00,79.57,4.79,4.4,130.0413,19088.1,5836.22,19.19,0.3899999999999997,0.1346768679196586,-0.34999999999999787,0.15754139322881056,2.9765756438462576
2025-01-14 00:00:00+00:00,78.2,4.78,4.37,129.3812,19044.39,5842.91,18.71,0.41000000000000014,-0.507607967622592,-0.4800000000000004,0.1146289893115604,-1.7217544300615728
2025-01-15 00:00:00+00:00,80.73,4.66,4.27,129.2092,19511.23,5949.91,16.12,0.39000000000000057,-0.1329404890354935,-2.59,1.8312792769356268,3.2352941176470695
2025-01-16 00:00:00+00:00,79.35,4.61,4.23,129.436,19338.29,5937.34,16.6,0.3799999999999999,0.17552929667545847,0.4800000000000004,-0.2112636997870454,-1.7094017094017255
2025-01-17 00:00:00+00:00,78.56,4.61,4.27,129.4859,19630.2,5996.66,15.97,0.34000000000000075,0.03855187119501391,-0.6300000000000008,0.9991006073426734,-0.9955891619407575
2025-01-20 00:00:00+00:00,,,,,,,15.81,,,-0.16000000000000014,,
2025-01-21 00:00:00+00:00,76.79,4.57,4.29,128.4151,19756.78,6049.24,15.06,0.28000000000000025,,-0.75,,
2025-01-22 00:00:00+00:00,76.12,4.6,4.29,128.3402,20009.34,6086.37,15.1,0.3099999999999996,-0.058326474067293965,0.03999999999999915,0.6137961132307579,-0.8725094413335133
2025-01-23 00:00:00+00:00,75.03,4.65,4.29,128.2162,20053.68,6118.71,15.02,0.3600000000000003,-0.09661820692193901,-0.08000000000000007,0.531351199483443,-1.431949553336842
2025-01-24 00:00:00+00:00,74.97,4.63,4.27,127.4611,19954.3,6101.24,14.85,0.3600000000000003,-0.5889271402521601,-0.16999999999999993,-0.28551769899211044,-0.0799680127948843
2025-01-27 00:00:00+00:00,73.51,4.53,4.17,128.0912,19341.83,6012.28,17.9,0.3600000000000003,0.4943469027020697,3.049999999999999,-1.45806426234667,-1.947445644924628
2025-01-28 00:00:00+00:00,74.15,4.55,4.19,128.2817,19733.59,6067.7,16.41,0.35999999999999943,0.1487221604606903,-1.4899999999999984,0.9217800900823026,0.8706298462794138
2025-01-29 00:00:00+00:00,72.94,4.55,4.21,128.3418,19632.32,6039.31,16.56,0.33999999999999986,0.0468500183580467,0.14999999999999858,-0.4678873378710091,-1.6318273769386438
2025-01-30 00:00:00+00:00,73.1,4.52,4.18,128.1004,19681.75,6071.17,15.84,0.33999999999999986,-0.18809148695124733,-0.7199999999999989,0.5275437094634849,0.2193583767480023
2025-01-31 00:00:00+00:00,72.84,4.58,4.22,128.4828,19627.44,6040.53,16.43,0.3600000000000003,0.2985158516288777,0.5899999999999999,-0.5046803169735048,-0.3556771545827564
2025-02-03 00:00:00+00:00,73.52,4.54,4.26,129.109,19391.96,5994.57,18.62,0.28000000000000025,0.4873804120084646,2.1900000000000013,-0.7608603880785325,0.9335529928610642
2025-02-04 00:00:00+00:00,73.04,4.52,4.21,128.1083,19654.02,6037.88,17.21,0.3099999999999996,-0.775081520265819,-1.4100000000000001,0.7224871842350655,-0.6528835690968293
2025-02-05 00:00:00+00:00,71.39,4.43,4.17,127.9751,19692.33,6061.48,15.77,0.2599999999999998,-0.10397452780187555,-1.4400000000000013,0.39086566808217427,-2.259036144578319
2025-02-06 00:00:00+00:00,70.97,4.45,4.21,128.2017,19791.99,6083.57,15.5,0.2400000000000002,0.17706569481092949,-0.2699999999999996,0.364432448840879,-0.5883176915534416
2025-02-07 00:00:00+00:00,71.32,4.49,4.29,128.4292,19523.4,6025.99,16.54,0.20000000000000018,0.17745474513990445,1.0399999999999991,-0.9464837258386094,0.4931661265323406
2025-02-10 00:00:00+00:00,72.73,4.51,4.28,128.6382,19714.27,6066.44,15.81,0.22999999999999954,0.1627355772674699,-0.7299999999999986,0.6712589964470439,1.9770050476724865
2025-02-11 00:00:00+00:00,73.67,4.54,4.29,128.4322,19643.86,6068.5,16.02,0.25,-0.16013905667213724,0.20999999999999908,0.033957312690802155,1.2924515330674957
2025-02-12 00:00:00+00:00,71.72,4.62,4.36,128.3288,19649.95,6051.97,15.89,0.2599999999999998,-0.08050940496230341,-0.129999999999999,-0.2723902117491961,-2.6469390525315606
2025-02-13 00:00:00+00:00,71.66,4.52,4.31,127.8931,19945.64,6115.07,15.1,0.20999999999999996,-0.33951848688680286,-0.7900000000000009,1.0426357037460532,-0.08365867261572735
2025-02-14 00:00:00+00:00,71.05,4.47,4.26,127.1491,20026.77,6114.63,14.77,0.20999999999999996,-0.5817358403228945,-0.33000000000000007,-0.007195338728738232,-0.851241975997763
2025-02-17 00:00:00+00:00,,,,,,,15.37,,,0.5999999999999996,,
2025-02-18 00:00:00+00:00,72.21,4.55,4.29,127.2906,20041.26,6129.58,15.35,0.2599999999999998,,-0.019999999999999574,,
2025-02-19 00:00:00+00:00,72.58,4.53,4.28,127.7317,20056.25,6144.15,15.27,0.25,0.3465299087285434,-0.08000000000000007,0.2376998097748828,0.5123944052070506
2025-02-20 00:00:00+00:00,72.88,4.5,4.28,127.1126,19962.36,6117.52,15.66,0.21999999999999975,-0.4846878261230425,0.39000000000000057,-0.43342040803039383,0.4133370074400622
2025-02-21 00:00:00+00:00,70.72,4.42,4.19,127.1408,19524.01,6013.13,18.21,0.22999999999999954,0.02218505482540767,2.5500000000000007,-1.70641044083224,-2.9637760702524663
2025-02-24 00:00:00+00:00,71.06,4.4,4.13,127.1921,19286.92,5983.25,18.98,0.27000000000000046,0.04034896744395944,0.7699999999999996,-0.49691258961639395,0.48076923076922906
2025-02-25 00:00:00+00:00,69.15,4.3,4.07,127.3752,19026.39,5955.25,19.43,0.22999999999999954,0.14395548151182602,0.4499999999999993,-0.46797309154723576,-2.6878694061356567
2025-02-26 00:00:00+00:00,68.87,4.25,4.05,127.2822,19075.26,5956.06,19.1,0.20000000000000018,-0.07301264296346588,-0.3299999999999983,0.013601444103938931,-0.4049168474331233
2025-02-27 00:00:00+00:00,70.62,4.29,4.07,127.9704,18544.42,5861.57,21.13,0.21999999999999975,0.5406883287686792,2.0299999999999976,-1.586451446090209,2.5410193117467728
2025-02-28 00:00:00+00:00,69.97,4.24,3.99,128.2805,18847.28,5954.5,19.63,0.25,0.24232166188431492,-1.5,1.5854114170776867,-0.9204191447182208
2025-03-03 00:00:00+00:00,68.63,4.16,3.96,127.75,18350.19,5849.72,22.78,0.20000000000000018,-0.4135468757917149,3.150000000000002,-1.7596775547904953,-1.915106474203232
2025-03-04 00:00:00+00:00,68.47,4.22,3.96,127.9966,18285.16,5778.15,23.51,0.2599999999999998,0.19303326810176102,0.7300000000000004,-1.2234773630190987,-0.233134197872642
2025-03-05 00:00:00+00:00,66.58,4.28,3.99,126.504,18552.73,5842.63,21.93,0.29000000000000004,-1.1661247251880114,-1.5800000000000018,1.1159281084776262,-2.760332992551484
2025-03-06 00:00:00+00:00,66.62,4.29,3.96,126.1099,18069.26,5738.52,24.87,0.33000000000000007,-0.31153165117309145,2.9400000000000013,-1.7819030128555013,0.06007810153199067
2025-03-07 00:00:00+00:00,67.29,4.32,3.99,125.9814,18196.22,5770.2,23.37,0.33000000000000007,-0.10189525168127211,-1.5,0.5520587189728143,1.0057039927949596
2025-03-10 00:00:00+00:00,66.31,4.22,3.89,126.268,17468.32,5614.56,27.86,0.3299999999999996,0.22749389989316082,4.489999999999998,-2.6973068524487775,-1.4563828206271445
2025-03-11 00:00:00+00:00,66.52,4.28,3.94,126.0457,17436.1,5572.07,26.92,0.3400000000000003,-0.17605410713720238,-0.9399999999999977,-0.7567823658488071,0.31669431458301034
2025-03-12 00:00:00+00:00,67.65,4.32,4.01,125.8664,17648.45,5599.3,24.23,0.3100000000000005,-0.1422499934547572,-2.6900000000000013,0.48868732804865367,1.698737221888158
2025-03-13 00:00:00+00:00,66.82,4.27,3.94,126.0031,17303.01,5521.52,24.66,0.3299999999999996,0.10860722162546743,0.4299999999999997,-1.3891022092047178,-1.2269031781227069
2025-03-14 00:00:00+00:00,67.43,4.31,4.02,125.6942,17754.09,5638.94,21.77,0.29000000000000004,-0.24515269862408484,-2.8900000000000006,2.1265883307494793,0.9129003292427607
2025-03-17 00:00:00+00:00,67.84,4.31,4.06,125.3688,17808.66,5675.12,20.51,0.25,-0.2588822714174599,-1.259999999999998,0.6416099479689574,0.6080379652973367
2025-03-18 00:00:00+00:00,67.49,4.29,4.04,125.488,17504.12,5614.66,21.7,0.25,0.09507947750955204,1.1899999999999977,-1.0653519220738983,-0.5159198113207641
2025-03-19 00:00:00+00:00,67.4,4.25,3.99,125.8006,17750.79,5675.29,19.9,0.2599999999999998,0.24910748438098373,-1.8000000000000007,1.0798516740105457,-0.1333530893465551
2025-03-20 00:00:00+00:00,68.55,4.24,3.95,125.985,17691.63,5662.89,19.8,0.29000000000000004,0.14658117687833538,-0.09999999999999787,-0.21849103746239829,1.7062314540059242
2025-03-21 00:00:00+00:00,68.52,4.25,3.94,126.2679,17784.05,5667.56,19.28,0.31000000000000005,0.22455054173116107,-0.5199999999999996,0.08246672635350283,-0.04376367614880028
2025-03-24 00:00:00+00:00,69.46,4.34,4.04,126.1956,18188.59,5767.57,17.48,0.2999999999999998,-0.05725920839738663,-1.8000000000000007,1.7646041682840563,1.371862230005827
2025-03-25 00:00:00+00:00,69.48,4.31,3.96,126.0535,18271.86,5776.65,17.15,0.34999999999999964,-0.11260297506410222,-0.33000000000000185,0.15743198608773046,0.028793550244765598
2025-03-26 00:00:00+00:00,70.05,4.35,3.98,126.2364,17899.01,5712.2,18.33,0.36999999999999966,0.14509712146033582,1.1799999999999997,-1.115698545004451,0.8203799654576738
2025-03-27 00:00:00+00:00,70.3,4.38,3.97,126.3626,17804.03,5693.31,18.69,0.4099999999999997,0.09997116521065497,0.360000000000003,-0.33069570393192693,0.35688793718773315
2025-03-28 00:00:00+00:00,69.74,4.27,3.89,126.4187,17322.99,5580.94,21.65,0.37999999999999945,0.044396047564698726,2.9599999999999973,-1.9737200328104554,-0.7965860597439534
2025-03-31 00:00:00+00:00,71.87,4.23,3.89,126.7075,17299.29,5611.85,22.28,0.3400000000000003,0.22844721548314073,0.6300000000000026,0.5538493515429455,3.0542013191855677
2025-04-01 00:00:00+00:00,71.61,4.17,3.87,126.4338,17449.89,5633.07,21.77,0.2999999999999998,-0.21600931278731306,-0.5100000000000016,0.3781284246727745,-0.36176429664672716
2025-04-02 00:00:00+00:00,72.12,4.2,3.91,126.3811,17601.05,5670.97,21.51,0.29000000000000004,-0.041681892025713374,-0.259999999999998,0.6728125160880394,0.712191034771692
2025-04-03 00:00:00+00:00,67.43,4.06,3.71,124.7316,16550.61,5396.52,30.02,0.34999999999999964,-1.3051793345682294,8.509999999999998,-4.839560075260485,-6.503050471436489
2025-04-04 00:00:00+00:00,62.42,4.01,3.68,125.8129,15587.79,5074.08,45.31,0.3299999999999996,0.8669014107090645,15.290000000000003,-5.974961641947041,-7.4299273320480586
2025-04-07 00:00:00+00:00,61.05,4.15,3.73,126.8282,15603.26,5062.25,46.98,0.4200000000000004,0.8069919698218575,1.6699999999999946,-0.23314571311449095,-2.1948093559756576
2025-04-08 00:00:00+00:00,60.04,4.26,3.71,126.8668,15267.91,4982.77,52.33,0.5499999999999998,0.030434871739881686,5.350000000000001,-1.5700528421156545,-1.6543816543816536
2025-04-09 00:00:00+00:00,62.63,4.34,3.91,126.628,17124.97,5456.9,33.62,0.4299999999999997,-0.18822891410518183,-18.71,9.515390034057347,4.3137908061292585
2025-04-10 00:00:00+00:00,60.57,4.4,3.84,125.089,16387.31,5268.05,40.72,0.5600000000000005,-1.2153710079919167,7.100000000000001,-3.4607561069471604,-3.289158550215554
2025-04-11 00:00:00+00:00,61.91,4.48,3.96,124.0163,16724.46,5363.36,37.56,0.5200000000000005,-0.8575494248095339,-3.1599999999999966,1.8092083408471682,2.2123163282152802
2025-04-14 00:00:00+00:00,61.99,4.38,3.84,123.6598,16831.48,5405.97,30.89,0.54,-0.2874622126284976,-6.670000000000002,0.7944646639420183,0.12921983524472047
2025-04-15 00:00:00+00:00,61.74,4.35,3.84,123.776,16823.17,5396.63,30.12,0.5099999999999998,0.09396748175234393,-0.7699999999999996,-0.17277195396940837,-0.40329085336344717
2025-04-16 00:00:00+00:00,62.88,4.29,3.77,123.2724,16307.16,5275.7,32.64,0.52,-0.40686401240950243,2.5199999999999996,-2.2408428964001637,1.8464528668610258
2025-04-17 00:00:00+00:00,65.07,4.34,3.81,123.1298,16286.45,5282.7,29.65,0.5299999999999998,-0.11567877318848785,-2.990000000000002,0.13268381447011368,3.4828244274808906
2025-04-18 00:00:00+00:00,,,,122.9865,,,,,-0.11638124970558827,,,
2025-04-21 00:00:00+00:00,63.48,4.42,3.75,122.3145,15870.9,5158.2,33.82,0.6699999999999999,-0.5464014343037782,,,
2025-04-22 00:00:00+00:00,64.6,4.41,3.76,122.4175,16300.42,5287.76,30.57,0.6500000000000004,0.0842091493649555,-3.25,2.511728897677501,1.7643352236925036
2025-04-23 00:00:00+00:00,62.64,4.4,3.81,123.0252,16708.05,5375.86,28.45,0.5900000000000003,0.49641595360139235,-2.120000000000001,1.6661119264111734,-3.0340557275541746
2025-04-24 00:00:00+00:00,63.55,4.32,3.77,122.9251,17166.04,5484.77,26.47,0.5500000000000003,-0.08136544382776334,-1.9800000000000004,2.025908412793509,1.4527458492975764
2025-04-25 00:00:00+00:00,63.85,4.29,3.74,122.8858,17382.94,5525.21,24.84,0.5499999999999998,-0.03197068784162038,-1.629999999999999,0.7373144179245283,0.4720692368214152
2025-04-28 00:00:00+00:00,63.3,4.23,3.67,122.7176,17366.13,5528.75,25.15,0.5600000000000005,-0.13687504984302157,0.3099999999999987,0.06406996295162948,-0.8613938919342257
2025-04-29 00:00:00+00:00,61.84,4.19,3.65,122.5944,17461.32,5560.83,24.17,0.5400000000000005,-0.10039309764859894,-0.9799999999999969,0.580239656341841,-2.306477093206938
2025-04-30 00:00:00+00:00,59.55,4.17,3.6,122.5921,17446.34,5569.06,24.7,0.5699999999999998,-0.0018761052707039205,0.5299999999999976,0.14799948928487794,-3.70310478654593
2025-05-01 00:00:00+00:00,60.59,4.25,3.7,123.1405,17710.74,5604.14,24.6,0.5499999999999998,0.4473371448894259,-0.09999999999999787,0.6299088176460632,1.7464315701091637
2025-05-02 00:00:00+00:00,59.67,4.33,3.83,122.4962,17977.73,5686.67,22.68,0.5,-0.5232234723750562,-1.9200000000000017,1.4726612825518126,-1.5184023766298127
2025-05-05 00:00:00+00:00,58.5,4.36,3.83,122.2613,17844.24,5650.38,23.64,0.5300000000000002,-0.1917610505468681,0.9600000000000009,-0.6381590632127399,-1.9607843137254943
2025-05-06 00:00:00+00:00,60.42,4.3,3.78,122.0417,17689.66,5606.91,24.76,0.52,-0.17961529936292298,1.120000000000001,-0.7693287885062627,3.2820512820512793
2025-05-07 00:00:00+00:00,59.42,4.26,3.78,122.117,17738.16,5631.28,23.55,0.48,0.06170022213718429,-1.2100000000000009,0.43464225393308187,-1.655081098973854
2025-05-08 00:00:00+00:00,61.25,4.37,3.9,122.7568,17928.14,5663.94,22.48,0.4700000000000002,0.5239237780161554,-1.0700000000000003,0.5799747126763233,3.079771120834729
2025-05-09 00:00:00+00:00,62.37,4.37,3.88,122.5191,17928.92,5659.91,21.9,0.4900000000000002,-0.1936348943602395,-0.5800000000000018,-0.07115188367108338,1.8285714285714239
2025-05-12 00:00:00+00:00,63.32,4.45,3.98,123.4863,18708.34,5844.19,18.39,0.4700000000000002,0.7894279340935562,-3.509999999999998,3.255882160670387,1.523168189834867
2025-05-13 00:00:00+00:00,65.04,4.49,4.02,122.9583,19010.08,5886.55,18.22,0.47000000000000064,-0.4275777960794036,-0.1700000000000017,0.7248224304822415,2.716361339229323
2025-05-14 00:00:00+00:00,64.48,4.53,4.05,122.6746,19146.81,5892.58,18.62,0.4800000000000004,-0.2307286291368671,0.40000000000000213,0.1024369112638146,-0.8610086100861003
2025-05-15 00:00:00+00:00,63.03,4.45,3.96,122.8174,19112.32,5916.93,17.83,0.4900000000000002,0.1164055150780996,-0.7900000000000027,0.41323155561741043,-2.2487593052109234
2025-05-16 00:00:00+00:00,63.84,4.43,3.98,123.0737,19211.1,5958.38,17.24,0.44999999999999973,0.20868378584792957,-0.5899999999999999,0.7005322016653937,1.285102332222765
2025-05-19 00:00:00+00:00,63.98,4.46,3.97,122.4186,19215.46,5963.6,18.14,0.48999999999999977,-0.5322826891529298,0.9000000000000021,0.0876077054501545,0.21929824561401912
2025-05-20 00:00:00+00:00,63.97,4.48,3.97,122.3199,19142.71,5940.46,18.09,0.5100000000000002,-0.08062500306325049,-0.05000000000000071,-0.38802065866255786,-0.015629884338852484
2025-05-21 00:00:00+00:00,62.93,4.58,4.0,121.7496,18872.64,5844.61,20.87,0.5800000000000001,-0.4662364831887533,2.780000000000001,-1.6135114115741978,-1.625762075973114
2025-05-22 00:00:00+00:00,62.55,4.54,4.0,122.0429,18925.73,5842.01,20.28,0.54,0.24090428223173532,-0.5899999999999999,-0.04448543187653975,-0.6038455426664591
2025-05-23 00:00:00+00:00,62.89,4.51,4.0,121.3837,18737.21,5802.82,22.29,0.5099999999999998,-0.5401379351031466,2.009999999999998,-0.6708307585916562,0.5435651478816972
2025-05-26 00:00:00+00:00,,,,,,,20.57,,,-1.7199999999999989,,
2025-05-27 00:00:00+00:00,61.61,4.43,3.92,121.6099,19199.16,5921.54,18.96,0.5099999999999998,,-1.6099999999999994,,
2025-05-28 00:00:00+00:00,62.54,4.47,3.96,121.9888,19100.94,5888.55,19.31,0.5099999999999998,0.31157002842696624,0.34999999999999787,-0.5571185873944895,1.5094952118162697
2025-05-29 00:00:00+00:00,61.66,4.43,3.92,121.5617,19175.87,5912.17,19.18,0.5099999999999998,-0.3501141088362192,-0.129999999999999,0.4011174227950942,-1.4070994563479378
2025-05-30 00:00:00+00:00,61.46,4.41,3.89,121.7674,19113.77,5911.69,18.57,0.52,0.16921448120583715,-0.6099999999999994,-0.008118846379590039,-0.3243593902043429
2025-06-02 00:00:00+00:00,63.27,4.46,3.94,121.1881,19242.61,5935.94,18.36,0.52,-0.47574309708509066,-0.21000000000000085,0.410204188649943,2.9450048812235563
2025-06-03 00:00:00+00:00,64.1,4.46,3.96,121.4592,19398.96,5970.37,17.69,0.5,0.2237018321105788,-0.6699999999999982,0.5800260784307065,1.311838153943401
2025-06-04 00:00:00+00:00,63.57,4.37,3.87,121.0539,19460.49,5970.81,17.61,0.5,-0.33369230161238717,-0.08000000000000185,0.007369727504324963,-0.826833073322919
2025-06-05 00:00:00+00:00,64.06,4.4,3.92,120.9596,19298.45,5939.3,18.48,0.4800000000000004,-0.0778991837520393,0.870000000000001,-0.5277340930292529,0.7708038382885141
2025-06-06 00:00:00+00:00,65.3,4.51,4.04,121.161,19529.95,6000.36,16.77,0.46999999999999975,0.16650187335276456,-1.7100000000000009,1.0280672806559643,1.9356852950358938
2025-06-09 00:00:00+00:00,65.99,4.49,4.01,120.9103,19591.24,6005.88,17.16,0.4800000000000004,-0.20691476630267935,0.39000000000000057,0.09199448033119229,1.0566615620214437
2025-06-10 00:00:00+00:00,65.66,4.47,4.01,121.0485,19714.99,6038.81,16.95,0.45999999999999996,0.11429960888360569,-0.21000000000000085,0.5482960032501483,-0.5000757690559188
2025-06-11 00:00:00+00:00,68.91,4.41,3.94,120.587,19615.88,6022.24,17.26,0.4700000000000002,-0.381252142736177,0.3100000000000023,-0.2743918089822439,4.949741090466042
2025-06-12 00:00:00+00:00,68.73,4.36,3.9,120.1723,19662.48,6045.26,18.02,0.4600000000000004,-0.3439010838647616,0.759999999999998,0.38224979409655635,-0.26121027427077337
2025-06-13 00:00:00+00:00,73.84,4.41,3.96,120.3245,19406.83,5976.97,20.82,0.4500000000000002,0.12665148291244321,2.8000000000000007,-1.129645375054178,7.434890149861784
2025-06-16 00:00:00+00:00,72.53,4.46,3.97,120.1565,19701.21,6033.11,19.11,0.48999999999999977,-0.13962243765817117,-1.7100000000000009,0.9392719053299414,-1.7741061755146337
2025-06-17 00:00:00+00:00,75.62,4.39,3.94,120.5048,19521.09,5982.72,21.6,0.44999999999999973,0.2898719586539311,2.490000000000002,-0.8352242873078675,4.2603060802426596
2025-06-18 00:00:00+00:00,75.89,4.38,3.94,120.7305,19546.27,5980.87,20.14,0.43999999999999995,0.1872954438329355,-1.4600000000000009,-0.030922389816012696,0.3570483998942109
2025-06-19 00:00:00+00:00,,,,,,,22.17,,,2.030000000000001,,
2025-06-20 00:00:00+00:00,75.72,4.38,3.9,121.0408,19447.41,5967.84,20.62,0.48,,-1.5500000000000007,,
2025-06-23 00:00:00+00:00,69.36,4.34,3.84,121.1694,19630.97,6025.17,19.83,0.5,0.10624516691890573,-0.7900000000000027,0.9606490790637912,-8.39936608557844
2025-06-24 00:00:00+00:00,65.45,4.3,3.75,120.3645,19912.53,6092.18,17.48,0.5499999999999998,-0.6642766242962228,-2.349999999999998,1.1121677894565751,-5.637254901960775
2025-06-25 00:00:00+00:00,65.98,4.29,3.74,120.3336,19973.55,6092.16,16.76,0.5499999999999998,-0.025672021235501052,-0.7199999999999989,-0.0003282897091061443,0.8097784568372735
2025-06-26 00:00:00+00:00,66.44,4.26,3.7,119.6451,20167.91,6141.02,16.59,0.5599999999999996,-0.5721593968766814,-0.1700000000000017,0.8020143922681022,0.6971809639284565
2025-06-27 00:00:00+00:00,66.66,4.29,3.73,119.659,20273.46,6173.07,16.32,0.56,0.011617692659382506,-0.2699999999999996,0.5219002706390752,0.3311258278145601
2025-06-30 00:00:00+00:00,66.3,4.24,3.72,119.4088,20369.73,6204.95,16.73,0.52,-0.20909417594999757,0.41000000000000014,0.5164367162530104,-0.5400540054005365
2025-07-01 00:00:00+00:00,66.64,4.26,3.78,119.3436,20202.89,6198.01,16.83,0.48,-0.05460234086600568,0.09999999999999787,-0.11184618731818752,0.512820512820511
2025-07-02 00:00:00+00:00,68.66,4.3,3.78,119.3037,20393.13,6227.42,16.64,0.52,-0.033432877841788056,-0.18999999999999773,0.47450714019499074,3.0312124849939837
2025-07-03 00:00:00+00:00,68.13,4.35,3.88,119.2382,20601.1,6279.35,16.38,0.46999999999999975,-0.054901901617465665,-0.26000000000000156,0.833892687501403,-0.7719196038450393
2025-07-04 00:00:00+00:00,,,,,,,17.48,,,1.1000000000000014,,
2025-07-07 00:00:00+00:00,69.16,4.4,3.9,119.6201,20412.52,6229.98,17.79,0.5000000000000004,,0.3099999999999987,,
2025-07-08 00:00:00+00:00,69.55,4.42,3.9,119.8371,20418.46,6225.52,16.81,0.52,0.18140763968599316,-0.9800000000000004,-0.07158931489344988,0.5639097744360999
2025-07-09 00:00:00+00:00,69.61,4.34,3.86,119.7311,20611.34,6263.26,15.94,0.48,-0.0884534088358313,-0.8699999999999992,0.60621442064277,0.0862688713155979
2025-07-10 00:00:00+00:00,67.78,4.35,3.86,119.8343,20630.66,6280.46,15.78,0.48999999999999977,0.08619314447124715,-0.16000000000000014,0.274617371784025,-2.628932624622893
2025-07-11 00:00:00+00:00,69.63,4.43,3.9,119.9214,20585.53,6259.75,16.4,0.5299999999999998,0.07268369740549563,0.6199999999999992,-0.32975291618766445,2.729418707583342
2025-07-14 00:00:00+00:00,68.19,4.43,3.9,120.2209,20640.33,6268.56,17.2,0.5299999999999998,0.24974691756434186,0.8000000000000007,0.14074044490595128,-2.068074105988793
2025-07-15 00:00:00+00:00,67.76,4.5,3.95,120.5105,20677.8,6243.76,17.38,0.5499999999999998,0.2408898951846039,0.17999999999999972,-0.3956251515499609,-0.6305909957471711
2025-07-16 00:00:00+00:00,67.13,4.46,3.88,120.4175,20730.49,6263.7,17.16,0.5800000000000001,-0.07717169873163732,-0.21999999999999886,0.3193588478737075,-0.9297520661157188
2025-07-17 00:00:00+00:00,68.76,4.47,3.91,120.6384,20885.65,6297.36,16.52,0.5599999999999996,0.1834450972657553,-0.6400000000000006,0.5373820585277134,2.428124534485332
2025-07-18 00:00:00+00:00,68.53,4.44,3.88,120.356,20895.66,6296.79,16.41,0.5600000000000005,-0.2340879852518074,-0.10999999999999943,-0.009051412020266714,-0.3344968004653892
2025-07-21 00:00:00+00:00,68.39,4.38,3.85,119.9961,20974.17,6305.6,16.65,0.5299999999999998,-0.2990295456811398,0.23999999999999844,0.13991255862113583,-0.20429009193053682
2025-07-22 00:00:00+00:00,67.56,4.35,3.83,119.681,20892.68,6309.62,16.5,0.5199999999999996,-0.26259186756902864,-0.14999999999999858,0.06375285460542557,-1.2136277233513626
2025-07-23 00:00:00+00:00,66.05,4.4,3.88,119.5697,21020.02,6358.91,15.37,0.5200000000000005,-0.09299721760346324,-1.1300000000000008,0.7811880905664648,-2.2350503256364784
2025-07-24 00:00:00+00:00,67.16,4.43,3.91,119.5664,21057.96,6363.35,15.39,0.5199999999999996,-0.0027598965289699073,0.02000000000000135,0.0698232873244109,1.6805450416351286
2025-07-25 00:00:00+00:00,66.38,4.4,3.91,119.9857,21108.32,6388.64,14.93,0.4900000000000002,0.35068380414564615,-0.46000000000000085,0.39743217016194876,-1.1614055985705751
2025-07-28 00:00:00+00:00,67.81,4.42,3.91,120.6149,21178.58,6389.77,15.03,0.5099999999999998,0.5243958238356772,0.09999999999999964,0.017687645570885202,2.1542633323290206
2025-07-29 00:00:00+00:00,70.27,4.34,3.86,120.9674,21098.29,6370.86,15.98,0.48,0.2922524497387835,0.9500000000000011,-0.2959417944620957,3.627783512756211
2025-07-30 00:00:00+00:00,71.09,4.38,3.94,121.4042,21129.67,6362.9,15.48,0.43999999999999995,0.36108902067830684,-0.5,-0.1249438851269713,1.1669275651060351
2025-07-31 00:00:00+00:00,70.36,4.37,3.94,121.721,21122.45,6339.39,16.72,0.43000000000000016,0.26094649114281054,1.2399999999999984,-0.369485611906506,-1.026867351244909
2025-08-01 00:00:00+00:00,68.39,4.23,3.69,121.2122,20650.13,6238.01,20.38,0.5400000000000005,-0.41800511004674856,3.66,-1.599207494727417,-2.7998862990335383
2025-08-04 00:00:00+00:00,67.33,4.22,3.69,120.9859,21053.58,6329.94,17.52,0.5299999999999998,-0.1866973786466941,-2.8599999999999994,1.473707159815385,-1.5499342009065664
2025-08-05 00:00:00+00:00,66.2,4.22,3.72,120.9082,20916.55,6299.19,17.85,0.49999999999999956,-0.0642223597956515,0.33000000000000185,-0.4857865951336082,-1.6783009059854415
2025-08-06 00:00:00+00:00,65.38,4.22,3.69,120.5082,21169.42,6345.06,16.77,0.5299999999999998,-0.3308295053602528,-1.0800000000000018,0.7281888623775545,-1.2386706948640636
2025-08-07 00:00:00+00:00,64.9,4.23,3.72,120.5043,21242.7,6340.0,16.57,0.5100000000000002,-0.003236294293662567,-0.1999999999999993,-0.07974707882983934,-0.7341694707861612
2025-08-08 00:00:00+00:00,64.94,4.27,3.76,120.3329,21450.02,6389.45,15.15,0.5099999999999998,-0.14223558827362037,-1.42,0.7799684542586727,0.06163328197226203
2025-08-11 00:00:00+00:00,65.03,4.27,3.76,120.6892,21385.4,6373.45,16.25,0.5099999999999998,0.2960952490964619,1.0999999999999996,-0.2504127898332431,0.13858946720048948
2025-08-12 00:00:00+00:00,64.22,4.29,3.72,120.2736,21681.9,6445.76,14.73,0.5699999999999998,-0.34435558442676983,-1.5199999999999996,1.1345503612643082,-1.2455789635552827
2025-08-13 00:00:00+00:00,63.68,4.24,3.67,120.13,21713.14,6466.58,14.49,0.5700000000000003,-0.11939444732677051,-0.2400000000000002,0.32300302834731287,-0.8408595453129886
2025-08-14 00:00:00+00:00,64.99,4.29,3.74,120.6446,21710.67,6468.54,14.83,0.5499999999999998,0.42836926662781494,0.33999999999999986,0.030309684562790373,2.0571608040200973
2025-08-15 00:00:00+00:00,63.78,4.33,3.75,120.3377,21622.98,6449.8,15.09,0.5800000000000001,-0.25438353643677525,0.2599999999999998,-0.28970988816641174,-1.8618248961378536
2025-08-18 00:00:00+00:00,64.51,4.34,3.77,120.5622,21629.77,6449.15,14.99,0.5699999999999998,0.18655832710781084,-0.09999999999999964,-0.010077831870769494,1.1445594230166334
2025-08-19 00:00:00+00:00,63.38,4.3,3.75,120.7224,21314.95,6411.37,15.57,0.5499999999999998,0.13287746905745745,0.5800000000000001,-0.5858136343549147,-1.751666408308794
2025-08-20 00:00:00+00:00,64.19,4.29,3.74,120.7757,21172.86,6395.78,15.69,0.5499999999999998,0.04415087837883469,0.11999999999999922,-0.24316175793941408,1.2780056800252293
2025-08-21 00:00:00+00:00,64.56,4.33,3.79,121.0843,21100.31,6370.17,16.6,0.54,0.25551497528062406,0.9100000000000019,-0.400420277120217,0.5764137716155249
2025-08-22 00:00:00+00:00,64.08,4.26,3.68,120.2774,21496.53,6466.91,14.22,0.5799999999999996,-0.6663952304303722,-2.380000000000001,1.518640789806236,-0.743494423791824
2025-08-25 00:00:00+00:00,65.18,4.28,3.73,120.4214,21449.29,6439.32,14.79,0.5500000000000003,0.11972323977738064,0.5699999999999985,-0.42663343080389105,1.7166042446941532
2025-08-26 00:00:00+00:00,63.6,4.26,3.61,120.5274,21544.27,6465.94,14.62,0.6499999999999999,0.08802422160845147,-0.16999999999999993,0.41339768795463083,-2.4240564590365277
2025-08-27 00:00:00+00:00,64.49,4.24,3.59,120.7274,21590.14,6481.4,14.85,0.6500000000000004,0.165937371917102,0.23000000000000043,0.2390990327779008,1.3993710691823757
2025-08-28 00:00:00+00:00,64.96,4.22,3.62,120.2595,21705.16,6501.86,14.43,0.5999999999999996,-0.3875673625042819,-0.41999999999999993,0.3156725398833604,0.7287951620406297
2025-08-29 00:00:00+00:00,64.36,4.23,3.59,120.2082,21455.55,6460.26,15.36,0.6400000000000006,-0.04265775260997584,0.9299999999999997,-0.6398169139292365,-0.9236453201970307
2025-09-01 00:00:00+00:00,,,,,,,16.12,,,0.7600000000000016,,
2025-09-02 00:00:00+00:00,65.95,4.28,3.66,120.6837,21279.63,6415.54,17.17,0.6200000000000001,,1.0500000000000007,,
2025-09-03 00:00:00+00:00,64.36,4.22,3.61,120.5052,21497.73,6448.26,16.35,0.6099999999999999,-0.1479072981686813,-0.8200000000000003,0.5100116280157385,-2.41091736163761
2025-09-04 00:00:00+00:00,63.81,4.17,3.59,120.7629,21707.69,6502.08,15.3,0.5800000000000001,0.2138496927933442,-1.0500000000000007,0.834643764364329,-0.8545680546923506
2025-09-05 00:00:00+00:00,62.22,4.1,3.51,120.1282,21700.39,6481.5,15.18,0.5899999999999999,-0.5255753215598458,-0.120000000000001,-0.3165141001033489,-2.4917724494593396
2025-09-08 00:00:00+00:00,62.6,4.05,3.49,120.0971,21798.7,6495.15,15.11,0.5599999999999996,-0.0258890085758412,-0.07000000000000028,0.21059939828742547,0.6107360977177789
2025-09-09 00:00:00+00:00,62.97,4.08,3.54,120.1569,21879.49,6512.61,15.04,0.54,0.04979304246313099,-0.07000000000000028,0.268815962679847,0.5910543130990265
2025-09-10 00:00:00+00:00,64.01,4.04,3.54,120.1223,21886.06,6532.04,15.35,0.5,-0.028795682977833525,0.3100000000000005,0.29834428900241683,1.6515801175162936
2025-09-11 00:00:00+00:00,62.71,4.01,3.52,119.9534,22043.07,6587.47,14.71,0.48999999999999977,-0.1406066983399401,-0.6399999999999988,0.8485863528086224,-2.030932666770824
2025-09-12 00:00:00+00:00,63.02,4.06,3.56,120.0611,22141.1,6584.29,14.76,0.49999999999999956,0.0897848664564771,0.049999999999998934,-0.04827346462299431,0.4943390208898224
2025-09-15 00:00:00+00:00,63.66,4.05,3.54,119.5644,22348.75,6615.28,15.69,0.5099999999999998,-0.4137060213507904,0.9299999999999997,0.4706657817319604,1.0155506188511465
2025-09-16 00:00:00+00:00,64.89,4.04,3.51,119.1348,22333.96,6606.76,16.36,0.5300000000000002,-0.35930427451650315,0.6699999999999999,-0.128792734396721,1.9321394910461809
2025-09-17 00:00:00+00:00,64.41,4.06,3.52,119.1582,22261.33,6600.35,15.72,0.5399999999999996,0.01964161605172432,-0.6399999999999988,-0.09702183823840915,-0.7397133610725914
2025-09-18 00:00:00+00:00,63.91,4.11,3.57,119.6616,22470.73,6631.96,15.7,0.5400000000000005,0.4224635820279321,-0.02000000000000135,0.4789139969850087,-0.7762769756249011
2025-09-19 00:00:00+00:00,63.02,4.14,3.57,119.7858,22631.48,6664.36,15.45,0.5699999999999998,0.1037926954010171,-0.25,0.48854335671504323,-1.3925833202941496
2025-09-22 00:00:00+00:00,62.99,4.15,3.61,119.8152,22788.98,6693.75,16.1,0.5400000000000005,0.024543810702115643,0.6500000000000021,0.44100258689507843,-0.04760393525864437
2025-09-23 00:00:00+00:00,63.76,4.12,3.53,119.6202,22573.47,6656.92,16.64,0.5900000000000003,-0.16275063597941397,0.5399999999999991,-0.5502147525676904,1.2224162565486418
2025-09-24 00:00:00+00:00,65.4,4.16,3.57,120.1707,22497.86,6637.97,16.18,0.5900000000000003,0.46020655374259256,-0.46000000000000085,-0.2846661819580154,2.5721455457967446
2025-09-25 00:00:00+00:00,65.51,4.18,3.64,120.5419,22384.7,6604.72,16.74,0.5399999999999996,0.3088939317154704,0.5599999999999987,-0.5009061505249379,0.16819571865442917
2025-09-26 00:00:00+00:00,66.5,4.2,3.63,120.4349,22484.07,6643.7,15.29,0.5700000000000003,-0.08876581504024816,-1.4499999999999993,0.590183989631643,1.511219661120422
2025-09-29 00:00:00+00:00,64.27,4.15,3.63,120.115,22591.15,6661.21,16.12,0.5200000000000005,-0.26562067971991343,0.8300000000000018,0.26355795716241914,-3.3533834586466194
2025-09-30 00:00:00+00:00,63.17,4.16,3.6,120.1368,22660.01,6688.46,16.28,0.56,0.01814927361278862,0.16000000000000014,0.40908483593822265,-1.711529484985208
2025-10-01 00:00:00+00:00,62.59,4.12,3.55,120.1502,22755.16,6711.2,16.29,0.5700000000000003,0.011153951162334863,0.00999999999999801,0.33998857734067744,-0.9181573531739762
2025-10-02 00:00:00+00:00,61.28,4.1,3.55,120.4296,22844.05,6715.35,16.63,0.5499999999999998,0.23254226792797095,0.33999999999999986,0.061836929312208966,-2.092986100015981
2025-10-03 00:00:00+00:00,61.65,4.13,3.58,120.0881,22780.51,6715.79,16.65,0.5499999999999998,-0.28356815932295554,0.019999999999999574,0.006552152903416264,0.6037859007832935
2025-10-06 00:00:00+00:00,62.49,4.18,3.6,120.2722,22941.67,6740.28,16.37,0.5799999999999996,0.15330411589491444,-0.2799999999999976,0.36466298082578064,1.362530413625307
2025-10-07 00:00:00+00:00,62.52,4.14,3.57,120.4884,22788.36,6714.59,17.24,0.5699999999999998,0.17975891353114726,0.8699999999999974,-0.3811414362608012,0.048007681228989796
2025-10-08 00:00:00+00:00,63.37,4.13,3.58,120.7766,23043.38,6753.72,16.3,0.5499999999999998,0.23919315054394819,-0.9399999999999977,0.5827608238179849,1.3595649392194487
2025-10-09 00:00:00+00:00,62.36,4.14,3.6,121.0902,23024.63,6735.11,16.43,0.5399999999999996,0.2596529460176855,0.129999999999999,-0.2755518440207827,-1.5938141076219048
2025-10-10 00:00:00+00:00,59.75,4.05,3.52,121.1163,22204.43,6552.51,21.66,0.5299999999999998,0.021554180272231882,5.23,-2.7111658161485086,-4.185375240538802
2025-10-13 00:00:00+00:00,,,,,22694.61,6654.72,19.03,,,-2.629999999999999,1.5598602672868944,
2025-10-14 00:00:00+00:00,59.52,4.03,3.48,121.1822,22521.7,6644.31,20.81,0.5500000000000003,,1.7799999999999976,-0.15643032313906735,
2025-10-15 00:00:00+00:00,59.08,4.05,3.5,120.8642,22670.08,6671.06,20.64,0.5499999999999998,-0.2624147770877272,-0.16999999999999815,0.40260011950075114,-0.7392473118279619
2025-10-16 00:00:00+00:00,58.29,3.99,3.41,120.6698,22562.54,6629.07,25.31,0.5800000000000001,-0.16084167189291954,4.669999999999998,-0.6294352022017558,-1.3371699390656744
2025-10-17 00:00:00+00:00,58.3,4.02,3.46,120.7028,22679.97,6664.01,20.78,0.5599999999999996,0.027347356173623716,-4.529999999999998,0.5270724249404557,0.01715560130381988
2025-10-20 00:00:00+00:00,58.34,4.0,3.46,120.6209,22990.54,6735.13,18.23,0.54,-0.06785260988145803,-2.5500000000000007,1.0672252892777845,0.06861063464838058
2025-10-21 00:00:00+00:00,58.66,3.98,3.45,120.8895,22953.67,6735.35,17.87,0.5299999999999998,0.22268114398085181,-0.35999999999999943,0.003266455138950519,0.5485087418580559
2025-10-22 00:00:00+00:00,59.3,3.97,3.45,120.8958,22740.4,6699.4,18.6,0.52,0.005211370714564012,0.7300000000000004,-0.5337510300132964,1.0910330719399841
2025-10-23 00:00:00+00:00,62.44,4.01,3.48,120.9531,22941.8,6738.44,17.3,0.5299999999999998,0.04739618746061325,-1.3000000000000007,0.5827387527241212,5.295109612141657
2025-10-24 00:00:00+00:00,62.27,4.02,3.48,120.9345,23204.87,6791.69,16.37,0.5399999999999996,-0.015377861336340892,-0.9299999999999997,0.7902422519158847,-0.2722613709160715
2025-10-27 00:00:00+00:00,62.13,4.01,3.48,120.7988,23637.46,6875.16,15.79,0.5299999999999998,-0.11220950183776779,-0.5800000000000018,1.2290019126314666,-0.22482736470210707
2025-10-28 00:00:00+00:00,60.97,3.99,3.47,120.6361,23827.49,6890.89,16.42,0.52,-0.1346867684116071,0.6300000000000026,0.22879467532392894,-1.867052953484638
2025-10-29 00:00:00+00:00,61.26,4.08,3.59,120.5312,23958.47,6890.59,16.92,0.4900000000000002,-0.08695572884069858,0.5,-0.004353574066628951,0.4756437592258411
2025-10-30 00:00:00+00:00,61.36,4.11,3.61,121.2832,23581.14,6822.34,16.91,0.5000000000000004,0.6239048478734022,-0.010000000000001563,-0.9904812214919234,0.1632386549134779
2025-10-31 00:00:00+00:00,61.75,4.11,3.6,121.3859,23724.96,6840.2,17.44,0.5100000000000002,0.08467784491175134,0.5300000000000011,0.2617870114945742,0.6355932203389925
2025-11-03 00:00:00+00:00,61.79,4.13,3.6,121.4512,23834.72,6851.97,17.17,0.5299999999999998,0.05379537491585484,-0.2699999999999996,0.17207099207625642,0.06477732793521707
2025-11-04 00:00:00+00:00,61.38,4.1,3.58,121.8271,23348.64,6771.55,19.0,0.5199999999999996,0.30950702833731913,1.8299999999999983,-1.1736770592982726,-0.6635377892862837
2025-11-05 00:00:00+00:00,60.4,4.17,3.63,121.8482,23499.8,6796.29,18.01,0.54,0.017319627570544505,-0.9899999999999984,0.36535209811638936,-1.5966112740306349
2025-11-06 00:00:00+00:00,60.24,4.11,3.57,121.6948,23053.99,6720.32,19.5,0.5400000000000005,-0.12589435051154618,1.4899999999999984,-1.1178157494750818,-0.26490066225165476
2025-11-07 00:00:00+00:00,60.54,4.11,3.55,121.388,23004.54,6728.8,19.08,0.5600000000000005,-0.2521060883455939,-0.4200000000000017,0.1261844674063317,0.4980079681274896
2025-11-10 00:00:00+00:00,60.94,4.13,3.58,121.2984,23527.17,6832.43,17.6,0.5499999999999998,-0.07381289748574771,-1.4799999999999969,1.540096302461058,0.6607201850016509
2025-11-11 00:00:00+00:00,,,,,23468.3,6846.61,17.28,,,-0.3200000000000003,0.20753963084874094,
2025-11-12 00:00:00+00:00,59.3,4.08,3.56,121.0458,23406.46,6850.92,17.51,0.52,,0.23000000000000043,0.06295086181336007,
2025-11-13 00:00:00+00:00,59.54,4.11,3.58,120.7725,22870.36,6737.49,20.0,0.5300000000000002,-0.22578230719282333,2.4899999999999984,-1.6556900387101336,0.4047217537942682
2025-11-14 00:00:00+00:00,60.87,4.14,3.62,120.9666,22900.59,6734.11,19.83,0.5199999999999996,0.16071539464697082,-0.1700000000000017,-0.05016705034071034,2.2337924084648852
2025-11-17 00:00:00+00:00,60.66,4.13,3.6,121.1146,22708.07,6672.41,22.38,0.5299999999999998,0.12234782163009772,2.5500000000000007,-0.9162309495983845,-0.3449975357318835
2025-11-18 00:00:00+00:00,61.51,4.12,3.58,121.2127,22432.85,6617.32,24.69,0.54,0.080997666672733,2.3100000000000023,-0.8256387122493991,1.4012528849324024
2025-11-19 00:00:00+00:00,60.27,4.13,3.58,121.4978,22564.23,6642.16,23.66,0.5499999999999998,0.2352063768895407,-1.0300000000000011,0.37537855204221593,-2.01593236872053
2025-11-20 00:00:00+00:00,60.07,4.1,3.55,121.6889,22078.05,6538.76,26.42,0.5499999999999998,0.15728679860871342,2.7600000000000016,-1.556722511953934,-0.3318400530944121
2025-11-21 00:00:00+00:00,58.86,4.06,3.51,121.8653,22273.08,6602.99,23.43,0.5499999999999998,0.14495981145363768,-2.990000000000002,0.9822963375318849,-2.0143166305976345
2025-11-24 00:00:00+00:00,59.11,4.04,3.46,121.9171,22872.01,6705.12,20.52,0.5800000000000001,0.04250594713999245,-2.91,1.5467235297948356,0.42473666326876547
2025-11-25 00:00:00+00:00,58.25,4.01,3.43,121.6335,23025.59,6765.88,18.56,0.5799999999999996,-0.23261708160710048,-1.9600000000000009,0.9061731930226413,-1.45491456606327
2025-11-26 00:00:00+00:00,58.81,4.0,3.45,121.2437,23214.69,6812.61,17.19,0.5499999999999998,-0.32047092289541057,-1.3699999999999974,0.6906714278112958,0.9613733905579513
2025-11-27 00:00:00+00:00,,,,,,,17.21,,,0.019999999999999574,,
2025-11-28 00:00:00+00:00,58.58,4.02,3.47,121.0527,23365.69,6849.09,16.35,0.5499999999999994,,-0.8599999999999994,,
2025-12-01 00:00:00+00:00,59.47,4.09,3.54,120.9862,23275.92,6812.63,17.24,0.5499999999999998,-0.05493475155862182,0.889999999999997,-0.532333492478565,1.5192898600204785
2025-12-02 00:00:00+00:00,58.81,4.09,3.51,121.1467,23413.67,6829.37,16.59,0.5800000000000001,0.1326597578897415,-0.6499999999999986,0.24572008167182968,-1.1098032621489784
2025-12-03 00:00:00+00:00,59.09,4.06,3.49,120.7336,23454.09,6849.72,16.08,0.5699999999999994,-0.3409915416598186,-0.5100000000000016,0.2979777051177468,0.4761095051861952
2025-12-04 00:00:00+00:00,59.82,4.11,3.52,120.6766,23505.14,6857.12,15.78,0.5900000000000003,-0.04721138109027301,-0.29999999999999893,0.10803361305278258,1.2354036215941777
2025-12-05 00:00:00+00:00,60.23,4.14,3.56,120.6863,23578.13,6870.4,15.41,0.5799999999999996,0.008038012340438883,-0.3699999999999992,0.19366731222436595,0.6853895018388512
2025-12-08 00:00:00+00:00,59.04,4.17,3.57,120.776,23545.9,6846.51,16.66,0.6000000000000001,0.07432492337571261,1.25,-0.34772356776897606,-1.9757595882450518
2025-12-09 00:00:00+00:00,58.4,4.18,3.61,120.6832,23576.49,6840.51,16.93,0.5699999999999998,-0.07683645757434743,0.2699999999999996,-0.08763589040255981,-1.084010840108407
2025-12-10 00:00:00+00:00,58.67,4.13,3.54,120.6752,23654.16,6886.68,15.77,0.5899999999999999,-0.006628925981411182,-1.1600000000000001,0.6749496748049477,0.46232876712328785
2025-12-11 00:00:00+00:00,57.76,4.14,3.52,119.98,23593.86,6901.0,14.85,0.6199999999999997,-0.5760918564874928,-0.9199999999999999,0.20793764194066977,-1.5510482358956912
2025-12-12 00:00:00+00:00,57.61,4.19,3.52,120.1442,23195.17,6827.41,15.74,0.6700000000000004,0.13685614269043356,0.8900000000000006,-1.0663671931604113,-0.2596952908587191
2025-12-15 00:00:00+00:00,56.97,4.18,3.51,119.9561,23057.41,6816.51,16.5,0.6699999999999999,-0.15656186482576606,0.7599999999999998,-0.15965058492165562,-1.1109182433605258
2025-12-16 00:00:00+00:00,55.44,4.15,3.48,119.8902,23111.46,6800.26,16.48,0.6700000000000004,-0.05493676436630901,-0.019999999999999574,-0.23839178699950336,-2.6856240126382325
2025-12-17 00:00:00+00:00,56.07,4.16,3.49,120.155,22693.32,6721.43,17.62,0.6699999999999999,0.22086876158351476,1.1400000000000006,-1.1592203827500702,1.1363636363636465
2025-12-18 00:00:00+00:00,56.22,4.12,3.46,120.0528,23006.36,6774.76,16.87,0.6600000000000001,-0.08505680163122253,-0.75,0.7934323499612317,0.2675227394328461
2025-12-19 00:00:00+00:00,56.8,4.16,3.48,120.1652,23307.62,6834.5,14.91,0.6800000000000002,0.0936254714592133,-1.9600000000000009,0.8818024549947179,1.0316613304873767
2025-12-22 00:00:00+00:00,58.18,4.17,3.44,119.9912,23428.83,6878.49,14.08,0.73,-0.14480065776114603,-0.8300000000000001,0.6436462067451965,2.4295774647887347
2025-12-23 00:00:00+00:00,58.55,4.18,3.48,119.7057,23561.84,6909.79,14.0,0.6999999999999997,-0.23793411516845886,-0.08000000000000007,0.4550417315428268,0.635957373667928
2025-12-24 00:00:00+00:00,58.72,4.15,3.47,119.4372,23613.31,6932.05,13.47,0.6800000000000002,-0.2243000959853969,-0.5299999999999994,0.32215161386959235,0.29035012809564
2025-12-26 00:00:00+00:00,56.6,4.14,3.46,119.4723,23593.1,6929.94,13.6,0.6799999999999997,0.029387828917615266,0.129999999999999,-0.03043832632483312,-3.610354223433243
2025-12-29 00:00:00+00:00,57.89,4.12,3.45,119.5899,23474.35,6905.74,14.2,0.6699999999999999,0.09843285849522321,0.5999999999999996,-0.34920937266411656,2.279151943462887
2025-12-30 00:00:00+00:00,57.79,4.14,3.45,119.4939,23419.08,6896.24,14.33,0.6899999999999995,-0.08027433754858038,0.13000000000000078,-0.13756671985912794,-0.17274140611505118
2025-12-31 00:00:00+00:00,57.26,4.18,3.47,119.7456,23241.99,6845.5,14.95,0.7099999999999995,0.2106383673141421,0.6199999999999992,-0.735763256499189,-0.9171136874891905
2026-01-02 00:00:00+00:00,57.21,4.19,3.47,119.6059,23235.63,6858.47,14.51,0.7200000000000002,-0.11666399433465369,-0.4399999999999995,0.18946753341611,-0.08732099196646637
2026-01-05 00:00:00+00:00,58.1,4.17,3.46,119.6192,23395.82,6902.05,14.9,0.71,0.011119852783192385,0.39000000000000057,0.6354186866750045,1.555672085299764
2026-01-06 00:00:00+00:00,56.97,4.18,3.47,119.7807,23547.17,6944.82,14.75,0.7099999999999995,0.13501177068564463,-0.15000000000000036,0.6196709673212952,-1.9449225473321952
2026-01-07 00:00:00+00:00,56.01,4.15,3.47,119.8719,23584.27,6920.93,15.38,0.6800000000000002,0.0761391442861914,0.6300000000000008,-0.34399739662078765,-1.6850974196945812
2026-01-08 00:00:00+00:00,57.74,4.19,3.49,120.0904,23480.02,6921.46,15.45,0.7000000000000002,0.18227791500760038,0.06999999999999851,0.0076579303648571795,3.088734154615258
2026-01-09 00:00:00+00:00,58.96,4.18,3.54,120.2215,23671.35,6966.28,14.49,0.6399999999999997,0.10916776028724318,-0.9599999999999991,0.6475512391894256,2.112919986144779
2026-01-12 00:00:00+00:00,59.39,4.19,3.54,119.9958,23733.9,6977.27,15.12,0.6500000000000004,-0.18773680248541647,0.629999999999999,0.15775995222702122,0.7293080054274093
2026-01-13 00:00:00+00:00,60.85,4.18,3.53,120.1401,23709.87,6963.74,15.98,0.6499999999999999,0.12025420889731908,0.8600000000000012,-0.19391538524380358,2.4583263175618875
2026-01-14 00:00:00+00:00,61.84,4.15,3.51,119.9537,23471.75,6926.6,16.75,0.6400000000000006,-0.1551521931478339,0.7699999999999996,-0.533334099205307,1.626951520131481
2026-01-15 00:00:00+00:00,59.13,4.17,3.56,119.9951,23530.02,6944.47,15.84,0.6099999999999999,0.034513316387907444,-0.9100000000000001,0.2579909335027164,-4.3822768434670145
2026-01-16 00:00:00+00:00,59.4,4.24,3.59,120.0838,23515.39,6940.01,15.86,0.6500000000000004,0.07391968505381374,0.019999999999999574,-0.0642237636565457,0.45662100456620447
2026-01-19 00:00:00+00:00,,,,,,,18.84,,,2.9800000000000004,,
2026-01-20 00:00:00+00:00,60.3,4.3,3.6,119.4455,22954.32,6796.86,20.09,0.6999999999999997,,1.25,,
2026-01-21 00:00:00+00:00,60.38,4.26,3.6,119.3431,23224.82,6875.62,16.9,0.6599999999999997,-0.08572947494881467,-3.1900000000000013,1.158770373378304,0.1326699834162559
2026-01-22 00:00:00+00:00,59.24,4.26,3.61,119.1962,23436.02,6913.35,15.64,0.6499999999999999,-0.12309048449387072,-1.259999999999998,0.5487505126810399,-1.8880423981450845
2026-01-23 00:00:00+00:00,60.7,4.24,3.6,118.8976,23501.24,6915.61,16.09,0.6400000000000001,-0.25051134180452683,0.4499999999999993,0.03269037442048539,2.464550979068192
2026-01-26 00:00:00+00:00,60.46,4.22,3.56,118.0525,23601.36,6950.23,16.15,0.6599999999999997,-0.7107796961418944,0.05999999999999872,0.5006065986948416,-0.39538714991763646
2026-01-27 00:00:00+00:00,62.04,4.24,3.53,117.4523,23817.1,6978.6,16.35,0.7100000000000004,-0.5084178649329751,0.20000000000000284,0.4081879304713709,2.6132980482963974
2026-01-28 00:00:00+00:00,62.75,4.26,3.56,117.5117,23857.45,6978.03,16.35,0.6999999999999997,0.05057372226853207,0.0,-0.00816782735792998,1.1444229529335992
2026-01-29 00:00:00+00:00,64.77,4.24,3.53,117.4396,23685.12,6969.01,16.88,0.7100000000000004,-0.061355592677159176,0.5299999999999976,-0.12926284352460238,3.2191235059760848
2026-01-30 00:00:00+00:00,64.5,4.26,3.52,117.8996,23461.82,6939.03,17.44,0.7399999999999998,0.3916907073934217,0.5600000000000023,-0.4301902278802894,-0.41685965724872487
2026-02-02 00:00:00+00:00,61.6,4.29,3.57,118.3609,23592.11,6976.44,16.34,0.7200000000000002,0.3912651103141984,-1.1000000000000014,0.5391243444688998,-4.496124031007753
2026-02-03 00:00:00+00:00,62.62,4.28,3.57,117.9764,23255.19,6917.81,18.0,0.7100000000000004,-0.32485390023225813,1.6600000000000001,-0.8403999747722213,1.655844155844144
2026-02-04 00:00:00+00:00,64.56,4.29,3.57,118.2602,22904.58,6882.72,18.64,0.7200000000000002,0.24055658589345885,0.6400000000000006,-0.5072414535814085,3.0980517406579366
2026-02-05 00:00:00+00:00,62.9,4.21,3.47,118.5034,22540.59,6798.4,21.77,0.7399999999999998,0.20564822315538578,3.129999999999999,-1.225097054652824,-2.571251548946718
2026-02-06 00:00:00+00:00,63.77,4.22,3.5,118.2407,23031.21,6932.3,17.76,0.7199999999999998,-0.22168140323399754,-4.009999999999998,1.969581077900684,1.3831478537360997
2026-02-09 00:00:00+00:00,64.53,4.22,3.48,117.6392,23238.67,6964.82,17.36,0.7399999999999998,-0.5087080844413117,-0.40000000000000213,0.46910837672922145,1.191782970048605
2026-02-10 00:00:00+00:00,64.2,4.16,3.45,117.5216,23102.47,6941.81,17.79,0.71,-0.09996667777407708,0.4299999999999997,-0.3303746543341979,-0.5113900511390046
2026-02-11 00:00:00+00:00,64.8,4.18,3.52,117.4601,23066.47,6941.47,17.65,0.6599999999999997,-0.05233080557106584,-0.14000000000000057,-0.004897858051433612,0.9345794392523255
2026-02-12 00:00:00+00:00,63.08,4.09,3.47,117.5376,22597.15,6832.76,20.82,0.6199999999999997,0.06597985188161459,3.1700000000000017,-1.5660947897203292,-2.654320987654324
2026-02-13 00:00:00+00:00,63.05,4.04,3.4,117.5258,22546.67,6836.17,20.6,0.6400000000000001,-0.010039340602496782,-0.21999999999999886,0.049906626312057334,-0.047558655675339345
2026-02-16 00:00:00+00:00,,,,,,,21.2,,,0.5999999999999979,,
2026-02-17 00:00:00+00:00,62.53,4.05,3.43,117.7375,22578.38,6843.22,20.29,0.6199999999999997,,-0.9100000000000001,,
2026-02-18 00:00:00+00:00,65.33,4.09,3.47,117.8426,22753.63,6881.31,19.62,0.6199999999999997,0.089266376473085,-0.6699999999999982,0.5566093154976803,4.477850631696789
2026-02-19 00:00:00+00:00,66.66,4.08,3.47,118.2354,22682.73,6861.89,20.23,0.6099999999999999,0.3333259788904863,0.6099999999999994,-0.28221370640183485,2.0358181539874565
2026-02-20 00:00:00+00:00,66.69,4.08,3.48,117.9917,22886.07,6909.51,19.09,0.6000000000000001,-0.2061142432807861,-1.1400000000000006,0.693977898217546,0.04500450045004101
2026-02-23 00:00:00+00:00,66.36,4.03,3.43,117.9395,22627.27,6837.75,21.01,0.6000000000000001,-0.04424039996033802,1.9200000000000017,-1.0385685815636703,-0.49482681061627787
2026-02-24 00:00:00+00:00,65.62,4.04,3.43,117.9463,22863.68,6890.07,19.55,0.6099999999999999,0.005765667990798029,-1.4600000000000009,0.7651639793791798,-1.1151295961422503
2026-02-25 00:00:00+00:00,65.3,4.05,3.45,117.769,23152.08,6946.13,17.93,0.5999999999999996,-0.15032264683164653,-1.620000000000001,0.8136346945676998,-0.4876562023773401
2026-02-26 00:00:00+00:00,65.1,4.02,3.42,117.9042,22878.38,6908.86,18.63,0.5999999999999996,0.11480100875442822,0.6999999999999993,-0.5365577666988752,-0.3062787136294043
2026-02-27 00:00:00+00:00,66.96,3.97,3.38,117.8223,22668.21,6878.88,19.86,0.5900000000000003,-0.0694631743398455,1.2300000000000004,-0.43393555521460403,2.857142857142847
2026-03-02 00:00:00+00:00,71.13,4.05,3.47,118.667,22748.86,6881.62,21.44,0.5799999999999996,0.7169271012363643,1.5800000000000018,0.03983206568511921,6.227598566308257
2026-03-03 00:00:00+00:00,74.48,4.06,3.51,119.4341,22516.69,6816.63,23.57,0.5499999999999998,0.6464307684528992,2.129999999999999,-0.9443997198334109,4.7096864895262325
2026-03-04 00:00:00+00:00,74.58,4.09,3.54,119.0705,22807.48,6869.5,21.15,0.5499999999999998,-0.3044356678704063,-2.4200000000000017,0.7756031939536001,0.13426423200859627
2026-03-05 00:00:00+00:00,80.88,4.13,3.57,119.5683,22748.99,6830.71,23.75,0.56,0.41807164662952534,2.6000000000000014,-0.5646699177523806,8.44730490748189
2026-03-06 00:00:00+00:00,90.77,4.15,3.56,119.491,22387.68,6740.02,29.49,0.5900000000000003,-0.06464924231589508,5.739999999999998,-1.3276804314631963,12.227992087042526
2026-03-09 00:00:00+00:00,94.65,4.12,3.56,119.5151,22695.95,6795.99,25.5,0.56,0.020168883012106065,-3.9899999999999984,0.8304129661336201,4.274540046270814
2026-03-10 00:00:00+00:00,83.71,4.15,3.57,118.7255,22697.1,6781.48,24.93,0.5800000000000005,-0.6606696559681602,-0.5700000000000003,-0.21350826001804712,-11.558372952984698
2026-03-11 00:00:00+00:00,86.8,4.21,3.64,119.2885,22716.13,6775.8,24.23,0.5699999999999998,0.47420309874457445,-0.6999999999999993,-0.08375752785526602,3.6913152550472006
2026-03-12 00:00:00+00:00,95.61,4.27,3.76,119.8227,22311.98,6672.62,27.29,0.5099999999999998,0.44782187721363886,3.0599999999999987,-1.5227722187786008,10.149769585253466
2026-03-13 00:00:00+00:00,98.48,4.28,3.73,120.5518,22105.36,6632.19,27.19,0.5500000000000003,0.6084823660291505,-0.09999999999999787,-0.6059089233314663,3.001778056688642
2026-03-16 00:00:00+00:00,93.39,4.23,3.68,120.097,22374.18,6699.38,23.51,0.5500000000000003,-0.3772652088148032,-3.6799999999999997,1.0130891907499606,-5.168562144597888
2026-03-17 00:00:00+00:00,96.01,4.2,3.68,119.8328,22479.53,6716.09,22.37,0.52,-0.21998884235242544,-1.1400000000000006,0.2494260662927017,2.805439554556166
2026-03-18 00:00:00+00:00,96.12,4.26,3.76,119.9276,22152.42,6624.7,25.09,0.5,0.07911022691615699,2.719999999999999,-1.3607619909798752,0.11457139881261291
2026-03-19 00:00:00+00:00,96.11,4.25,3.79,120.1802,22090.69,6606.49,24.06,0.45999999999999996,0.21062707833725547,-1.0300000000000011,-0.27488037194136616,-0.010403662089064625
2026-03-20 00:00:00+00:00,98.71,4.39,3.88,120.2757,21647.61,6506.48,26.78,0.5099999999999998,0.07946400488598737,2.7200000000000024,-1.5138144460977054,2.705233586515443
2026-03-23 00:00:00+00:00,89.33,4.34,3.83,119.9371,21946.76,6581.0,26.15,0.5099999999999998,-0.2815198747544212,-0.6300000000000026,1.1453197427795159,-9.50258332489109
2026-03-24 00:00:00+00:00,93.18,4.39,3.9,120.1295,21761.89,6556.37,26.95,0.48999999999999977,0.16041741879702087,0.8000000000000007,-0.3742592311198889,4.309862308295087
2026-03-25 00:00:00+00:00,91.51,4.33,3.84,120.1282,21929.83,6591.9,25.33,0.4900000000000002,-0.0010821654963910632,-1.620000000000001,0.5419157247074091,-1.792230092294489
2026-03-26 00:00:00+00:00,96.18,4.42,3.96,120.389,21408.08,6477.16,27.44,0.45999999999999996,0.2171013966745461,2.110000000000003,-1.740621065246739,5.103267402469669
2026-03-27 00:00:00+00:00,101.26,4.44,3.88,120.8851,20948.36,6368.85,31.05,0.5600000000000005,0.4120808379503016,3.6099999999999994,-1.6721834878249076,5.2817633603659875
2026-03-30 00:00:00+00:00,104.69,4.35,3.82,121.2851,20794.64,6343.72,30.61,0.5299999999999998,0.33089272375173007,-0.4400000000000013,-0.39457672892280193,3.387319770886821
2026-03-31 00:00:00+00:00,102.86,4.3,3.79,121.035,21590.63,6528.52,25.25,0.5099999999999998,-0.2062083471094156,-5.359999999999999,2.9131172245937753,-1.7480179577801125
2026-04-01 00:00:00+00:00,101.9,4.33,3.81,120.1198,21840.95,6575.32,24.54,0.52,-0.7561449167596157,-0.7100000000000009,0.7168546623124161,-0.9333074081275483
2026-04-02 00:00:00+00:00,113.23,4.31,3.79,120.503,21879.18,6582.69,23.87,0.5199999999999996,0.31901485017458153,-0.6699999999999982,0.11208579962647125,11.11874386653582
2026-04-03 00:00:00+00:00,,4.35,3.84,120.6565,,,,0.5099999999999998,0.12738272076213697,,,
2026-04-06 00:00:00+00:00,114.01,4.34,3.84,120.4302,21996.34,6611.83,24.17,0.5,-0.1875572389386404,,,
2026-04-07 00:00:00+00:00,114.58,4.33,3.81,120.32,22017.85,6616.85,25.78,0.52,-0.09150528687987824,1.6099999999999994,0.07592451711553316,0.49995614419786616
2026-04-08 00:00:00+00:00,96.17,4.29,3.79,119.0596,22635.0,6782.81,21.04,0.5,-1.047539893617011,-4.740000000000002,2.5081420917808295,-16.067376505498345
2026-04-09 00:00:00+00:00,99.62,4.29,3.78,118.8998,22822.42,6824.66,19.49,0.5100000000000002,-0.13421849225094817,-1.5500000000000007,0.6170009184983671,3.5873973172507068
2026-04-10 00:00:00+00:00,98.34,4.31,3.81,118.8552,22902.89,6816.89,19.23,0.49999999999999956,-0.03751057613217146,-0.259999999999998,-0.1138518255854426,-1.2848825537040809
2026-04-13 00:00:00+00:00,100.72,4.3,3.78,118.9916,23183.74,6886.24,19.12,0.52,0.11476149129361346,-0.10999999999999943,1.0173260827151198,2.420174903396366
2026-04-14 00:00:00+00:00,93.07,4.26,3.76,118.3581,23639.08,6967.38,18.36,0.5,-0.5323905216838898,-0.7600000000000016,1.1782917818722538,-7.595313741064347
2026-04-15 00:00:00+00:00,93.04,4.29,3.76,118.3623,24016.02,7022.95,18.17,0.5300000000000002,0.0035485530774925778,-0.18999999999999773,0.7975738369372598,-0.032233802514225474
2026-04-16 00:00:00+00:00,96.46,4.32,3.78,118.3616,24102.7,7041.28,17.94,0.5400000000000005,-0.0005914045266175449,-0.23000000000000043,0.26100143102256723,3.675838349097149
2026-04-17 00:00:00+00:00,85.91,4.26,3.71,118.0795,24468.48,7126.06,17.48,0.5499999999999998,-0.23833743376230343,-0.46000000000000085,1.2040424468278577,-10.93717603151565
2026-04-20 00:00:00+00:00,91.06,4.26,3.72,118.2374,24404.39,7109.14,18.87,0.5399999999999996,0.13372346596995932,1.3900000000000006,-0.23743836004749275,5.994645559306266
2026-04-21 00:00:00+00:00,93.64,4.3,3.78,118.4331,24259.96,7064.01,19.5,0.52,0.16551446496624322,0.629999999999999,-0.6348165882230528,2.833296727432466
2026-04-22 00:00:00+00:00,94.76,4.3,3.79,118.6004,24657.57,7137.9,18.92,0.5099999999999998,0.14126118458437364,-0.5799999999999983,1.0460064467632257,1.1960700555318393
2026-04-23 00:00:00+00:00,99.27,4.34,3.83,118.7155,24438.5,7108.4,19.31,0.5099999999999998,0.09704857656467336,0.389999999999997,-0.4132868210538154,4.759392148585895
2026-04-24 00:00:00+00:00,98.42,4.31,3.78,118.7294,24836.6,7165.08,18.71,0.5299999999999998,0.011708664833154359,-0.5999999999999979,0.7973664959765925,-0.8562506295960448
2026-04-27 00:00:00+00:00,99.89,4.35,3.78,118.5458,24887.1,7173.91,18.02,0.5699999999999998,-0.15463735182692506,-0.6900000000000013,0.12323658633259793,1.493598862019918
2026-04-28 00:00:00+00:00,103.45,4.36,3.84,118.7717,24663.8,7138.8,17.83,0.5200000000000005,0.19055926064017736,-0.19000000000000128,-0.4894123288415875,3.5639203123435825
2026-04-29 00:00:00+00:00,110.47,4.42,3.92,119.0975,24673.24,7135.95,18.81,0.5,0.274307768601445,0.9800000000000004,-0.03992267608001754,6.785886901884974
2026-04-30 00:00:00+00:00,108.64,4.4,3.88,118.671,24892.31,7209.01,16.89,0.5200000000000005,-0.35810995193013007,-1.9199999999999982,1.0238300436522074,-1.656558341631209
2026-05-01 00:00:00+00:00,105.38,4.39,3.88,118.3926,25114.44,7230.12,16.99,0.5099999999999998,-0.23459817478576062,0.09999999999999787,0.29282800273546794,-3.0007363770250373
2026-05-04 00:00:00+00:00,109.76,4.45,3.95,118.8264,25067.8,7200.75,18.29,0.5,0.3664080356373667,1.3000000000000007,-0.40621732419379164,4.156386411083712
2026-05-05 00:00:00+00:00,105.66,4.43,3.93,118.6207,25326.13,7259.22,17.38,0.49999999999999956,-0.1731096793305298,-0.9100000000000001,0.8119987501302051,-3.7354227405247853
2026-05-06 00:00:00+00:00,98.75,4.36,3.87,118.0982,25838.94,7365.12,17.39,0.4900000000000002,-0.4404796127488675,0.010000000000001563,1.458834420226962,-6.539844785159943
2026-05-07 00:00:00+00:00,98.38,4.41,3.92,118.0116,25806.2,7337.11,17.08,0.4900000000000002,-0.07332880602752834,-0.3100000000000023,-0.38030609141467275,-0.3746835443037999
2026-05-08 00:00:00+00:00,98.87,4.38,3.9,118.0392,26247.08,7398.93,17.19,0.48,0.023387531395213657,0.11000000000000298,0.8425660784695976,0.4980687131530992
2026-05-11 00:00:00+00:00,101.56,4.42,3.95,118.0562,26274.13,7412.84,18.38,0.46999999999999975,0.014401995269386347,1.1899999999999977,0.18800015677942206,2.720744411853948
2026-05-12 00:00:00+00:00,105.78,4.46,4.0,118.5238,26088.2,7400.96,17.99,0.45999999999999996,0.3960825437376414,-0.39000000000000057,-0.1602624635092642,4.155179204411175
2026-05-13 00:00:00+00:00,104.52,4.46,3.98,118.4737,26402.34,7444.25,17.87,0.48,-0.04226999134351317,-0.11999999999999744,0.5849241179522569,-1.1911514463981865
2026-05-14 00:00:00+00:00,104.66,4.47,4.0,118.6696,26635.22,7501.24,17.26,0.46999999999999975,0.1653531543287734,-0.6099999999999994,0.7655573093326984,0.13394565633371158
2026-05-15 00:00:00+00:00,108.99,4.59,4.09,119.2825,26225.14,7408.5,18.43,0.5,0.5164759972225319,1.1699999999999982,-1.236328926950736,4.137206191477172
2026-05-18 00:00:00+00:00,112.25,4.61,4.07,119.0574,26090.73,7403.05,17.82,0.54,-0.18871167187139992,-0.6099999999999994,-0.07356414928797461,2.9911001009266913
2026-05-19 00:00:00+00:00,,4.67,4.13,119.451,25870.71,7353.61,18.06,0.54,0.33059683816376584,0.23999999999999844,-0.6678328526755983,
2026-05-20 00:00:00+00:00,,4.57,4.04,119.1624,26270.36,7432.97,17.44,0.5300000000000002,-0.24160534445085702,-0.6199999999999974,1.0791978361648358,
2026-05-21 00:00:00+00:00,,4.57,4.08,119.369,26293.1,7445.72,16.76,0.4900000000000002,0.17337683698883666,-0.6799999999999997,0.17153304802790537,
2026-05-22 00:00:00+00:00,,4.56,4.13,119.2868,26343.97,7473.47,16.7,0.4299999999999997,-0.06886209987517766,-0.060000000000002274,0.37269733484470713,
