timestamp,pair,state,direction,session,spread,volatility,ret_5,mfe_5,mae_5,ret_10,mfe_10,mae_10,ret_15,mfe_15,mae_15,ret_30,mfe_30,mae_30,ret_60,mfe_60,mae_60
2021-12-01 06:00:00+00:00,EUR_USD,C1_trend_cont_long,1,tokyo,1.40000000000029,42.94581725986823,-0.10000000000065512,0.0,1.8999999999991246,0.5999999999994898,0.5999999999994898,1.8999999999991246,-2.8999999999990145,0.700000000000145,2.8999999999990145,-0.5999999999994898,0.700000000000145,4.599999999999049,0.8000000000008001,0.8000000000008001,5.999999999999339
2021-12-01 08:00:00+00:00,EUR_USD,C1_trend_cont_long,1,london,1.7000000000000348,42.94581725986823,4.500000000000615,5.399999999999849,0.0,-9.099999999999664,5.399999999999849,9.099999999999664,-11.999999999998678,5.399999999999849,11.999999999998678,-27.999999999999137,5.399999999999849,28.999999999999027,-37.70000000000051,5.399999999999849,46.899999999998606
2021-12-01 09:30:00+00:00,EUR_USD,C1_trend_cont_long,1,london,1.7000000000000348,42.94581725986823,-2.6999999999999247,0.0,4.8000000000003595,-1.1999999999989797,0.0,4.8000000000003595,-5.599999999998939,0.0,6.999999999999229,-4.3999999999999595,0.0,7.599999999998719,-3.5999999999991594,8.20000000000043,7.599999999998719
2021-12-01 14:00:00+00:00,EUR_USD,C1_trend_cont_long,1,ny,1.5999999999993797,42.96654651488643,0.9999999999998899,0.9999999999998899,1.9999999999997797,-1.3000000000018552,0.9999999999998899,2.80000000000058,-3.8000000000004697,0.9999999999998899,4.00000000000178,1.8999999999991246,4.999999999999449,4.00000000000178,5.699999999999594,15.600000000000058,4.00000000000178
2021-12-16 18:00:00+00:00,EUR_USD,C1_trend_cont_long,1,ny,1.2999999999996348,42.24311810627977,1.40000000000029,1.500000000000945,0.0,0.8000000000008001,1.9999999999997797,0.0,-0.2999999999997449,1.9999999999997797,0.5999999999994898,-0.8999999999992347,1.9999999999997797,1.80000000000069,4.500000000000615,4.500000000000615,1.80000000000069
2021-12-17 08:30:00+00:00,EUR_USD,C1_trend_cont_long,1,london,1.40000000000029,42.24311810627977,8.20000000000043,8.799999999999919,0.0,6.200000000000649,8.799999999999919,0.0,5.9000000000009045,8.799999999999919,0.0,3.8000000000004697,8.799999999999919,0.0,1.900000000001345,11.700000000001154,0.0
2021-12-17 13:00:00+00:00,EUR_USD,C1_trend_cont_long,1,ny,1.40000000000029,42.24311810627977,-1.6000000000016001,1.40000000000029,2.20000000000109,1.5999999999993797,3.2999999999994145,2.60000000000149,-1.2000000000012,3.2999999999994145,2.60000000000149,-5.20000000000076,3.2999999999994145,6.399999999999739,-21.999999999999797,3.2999999999994145,23.300000000001653
2022-01-13 16:00:00+00:00,EUR_USD,C1_trend_cont_long,1,ny,1.40000000000029,39.6418395554508,6.500000000000394,6.500000000000394,1.500000000000945,2.8999999999990145,7.399999999999629,1.500000000000945,2.9999999999996696,7.399999999999629,1.500000000000945,11.099999999999444,12.199999999999989,1.500000000000945,2.1999999999988695,12.199999999999989,1.500000000000945
2022-02-04 14:15:00+00:00,EUR_USD,C1_trend_cont_long,1,ny,1.2999999999996348,44.316576786571716,-5.20000000000076,3.20000000000098,5.20000000000076,-8.20000000000043,3.20000000000098,8.20000000000043,-19.800000000000928,3.20000000000098,19.800000000000928,-12.399999999999078,3.20000000000098,20.000000000000018,-34.19999999999978,3.20000000000098,36.599999999999966
2022-02-04 16:45:00+00:00,EUR_USD,C1_trend_cont_long,1,ny,1.2999999999996348,44.316576786571716,2.20000000000109,2.60000000000149,0.0,6.6000000000010495,6.6000000000010495,0.0,6.200000000000649,7.7000000000015945,0.0,7.200000000000539,9.900000000000464,0.0,11.000000000001009,14.600000000000168,0.0
2022-02-04 20:15:00+00:00,EUR_USD,C1_trend_cont_long,1,ny,1.2999999999996348,44.79396415895952,4.199999999998649,4.199999999998649,0.0,4.299999999999304,4.299999999999304,0.0,4.799999999998139,5.399999999999849,0.0,4.799999999998139,6.999999999999229,0.0,0.1999999999990898,6.999999999999229,0.0
2022-02-06 23:15:00+00:00,EUR_USD,C1_trend_cont_long,1,offhours,1.4999999999987246,44.79396415895952,-1.9999999999997797,0.0,1.9999999999997797,-1.9999999999997797,0.0,2.20000000000109,-2.20000000000109,0.0,3.60000000000138,-1.2000000000012,0.0,3.60000000000138,-2.80000000000058,0.0,4.699999999999704
2022-02-07 08:30:00+00:00,EUR_USD,C1_trend_cont_long,1,london,1.2999999999996348,44.79396415895952,-2.80000000000058,2.5999999999992696,2.80000000000058,-9.200000000000319,2.5999999999992696,9.399999999999409,-4.999999999999449,2.5999999999992696,9.399999999999409,-14.399999999998858,2.5999999999992696,15.399999999998748,-25.200000000000777,2.5999999999992696,26.599999999998847
2022-02-07 11:45:00+00:00,EUR_USD,C1_trend_cont_long,1,london,1.40000000000029,44.38725243331961,3.4000000000000696,3.900000000001125,1.100000000000545,4.60000000000127,4.900000000001015,1.100000000000545,5.5000000000005045,6.6000000000010495,1.100000000000545,6.099999999999994,8.900000000000574,1.100000000000545,9.00000000000123,9.500000000000064,1.100000000000545
2022-02-07 14:00:00+00:00,EUR_USD,C1_trend_cont_long,1,ny,1.5999999999993797,44.25244868808256,-6.299999999999084,1.3000000000018552,6.299999999999084,-14.699999999998603,1.3000000000018552,14.699999999998603,-16.099999999998893,1.3000000000018552,16.099999999998893,-14.099999999999113,1.3000000000018552,20.499999999998852,-3.2999999999994145,1.3000000000018552,20.499999999998852
2022-02-07 15:00:00+00:00,EUR_USD,C1_trend_cont_long,1,ny,1.40000000000029,44.25244868808256,-2.4000000000001798,0.0,4.8000000000003595,0.5000000000010552,0.5000000000010552,4.8000000000003595,3.20000000000098,3.20000000000098,4.8000000000003595,0.0,8.60000000000083,4.8000000000003595,8.20000000000043,8.60000000000083,8.999999999999009
2022-02-07 16:30:00+00:00,EUR_USD,C1_trend_cont_long,1,ny,1.2999999999996348,44.25244868808256,2.80000000000058,6.399999999999739,0.0,2.9999999999996696,6.399999999999739,0.0,-6.500000000000394,6.399999999999739,6.500000000000394,-7.600000000000939,6.399999999999739,10.000000000001119,-18.000000000000238,6.399999999999739,18.000000000000238
2022-02-07 19:45:00+00:00,EUR_USD,C1_trend_cont_long,1,ny,1.7000000000000348,43.52013092464814,2.1999999999988695,2.5999999999992696,0.0,4.599999999999049,4.599999999999049,0.0,3.7999999999982492,6.999999999999229,0.0,3.7999999999982492,6.999999999999229,0.0,1.1999999999989797,6.999999999999229,0.0
2022-02-08 12:00:00+00:00,EUR_USD,C1_trend_cont_long,1,ny,1.3999999999980695,42.368693001458965,1.0999999999983245,1.0999999999983245,1.100000000000545,0.4999999999988347,3.5999999999991594,1.100000000000545,-0.10000000000065512,3.5999999999991594,1.100000000000545,-2.900000000001235,3.5999999999991594,6.300000000001305,-10.300000000000864,3.5999999999991594,10.300000000000864
2022-02-08 18:00:00+00:00,EUR_USD,C1_trend_cont_long,1,ny,1.4999999999987246,40.23320978187022,-2.6999999999999247,0.0,2.8999999999990145,-1.5999999999993797,0.0,2.8999999999990145,-8.699999999999264,0.0,8.699999999999264,-13.399999999998968,0.0,16.899999999999693,1.40000000000029,3.20000000000098,16.899999999999693
2022-02-08 19:00:00+00:00,EUR_USD,C1_trend_cont_long,1,ny,1.6000000000016001,40.23320978187022,2.500000000000835,2.500000000000835,0.4999999999988347,2.80000000000058,2.900000000001235,0.4999999999988347,2.5999999999992696,2.900000000001235,0.4999999999988347,-1.2999999999996348,2.9999999999996696,1.5999999999993797,-6.999999999999229,2.9999999999996696,8.20000000000043
2022-02-08 21:00:00+00:00,EUR_USD,C1_trend_cont_long,1,offhours,1.4999999999987246,40.23320978187022,0.2999999999997449,1.2999999999996348,0.0,1.1999999999989797,1.2999999999996348,0.0,1.0999999999983245,1.2999999999996348,0.0,2.100000000000435,2.100000000000435,0.5000000000010552,-1.7000000000000348,2.100000000000435,1.7000000000000348
2022-02-09 00:00:00+00:00,EUR_USD,C1_trend_cont_long,1,tokyo,1.7000000000000348,40.23320978187022,0.8000000000008001,0.8000000000008001,1.40000000000029,-0.1999999999990898,1.2000000000012,1.40000000000029,-0.5999999999994898,1.2000000000012,1.40000000000029,-0.9999999999998899,2.20000000000109,1.40000000000029,-7.999999999999119,2.20000000000109,8.399999999999519
2022-02-09 01:15:00+00:00,EUR_USD,C1_trend_cont_long,1,tokyo,1.5999999999993797,40.23320978187022,0.700000000000145,0.700000000000145,0.6999999999979245,0.10000000000065512,0.700000000000145,0.6999999999979245,-1.4999999999987246,0.700000000000145,2.2999999999995246,1.80000000000069,2.100000000000435,3.0999999999981043,7.300000000001194,7.300000000001194,3.0999999999981043
2022-02-09 09:00:00+00:00,EUR_USD,C1_trend_cont_long,1,london,1.2999999999996348,40.23320978187022,-3.4999999999985043,0.0,4.199999999998649,0.20000000000131024,0.20000000000131024,4.199999999998649,-1.5999999999993797,0.20000000000131024,4.199999999998649,0.6000000000017103,0.700000000000145,4.199999999998649,3.60000000000138,5.399999999999849,4.199999999998649
2022-02-15 18:00:00+00:00,EUR_USD,C1_trend_cont_long,1,ny,1.40000000000029,40.76090924865592,-0.6000000000017103,0.0,1.7000000000000348,1.3999999999980695,1.5999999999993797,1.7000000000000348,0.8999999999992347,1.8999999999991246,1.7000000000000348,1.1999999999989797,3.7999999999982492,1.7000000000000348,-5.1000000000001044,3.7999999999982492,5.1000000000001044
2022-02-16 02:00:00+00:00,EUR_USD,C1_trend_cont_long,1,tokyo,1.500000000000945,40.76090924865592,0.9999999999998899,1.100000000000545,0.40000000000040004,0.40000000000040004,1.7000000000000348,0.40000000000040004,-1.2000000000012,1.7000000000000348,1.2000000000012,-3.4000000000000696,1.80000000000069,3.4000000000000696,-3.60000000000138,1.80000000000069,6.200000000000649
2022-02-17 08:00:00+00:00,EUR_USD,C1_trend_cont_long,1,london,1.40000000000029,39.721515733141636,-0.2999999999997449,2.100000000000435,0.7999999999985796,0.2999999999997449,2.100000000000435,1.7000000000000348,-2.2999999999995246,2.2999999999995246,2.2999999999995246,-11.099999999999444,5.9000000000009045,18.299999999999983,-19.299999999999873,5.9000000000009045,27.29999999999899
2022-02-17 11:00:00+00:00,EUR_USD,C1_trend_cont_long,1,london,1.500000000000945,39.99140746648872,-0.20000000000131024,0.1999999999990898,2.4000000000001798,-1.6000000000016001,0.1999999999990898,3.5000000000007248,2.1999999999988695,3.5999999999991594,3.5000000000007248,-4.00000000000178,3.5999999999991594,4.500000000000615,-4.3999999999999595,3.5999999999991594,12.300000000000644
2022-02-17 12:15:00+00:00,EUR_USD,C1_trend_cont_long,1,ny,1.40000000000029,39.99140746648872,2.100000000000435,2.20000000000109,0.0,1.2000000000012,3.20000000000098,0.0,3.8000000000004697,5.20000000000076,0.0,1.80000000000069,5.20000000000076,0.0,-1.8999999999991246,7.800000000000029,3.1000000000003247
2022-03-17 13:00:00+00:00,EUR_USD,C1_trend_cont_long,1,ny,1.7000000000000348,52.389393670318185,3.4000000000000696,3.8000000000004697,0.0,2.4000000000001798,4.3999999999999595,0.0,3.5000000000007248,6.999999999999229,0.0,13.000000000000789,14.000000000000679,0.0,25.600000000001177,25.600000000001177,0.0
2022-03-18 06:30:00+00:00,EUR_USD,C1_trend_cont_long,1,tokyo,1.500000000000945,55.001569032060054,-0.5999999999994898,0.0,0.5999999999994898,0.1999999999990898,0.8999999999992347,0.5999999999994898,0.0,1.500000000000945,0.5999999999994898,-5.399999999999849,1.500000000000945,9.300000000000974,-16.799999999999038,1.500000000000945,16.799999999999038
2022-03-18 18:00:00+00:00,EUR_USD,C1_trend_cont_long,1,ny,1.6000000000016001,55.17611048230172,-0.4999999999988347,0.10000000000065512,2.6999999999999247,-7.999999999999119,0.10000000000065512,7.999999999999119,-7.099999999999884,0.10000000000065512,7.999999999999119,-9.799999999999809,0.10000000000065512,11.900000000000244,-5.9000000000009045,0.10000000000065512,12.699999999998823
2022-03-18 19:15:00+00:00,EUR_USD,C1_trend_cont_long,1,ny,1.5999999999993797,55.17611048230172,-1.3000000000018552,0.1999999999990898,1.6000000000016001,-0.6000000000017103,0.1999999999990898,2.100000000000435,0.0,1.1999999999989797,2.100000000000435,-2.80000000000058,1.1999999999989797,6.900000000000794,-6.00000000000156,1.1999999999989797,6.900000000000794
2022-03-20 21:45:00+00:00,EUR_USD,C1_trend_cont_long,1,offhours,4.299999999999304,55.17611048230172,-5.20000000000076,0.40000000000040004,5.20000000000076,-5.20000000000076,0.40000000000040004,5.20000000000076,-5.20000000000076,0.40000000000040004,5.299999999999194,-7.399999999999629,0.40000000000040004,13.199999999999878,-10.600000000000609,0.40000000000040004,13.199999999999878
2022-03-21 09:00:00+00:00,EUR_USD,C1_trend_cont_long,1,london,1.7000000000000348,50.944197303617365,0.1999999999990898,2.4999999999986144,0.6000000000017103,11.599999999998278,12.199999999999989,0.6000000000017103,7.999999999999119,12.199999999999989,0.6000000000017103,4.999999999999449,12.199999999999989,0.6000000000017103,2.4999999999986144,12.199999999999989,0.6000000000017103
2022-03-29 13:00:00+00:00,EUR_USD,C1_trend_cont_long,1,ny,1.7000000000000348,48.545113506407816,-5.999999999999339,4.599999999999049,6.6000000000010495,-1.500000000000945,4.599999999999049,10.000000000001119,5.699999999999594,6.599999999998829,10.000000000001119,17.199999999999438,18.599999999999728,10.000000000001119,18.599999999999728,25.299999999999212,10.000000000001119
2022-03-30 12:45:00+00:00,EUR_USD,C1_trend_cont_long,1,ny,1.4999999999987246,48.936011069088295,-0.09999999999843467,0.0,6.799999999997919,-2.7999999999983594,0.0,6.799999999997919,-2.9999999999996696,0.0,6.799999999997919,-1.3999999999980695,2.000000000002,6.799999999997919,26.400000000001977,28.400000000001757,6.799999999997919
2022-03-31 05:45:00+00:00,EUR_USD,C1_trend_cont_long,1,tokyo,1.80000000000069,47.67511527652573,3.00000000000189,4.00000000000178,0.0,3.5000000000007248,4.300000000001525,0.0,5.300000000001415,5.300000000001415,0.0,6.40000000000196,8.20000000000043,0.0,5.60000000000116,8.20000000000043,7.800000000000029
2022-03-31 07:45:00+00:00,EUR_USD,C1_trend_cont_long,1,london,1.5999999999993797,47.67511527652573,-3.4999999999985043,0.0,3.4999999999985043,-6.699999999999484,0.0,6.699999999999484,-11.499999999999844,0.0,11.499999999999844,-21.100000000000563,0.0,24.500000000000632,-38.79999999999883,0.0,45.89999999999872
2022-04-21 13:00:00+00:00,EUR_USD,C1_trend_cont_long,1,ny,1.5999999999993797,41.92016237428354,-0.1999999999990898,0.0,3.4000000000000696,1.80000000000069,2.4000000000001798,3.4000000000000696,3.00000000000189,3.4000000000000696,3.4000000000000696,4.60000000000127,4.8000000000003595,6.399999999999739,-22.599999999999287,4.8000000000003595,22.599999999999287
2022-05-17 17:00:00+00:00,EUR_USD,C1_trend_cont_long,1,ny,1.5999999999993797,47.85144962192207,-0.4999999999988347,0.0,1.9999999999997797,-4.999999999999449,0.0,4.999999999999449,2.20000000000109,2.900000000001235,5.199999999998539,-1.1999999999989797,4.20000000000087,5.199999999998539,-5.800000000000249,6.200000000000649,5.800000000000249
2022-05-18 02:30:00+00:00,EUR_USD,C1_trend_cont_long,1,tokyo,1.7000000000000348,47.85144962192207,-1.5999999999993797,0.8000000000008001,1.5999999999993797,-2.9999999999996696,0.8000000000008001,4.599999999999049,-1.5999999999993797,0.8000000000008001,4.599999999999049,-5.800000000000249,0.8000000000008001,7.699999999999374,-11.099999999999444,0.8000000000008001,14.400000000001079
2022-05-18 05:15:00+00:00,EUR_USD,C1_trend_cont_long,1,tokyo,1.7000000000000348,46.79063179178468,2.0999999999982144,2.4000000000001798,0.0,-0.40000000000040004,2.4000000000001798,0.9999999999998899,-2.80000000000058,2.4000000000001798,2.80000000000058,-0.6000000000017103,2.4000000000001798,5.700000000001815,-0.8000000000008001,2.5999999999992696,5.700000000001815
2022-05-19 17:00:00+00:00,EUR_USD,C1_trend_cont_long,1,ny,1.7000000000000348,46.971403591968205,2.80000000000058,3.4000000000000696,0.0,0.40000000000040004,4.699999999999704,0.0,-3.8999999999989043,4.699999999999704,3.8999999999989043,-4.299999999999304,4.699999999999704,5.999999999999339,11.400000000001409,13.800000000001589,5.999999999999339
2022-05-20 04:15:00+00:00,EUR_USD,C1_trend_cont_long,1,tokyo,1.7000000000000348,46.971403591968205,2.20000000000109,2.20000000000109,0.0,3.900000000001125,3.9999999999995595,0.0,2.80000000000058,3.9999999999995595,0.0,4.100000000000215,4.100000000000215,0.0,6.200000000000649,7.600000000000939,0.0
2022-05-20 07:45:00+00:00,EUR_USD,C1_trend_cont_long,1,london,1.500000000000945,46.373446192541884,5.800000000000249,5.800000000000249,0.0,3.20000000000098,5.800000000000249,0.0,-3.8000000000004697,5.800000000000249,3.8000000000004697,-13.099999999999223,5.800000000000249,13.099999999999223,1.1999999999989797,5.800000000000249,19.199999999999218
2022-05-20 08:45:00+00:00,EUR_USD,C1_trend_cont_long,1,london,1.7000000000000348,46.373446192541884,0.0,1.2000000000012,1.1999999999989797,0.0,3.00000000000189,1.1999999999989797,-4.699999999999704,3.00000000000189,4.699999999999704,1.7000000000000348,3.00000000000189,4.699999999999704,3.900000000001125,10.80000000000192,4.699999999999704
2022-05-20 12:30:00+00:00,EUR_USD,C1_trend_cont_long,1,ny,1.7000000000000348,45.839628607360446,0.10000000000065512,0.10000000000065512,1.7999999999984695,-2.4999999999986144,1.40000000000029,2.4999999999986144,-1.3999999999980695,1.40000000000029,2.4999999999986144,-12.499999999999734,1.40000000000029,14.999999999998348,-14.299999999998203,1.40000000000029,15.999999999998238
2022-05-20 20:30:00+00:00,EUR_USD,C1_trend_cont_long,1,ny,1.8999999999991246,44.31580221757114,0.0,0.5999999999994898,-0.0,1.80000000000069,2.2999999999995246,0.5999999999994898,2.100000000000435,2.8999999999990145,0.5999999999994898,,,,,,
2022-05-24 01:15:00+00:00,EUR_USD,C1_trend_cont_long,1,tokyo,1.5999999999993797,47.817098204083045,0.2999999999997449,0.2999999999997449,1.7000000000000348,1.100000000000545,1.80000000000069,1.7000000000000348,-1.40000000000029,2.9999999999996696,1.7000000000000348,0.6000000000017103,2.9999999999996696,4.699999999999704,-6.399999999999739,2.9999999999996696,8.099999999999774
2022-05-24 03:15:00+00:00,EUR_USD,C1_trend_cont_long,1,tokyo,1.5999999999993797,47.817098204083045,-1.0999999999983245,0.0,1.0999999999983245,-3.6999999999998145,0.0,3.6999999999998145,-2.4999999999986144,0.0,3.6999999999998145,-0.700000000000145,0.0,3.6999999999998145,0.10000000000065512,2.300000000001745,3.6999999999998145
2022-05-24 04:45:00+00:00,EUR_USD,C1_trend_cont_long,1,tokyo,1.500000000000945,47.817098204083045,-2.4000000000001798,0.0,2.9999999999996696,-4.999999999999449,0.0,4.999999999999449,-6.599999999998829,0.0,8.500000000000174,-6.699999999999484,0.0,8.500000000000174,-7.299999999998974,0.0,8.500000000000174
2022-05-24 06:15:00+00:00,EUR_USD,C1_trend_cont_long,1,tokyo,1.5999999999993797,45.55873404664851,0.10000000000065512,0.8000000000008001,0.09999999999843467,-0.6999999999979245,0.8000000000008001,1.3999999999980695,-2.3999999999979593,0.8000000000008001,6.099999999999994,2.300000000001745,2.300000000001745,6.099999999999994,51.40000000000144,51.900000000000276,6.099999999999994
2022-05-25 20:00:00+00:00,EUR_USD,C1_trend_cont_long,1,ny,1.80000000000069,43.958732037069865,0.20000000000131024,0.2999999999997449,0.09999999999843467,-2.6999999999999247,0.2999999999997449,2.6999999999999247,-2.2999999999995246,0.2999999999997449,3.1000000000003247,0.8000000000008001,0.8000000000008001,3.1000000000003247,4.8000000000003595,4.8000000000003595,3.1000000000003247
2022-05-26 09:30:00+00:00,EUR_USD,C1_trend_cont_long,1,london,1.4999999999987246,43.67819241971861,3.8000000000004697,3.8000000000004697,1.4999999999987246,4.20000000000087,4.3999999999999595,1.4999999999987246,7.0000000000014495,7.600000000000939,1.4999999999987246,25.999999999999357,25.999999999999357,1.4999999999987246,21.900000000001363,29.600000000000737,1.4999999999987246
2022-05-27 07:15:00+00:00,EUR_USD,C1_trend_cont_long,1,london,1.40000000000029,44.36005420777036,-1.3999999999980695,0.5000000000010552,2.2999999999995246,-6.999999999999229,0.5000000000010552,7.299999999998974,-7.800000000000029,0.5000000000010552,7.800000000000029,-6.299999999999084,0.5000000000010552,7.800000000000029,-12.499999999999734,0.5000000000010552,22.999999999999687
2022-05-27 14:00:00+00:00,EUR_USD,C1_trend_cont_long,1,ny,1.4999999999987246,42.803822250577475,2.4000000000001798,2.4000000000001798,4.299999999999304,7.300000000001194,7.4000000000018495,4.299999999999304,1.6000000000016001,7.4000000000018495,4.299999999999304,-10.899999999998133,7.4000000000018495,12.299999999998423,-34.999999999998366,7.4000000000018495,34.999999999998366
2022-05-27 18:45:00+00:00,EUR_USD,C1_trend_cont_long,1,ny,1.7999999999984695,43.25354923267906,3.2999999999994145,3.2999999999994145,0.8999999999992347,4.500000000000615,4.500000000000615,0.8999999999992347,6.800000000000139,7.900000000000684,0.8999999999992347,6.699999999999484,9.300000000000974,0.8999999999992347,5.5000000000005045,9.300000000000974,0.8999999999992347
2022-05-30 08:15:00+00:00,EUR_USD,C1_trend_cont_long,1,london,1.900000000001345,43.73543857320191,0.6000000000017103,0.6000000000017103,3.1999999999987594,-4.199999999998649,0.9999999999998899,4.3999999999999595,-2.2999999999995246,0.9999999999998899,7.099999999999884,8.60000000000083,9.200000000000319,7.099999999999884,17.000000000000348,22.200000000001108,7.099999999999884
2022-05-30 13:15:00+00:00,EUR_USD,C1_trend_cont_long,1,ny,1.40000000000029,42.00759754526095,2.4000000000001798,2.7999999999983594,0.0,2.7999999999983594,2.7999999999983594,0.0,3.2999999999994145,3.7999999999982492,0.0,3.7999999999982492,6.899999999998574,0.0,14.799999999999258,15.600000000000058,0.0
2022-05-31 00:00:00+00:00,EUR_USD,C1_trend_cont_long,1,tokyo,1.5999999999993797,41.5784834348852,-0.9000000000014552,0.0,2.4000000000001798,1.40000000000029,1.40000000000029,2.4000000000001798,0.40000000000040004,2.100000000000435,2.4000000000001798,-17.80000000000115,2.100000000000435,17.80000000000115,-26.600000000001067,2.100000000000435,27.399999999999647
2022-05-31 19:00:00+00:00,EUR_USD,C1_trend_cont_long,1,ny,1.4999999999987246,43.88605959453747,-1.6000000000016001,0.0,1.6000000000016001,-1.500000000000945,0.3999999999981796,1.6000000000016001,1.4999999999987246,1.4999999999987246,1.6000000000016001,0.2999999999997449,1.4999999999987246,1.6000000000016001,1.40000000000029,5.199999999998539,1.6000000000016001
2022-06-02 13:00:00+00:00,EUR_USD,C1_trend_cont_long,1,ny,1.7000000000000348,42.979369416757514,-3.4000000000000696,0.0,5.60000000000116,-7.299999999998974,0.0,7.299999999998974,-2.4000000000001798,0.0,7.299999999998974,-0.1999999999990898,3.8999999999989043,7.299999999998974,-4.999999999999449,3.8999999999989043,11.700000000001154
2022-06-03 14:00:00+00:00,EUR_USD,C1_trend_cont_long,1,ny,1.80000000000069,42.5303478894375,-3.8000000000004697,0.0,4.100000000000215,-4.900000000001015,1.4999999999987246,4.900000000001015,-5.699999999999594,1.4999999999987246,7.200000000000539,-19.900000000001583,1.4999999999987246,19.900000000001583,-25.000000000001688,1.4999999999987246,28.900000000000592
2022-06-06 00:15:00+00:00,EUR_USD,C1_trend_cont_long,1,tokyo,1.7000000000000348,42.463894468763506,1.4999999999987246,1.4999999999987246,0.5999999999994898,0.4999999999988347,1.5999999999993797,0.5999999999994898,-2.60000000000149,1.5999999999993797,2.60000000000149,-7.600000000000939,1.5999999999993797,7.600000000000939,-8.60000000000083,1.5999999999993797,14.000000000000679
2022-06-06 05:00:00+00:00,EUR_USD,C1_trend_cont_long,1,tokyo,1.8999999999991246,40.77361629242317,2.1999999999988695,2.4000000000001798,0.0,4.999999999999449,6.200000000000649,0.0,5.5000000000005045,6.200000000000649,0.0,0.40000000000040004,6.200000000000649,0.0,-3.5999999999991594,6.200000000000649,3.5999999999991594
2022-06-06 06:45:00+00:00,EUR_USD,C1_trend_cont_long,1,tokyo,1.5999999999993797,40.77361629242317,-3.8999999999989043,0.0,3.8999999999989043,-5.199999999998539,0.0,5.599999999998939,-1.1999999999989797,0.0,5.599999999998939,6.200000000000649,8.20000000000043,5.599999999998939,-1.1999999999989797,8.500000000000174,5.599999999998939
2022-06-08 13:00:00+00:00,EUR_USD,C1_trend_cont_long,1,ny,1.7000000000000348,40.085403596131236,2.6999999999999247,3.1999999999987594,3.20000000000098,8.399999999999519,8.399999999999519,3.20000000000098,11.199999999997878,11.199999999997878,3.20000000000098,6.799999999997919,11.199999999997878,3.20000000000098,10.599999999998388,18.599999999999728,3.20000000000098
2022-06-21 13:00:00+00:00,EUR_USD,C1_trend_cont_long,1,ny,1.5999999999993797,51.001087506902095,3.2999999999994145,3.2999999999994145,0.700000000000145,3.6999999999998145,3.6999999999998145,0.700000000000145,-4.500000000000615,3.6999999999998145,6.300000000001305,-3.60000000000138,3.6999999999998145,6.500000000000394,5.899999999998684,7.599999999998719,6.500000000000394
2022-06-23 05:00:00+00:00,EUR_USD,C1_trend_cont_long,1,tokyo,1.500000000000945,48.07197840452612,-1.9999999999997797,0.0,1.9999999999997797,1.5999999999993797,1.5999999999993797,1.9999999999997797,1.5999999999993797,2.1999999999988695,1.9999999999997797,1.100000000000545,2.1999999999988695,1.9999999999997797,2.4000000000001798,5.5000000000005045,1.9999999999997797
2022-06-23 07:00:00+00:00,EUR_USD,C1_trend_cont_long,1,london,1.500000000000945,48.07197840452612,1.4999999999987246,4.3999999999999595,0.0,2.100000000000435,5.800000000000249,0.0,-23.699999999999832,5.800000000000249,23.699999999999832,-57.40000000000078,5.800000000000249,57.40000000000078,-60.59999999999954,5.800000000000249,70.30000000000092
2022-06-27 05:00:00+00:00,EUR_USD,C1_trend_cont_long,1,tokyo,1.5999999999993797,46.12447620001938,0.20000000000131024,0.5999999999994898,1.100000000000545,0.8000000000008001,0.9000000000014552,1.100000000000545,4.20000000000087,4.20000000000087,1.100000000000545,2.100000000000435,4.8000000000003595,1.100000000000545,-5.699999999999594,4.8000000000003595,6.599999999998829
2022-06-27 12:15:00+00:00,EUR_USD,C1_trend_cont_long,1,ny,1.2999999999996348,45.47272790001802,1.100000000000545,1.100000000000545,3.4000000000000696,-4.999999999999449,1.100000000000545,4.999999999999449,-4.599999999999049,1.100000000000545,4.999999999999449,-8.399999999999519,1.100000000000545,14.899999999999913,13.300000000000534,14.000000000000679,14.899999999999913
2022-06-27 22:15:00+00:00,EUR_USD,C1_trend_cont_long,1,offhours,1.9999999999997797,44.88566844440329,-0.8999999999992347,0.5000000000010552,0.9999999999998899,0.10000000000065512,0.5000000000010552,0.9999999999998899,-2.100000000000435,0.5000000000010552,2.100000000000435,-6.900000000000794,0.5000000000010552,7.299999999998974,-5.699999999999594,0.5000000000010552,7.299999999998974
2022-06-28 00:30:00+00:00,EUR_USD,C1_trend_cont_long,1,tokyo,1.4999999999987246,44.88566844440329,0.1999999999990898,0.5999999999994898,-0.0,-4.500000000000615,0.5999999999994898,4.500000000000615,-5.399999999999849,0.5999999999994898,5.399999999999849,-4.8000000000003595,0.5999999999994898,11.400000000001409,-3.20000000000098,3.1000000000003247,11.400000000001409
2022-06-28 03:45:00+00:00,EUR_USD,C1_trend_cont_long,1,tokyo,1.5999999999993797,44.88566844440329,4.00000000000178,4.00000000000178,0.0,3.4000000000000696,4.699999999999704,0.0,1.500000000000945,4.699999999999704,0.0,1.40000000000029,4.699999999999704,0.5999999999994898,-4.3999999999999595,4.699999999999704,4.3999999999999595
2022-06-28 06:15:00+00:00,EUR_USD,C1_trend_cont_long,1,tokyo,1.80000000000069,43.536692126945866,2.4999999999986144,2.4999999999986144,0.20000000000131024,-0.20000000000131024,2.7999999999983594,0.20000000000131024,13.999999999998458,14.399999999998858,0.8000000000008001,17.399999999998528,23.400000000000087,0.8000000000008001,2.4999999999986144,23.400000000000087,0.8000000000008001
2022-06-28 08:30:00+00:00,EUR_USD,C1_trend_cont_long,1,london,1.40000000000029,43.536692126945866,3.6999999999998145,3.6999999999998145,0.0,8.099999999999774,8.099999999999774,0.0,6.900000000000794,8.099999999999774,0.0,4.500000000000615,8.099999999999774,1.500000000000945,-2.9999999999996696,8.60000000000083,4.599999999999049
2022-06-28 11:30:00+00:00,EUR_USD,C1_trend_cont_long,1,london,1.5999999999993797,42.98407126073539,-2.4000000000001798,0.700000000000145,3.4000000000000696,-4.3999999999999595,0.700000000000145,6.40000000000196,-4.8000000000003595,0.700000000000145,6.40000000000196,-11.400000000001409,0.700000000000145,14.000000000000679,-25.800000000000267,0.700000000000145,31.600000000000517
2022-07-19 09:00:00+00:00,EUR_USD,C1_trend_cont_long,1,london,1.500000000000945,61.35230559100863,-2.1999999999988695,3.4000000000000696,2.1999999999988695,-9.799999999999809,3.4000000000000696,9.799999999999809,-8.999999999999009,3.4000000000000696,9.799999999999809,-7.399999999999629,3.4000000000000696,12.399999999999078,10.699999999999044,20.999999999999908,12.399999999999078
2022-07-19 20:15:00+00:00,EUR_USD,C1_trend_cont_long,1,ny,1.80000000000069,58.74969206571662,-0.700000000000145,0.2999999999997449,0.700000000000145,-0.8000000000008001,0.2999999999997449,1.900000000001345,-0.700000000000145,0.2999999999997449,1.900000000001345,0.9999999999998899,1.5999999999993797,1.900000000001345,2.6999999999999247,5.499999999998284,1.900000000001345
2022-07-20 07:00:00+00:00,EUR_USD,C1_trend_cont_long,1,london,1.7000000000000348,55.76757120387975,2.60000000000149,7.4000000000018495,0.0,-1.1999999999989797,7.4000000000018495,2.5999999999992696,10.300000000000864,10.300000000000864,2.5999999999992696,12.800000000001699,19.400000000000528,2.5999999999992696,-28.199999999998226,19.400000000000528,28.399999999999537
2022-07-20 09:15:00+00:00,EUR_USD,C1_trend_cont_long,1,london,1.5999999999993797,55.655601832174035,5.699999999999594,6.6000000000010495,0.1999999999990898,-4.299999999999304,6.6000000000010495,4.299999999999304,0.5000000000010552,6.6000000000010495,4.299999999999304,5.9000000000009045,6.900000000000794,4.299999999999304,-2.4000000000001798,8.300000000001084,4.299999999999304
2022-07-20 13:15:00+00:00,EUR_USD,C1_trend_cont_long,1,ny,1.6000000000016001,57.36591598701888,8.399999999999519,8.399999999999519,0.0,9.600000000000719,9.600000000000719,0.0,6.099999999999994,9.600000000000719,0.2999999999997449,-0.700000000000145,12.399999999999078,1.9999999999997797,-5.299999999999194,12.399999999999078,10.499999999999954
2022-07-21 03:00:00+00:00,EUR_USD,C1_trend_cont_long,1,tokyo,1.500000000000945,57.17549341651759,2.80000000000058,2.80000000000058,1.5999999999993797,0.40000000000040004,3.9999999999995595,1.5999999999993797,1.80000000000069,3.9999999999995595,1.5999999999993797,-0.8000000000008001,3.9999999999995595,1.5999999999993797,0.1999999999990898,3.9999999999995595,4.3999999999999595
2022-07-21 07:45:00+00:00,EUR_USD,C1_trend_cont_long,1,london,1.40000000000029,56.227243886766416,-11.499999999999844,0.0,11.499999999999844,-6.399999999999739,0.0,13.300000000000534,-11.300000000000754,0.0,13.300000000000534,-24.900000000001032,0.0,31.70000000000117,-28.900000000000592,0.0,32.600000000000406
2022-07-21 13:00:00+00:00,EUR_USD,C1_trend_cont_long,1,ny,1.7000000000000348,60.46838886154856,-6.599999999998829,2.000000000002,11.099999999999444,-61.19999999999903,2.000000000002,61.19999999999903,-67.39999999999968,2.000000000002,69.59999999999854,-94.19999999999983,2.000000000002,107.9999999999992,-58.99999999999794,2.000000000002,107.9999999999992
2022-07-21 14:00:00+00:00,EUR_USD,C1_trend_cont_long,1,ny,1.7000000000000348,60.46838886154856,-7.800000000000029,0.0,10.80000000000192,-17.900000000001803,0.0,17.900000000001803,-28.800000000002157,0.0,31.600000000000517,-37.80000000000116,0.0,39.80000000000094,-21.000000000002128,0.0,40.200000000001346
2022-07-21 16:00:00+00:00,EUR_USD,C1_trend_cont_long,1,ny,1.6000000000016001,60.46838886154856,1.2999999999996348,1.2999999999996348,4.500000000000615,-9.200000000000319,1.2999999999996348,9.200000000000319,-6.999999999999229,1.2999999999996348,11.399999999999189,-4.100000000000215,1.2999999999996348,13.499999999999623,-12.700000000001044,1.2999999999996348,19.899999999999363
2022-07-25 05:00:00+00:00,EUR_USD,C1_trend_cont_long,1,tokyo,1.9999999999997797,63.02399447620952,-1.100000000000545,0.0,1.9999999999997797,-4.3999999999999595,0.0,4.899999999998794,-7.999999999999119,0.0,7.999999999999119,-6.099999999999994,0.0,7.999999999999119,-4.299999999999304,0.0,8.900000000000574
2022-07-25 09:00:00+00:00,EUR_USD,C1_trend_cont_long,1,london,1.5999999999993797,62.079423442194546,10.799999999999699,10.799999999999699,0.0,26.299999999999102,26.299999999999102,0.0,23.400000000000087,28.399999999999537,0.0,19.799999999998708,28.399999999999537,0.0,18.700000000000383,28.399999999999537,0.0
2022-07-25 17:00:00+00:00,EUR_USD,C1_trend_cont_long,1,ny,1.6000000000016001,60.07817633536158,2.2999999999995246,2.5999999999992696,0.2999999999997449,6.399999999999739,6.699999999999484,0.2999999999997449,3.900000000001125,6.699999999999484,0.2999999999997449,1.5999999999993797,6.699999999999484,0.2999999999997449,-2.8999999999990145,6.699999999999484,8.099999999999774
2022-07-25 18:15:00+00:00,EUR_USD,C1_trend_cont_long,1,ny,1.7000000000000348,60.07817633536158,0.8000000000008001,0.8000000000008001,0.0,0.5999999999994898,0.9999999999998899,2.100000000000435,-0.40000000000040004,0.9999999999998899,2.100000000000435,2.4000000000001798,2.4000000000001798,2.100000000000435,-0.1999999999990898,2.4000000000001798,4.3999999999999595
2022-07-25 19:15:00+00:00,EUR_USD,C1_trend_cont_long,1,ny,1.4999999999987246,60.07817633536158,-0.8000000000008001,0.1999999999990898,0.8000000000008001,0.2999999999997449,0.2999999999997449,1.80000000000069,1.1999999999989797,1.1999999999989797,1.80000000000069,-2.700000000002145,1.5999999999993797,3.4000000000000696,1.5999999999993797,2.5999999999992696,3.4000000000000696
2022-07-25 22:45:00+00:00,EUR_USD,C1_trend_cont_long,1,offhours,1.80000000000069,60.07817633536158,-0.20000000000131024,0.0,0.20000000000131024,-2.6999999999999247,0.0,2.6999999999999247,-2.4000000000001798,0.0,3.1000000000003247,-2.5999999999992696,0.0,3.1000000000003247,-1.80000000000069,0.0,5.999999999999339
2022-07-26 00:00:00+00:00,EUR_USD,C1_trend_cont_long,1,tokyo,1.8999999999991246,60.07817633536158,-0.9999999999998899,0.0,2.000000000002,-0.8000000000008001,0.0,2.000000000002,-2.20000000000109,0.0,2.20000000000109,2.4999999999986144,2.4999999999986144,2.20000000000109,3.2999999999994145,7.699999999999374,2.20000000000109
2022-07-26 06:45:00+00:00,EUR_USD,C1_trend_cont_long,1,tokyo,1.6000000000016001,57.84402088283576,-1.100000000000545,1.1999999999989797,1.100000000000545,-8.900000000000574,1.1999999999989797,8.900000000000574,-16.899999999999693,1.1999999999989797,16.899999999999693,-4.699999999999704,1.1999999999989797,16.899999999999693,-6.099999999999994,6.099999999999994,16.899999999999693
2022-07-29 09:00:00+00:00,EUR_USD,C1_trend_cont_long,1,london,1.5999999999993797,58.73570561683328,-5.60000000000116,4.199999999998649,7.800000000000029,-2.60000000000149,4.199999999998649,7.800000000000029,-14.300000000000423,4.199999999998649,14.300000000000423,-23.999999999999577,4.199999999998649,32.40000000000131,-24.200000000000887,4.199999999998649,37.00000000000036
2022-07-29 10:15:00+00:00,EUR_USD,C1_trend_cont_long,1,london,1.5999999999993797,58.73570561683328,-0.8999999999992347,1.80000000000069,1.5999999999993797,-0.5999999999994898,2.100000000000435,3.4999999999985043,-1.80000000000069,2.100000000000435,6.299999999999084,17.400000000000748,18.299999999999983,6.299999999999084,2.100000000000435,30.09999999999957,6.299999999999084
2022-07-29 17:15:00+00:00,EUR_USD,C1_trend_cont_long,1,ny,1.4999999999987246,60.16599106757583,0.3999999999981796,3.9999999999995595,0.0,0.7999999999985796,3.9999999999995595,0.0,-2.80000000000058,3.9999999999995595,2.80000000000058,12.299999999998423,12.299999999998423,2.80000000000058,10.999999999998789,15.399999999998748,2.80000000000058
2022-08-01 06:15:00+00:00,EUR_USD,C1_trend_cont_long,1,tokyo,1.80000000000069,59.03270599132038,-2.6999999999999247,1.8999999999991246,2.6999999999999247,-4.300000000001525,1.8999999999991246,7.500000000000284,-3.4000000000000696,1.8999999999991246,7.500000000000284,7.699999999999374,7.699999999999374,7.500000000000284,9.500000000000064,17.899999999999583,7.500000000000284
2022-08-01 12:45:00+00:00,EUR_USD,C1_trend_cont_long,1,ny,1.5999999999993797,58.716084134797505,4.00000000000178,4.00000000000178,-0.0,-3.9999999999995595,4.00000000000178,6.999999999999229,-1.5999999999993797,4.00000000000178,6.999999999999229,23.400000000000087,23.400000000000087,6.999999999999229,15.500000000001624,26.000000000001577,6.999999999999229
2022-08-01 19:00:00+00:00,EUR_USD,C1_trend_cont_long,1,ny,1.3999999999980695,57.09805213663659,-0.9999999999998899,2.80000000000058,1.9999999999997797,-0.1999999999990898,2.80000000000058,1.9999999999997797,6.00000000000156,6.00000000000156,1.9999999999997797,2.20000000000109,6.00000000000156,1.9999999999997797,4.500000000000615,7.4000000000018495,1.9999999999997797
2022-08-04 17:00:00+00:00,EUR_USD,C1_trend_cont_long,1,ny,1.7000000000000348,51.1843118406773,-1.40000000000029,1.2000000000012,1.40000000000029,-0.9999999999998899,1.6000000000016001,1.40000000000029,-2.7999999999983594,1.6000000000016001,2.7999999999983594,0.9999999999998899,1.6000000000016001,4.999999999999449,0.8000000000008001,6.800000000000139,4.999999999999449
2022-08-05 05:45:00+00:00,EUR_USD,C1_trend_cont_long,1,tokyo,1.6000000000016001,48.249718137771744,0.40000000000040004,2.500000000000835,0.0,-3.5999999999991594,2.500000000000835,3.5999999999991594,-3.4000000000000696,2.500000000000835,5.599999999998939,-9.200000000000319,2.500000000000835,9.200000000000319,-6.999999999999229,2.500000000000835,11.099999999999444
2022-08-05 07:00:00+00:00,EUR_USD,C1_trend_cont_long,1,london,1.4999999999987246,48.249718137771744,-1.7000000000000348,0.0,2.1999999999988695,-3.4999999999985043,1.40000000000029,3.4999999999985043,-0.5999999999994898,1.40000000000029,3.4999999999985043,-0.6999999999979245,1.40000000000029,6.299999999999084,-4.799999999998139,2.700000000002145,8.899999999998354
2022-08-05 10:30:00+00:00,EUR_USD,C1_trend_cont_long,1,london,1.500000000000945,46.29616684221657,-3.5999999999991594,0.0,4.100000000000215,-6.6000000000010495,0.0,6.6000000000010495,-3.8000000000004697,0.0,6.6000000000010495,-0.8999999999992347,0.4999999999988347,7.200000000000539,0.700000000000145,2.500000000000835,7.200000000000539
2022-08-09 09:00:00+00:00,EUR_USD,C1_trend_cont_long,1,london,1.5999999999993797,42.60088716672088,0.0,0.9999999999998899,1.5999999999993797,0.9999999999998899,2.20000000000109,1.5999999999993797,3.5000000000007248,4.00000000000178,1.5999999999993797,-4.199999999998649,4.00000000000178,5.1000000000001044,-4.199999999998649,4.00000000000178,10.399999999999299
2022-08-10 01:45:00+00:00,EUR_USD,C1_trend_cont_long,1,tokyo,1.500000000000945,41.00178536314201,-0.40000000000040004,1.9999999999997797,0.40000000000040004,-2.60000000000149,1.9999999999997797,2.60000000000149,-2.80000000000058,1.9999999999997797,2.80000000000058,-0.40000000000040004,1.9999999999997797,2.80000000000058,2.4999999999986144,2.5999999999992696,2.80000000000058
2022-08-10 04:00:00+00:00,EUR_USD,C1_trend_cont_long,1,tokyo,1.5999999999993797,41.00178536314201,-0.10000000000065512,0.4999999999988347,0.10000000000065512,-0.2999999999997449,0.4999999999988347,0.9000000000014552,-1.500000000000945,0.4999999999988347,1.500000000000945,-0.5000000000010552,0.4999999999988347,2.100000000000435,-0.10000000000065512,2.2999999999995246,2.100000000000435
2022-08-11 06:30:00+00:00,EUR_USD,C1_trend_cont_long,1,tokyo,1.500000000000945,45.70237938960903,-2.6999999999999247,0.0,2.6999999999999247,-2.4999999999986144,0.0,3.2999999999994145,-2.4000000000001798,0.0,5.899999999998684,16.599999999999948,16.599999999999948,5.899999999998684,23.600000000001398,26.300000000001322,5.899999999998684
2022-08-11 20:30:00+00:00,EUR_USD,C1_trend_cont_long,1,ny,1.80000000000069,45.52712373140345,0.700000000000145,0.700000000000145,0.0,-0.5000000000010552,0.8999999999992347,0.5000000000010552,-1.7000000000000348,0.8999999999992347,2.100000000000435,-4.500000000000615,0.8999999999992347,4.500000000000615,-2.500000000000835,0.8999999999992347,5.300000000001415
2022-08-11 22:15:00+00:00,EUR_USD,C1_trend_cont_long,1,offhours,1.7000000000000348,45.52712373140345,-0.9999999999998899,0.0,1.100000000000545,0.0,0.0,1.100000000000545,-1.100000000000545,0.0,1.2000000000012,-5.00000000000167,0.0,5.00000000000167,-7.099999999999884,0.0,7.200000000000539
2022-08-12 04:30:00+00:00,EUR_USD,C1_trend_cont_long,1,tokyo,1.6000000000016001,45.52712373140345,-0.5000000000010552,0.10000000000065512,2.2999999999995246,-2.2999999999995246,0.10000000000065512,2.2999999999995246,-4.500000000000615,0.10000000000065512,5.699999999999594,-3.5000000000007248,0.10000000000065512,5.699999999999594,-1.500000000000945,1.9999999999997797,6.099999999999994
2022-08-12 05:30:00+00:00,EUR_USD,C1_trend_cont_long,1,tokyo,1.4999999999987246,44.06090060773174,4.60000000000127,4.60000000000127,0.0,3.20000000000098,5.5000000000005045,0.0,3.4000000000000696,5.5000000000005045,0.0,-1.7999999999984695,5.5000000000005045,3.4999999999985043,-6.699999999999484,5.5000000000005045,6.699999999999484
2022-09-08 13:00:00+00:00,EUR_USD,C1_trend_cont_long,1,ny,1.5999999999993797,48.786815254828106,-33.90000000000004,2.300000000000635,33.90000000000004,-53.900000000000055,2.300000000000635,53.900000000000055,-57.899999999999615,2.300000000000635,61.90000000000028,-42.099999999999355,2.300000000000635,63.09999999999926,-39.500000000000085,2.300000000000635,63.09999999999926
2022-09-09 05:00:00+00:00,EUR_USD,C1_trend_cont_long,1,tokyo,1.6000000000016001,55.03914172482626,-2.2999999999995246,0.0,2.2999999999995246,-2.2999999999995246,0.0,2.6999999999999247,-4.699999999999704,0.0,4.699999999999704,-6.699999999999484,0.0,8.20000000000043,-7.999999999999119,0.0,10.700000000001264
2022-09-09 17:00:00+00:00,EUR_USD,C1_trend_cont_long,1,ny,1.500000000000945,54.45386092180875,-0.1999999999990898,0.9999999999998899,1.7999999999984695,-4.199999999998649,0.9999999999998899,4.199999999998649,-5.199999999998539,0.9999999999998899,5.199999999998539,-5.399999999999849,0.9999999999998899,5.999999999999339,-10.599999999998388,0.9999999999998899,11.200000000000099
2022-09-11 21:30:00+00:00,EUR_USD,C1_trend_cont_long,1,offhours,6.399999999999739,54.45386092180875,-1.0999999999983245,0.0,1.0999999999983245,-1.2999999999996348,0.700000000000145,1.2999999999996348,-0.1999999999990898,0.9000000000014552,1.2999999999996348,4.300000000001525,4.300000000001525,1.2999999999996348,-21.199999999998997,4.300000000001525,27.69999999999939
2022-09-12 14:15:00+00:00,EUR_USD,C1_trend_cont_long,1,ny,1.40000000000029,58.54028150335783,-3.6999999999998145,0.0,3.6999999999998145,-1.9999999999997797,0.0,6.399999999999739,-10.799999999999699,0.0,10.799999999999699,-14.600000000000168,0.0,16.399999999998638,-2.4000000000001798,0.0,16.399999999998638
2022-09-12 16:15:00+00:00,EUR_USD,C1_trend_cont_long,1,ny,1.500000000000945,58.54028150335783,-5.399999999999849,1.7000000000000348,5.399999999999849,-3.20000000000098,1.7000000000000348,5.60000000000116,-2.5999999999992696,1.7000000000000348,5.60000000000116,2.80000000000058,3.5999999999991594,5.60000000000116,3.5999999999991594,11.600000000000499,5.60000000000116
2022-09-12 23:30:00+00:00,EUR_USD,C1_trend_cont_long,1,offhours,1.5999999999993797,57.21597568168942,0.9000000000014552,1.100000000000545,0.0,0.2999999999997449,1.100000000000545,0.0,3.5000000000007248,3.5000000000007248,0.0,2.500000000000835,4.500000000000615,0.0,9.099999999999664,19.500000000001183,0.7999999999985796
2022-09-13 01:45:00+00:00,EUR_USD,C1_trend_cont_long,1,tokyo,1.500000000000945,57.21597568168942,0.9999999999998899,0.9999999999998899,1.2999999999996348,1.5999999999993797,3.1999999999987594,1.2999999999996348,1.40000000000029,3.1999999999987594,1.2999999999996348,-2.4000000000001798,3.1999999999987594,3.1000000000003247,-0.20000000000131024,3.1999999999987594,7.600000000000939
2022-09-13 04:00:00+00:00,EUR_USD,C1_trend_cont_long,1,tokyo,1.2999999999996348,57.21597568168942,-1.1999999999989797,0.0,1.7999999999984695,0.0,0.0,1.7999999999984695,-0.5999999999994898,0.0,1.7999999999984695,-1.1999999999989797,0.0,1.7999999999984695,-0.7999999999985796,0.0,8.999999999999009
2022-09-13 05:00:00+00:00,EUR_USD,C1_trend_cont_long,1,tokyo,1.5999999999993797,54.84340599014015,-1.500000000000945,0.9999999999998899,1.500000000000945,0.1999999999990898,0.9999999999998899,1.500000000000945,6.200000000000649,6.200000000000649,1.500000000000945,9.799999999999809,10.299999999998644,1.500000000000945,10.200000000000209,10.299999999998644,1.500000000000945
2022-09-13 07:30:00+00:00,EUR_USD,C1_trend_cont_long,1,london,1.6000000000016001,54.84340599014015,-4.999999999999449,0.0,4.999999999999449,-2.500000000000835,0.0,4.999999999999449,-4.699999999999704,0.0,6.800000000000139,-0.1999999999990898,0.0,6.800000000000139,-9.200000000000319,0.2999999999997449,13.799999999999368
2022-10-04 05:00:00+00:00,EUR_USD,C1_trend_cont_long,1,tokyo,1.7999999999995797,65.11159491435436,1.7000000000000348,2.1999999999999797,2.4000000000001798,1.80000000000069,3.1999999999998696,2.4000000000001798,3.1999999999998696,3.4000000000000696,2.4000000000001798,-5.600000000000049,3.8000000000004697,5.600000000000049,5.600000000000049,11.700000000000044,8.599999999999719
2022-10-05 05:00:00+00:00,EUR_USD,C1_trend_cont_long,1,tokyo,1.60000000000049,65.25954452178452,4.100000000000215,4.100000000000215,0.0,6.099999999999994,8.00000000000023,0.0,6.900000000000794,10.200000000000209,0.0,4.00000000000067,10.200000000000209,0.0,0.10000000000065512,10.200000000000209,4.499999999999504
2022-10-05 06:30:00+00:00,EUR_USD,C1_trend_cont_long,1,tokyo,1.4999999999998348,65.25954452178452,3.5999999999991594,3.5999999999991594,0.0,12.999999999999678,13.099999999999223,0.0,18.000000000000238,18.000000000000238,0.0,-0.9999999999998899,18.000000000000238,0.9999999999998899,-18.799999999999926,18.000000000000238,29.000000000000135
2022-10-06 00:00:00+00:00,EUR_USD,C1_trend_cont_long,1,tokyo,1.7000000000000348,66.35438021660366,1.2000000000000899,2.100000000000435,1.40000000000029,4.1999999999997595,4.1999999999997595,1.40000000000029,6.399999999999739,8.700000000000374,1.40000000000029,10.200000000000209,13.600000000000279,1.40000000000029,3.1999999999998696,13.800000000000479,1.40000000000029
2022-10-06 08:00:00+00:00,EUR_USD,C1_trend_cont_long,1,london,1.4999999999998348,66.14335305827484,-0.8000000000008001,0.1999999999990898,3.00000000000078,-5.0000000000005596,0.1999999999990898,5.0000000000005596,-9.000000000000119,0.1999999999990898,11.700000000000044,-28.000000000000245,0.1999999999990898,28.500000000000192,-21.400000000000308,0.1999999999990898,33.800000000000495
2022-10-17 17:00:00+00:00,EUR_USD,C1_trend_cont_long,1,ny,1.60000000000049,61.32032232433981,1.000000000001,1.000000000001,1.9999999999997797,-0.1999999999990898,4.00000000000067,1.9999999999997797,4.00000000000067,4.00000000000067,1.9999999999997797,3.4000000000000696,9.600000000000719,1.9999999999997797,3.7000000000009248,9.600000000000719,1.9999999999997797
2022-10-18 09:15:00+00:00,EUR_USD,C1_trend_cont_long,1,london,1.40000000000029,59.252726902109266,-7.599999999999829,3.8000000000004697,7.599999999999829,-5.299999999999194,3.8000000000004697,9.299999999999864,5.0000000000005596,5.0000000000005596,9.299999999999864,-10.399999999999299,5.0000000000005596,10.499999999999954,-6.599999999999939,5.0000000000005596,13.799999999999368
2022-10-18 12:30:00+00:00,EUR_USD,C1_trend_cont_long,1,ny,1.40000000000029,59.252726902109266,3.0999999999992145,3.9000000000000146,0.0,9.799999999999809,9.799999999999809,0.0,8.799999999999919,11.499999999999844,0.0,8.500000000000174,11.499999999999844,0.0,23.49999999999963,23.49999999999963,0.0
2022-10-18 15:00:00+00:00,EUR_USD,C1_trend_cont_long,1,ny,1.300000000000745,58.25610355195855,2.100000000000435,2.100000000000435,2.9999999999996696,-1.40000000000029,2.100000000000435,3.6000000000002697,-14.899999999999913,2.100000000000435,14.899999999999913,-19.899999999999363,2.100000000000435,23.49999999999963,-5.999999999999339,2.100000000000435,23.49999999999963
2022-10-18 16:00:00+00:00,EUR_USD,C1_trend_cont_long,1,ny,1.4999999999998348,58.25610355195855,-1.60000000000049,0.7999999999996898,1.60000000000049,8.999999999999009,8.999999999999009,1.60000000000049,3.5999999999991594,8.999999999999009,1.60000000000049,6.199999999999539,8.999999999999009,1.60000000000049,12.799999999999478,19.199999999999218,1.60000000000049
2022-10-20 13:00:00+00:00,EUR_USD,C1_trend_cont_long,1,ny,1.40000000000029,50.92132658604676,-2.4999999999997247,0.0,3.6999999999998145,-2.4999999999997247,0.49999999999994493,3.6999999999998145,-0.900000000000345,0.9999999999998899,3.6999999999998145,-8.299999999999974,2.1999999999999797,10.600000000000609,-14.300000000000423,2.1999999999999797,20.200000000000216
2022-10-20 15:00:00+00:00,EUR_USD,C1_trend_cont_long,1,ny,1.4999999999998348,50.92132658604676,-3.7000000000009248,0.0,4.300000000000415,-7.200000000000539,0.0,7.900000000000684,-13.600000000000279,0.0,13.600000000000279,-16.800000000000146,0.0,19.600000000000726,-27.200000000000557,0.0,27.200000000000557
2022-10-24 05:00:00+00:00,EUR_USD,C1_trend_cont_long,1,tokyo,1.7000000000000348,54.65455064660965,0.7999999999996898,1.40000000000029,0.9999999999998899,-3.6999999999998145,1.40000000000029,3.6999999999998145,-3.6000000000002697,1.40000000000029,6.599999999999939,-6.599999999999939,1.40000000000029,6.599999999999939,-1.60000000000049,1.40000000000029,6.599999999999939
2022-10-24 12:00:00+00:00,EUR_USD,C1_trend_cont_long,1,ny,1.7999999999995797,53.98636845756613,6.500000000000394,6.500000000000394,2.7999999999994696,19.200000000000326,19.200000000000326,2.7999999999994696,16.300000000000203,23.699999999999832,2.7999999999994696,2.6999999999999247,23.699999999999832,2.7999999999994696,2.4000000000001798,23.699999999999832,2.7999999999994696
2022-10-24 13:30:00+00:00,EUR_USD,C1_trend_cont_long,1,ny,1.60000000000049,53.758770710597105,1.9999999999997797,2.9000000000001247,0.0,5.0000000000005596,7.500000000000284,0.0,19.299999999999873,19.299999999999873,0.0,37.500000000000306,54.89999999999995,0.0,34.10000000000024,54.89999999999995,0.0
2022-10-25 09:45:00+00:00,EUR_USD,C1_trend_cont_long,1,london,1.5999999999993797,50.965531797077894,-3.4999999999996145,0.0,5.5000000000005045,-3.9000000000000146,0.0,8.099999999999774,-7.200000000000539,0.0,8.700000000000374,-4.899999999999904,0.0,8.700000000000374,-13.499999999999623,0.0,14.100000000000223
2022-10-25 13:00:00+00:00,EUR_USD,C1_trend_cont_long,1,ny,1.7000000000000348,49.23942238300092,1.9000000000002348,1.9000000000002348,3.1999999999998696,12.199999999999989,12.199999999999989,3.1999999999998696,27.200000000000557,27.200000000000557,3.1999999999998696,59.40000000000056,59.40000000000056,3.1999999999998696,89.59999999999968,90.99999999999997,3.1999999999998696
2022-10-27 03:00:00+00:00,EUR_USD,C1_trend_cont_long,1,tokyo,1.500000000000945,55.46936424341717,-1.1999999999989797,0.0,1.9999999999997797,0.0,2.4000000000001798,1.9999999999997797,2.5999999999992696,2.5999999999992696,1.9999999999997797,-1.100000000000545,2.80000000000058,1.9999999999997797,0.40000000000040004,3.4000000000000696,1.9999999999997797
2022-10-27 05:00:00+00:00,EUR_USD,C1_trend_cont_long,1,tokyo,1.80000000000069,53.107266797458806,-0.09999999999843467,2.4000000000001798,0.09999999999843467,0.20000000000131024,2.4000000000001798,0.7999999999985796,4.20000000000087,5.00000000000167,0.7999999999985796,3.1000000000003247,8.00000000000134,0.7999999999985796,5.60000000000116,12.000000000000899,0.7999999999985796
2022-10-27 07:45:00+00:00,EUR_USD,C1_trend_cont_long,1,london,1.40000000000029,53.107266797458806,0.7999999999985796,0.7999999999985796,4.300000000001525,-3.5000000000007248,0.7999999999985796,4.300000000001525,1.2999999999996348,2.8999999999990145,4.300000000001525,5.299999999999194,5.299999999999194,5.399999999999849,-2.6999999999999247,12.499999999999734,5.399999999999849
2022-11-01 12:00:00+00:00,EUR_USD,C1_trend_cont_long,1,ny,1.7000000000000348,48.50599732990284,1.2000000000000899,5.800000000000249,0.0,0.9999999999998899,5.800000000000249,0.5999999999994898,5.800000000000249,5.800000000000249,0.5999999999994898,6.599999999999939,7.000000000000339,0.5999999999994898,2.6999999999999247,9.500000000000064,2.9999999999996696
2022-11-07 06:00:00+00:00,EUR_USD,C1_trend_cont_long,1,tokyo,1.7000000000000348,54.79820586324642,0.0,1.2000000000000899,0.5999999999994898,-2.1999999999999797,1.2000000000000899,2.7999999999994696,2.60000000000038,2.60000000000038,2.7999999999994696,0.49999999999994493,2.80000000000058,3.1999999999998696,1.2000000000000899,2.80000000000058,4.3999999999999595
2022-11-08 03:15:00+00:00,EUR_USD,C1_trend_cont_long,1,tokyo,1.500000000000945,54.39251395100313,1.5999999999993797,1.5999999999993797,0.0,0.9999999999998899,1.80000000000069,0.0,0.5999999999994898,1.80000000000069,0.0,2.20000000000109,3.9999999999995595,0.0,2.4000000000001798,3.9999999999995595,0.0
2022-11-08 10:00:00+00:00,EUR_USD,C1_trend_cont_long,1,london,1.2999999999996348,51.22925947816078,-0.9999999999998899,0.700000000000145,1.9999999999997797,0.5999999999994898,1.2000000000012,1.9999999999997797,-0.5999999999994898,1.2000000000012,2.4000000000001798,-4.799999999999249,1.2000000000012,8.599999999999719,-9.000000000000119,1.2000000000012,9.000000000000119
2022-11-08 13:45:00+00:00,EUR_USD,C1_trend_cont_long,1,ny,1.4999999999987246,51.22925947816078,-0.20000000000131024,2.8999999999990145,0.20000000000131024,1.4999999999987246,2.8999999999990145,0.20000000000131024,-1.300000000000745,2.8999999999990145,1.300000000000745,1.9999999999997797,2.8999999999990145,1.60000000000049,0.7999999999985796,11.299999999998533,1.60000000000049
2022-11-09 07:15:00+00:00,EUR_USD,C1_trend_cont_long,1,london,1.7000000000000348,50.680059429125045,0.5999999999994898,3.1999999999987594,0.0,-2.000000000002,3.1999999999987594,3.00000000000189,0.7999999999985796,3.1999999999987594,3.60000000000138,-4.00000000000178,3.1999999999987594,6.6000000000010495,8.399999999999519,12.799999999999478,6.6000000000010495
2022-11-09 09:45:00+00:00,EUR_USD,C1_trend_cont_long,1,london,1.40000000000029,50.680059429125045,-4.899999999998794,0.0,8.500000000000174,-6.999999999999229,0.0,8.500000000000174,-18.899999999999473,0.0,25.699999999999612,-18.199999999999328,0.0,25.699999999999612,-22.499999999998632,0.0,28.29999999999888
2022-11-09 15:15:00+00:00,EUR_USD,C1_trend_cont_long,1,ny,1.500000000000945,49.66801042613334,-3.4000000000000696,0.7999999999985796,6.6000000000010495,-3.4000000000000696,0.7999999999985796,6.6000000000010495,-18.400000000000638,0.7999999999985796,21.200000000001218,-38.000000000000256,0.7999999999985796,44.99999999999948,-12.000000000000899,0.7999999999985796,44.99999999999948
2022-11-10 04:00:00+00:00,EUR_USD,C1_trend_cont_long,1,tokyo,1.4999999999987246,51.5202953956951,0.6000000000017103,0.9000000000014552,0.9999999999998899,1.6000000000016001,1.80000000000069,0.9999999999998899,1.3000000000018552,1.80000000000069,0.9999999999998899,-1.9999999999997797,1.80000000000069,2.9999999999996696,1.6000000000016001,1.80000000000069,2.9999999999996696
2022-11-10 15:00:00+00:00,EUR_USD,C1_trend_cont_long,1,ny,1.500000000000945,64.57459511091186,-11.200000000000099,4.999999999999449,11.200000000000099,3.8000000000004697,9.399999999999409,11.200000000000099,-11.000000000001009,9.399999999999409,17.20000000000166,1.7000000000000348,9.900000000000464,17.899999999999583,12.600000000000389,19.199999999999218,17.899999999999583
2022-11-14 03:00:00+00:00,EUR_USD,C1_trend_cont_long,1,tokyo,1.6000000000016001,67.56775328456118,0.1999999999990898,0.8000000000008001,1.80000000000069,-3.1000000000003247,1.100000000000545,3.1000000000003247,2.1999999999988695,2.1999999999988695,3.1000000000003247,4.500000000000615,5.699999999999594,3.1000000000003247,-0.5000000000010552,7.600000000000939,3.20000000000098
2022-11-14 07:00:00+00:00,EUR_USD,C1_trend_cont_long,1,london,1.500000000000945,65.89862804994974,-6.6000000000010495,0.0,6.6000000000010495,-8.60000000000083,0.0,9.700000000001374,-11.800000000001809,0.0,11.800000000001809,-8.099999999999774,0.0,11.800000000001809,2.5999999999992696,2.5999999999992696,13.700000000000934
2022-11-14 09:45:00+00:00,EUR_USD,C1_trend_cont_long,1,london,1.2999999999996348,65.89862804994974,-8.20000000000043,0.3999999999981796,8.20000000000043,-6.6000000000010495,1.2999999999996348,8.20000000000043,-7.099999999999884,1.2999999999996348,13.800000000001589,-31.200000000000117,1.2999999999996348,31.30000000000077,-32.10000000000157,1.2999999999996348,33.70000000000095
2022-11-14 13:00:00+00:00,EUR_USD,C1_trend_cont_long,1,ny,1.7000000000000348,64.79158318923899,5.00000000000167,5.00000000000167,3.4999999999985043,-2.2999999999995246,5.00000000000167,4.699999999999704,0.20000000000131024,5.00000000000167,4.699999999999704,-3.1999999999987594,6.200000000000649,4.699999999999704,-5.899999999998684,6.200000000000649,10.900000000000354
2022-11-14 15:00:00+00:00,EUR_USD,C1_trend_cont_long,1,ny,1.5999999999993797,64.77789867572186,-5.1000000000001044,0.0,5.1000000000001044,-0.2999999999997449,0.0,5.9000000000009045,7.699999999999374,7.699999999999374,5.9000000000009045,4.299999999999304,7.999999999999119,5.9000000000009045,6.099999999999994,10.900000000000354,5.9000000000009045
2022-11-14 21:30:00+00:00,EUR_USD,C1_trend_cont_long,1,offhours,1.80000000000069,63.99376305602739,0.09999999999843467,0.9999999999998899,-0.0,-1.2000000000012,0.9999999999998899,1.6000000000016001,0.1999999999990898,0.9999999999998899,1.6000000000016001,0.9999999999998899,1.40000000000029,2.100000000000435,-1.500000000000945,3.4999999999985043,2.100000000000435
2022-11-15 05:15:00+00:00,EUR_USD,C1_trend_cont_long,1,tokyo,1.40000000000029,63.99376305602739,1.5999999999993797,2.1999999999988695,0.0,1.9999999999997797,2.1999999999988695,0.0,-0.5999999999994898,2.1999999999988695,0.5999999999994898,2.9999999999996696,2.9999999999996696,1.40000000000029,2.5999999999992696,4.699999999999704,1.40000000000029
2022-11-15 18:00:00+00:00,EUR_USD,C1_trend_cont_long,1,ny,1.5999999999993797,67.2002516306537,-1.7000000000000348,1.0999999999983245,1.7000000000000348,-6.399999999999739,1.0999999999983245,6.399999999999739,-9.40000000000163,1.0999999999983245,9.40000000000163,-62.100000000000485,1.0999999999983245,72.7000000000011,-76.30000000000025,1.0999999999983245,88.70000000000155
2022-11-16 02:15:00+00:00,EUR_USD,C1_trend_cont_long,1,tokyo,1.7000000000000348,67.2002516306537,1.9999999999997797,1.9999999999997797,2.80000000000058,6.999999999999229,6.999999999999229,2.80000000000058,8.199999999998209,14.999999999998348,2.80000000000058,6.399999999999739,14.999999999998348,2.80000000000058,-0.6000000000017103,14.999999999998348,2.80000000000058
2022-11-16 05:15:00+00:00,EUR_USD,C1_trend_cont_long,1,tokyo,1.7999999999984695,67.2002516306537,8.699999999999264,8.699999999999264,0.0,13.600000000000279,14.899999999999913,0.0,8.799999999999919,14.899999999999913,0.0,10.900000000000354,14.899999999999913,0.0,5.299999999999194,15.499999999999403,0.0
2022-11-16 14:15:00+00:00,EUR_USD,C1_trend_cont_long,1,ny,1.7000000000000348,64.6845673587998,8.40000000000174,8.40000000000174,1.7999999999984695,5.700000000001815,8.40000000000174,1.7999999999984695,4.20000000000087,8.40000000000174,1.7999999999984695,-3.399999999997849,8.40000000000174,13.499999999999623,-18.799999999998818,8.40000000000174,25.399999999999867
2022-11-16 16:00:00+00:00,EUR_USD,C1_trend_cont_long,1,ny,1.2999999999996348,64.6845673587998,-1.80000000000069,0.0,3.8000000000004697,-2.20000000000109,0.0,3.8000000000004697,-7.800000000000029,0.0,7.800000000000029,-2.20000000000109,0.0,9.00000000000123,-13.400000000001189,0.0,16.199999999999548
2022-11-16 17:45:00+00:00,EUR_USD,C1_trend_cont_long,1,ny,1.500000000000945,64.6845673587998,1.1999999999989797,2.5999999999992696,0.0,-11.600000000000499,2.5999999999992696,20.300000000001983,-11.600000000000499,2.5999999999992696,20.300000000001983,-24.500000000000632,2.5999999999992696,24.500000000000632,-33.60000000000029,2.5999999999992696,39.80000000000094
2022-11-16 20:00:00+00:00,EUR_USD,C1_trend_cont_long,1,ny,1.6000000000016001,63.0213839760284,-3.6999999999998145,0.0,4.699999999999704,-6.800000000000139,0.0,6.800000000000139,-3.2999999999994145,0.0,6.800000000000139,8.300000000001084,8.300000000001084,6.800000000000139,5.60000000000116,14.600000000000168,6.800000000000139
2022-11-17 06:15:00+00:00,EUR_USD,C1_trend_cont_long,1,tokyo,1.3999999999980695,60.24842797774073,-4.40000000000218,0.0,4.40000000000218,-3.00000000000189,0.0,4.40000000000218,-1.6000000000016001,1.5999999999993797,4.40000000000218,0.5999999999994898,4.199999999998649,4.40000000000218,-5.60000000000116,7.399999999999629,9.00000000000123
2022-11-17 07:45:00+00:00,EUR_USD,C1_trend_cont_long,1,london,1.500000000000945,60.24842797774073,-1.9999999999997797,1.80000000000069,1.9999999999997797,-1.5999999999993797,1.80000000000069,3.8000000000004697,8.500000000000174,8.500000000000174,3.8000000000004697,6.399999999999739,16.599999999999948,3.8000000000004697,10.799999999999699,20.400000000000418,3.8000000000004697
2022-11-17 21:00:00+00:00,EUR_USD,C1_trend_cont_long,1,offhours,1.500000000000945,58.95036307109946,0.8000000000008001,0.8000000000008001,0.5999999999994898,1.40000000000029,1.40000000000029,0.5999999999994898,-0.5999999999994898,1.40000000000029,0.5999999999994898,-2.4000000000001798,1.40000000000029,2.4000000000001798,-5.399999999999849,1.40000000000029,5.399999999999849
2022-11-18 05:15:00+00:00,EUR_USD,C1_trend_cont_long,1,tokyo,1.7000000000000348,58.95036307109946,-1.7000000000000348,0.700000000000145,2.1999999999988695,-2.8999999999990145,0.700000000000145,3.4000000000000696,-0.9999999999998899,0.700000000000145,3.4000000000000696,-0.8999999999992347,0.700000000000145,5.800000000000249,-0.8000000000008001,4.299999999999304,5.800000000000249
2022-11-18 07:00:00+00:00,EUR_USD,C1_trend_cont_long,1,london,1.5999999999993797,57.65390856602083,1.7000000000000348,2.2999999999995246,2.100000000000435,1.7000000000000348,4.100000000000215,2.100000000000435,3.1000000000003247,5.199999999998539,2.100000000000435,-3.1000000000003247,7.299999999998974,3.6999999999998145,-1.80000000000069,7.299999999998974,8.900000000000574
2022-11-18 10:00:00+00:00,EUR_USD,C1_trend_cont_long,1,london,1.500000000000945,57.39291509701939,-6.399999999999739,0.0,6.399999999999739,-6.299999999999084,0.0,8.399999999999519,-11.200000000000099,0.0,14.000000000000679,-13.099999999999223,0.0,17.400000000000748,-8.999999999999009,0.0,17.400000000000748
2022-11-18 12:15:00+00:00,EUR_USD,C1_trend_cont_long,1,ny,1.5999999999993797,57.39291509701939,5.1000000000001044,6.300000000001305,0.0,6.099999999999994,6.900000000000794,0.0,3.900000000001125,7.300000000001194,0.0,-6.500000000000394,7.300000000001194,8.099999999999774,-12.399999999999078,7.300000000001194,19.700000000000273
2022-11-22 18:00:00+00:00,EUR_USD,C1_trend_cont_long,1,ny,1.40000000000029,49.0413388428142,-3.300000000001635,0.0,3.300000000001635,-1.900000000001345,0.0,3.8000000000004697,-1.500000000000945,0.0,3.8000000000004697,2.4999999999986144,2.4999999999986144,3.8000000000004697,9.399999999999409,12.299999999998423,3.8000000000004697
2022-11-23 09:30:00+00:00,EUR_USD,C1_trend_cont_long,1,london,1.500000000000945,48.06695749689897,0.1999999999990898,0.1999999999990898,4.8000000000003595,1.9999999999997797,1.9999999999997797,4.8000000000003595,8.20000000000043,8.20000000000043,4.8000000000003595,9.299999999998754,11.600000000000499,4.8000000000003595,-13.100000000001444,11.600000000000499,16.700000000000603
2022-11-23 11:15:00+00:00,EUR_USD,C1_trend_cont_long,1,london,1.3000000000018552,47.96931767569187,-5.299999999999194,0.40000000000040004,5.299999999999194,-1.0999999999983245,0.40000000000040004,7.800000000000029,-0.2999999999997449,0.8000000000008001,7.800000000000029,-3.7999999999982492,0.8000000000008001,7.800000000000029,7.800000000000029,9.00000000000123,7.800000000000029
2022-11-24 09:15:00+00:00,EUR_USD,C1_trend_cont_long,1,london,1.4999999999987246,50.94642526730868,-2.20000000000109,0.0,4.60000000000127,-0.5999999999994898,1.9999999999997797,4.60000000000127,-1.900000000001345,1.9999999999997797,4.60000000000127,-2.2999999999995246,1.9999999999997797,5.300000000001415,4.8000000000003595,9.900000000000464,5.300000000001415
2022-11-24 13:00:00+00:00,EUR_USD,C1_trend_cont_long,1,ny,1.500000000000945,50.12882346250101,0.8999999999992347,3.5999999999991594,0.0,6.900000000000794,8.799999999999919,0.0,3.5999999999991594,8.799999999999919,0.0,3.9999999999995595,8.799999999999919,0.0,16.40000000000086,16.40000000000086,0.5999999999994898
2022-11-24 15:45:00+00:00,EUR_USD,C1_trend_cont_long,1,ny,1.5999999999993797,49.94105035803652,-0.4999999999988347,0.0,4.499999999998394,-12.299999999998423,0.0,12.299999999998423,-12.899999999997913,0.0,15.799999999999148,-15.299999999998093,0.0,15.799999999999148,-16.299999999997983,0.0,18.699999999998163
2022-11-24 20:00:00+00:00,EUR_USD,C1_trend_cont_long,1,ny,1.8999999999991246,48.21668961817663,0.1999999999990898,0.40000000000040004,1.2000000000012,0.0,0.700000000000145,1.2000000000012,-2.9999999999996696,0.700000000000145,3.8000000000004697,-4.8000000000003595,0.700000000000145,6.800000000000139,-2.9999999999996696,0.700000000000145,6.800000000000139
2022-11-24 21:00:00+00:00,EUR_USD,C1_trend_cont_long,1,offhours,1.7000000000000348,48.21668961817663,0.2999999999997449,0.2999999999997449,-0.0,-0.40000000000040004,0.2999999999997449,1.6000000000016001,-0.700000000000145,0.2999999999997449,1.6000000000016001,1.40000000000029,1.40000000000029,1.80000000000069,0.7999999999985796,2.100000000000435,1.80000000000069
2022-11-25 01:30:00+00:00,EUR_USD,C1_trend_cont_long,1,tokyo,1.7000000000000348,48.21668961817663,-6.599999999998829,0.0,8.399999999999519,-4.999999999999449,0.0,8.399999999999519,-1.1999999999989797,0.0,8.399999999999519,-3.4000000000000696,0.0,8.399999999999519,-3.9999999999995595,0.0,8.399999999999519
2022-11-25 06:45:00+00:00,EUR_USD,C1_trend_cont_long,1,tokyo,1.5999999999993797,46.53692607402114,3.20000000000098,3.20000000000098,1.1999999999989797,-0.5999999999994898,3.60000000000138,1.1999999999989797,2.80000000000058,3.60000000000138,1.1999999999989797,-1.1999999999989797,3.60000000000138,1.1999999999989797,-0.3999999999981796,3.60000000000138,6.599999999998829
2022-11-25 08:15:00+00:00,EUR_USD,C1_trend_cont_long,1,london,1.4999999999987246,46.53692607402114,2.7999999999983594,2.7999999999983594,0.0,7.800000000000029,8.199999999998209,0.0,1.3999999999980695,8.199999999998209,0.0,2.3999999999979593,8.199999999998209,0.0,1.1999999999989797,8.799999999999919,0.9999999999998899
2022-11-25 10:30:00+00:00,EUR_USD,C1_trend_cont_long,1,london,1.6000000000016001,46.484288497305364,-2.2999999999995246,0.5000000000010552,2.2999999999995246,1.8999999999991246,2.2999999999995246,2.2999999999995246,-2.6999999999999247,2.2999999999995246,3.2999999999994145,-7.900000000000684,2.2999999999995246,7.900000000000684,-13.900000000000023,2.2999999999995246,17.099999999998783
2022-11-25 16:00:00+00:00,EUR_USD,C1_trend_cont_long,1,ny,1.1999999999989797,47.485410747497916,3.5000000000007248,3.5000000000007248,3.8999999999989043,-0.9999999999998899,3.5000000000007248,3.8999999999989043,-9.299999999998754,3.5000000000007248,9.299999999998754,-14.499999999999513,3.5000000000007248,14.499999999999513,-5.399999999999849,3.5000000000007248,15.300000000000313
2022-11-28 09:00:00+00:00,EUR_USD,C1_trend_cont_long,1,london,1.4999999999987246,49.182828654730386,-3.7999999999982492,0.6000000000017103,3.7999999999982492,8.700000000001484,8.700000000001484,3.7999999999982492,10.000000000001119,10.000000000001119,3.7999999999982492,9.100000000001884,18.100000000000893,3.7999999999982492,8.60000000000083,18.100000000000893,3.7999999999982492
2022-11-29 06:00:00+00:00,EUR_USD,C1_trend_cont_long,1,tokyo,1.7000000000000348,55.989987744891394,-2.9999999999996696,0.0,2.9999999999996696,0.5999999999994898,0.5999999999994898,2.9999999999996696,-1.40000000000029,2.100000000000435,2.9999999999996696,-6.999999999999229,2.100000000000435,10.499999999999954,-27.999999999999137,2.100000000000435,31.600000000000517
2022-11-30 15:00:00+00:00,EUR_USD,C1_trend_cont_long,1,ny,1.4999999999987246,51.89702368870194,-8.500000000000174,0.0,8.500000000000174,-16.899999999999693,0.0,16.899999999999693,-23.100000000000342,0.0,23.100000000000342,-39.59999999999963,0.0,41.799999999998505,-83.99999999999963,0.0,83.99999999999963
2022-11-30 20:00:00+00:00,EUR_USD,C1_trend_cont_long,1,ny,1.40000000000029,56.01866485379472,4.100000000000215,4.100000000000215,1.900000000001345,7.099999999999884,7.099999999999884,1.900000000001345,7.599999999998719,10.299999999998644,1.900000000001345,7.899999999998464,15.499999999999403,1.900000000001345,-5.5000000000005045,16.799999999999038,5.5000000000005045
2022-12-01 08:15:00+00:00,EUR_USD,C1_trend_cont_long,1,london,1.500000000000945,61.7673316499522,-13.799999999999368,0.0,14.600000000000168,-20.199999999999108,0.0,20.199999999999108,-11.999999999998678,0.0,20.399999999998197,4.8000000000003595,4.8000000000003595,20.399999999998197,10.40000000000152,17.599999999999838,20.399999999998197
2022-12-01 11:15:00+00:00,EUR_USD,C1_trend_cont_long,1,london,1.4999999999987246,62.41252224638417,1.9999999999997797,2.4000000000001798,1.5999999999993797,2.9999999999996696,6.599999999998829,1.5999999999993797,8.799999999999919,8.799999999999919,1.5999999999993797,7.999999999999119,11.799999999999589,1.5999999999993797,12.799999999999478,20.199999999999108,1.5999999999993797
2022-12-02 10:30:00+00:00,EUR_USD,C1_trend_cont_long,1,london,1.4999999999987246,59.71634339543358,0.6999999999979245,0.6999999999979245,2.000000000002,1.5999999999993797,2.5999999999992696,2.000000000002,-6.6000000000010495,2.5999999999992696,6.6000000000010495,0.7999999999985796,2.5999999999992696,6.6000000000010495,4.899999999998794,8.199999999998209,6.6000000000010495
2022-12-02 16:45:00+00:00,EUR_USD,C1_trend_cont_long,1,ny,1.4999999999987246,63.765176010045536,-7.800000000000029,2.000000000002,7.800000000000029,-3.1999999999987594,2.000000000002,10.699999999999044,-5.599999999998939,2.000000000002,10.699999999999044,3.4000000000000696,10.900000000000354,10.699999999999044,6.6000000000010495,10.900000000000354,10.699999999999044
2022-12-05 09:00:00+00:00,EUR_USD,C1_trend_cont_long,1,london,1.7000000000000348,65.11997319233527,3.4000000000000696,3.4000000000000696,3.1999999999987594,1.5999999999993797,3.60000000000138,3.1999999999987594,3.8000000000004697,3.8000000000004697,3.1999999999987594,0.5000000000010552,9.399999999999409,3.1999999999987594,2.80000000000058,9.399999999999409,7.399999999999629
2022-12-05 10:00:00+00:00,EUR_USD,C1_trend_cont_long,1,london,1.500000000000945,64.23283225002552,-2.5999999999992696,0.0,2.5999999999992696,-1.9999999999997797,0.0,4.3999999999999595,-8.20000000000043,0.0,8.20000000000043,-36.000000000000476,0.0,36.000000000000476,-23.200000000000998,0.0,36.000000000000476
2022-12-05 11:30:00+00:00,EUR_USD,C1_trend_cont_long,1,london,1.6000000000016001,64.23283225002552,0.1999999999990898,1.1999999999989797,1.40000000000029,3.4000000000000696,3.4000000000000696,1.40000000000029,8.20000000000043,8.20000000000043,1.40000000000029,10.200000000000209,17.700000000000493,1.40000000000029,11.799999999999589,18.599999999999728,1.40000000000029
2022-12-05 14:45:00+00:00,EUR_USD,C1_trend_cont_long,1,ny,1.6000000000016001,65.0733442321666,-7.600000000000939,0.0,7.600000000000939,-9.200000000000319,0.0,9.200000000000319,-44.800000000000395,0.0,44.800000000000395,-37.30000000000011,0.0,57.59999999999987,-32.399999999999096,0.0,57.59999999999987
2022-12-06 13:00:00+00:00,EUR_USD,C1_trend_cont_long,1,ny,1.2999999999996348,61.447717666935084,0.8000000000008001,0.8000000000008001,1.40000000000029,-3.5999999999991594,0.8000000000008001,3.5999999999991594,-2.5999999999992696,0.8000000000008001,4.599999999999049,-0.1999999999990898,1.80000000000069,4.8000000000003595,-8.799999999999919,1.80000000000069,14.899999999999913
2022-12-07 13:00:00+00:00,EUR_USD,C1_trend_cont_long,1,ny,1.4999999999987246,55.600100590517705,-5.699999999999594,1.4999999999987246,5.699999999999594,-0.9000000000014552,1.4999999999987246,7.800000000000029,-7.399999999999629,1.4999999999987246,8.00000000000134,-5.60000000000116,1.4999999999987246,13.600000000000279,9.200000000000319,11.399999999999189,13.600000000000279
2022-12-07 17:00:00+00:00,EUR_USD,C1_trend_cont_long,1,ny,1.40000000000029,56.95009340548086,-2.6999999999999247,4.899999999998794,2.6999999999999247,-2.2999999999995246,4.899999999998794,2.6999999999999247,0.10000000000065512,4.899999999998794,4.100000000000215,13.900000000000023,17.099999999998783,4.100000000000215,14.300000000000423,17.099999999998783,4.100000000000215
2022-12-08 06:00:00+00:00,EUR_USD,C1_trend_cont_long,1,tokyo,1.5999999999993797,54.92533564044004,3.2999999999994145,3.2999999999994145,0.0,3.5999999999991594,3.5999999999991594,0.0,4.299999999999304,5.299999999999194,0.0,5.499999999998284,6.399999999999739,0.0,10.999999999998789,14.300000000000423,0.0
2022-12-08 11:00:00+00:00,EUR_USD,C1_trend_cont_long,1,london,1.6000000000016001,53.973525951837296,-3.8000000000004697,0.0,3.8000000000004697,-4.8000000000003595,0.0,6.399999999999739,-8.60000000000083,0.0,8.60000000000083,-8.60000000000083,0.0,18.299999999999983,-4.8000000000003595,0.0,18.299999999999983
2022-12-08 12:00:00+00:00,EUR_USD,C1_trend_cont_long,1,ny,1.5999999999993797,53.973525951837296,3.20000000000098,3.4000000000000696,0.5999999999994898,8.60000000000083,8.60000000000083,0.5999999999994898,4.699999999999704,10.200000000000209,0.5999999999994898,8.00000000000134,12.700000000001044,0.5999999999994898,7.399999999999629,15.700000000000713,0.5999999999994898
2022-12-09 12:30:00+00:00,EUR_USD,C1_trend_cont_long,1,ny,1.500000000000945,51.19949174069201,-6.6000000000010495,0.0,6.6000000000010495,-5.800000000000249,0.0,7.200000000000539,-9.40000000000163,0.0,9.40000000000163,-11.800000000001809,0.0,14.800000000001479,-46.60000000000108,0.0,46.60000000000108
2022-12-09 18:45:00+00:00,EUR_USD,C1_trend_cont_long,1,ny,1.2999999999996348,51.33527604171924,-0.9999999999998899,0.0,3.8000000000004697,-5.20000000000076,0.0,5.20000000000076,-4.20000000000087,0.0,5.299999999999194,-4.999999999999449,0.0,8.900000000000574,-7.999999999999119,0.0,8.900000000000574
2022-12-12 10:00:00+00:00,EUR_USD,C1_trend_cont_long,1,london,1.40000000000029,50.857457403319074,-2.2999999999995246,0.10000000000065512,2.2999999999995246,-0.40000000000040004,0.5000000000010552,2.5999999999992696,-1.5999999999993797,0.5000000000010552,2.5999999999992696,-2.6999999999999247,2.2999999999995246,2.80000000000058,4.699999999999704,7.300000000001194,3.2999999999994145
2022-12-13 01:00:00+00:00,EUR_USD,C1_trend_cont_long,1,tokyo,1.500000000000945,49.9352566385762,-3.20000000000098,0.0,4.20000000000087,-2.60000000000149,0.0,4.8000000000003595,0.40000000000040004,0.40000000000040004,4.8000000000003595,-2.9999999999996696,0.40000000000040004,4.8000000000003595,0.4999999999988347,1.7999999999984695,5.399999999999849
2022-12-13 05:00:00+00:00,EUR_USD,C1_trend_cont_long,1,tokyo,1.2999999999996348,49.9352566385762,2.4000000000001798,2.4000000000001798,0.0,-1.6000000000016001,2.4000000000001798,1.6000000000016001,-1.9999999999997797,2.4000000000001798,1.9999999999997797,-2.300000000001745,2.4000000000001798,4.3999999999999595,8.399999999999519,9.699999999999154,4.3999999999999595
2022-12-13 09:00:00+00:00,EUR_USD,C1_trend_cont_long,1,london,1.3999999999980695,48.01130973582074,-7.699999999999374,0.0,7.699999999999374,-0.5999999999994898,0.0,8.299999999998864,-6.299999999999084,0.0,8.299999999998864,-10.099999999999554,0.0,10.099999999999554,-6.799999999997919,0.0,13.599999999998058
2022-12-13 13:00:00+00:00,EUR_USD,C1_trend_cont_long,1,ny,1.2999999999996348,46.69621618326201,-1.1999999999989797,0.0,1.5999999999993797,-1.5999999999993797,0.0,4.8000000000003595,0.20000000000131024,0.40000000000040004,4.8000000000003595,78.40000000000069,78.40000000000069,4.8000000000003595,103.2999999999995,113.70000000000101,4.8000000000003595
2022-12-14 07:45:00+00:00,EUR_USD,C1_trend_cont_long,1,london,1.7000000000000348,51.52627075605924,1.100000000000545,2.20000000000109,0.1999999999990898,0.5999999999994898,2.20000000000109,0.1999999999990898,7.200000000000539,8.20000000000043,0.1999999999990898,6.200000000000649,9.200000000000319,2.2999999999995246,16.80000000000126,21.600000000001618,2.2999999999995246
2022-12-14 14:45:00+00:00,EUR_USD,C1_trend_cont_long,1,ny,1.4999999999987246,50.05020284578576,0.0,1.9999999999997797,3.20000000000098,0.1999999999990898,1.9999999999997797,3.20000000000098,-4.999999999999449,1.9999999999997797,6.00000000000156,0.5999999999994898,4.999999999999449,6.00000000000156,4.999999999999449,6.399999999999739,6.00000000000156
2022-12-14 19:30:00+00:00,EUR_USD,C1_trend_cont_long,1,ny,1.500000000000945,49.046616928229675,-23.599999999999177,5.60000000000116,25.199999999998557,-22.699999999999942,5.60000000000116,25.199999999998557,7.300000000001194,14.800000000001479,25.199999999998557,18.599999999999728,26.200000000000667,25.199999999998557,15.400000000000968,45.80000000000028,25.199999999998557
2022-12-15 06:30:00+00:00,EUR_USD,C1_trend_cont_long,1,tokyo,1.500000000000945,46.92900143335601,-1.2999999999996348,0.0,2.6999999999999247,-2.1999999999988695,0.0,2.7999999999983594,0.2999999999997449,1.40000000000029,2.7999999999983594,-4.599999999999049,1.40000000000029,4.8000000000003595,-3.4999999999985043,1.40000000000029,8.599999999998609
2022-12-15 14:00:00+00:00,EUR_USD,C1_trend_cont_long,1,ny,1.7000000000000348,48.53214919508756,16.599999999999948,16.599999999999948,0.0,55.800000000001404,55.800000000001404,0.0,66.30000000000136,72.00000000000095,0.0,58.19999999999936,76.70000000000066,0.0,49.5000000000001,76.70000000000066,0.0
2022-12-15 16:00:00+00:00,EUR_USD,C1_trend_cont_long,1,ny,1.500000000000945,48.53214919508756,-2.5999999999992696,1.40000000000029,2.5999999999992696,-1.7000000000000348,3.4000000000000696,2.5999999999992696,-4.3999999999999595,3.4000000000000696,7.399999999999629,-4.20000000000087,3.4000000000000696,17.000000000000348,-15.199999999999658,3.4000000000000696,21.500000000000963
2022-12-16 00:00:00+00:00,EUR_USD,C1_trend_cont_long,1,tokyo,1.5999999999993797,55.30128139543841,-0.40000000000040004,1.3999999999980695,0.40000000000040004,0.0,1.3999999999980695,1.2000000000012,-1.40000000000029,1.3999999999980695,1.500000000000945,3.1999999999987594,3.1999999999987594,1.500000000000945,3.7999999999982492,3.7999999999982492,3.1000000000003247
2022-12-16 09:00:00+00:00,EUR_USD,C1_trend_cont_long,1,london,1.5999999999993797,55.8940470100499,-10.699999999999044,0.0,10.699999999999044,-14.899999999999913,0.0,14.899999999999913,-22.699999999999942,0.0,22.699999999999942,-30.69999999999906,0.0,30.69999999999906,-44.899999999998826,0.0,44.899999999998826
2022-12-16 15:00:00+00:00,EUR_USD,C1_trend_cont_long,1,ny,1.500000000000945,53.880581350502226,-12.000000000000899,0.0,12.000000000000899,-22.400000000000198,0.0,22.400000000000198,-26.200000000000667,0.0,27.800000000000047,-17.199999999999438,0.0,27.800000000000047,-26.999999999999247,0.0,33.60000000000029
2022-12-19 09:00:00+00:00,EUR_USD,C1_trend_cont_long,1,london,1.5999999999993797,50.71029718487174,-1.5999999999993797,0.9999999999998899,5.1000000000001044,4.8000000000003595,4.8000000000003595,5.1000000000001044,0.5999999999994898,7.599999999998719,5.1000000000001044,8.399999999999519,16.599999999999948,5.1000000000001044,-15.899999999999803,16.599999999999948,22.800000000000598
2022-12-20 10:00:00+00:00,EUR_USD,C1_trend_cont_long,1,london,1.4999999999987246,52.26612195190713,-8.300000000001084,0.0,8.300000000001084,-9.300000000000974,0.0,9.300000000000974,-10.000000000001119,0.0,10.200000000000209,-5.20000000000076,0.0,11.000000000001009,-7.900000000000684,2.4000000000001798,11.000000000001009
2022-12-20 15:00:00+00:00,EUR_USD,C1_trend_cont_long,1,ny,1.6000000000016001,52.24711324105669,14.899999999999913,14.899999999999913,1.8999999999991246,14.700000000000824,15.499999999999403,1.8999999999991246,21.299999999999653,23.999999999999577,1.8999999999991246,20.899999999999253,23.999999999999577,1.8999999999991246,6.099999999999994,23.999999999999577,1.8999999999991246
2022-12-20 17:00:00+00:00,EUR_USD,C1_trend_cont_long,1,ny,1.500000000000945,52.24711324105669,-6.299999999999084,0.0,6.299999999999084,-3.7999999999982492,0.0,11.599999999998278,-16.299999999997983,0.0,16.299999999997983,-15.699999999998493,0.0,17.199999999999438,-23.400000000000087,0.0,25.699999999999612
2022-12-21 00:00:00+00:00,EUR_USD,C1_trend_cont_long,1,tokyo,1.500000000000945,52.81517658098131,0.8000000000008001,1.1999999999989797,0.8000000000008001,-0.1999999999990898,1.1999999999989797,0.8000000000008001,-0.5000000000010552,1.1999999999989797,0.8000000000008001,-2.2999999999995246,1.1999999999989797,2.2999999999995246,-3.8000000000004697,1.1999999999989797,6.800000000000139
2022-12-21 01:15:00+00:00,EUR_USD,C1_trend_cont_long,1,tokyo,1.7000000000000348,52.81517658098131,0.8000000000008001,1.100000000000545,0.40000000000040004,0.8000000000008001,1.9999999999997797,0.700000000000145,-4.20000000000087,1.9999999999997797,4.20000000000087,-6.900000000000794,1.9999999999997797,8.60000000000083,-0.5000000000010552,1.9999999999997797,8.60000000000083
2022-12-21 02:15:00+00:00,EUR_USD,C1_trend_cont_long,1,tokyo,1.40000000000029,52.81517658098131,1.900000000001345,2.100000000000435,0.0,2.900000000001235,3.00000000000189,0.0,-1.2999999999996348,3.00000000000189,1.2999999999996348,-7.999999999999119,3.00000000000189,8.399999999999519,-6.299999999999084,3.00000000000189,8.899999999998354
2022-12-21 08:00:00+00:00,EUR_USD,C1_trend_cont_long,1,london,1.5999999999993797,52.81517658098131,-2.6999999999999247,0.0,2.6999999999999247,-8.599999999998609,0.0,8.599999999998609,2.500000000000835,2.500000000000835,8.599999999998609,-14.899999999999913,2.500000000000835,14.899999999999913,1.900000000001345,3.20000000000098,14.899999999999913
2022-12-21 14:00:00+00:00,EUR_USD,C1_trend_cont_long,1,ny,1.40000000000029,50.27073899074398,-5.5000000000005045,0.0,8.700000000001484,-11.000000000001009,0.0,11.900000000000244,-11.099999999999444,0.0,12.700000000001044,-13.600000000000279,0.0,15.700000000000713,-28.300000000001102,0.0,28.300000000001102
2022-12-22 02:00:00+00:00,EUR_USD,C1_trend_cont_long,1,tokyo,1.500000000000945,49.7514004914051,0.1999999999990898,0.4999999999988347,0.0,0.5999999999994898,0.5999999999994898,0.40000000000040004,1.5999999999993797,1.5999999999993797,0.40000000000040004,2.1999999999988695,2.1999999999988695,2.500000000000835,1.3999999999980695,2.1999999999988695,2.500000000000835
2022-12-22 09:00:00+00:00,EUR_USD,C1_trend_cont_long,1,london,1.5999999999993797,49.626300456304676,3.9999999999995595,4.599999999999049,0.0,-0.20000000000131024,4.999999999999449,0.20000000000131024,0.0,4.999999999999449,0.20000000000131024,-1.40000000000029,4.999999999999449,3.4000000000000696,12.600000000000389,18.000000000000238,3.4000000000000696
2022-12-22 13:00:00+00:00,EUR_USD,C1_trend_cont_long,1,ny,1.2999999999996348,48.46013613799724,3.00000000000189,3.00000000000189,0.0,0.40000000000040004,3.00000000000189,0.0,-0.5999999999994898,3.00000000000189,1.3999999999980695,-10.899999999998133,3.00000000000189,10.899999999998133,-26.999999999999247,3.00000000000189,29.399999999999427
2022-12-23 08:00:00+00:00,EUR_USD,C1_trend_cont_long,1,london,1.500000000000945,46.47271104051734,-2.9999999999996696,0.0,2.9999999999996696,-9.00000000000123,0.0,9.00000000000123,-11.499999999999844,0.0,11.499999999999844,-24.500000000000632,0.0,24.500000000000632,-21.599999999999397,0.0,25.600000000001177
2022-12-23 12:00:00+00:00,EUR_USD,C1_trend_cont_long,1,ny,1.500000000000945,45.62466025190897,-2.1999999999988695,0.0,2.1999999999988695,-0.5999999999994898,0.0,2.1999999999988695,0.9999999999998899,0.9999999999998899,2.1999999999988695,-3.9999999999995595,3.6999999999998145,3.9999999999995595,5.399999999999849,6.399999999999739,9.399999999999409
2022-12-23 13:00:00+00:00,EUR_USD,C1_trend_cont_long,1,ny,1.2999999999996348,45.62466025190897,3.4000000000000696,4.20000000000087,0.0,0.40000000000040004,4.20000000000087,-0.0,1.9999999999997797,4.20000000000087,-0.0,-7.399999999999629,4.20000000000087,7.399999999999629,-8.20000000000043,11.000000000001009,22.999999999999687
2022-12-23 17:00:00+00:00,EUR_USD,C1_trend_cont_long,1,ny,1.500000000000945,45.094327376772576,1.2000000000012,1.500000000000945,0.1999999999990898,1.5999999999993797,2.80000000000058,0.1999999999990898,2.80000000000058,2.900000000001235,0.1999999999990898,3.4000000000000696,3.6999999999998145,0.1999999999990898,-1.7999999999984695,7.399999999999629,1.9999999999997797
2022-12-23 20:00:00+00:00,EUR_USD,C1_trend_cont_long,1,ny,1.5999999999993797,44.7161611355746,0.5000000000010552,2.100000000000435,0.0,1.40000000000029,2.100000000000435,0.10000000000065512,-1.100000000000545,2.100000000000435,2.100000000000435,-3.8999999999989043,2.100000000000435,3.8999999999989043,-0.4999999999988347,2.100000000000435,5.1000000000001044
2022-12-23 21:00:00+00:00,EUR_USD,C1_trend_cont_long,1,offhours,2.100000000000435,44.7161611355746,0.0,1.7000000000000348,-0.0,1.1999999999989797,1.7000000000000348,-0.0,0.9999999999998899,1.7000000000000348,-0.0,-2.60000000000149,1.7000000000000348,2.9999999999996696,,,
2022-12-26 23:15:00+00:00,EUR_USD,C1_trend_cont_long,1,offhours,1.7000000000000348,44.7161611355746,1.1999999999989797,1.1999999999989797,0.9000000000014552,3.0999999999981043,3.5999999999991594,0.9000000000014552,3.5999999999991594,3.5999999999991594,0.9000000000014552,8.999999999999009,9.699999999999154,0.9000000000014552,7.599999999998719,9.699999999999154,0.9000000000014552
2022-12-27 16:00:00+00:00,EUR_USD,C1_trend_cont_long,1,ny,1.3000000000018552,43.81283018034154,0.7999999999985796,1.7999999999984695,0.8000000000008001,1.2999999999996348,2.2999999999995246,0.8000000000008001,-2.20000000000109,2.4000000000001798,2.20000000000109,3.1999999999987594,4.3999999999999595,2.20000000000109,3.4000000000000696,10.899999999998133,2.20000000000109
2022-12-27 18:45:00+00:00,EUR_USD,C1_trend_cont_long,1,ny,1.5999999999993797,44.176199453174334,1.5999999999993797,1.7000000000000348,0.0,-1.80000000000069,1.7000000000000348,1.80000000000069,2.9999999999996696,2.9999999999996696,1.80000000000069,0.9000000000014552,9.099999999999664,1.80000000000069,-7.299999999998974,9.099999999999664,7.500000000000284
2022-12-28 02:00:00+00:00,EUR_USD,C1_trend_cont_long,1,tokyo,1.900000000001345,44.176199453174334,0.0,0.1999999999990898,1.6000000000016001,-1.100000000000545,1.5999999999993797,1.6000000000016001,0.0,1.5999999999993797,1.6000000000016001,-1.2000000000012,1.5999999999993797,1.6000000000016001,-3.60000000000138,1.5999999999993797,3.60000000000138
2022-12-28 04:15:00+00:00,EUR_USD,C1_trend_cont_long,1,tokyo,1.7000000000000348,44.176199453174334,-1.9999999999997797,0.0,1.9999999999997797,-1.500000000000945,0.0,2.20000000000109,-0.40000000000040004,0.2999999999997449,2.20000000000109,1.1999999999989797,1.1999999999989797,3.9999999999995595,2.9999999999996696,3.8999999999989043,3.9999999999995595
2022-12-28 08:30:00+00:00,EUR_USD,C1_trend_cont_long,1,london,1.7000000000000348,42.09218520651907,1.1999999999989797,1.1999999999989797,1.500000000000945,-2.9999999999996696,1.2999999999996348,2.9999999999996696,-6.800000000000139,1.2999999999996348,6.800000000000139,-7.200000000000539,1.2999999999996348,8.799999999999919,-11.799999999999589,1.2999999999996348,15.799999999999148
2022-12-28 12:00:00+00:00,EUR_USD,C1_trend_cont_long,1,ny,1.4999999999987246,41.014171977481936,-1.80000000000069,0.4999999999988347,1.80000000000069,-7.399999999999629,0.4999999999988347,7.399999999999629,-8.00000000000134,0.4999999999988347,8.799999999999919,1.5999999999993797,1.5999999999993797,11.000000000001009,0.9999999999998899,9.599999999998499,11.000000000001009
2022-12-28 14:15:00+00:00,EUR_USD,C1_trend_cont_long,1,ny,1.40000000000029,40.106016836233316,4.699999999999704,4.699999999999704,0.0,4.500000000000615,4.699999999999704,0.0,6.900000000000794,7.900000000000684,0.0,21.199999999998997,26.699999999999502,0.0,5.399999999999849,26.699999999999502,1.2999999999996348
2022-12-29 10:00:00+00:00,EUR_USD,C1_trend_cont_long,1,london,1.4999999999987246,40.26983199315029,-5.9000000000009045,0.0,6.399999999999739,-6.900000000000794,0.0,6.900000000000794,-8.00000000000134,0.0,8.00000000000134,-14.799999999999258,0.0,14.799999999999258,-18.299999999999983,0.0,21.900000000001363
2022-12-30 00:00:00+00:00,EUR_USD,C1_trend_cont_long,1,tokyo,1.80000000000069,40.94796738184878,4.8000000000003595,4.8000000000003595,0.0,0.9999999999998899,4.8000000000003595,0.0,2.5999999999992696,4.8000000000003595,0.0,-1.7000000000000348,4.8000000000003595,1.7000000000000348,7.599999999998719,7.599999999998719,2.500000000000835
2022-12-30 01:30:00+00:00,EUR_USD,C1_trend_cont_long,1,tokyo,1.80000000000069,40.94796738184878,-1.80000000000069,1.4999999999987246,1.80000000000069,-0.6000000000017103,1.4999999999987246,3.1000000000003247,0.8999999999992347,1.4999999999987246,3.1000000000003247,-3.5000000000007248,1.4999999999987246,3.5000000000007248,-5.00000000000167,1.4999999999987246,6.800000000000139
2022-12-30 03:15:00+00:00,EUR_USD,C1_trend_cont_long,1,tokyo,1.2999999999996348,40.94796738184878,-0.20000000000131024,0.40000000000040004,0.20000000000131024,0.0,0.7999999999985796,0.8000000000008001,2.5999999999992696,2.5999999999992696,0.8000000000008001,2.1999999999988695,4.100000000000215,0.8000000000008001,-1.6000000000016001,4.100000000000215,3.4000000000000696
2022-12-30 08:15:00+00:00,EUR_USD,C1_trend_cont_long,1,london,1.40000000000029,40.858826854573884,-4.299999999999304,3.4000000000000696,4.299999999999304,1.80000000000069,3.4000000000000696,4.299999999999304,0.8000000000008001,3.4000000000000696,4.299999999999304,9.200000000000319,9.200000000000319,4.299999999999304,7.600000000000939,13.600000000000279,4.299999999999304
2022-12-30 10:15:00+00:00,EUR_USD,C1_trend_cont_long,1,london,1.500000000000945,40.51891065067568,4.3999999999999595,4.3999999999999595,0.0,3.8000000000004697,4.900000000001015,0.0,6.00000000000156,6.6000000000010495,0.0,12.400000000001299,12.400000000001299,0.0,20.400000000000418,20.400000000000418,0.0
2022-12-30 14:00:00+00:00,EUR_USD,C1_trend_cont_long,1,ny,1.2999999999996348,41.453274175627435,0.40000000000040004,6.399999999999739,0.0,-1.100000000000545,6.399999999999739,3.6999999999998145,-7.999999999999119,6.399999999999739,7.999999999999119,6.500000000000394,8.700000000001484,7.999999999999119,13.100000000001444,27.200000000000557,7.999999999999119
2023-01-02 09:15:00+00:00,EUR_USD,C1_trend_cont_long,1,london,3.300000000001635,42.22089744879675,-2.80000000000058,0.0,5.00000000000167,-2.100000000000435,0.0,6.200000000000649,-2.500000000000835,0.0,6.200000000000649,-2.9999999999996696,0.0,6.200000000000649,-1.9999999999997797,0.0,9.099999999999664
2023-01-02 11:45:00+00:00,EUR_USD,C1_trend_cont_long,1,london,2.100000000000435,42.22089744879675,-0.40000000000040004,0.0,0.40000000000040004,-1.100000000000545,0.9999999999998899,3.20000000000098,-0.5999999999994898,0.9999999999998899,3.20000000000098,0.40000000000040004,1.100000000000545,4.999999999999449,-1.40000000000029,1.40000000000029,4.999999999999449
2023-01-03 03:00:00+00:00,EUR_USD,C1_trend_cont_long,1,tokyo,1.7000000000000348,42.22089744879675,-2.4000000000001798,0.0,4.299999999999304,-2.80000000000058,0.0,4.299999999999304,-8.299999999998864,0.0,8.299999999998864,-6.200000000000649,0.0,9.200000000000319,-5.399999999999849,0.0,9.200000000000319
2023-01-05 09:00:00+00:00,EUR_USD,C1_trend_cont_long,1,london,1.2999999999996348,47.04998876831155,-5.999999999999339,0.0,5.999999999999339,-5.399999999999849,0.0,8.60000000000083,-4.999999999999449,0.0,8.60000000000083,0.8000000000008001,0.8000000000008001,8.60000000000083,4.199999999998649,8.999999999999009,8.60000000000083
2023-01-05 12:30:00+00:00,EUR_USD,C1_trend_cont_long,1,ny,1.500000000000945,46.46070385628922,-2.2999999999995246,1.40000000000029,2.2999999999995246,-1.2999999999996348,1.40000000000029,2.2999999999995246,0.1999999999990898,4.20000000000087,2.2999999999995246,-13.300000000000534,4.20000000000087,13.300000000000534,-36.19999999999956,4.20000000000087,36.19999999999956
2023-01-09 06:00:00+00:00,EUR_USD,C1_trend_cont_long,1,tokyo,1.5999999999993797,53.200405024562315,0.0,1.9999999999997797,-0.0,1.5999999999993797,1.9999999999997797,-0.0,4.599999999999049,4.599999999999049,-0.0,1.1999999999989797,7.999999999999119,-0.0,8.399999999999519,8.399999999999519,0.8000000000008001
2023-01-10 01:00:00+00:00,EUR_USD,C1_trend_cont_long,1,tokyo,1.500000000000945,53.191760145394774,-0.5999999999994898,0.5000000000010552,0.5999999999994898,1.2999999999996348,2.6999999999999247,0.5999999999994898,2.60000000000149,2.6999999999999247,0.5999999999994898,7.800000000000029,8.60000000000083,0.5999999999994898,7.0000000000014495,11.600000000000499,0.5999999999994898
2023-01-10 03:00:00+00:00,EUR_USD,C1_trend_cont_long,1,tokyo,1.40000000000029,53.191760145394774,-3.1000000000003247,0.10000000000065512,3.1000000000003247,-5.5000000000005045,0.10000000000065512,5.5000000000005045,-3.9999999999995595,0.10000000000065512,5.5000000000005045,1.500000000000945,1.500000000000945,5.5000000000005045,0.9000000000014552,1.500000000000945,5.5000000000005045
2023-01-10 07:45:00+00:00,EUR_USD,C1_trend_cont_long,1,london,1.4999999999987246,51.45663442072376,-0.1999999999990898,1.500000000000945,1.5999999999993797,-8.699999999999264,1.500000000000945,8.699999999999264,-1.7999999999984695,1.500000000000945,10.200000000000209,0.8000000000008001,3.8000000000004697,10.200000000000209,0.700000000000145,9.00000000000123,10.200000000000209
2023-01-10 09:30:00+00:00,EUR_USD,C1_trend_cont_long,1,london,1.7000000000000348,51.45663442072376,-1.80000000000069,3.399999999997849,1.80000000000069,-4.40000000000218,3.399999999997849,4.40000000000218,-11.300000000000754,3.399999999997849,11.300000000000754,-3.8000000000004697,3.399999999997849,11.300000000000754,-11.800000000001809,3.399999999997849,11.800000000001809
2023-01-10 11:30:00+00:00,EUR_USD,C1_trend_cont_long,1,london,1.7000000000000348,49.90973196210062,-2.100000000000435,0.0,2.80000000000058,-0.6000000000017103,0.0,2.80000000000058,-2.60000000000149,0.0,3.1000000000003247,-6.700000000001705,0.0,6.700000000001705,-10.700000000001264,0.0,15.199999999999658
2023-01-10 14:15:00+00:00,EUR_USD,C1_trend_cont_long,1,ny,1.4999999999987246,48.77332253623618,0.40000000000040004,1.100000000000545,1.1999999999989797,1.6000000000016001,1.6000000000016001,6.399999999999739,-1.1999999999989797,1.6000000000016001,6.399999999999739,-4.799999999998139,9.799999999999809,6.999999999999229,1.6000000000016001,9.799999999999809,12.599999999998168
2023-01-10 16:15:00+00:00,EUR_USD,C1_trend_cont_long,1,ny,1.40000000000029,48.77332253623618,5.1000000000001044,5.1000000000001044,0.0,2.100000000000435,5.1000000000001044,0.0,0.0,5.1000000000001044,1.500000000000945,-6.300000000001305,5.1000000000001044,11.099999999999444,-1.5999999999993797,5.1000000000001044,11.099999999999444
2023-01-10 19:00:00+00:00,EUR_USD,C1_trend_cont_long,1,ny,1.500000000000945,47.98951378364781,1.80000000000069,3.5999999999991594,0.0,2.20000000000109,3.5999999999991594,0.0,1.2000000000012,3.5999999999991594,0.0,-0.700000000000145,3.5999999999991594,0.700000000000145,0.700000000000145,3.5999999999991594,1.9999999999997797
2023-01-10 21:00:00+00:00,EUR_USD,C1_trend_cont_long,1,offhours,1.2999999999996348,47.98951378364781,-0.1999999999990898,0.0,1.40000000000029,0.0,0.5999999999994898,1.40000000000029,-1.80000000000069,0.5999999999994898,1.80000000000069,-0.7999999999985796,0.5999999999994898,1.9999999999997797,-2.1999999999988695,0.5999999999994898,3.5999999999991594
2023-01-11 02:30:00+00:00,EUR_USD,C1_trend_cont_long,1,tokyo,1.6000000000016001,47.98951378364781,-2.8999999999990145,0.0,2.8999999999990145,-3.1000000000003247,0.0,4.3999999999999595,-2.4000000000001798,0.0,4.3999999999999595,-9.299999999998754,0.0,10.499999999999954,-5.299999999999194,0.0,10.499999999999954
2023-01-11 04:45:00+00:00,EUR_USD,C1_trend_cont_long,1,tokyo,1.7000000000000348,47.98951378364781,-0.20000000000131024,0.2999999999997449,0.9999999999998899,-1.2000000000012,0.3999999999981796,1.2000000000012,1.3999999999980695,1.7999999999984695,1.2000000000012,3.7999999999982492,5.199999999998539,1.2000000000012,18.599999999999728,18.599999999999728,1.2000000000012
2023-01-11 08:45:00+00:00,EUR_USD,C1_trend_cont_long,1,london,1.2999999999996348,46.73311994195879,-2.9999999999996696,1.500000000000945,3.1999999999987594,-10.200000000000209,1.500000000000945,10.200000000000209,-14.399999999998858,1.500000000000945,14.399999999998858,-5.599999999998939,1.500000000000945,16.00000000000046,3.20000000000098,5.300000000001415,16.00000000000046
2023-01-11 13:15:00+00:00,EUR_USD,C1_trend_cont_long,1,ny,1.2999999999996348,45.66646851753314,0.1999999999990898,0.9999999999998899,1.80000000000069,2.8999999999990145,4.20000000000087,1.80000000000069,2.5999999999992696,4.20000000000087,1.80000000000069,3.9999999999995595,5.999999999999339,1.9999999999997797,6.399999999999739,6.399999999999739,1.9999999999997797
2023-01-11 18:15:00+00:00,EUR_USD,C1_trend_cont_long,1,ny,1.6000000000016001,44.023638670730065,-8.799999999999919,0.0,11.000000000001009,-10.699999999999044,0.0,11.799999999999589,-10.200000000000209,0.0,11.799999999999589,-1.5999999999993797,0.0,11.799999999999589,-0.8000000000008001,2.5999999999992696,11.799999999999589
2023-01-12 08:00:00+00:00,EUR_USD,C1_trend_cont_long,1,london,1.2999999999996348,42.9148073371065,-3.4000000000000696,0.0,4.999999999999449,-2.80000000000058,0.0,4.999999999999449,-6.200000000000649,0.0,6.200000000000649,-8.900000000000574,0.0,12.199999999999989,-12.399999999999078,0.0,14.799999999999258
2023-01-12 09:30:00+00:00,EUR_USD,C1_trend_cont_long,1,london,1.4999999999987246,42.9148073371065,1.6000000000016001,1.6000000000016001,1.7999999999984695,2.60000000000149,6.200000000000649,1.7999999999984695,2.20000000000109,6.200000000000649,1.7999999999984695,-2.7999999999983594,6.200000000000649,2.7999999999983594,-8.399999999999519,6.200000000000649,12.999999999998568
2023-01-12 10:45:00+00:00,EUR_USD,C1_trend_cont_long,1,london,1.40000000000029,42.049463955884754,3.6999999999998145,3.6999999999998145,2.4999999999986144,1.100000000000545,3.6999999999998145,2.4999999999986144,-2.2999999999995246,3.6999999999998145,2.4999999999986144,1.100000000000545,3.6999999999998145,3.7999999999982492,-1.1999999999989797,3.6999999999998145,3.7999999999982492
2023-01-12 13:00:00+00:00,EUR_USD,C1_trend_cont_long,1,ny,1.3999999999980695,42.049463955884754,2.20000000000109,3.00000000000189,0.09999999999843467,5.20000000000076,5.20000000000076,0.09999999999843467,7.600000000000939,7.800000000000029,0.09999999999843467,-24.599999999999067,39.5000000000012,24.599999999999067,62.60000000000154,73.60000000000034,24.599999999999067
2023-01-12 15:15:00+00:00,EUR_USD,C1_trend_cont_long,1,ny,1.7000000000000348,46.78164510189291,-0.5999999999994898,1.7999999999984695,2.80000000000058,3.8999999999989043,3.8999999999989043,9.200000000000319,-8.00000000000134,3.8999999999989043,9.200000000000319,0.7999999999985796,9.599999999998499,9.40000000000163,15.199999999999658,16.199999999999548,9.40000000000163
2023-01-13 06:00:00+00:00,EUR_USD,C1_trend_cont_long,1,tokyo,1.40000000000029,48.54794909295863,-2.1999999999988695,0.9999999999998899,2.1999999999988695,0.9999999999998899,0.9999999999998899,2.1999999999988695,-0.3999999999981796,0.9999999999998899,2.1999999999988695,1.7000000000000348,4.20000000000087,2.9999999999996696,7.4000000000018495,12.199999999999989,2.9999999999996696
2023-01-13 07:45:00+00:00,EUR_USD,C1_trend_cont_long,1,london,1.5999999999993797,48.54794909295863,-4.3999999999999595,0.0,4.3999999999999595,0.0,0.0,4.3999999999999595,0.8999999999992347,5.399999999999849,4.3999999999999595,6.199999999998429,12.799999999999478,5.20000000000076,13.399999999998968,16.799999999999038,5.20000000000076
2023-01-13 10:00:00+00:00,EUR_USD,C1_trend_cont_long,1,london,1.500000000000945,47.32309558631868,1.40000000000029,1.40000000000029,0.0,3.5999999999991594,4.8000000000003595,0.0,3.1999999999987594,5.399999999999849,0.0,-2.6999999999999247,5.399999999999849,2.6999999999999247,-3.9999999999995595,5.399999999999849,8.00000000000134
2023-01-13 11:00:00+00:00,EUR_USD,C1_trend_cont_long,1,london,1.4999999999987246,47.32309558631868,-5.60000000000116,0.0,5.60000000000116,-8.80000000000214,0.0,12.199999999999989,-12.800000000001699,0.0,12.800000000001699,-28.000000000001357,0.0,28.000000000001357,-30.000000000001137,0.0,32.70000000000106
2023-01-13 15:15:00+00:00,EUR_USD,C1_trend_cont_long,1,ny,1.40000000000029,48.17144590158157,-1.100000000000545,0.0,3.9999999999995595,-1.100000000000545,0.0,3.9999999999995595,-1.2999999999996348,0.8999999999992347,4.100000000000215,0.2999999999997449,0.8999999999992347,9.799999999999809,-20.100000000000673,5.5000000000005045,20.100000000000673
2023-01-13 17:45:00+00:00,EUR_USD,C1_trend_cont_long,1,ny,1.2999999999996348,48.17144590158157,-0.20000000000131024,0.0,2.5999999999992696,1.80000000000069,1.80000000000069,2.5999999999992696,1.4999999999987246,1.80000000000069,2.5999999999992696,-1.2999999999996348,1.80000000000069,2.9999999999996696,-0.20000000000131024,2.4000000000001798,8.60000000000083
2023-01-13 18:45:00+00:00,EUR_USD,C1_trend_cont_long,1,ny,1.40000000000029,48.90205690861136,3.300000000001635,3.300000000001635,0.0,3.8000000000004697,6.00000000000156,0.0,3.60000000000138,6.00000000000156,0.0,7.200000000000539,7.200000000000539,0.0,-0.09999999999843467,7.200000000000539,0.09999999999843467
2023-01-15 23:45:00+00:00,EUR_USD,C1_trend_cont_long,1,offhours,1.8999999999991246,48.90205690861136,0.40000000000040004,0.40000000000040004,2.8999999999990145,-2.2999999999995246,0.40000000000040004,2.8999999999990145,-2.6999999999999247,0.40000000000040004,3.4000000000000696,6.00000000000156,6.099999999999994,3.4000000000000696,11.200000000000099,14.400000000001079,3.4000000000000696
2023-01-16 11:15:00+00:00,EUR_USD,C1_trend_cont_long,1,london,1.500000000000945,49.472181722220945,0.8000000000008001,0.8000000000008001,2.20000000000109,-0.8000000000008001,0.8000000000008001,2.4000000000001798,0.700000000000145,0.8000000000008001,2.4000000000001798,-3.5999999999991594,2.1999999999988695,3.5999999999991594,-9.799999999999809,2.1999999999988695,10.300000000000864
2023-01-17 00:00:00+00:00,EUR_USD,C1_trend_cont_long,1,tokyo,1.5999999999993797,45.949483219670185,2.5999999999992696,3.4000000000000696,0.0,3.1999999999987594,3.8000000000004697,0.0,5.199999999998539,6.299999999999084,0.0,1.80000000000069,6.299999999999084,0.0,0.9999999999998899,6.299999999999084,1.7000000000000348
2023-01-17 05:00:00+00:00,EUR_USD,C1_trend_cont_long,1,tokyo,1.4999999999987246,45.949483219670185,0.0,0.0,1.2000000000012,2.5999999999992696,2.5999999999992696,1.2000000000012,5.999999999999339,6.099999999999994,1.2000000000012,2.1999999999988695,6.399999999999739,1.2000000000012,2.1999999999988695,6.399999999999739,2.60000000000149
2023-01-17 06:00:00+00:00,EUR_USD,C1_trend_cont_long,1,tokyo,1.7000000000000348,44.581662989693754,0.0,1.8999999999991246,-0.0,0.40000000000040004,1.8999999999991246,-0.0,6.800000000000139,6.800000000000139,-0.0,2.9999999999996696,6.800000000000139,-0.0,-10.799999999999699,6.800000000000139,14.000000000000679
2023-01-17 08:00:00+00:00,EUR_USD,C1_trend_cont_long,1,london,1.40000000000029,44.581662989693754,2.7999999999983594,4.499999999998394,0.0,3.8999999999989043,4.499999999998394,0.0,4.100000000000215,4.499999999998394,0.0,-2.100000000000435,6.500000000000394,2.100000000000435,-2.80000000000058,6.500000000000394,6.800000000000139
2023-01-17 12:00:00+00:00,EUR_USD,C1_trend_cont_long,1,ny,1.40000000000029,43.38297277614421,-7.900000000000684,0.10000000000065512,8.299999999998864,-5.5000000000005045,0.10000000000065512,9.099999999999664,0.10000000000065512,0.10000000000065512,9.099999999999664,11.099999999999444,12.499999999999734,9.099999999999664,21.800000000000708,24.699999999999722,9.099999999999664
2023-01-18 09:00:00+00:00,EUR_USD,C1_trend_cont_long,1,london,1.2999999999996348,46.41945743046248,-6.499999999998174,0.0,6.499999999998174,4.500000000000615,4.500000000000615,6.499999999998174,4.700000000001925,4.700000000001925,6.499999999998174,9.500000000000064,10.200000000000209,6.499999999998174,20.999999999999908,26.200000000000667,6.499999999998174
2023-01-18 12:15:00+00:00,EUR_USD,C1_trend_cont_long,1,ny,1.500000000000945,49.689496185429455,-1.7000000000000348,0.1999999999990898,2.80000000000058,2.1999999999988695,4.599999999999049,2.80000000000058,2.9999999999996696,5.399999999999849,2.80000000000058,0.5999999999994898,5.399999999999849,4.999999999999449,10.200000000000209,11.099999999999444,4.999999999999449
2023-01-19 10:00:00+00:00,EUR_USD,C1_trend_cont_long,1,london,1.3000000000018552,51.38849699479526,-3.5999999999991594,0.0,3.9999999999995595,-3.4000000000000696,0.0,3.9999999999995595,-4.599999999999049,0.0,5.999999999999339,-2.1999999999988695,0.0,10.899999999998133,2.4000000000001798,4.8000000000003595,10.899999999998133
2023-01-19 19:00:00+00:00,EUR_USD,C1_trend_cont_long,1,ny,1.4999999999987246,50.12630608224699,0.1999999999990898,1.5999999999993797,1.80000000000069,-4.20000000000087,1.5999999999993797,4.20000000000087,-2.4000000000001798,1.5999999999993797,4.8000000000003595,2.100000000000435,2.100000000000435,4.8000000000003595,4.8000000000003595,7.999999999999119,4.8000000000003595
2023-01-20 05:45:00+00:00,EUR_USD,C1_trend_cont_long,1,tokyo,1.5999999999993797,50.12630608224699,0.5999999999994898,0.5999999999994898,-0.0,2.6999999999999247,2.6999999999999247,-0.0,3.1000000000003247,3.5999999999991594,-0.0,-0.10000000000065512,4.199999999998649,0.10000000000065512,-2.900000000001235,4.199999999998649,4.299999999999304
2023-01-20 07:15:00+00:00,EUR_USD,C1_trend_cont_long,1,london,1.6000000000016001,48.531569933515065,0.4999999999988347,1.80000000000069,0.1999999999990898,3.4000000000000696,7.800000000000029,0.1999999999990898,1.80000000000069,7.800000000000029,0.1999999999990898,2.80000000000058,7.800000000000029,0.5999999999994898,17.400000000000748,18.799999999998818,0.5999999999994898
2023-01-20 10:15:00+00:00,EUR_USD,C1_trend_cont_long,1,london,1.5999999999993797,47.78645779540691,-0.09999999999843467,2.4000000000001798,0.09999999999843467,-1.0999999999983245,2.4000000000001798,3.0999999999981043,6.500000000000394,6.500000000000394,3.0999999999981043,-1.0999999999983245,8.100000000001994,3.0999999999981043,-1.2999999999996348,8.100000000001994,3.9999999999995595
2023-01-20 11:30:00+00:00,EUR_USD,C1_trend_cont_long,1,london,1.500000000000945,47.78645779540691,-3.20000000000098,0.0,3.5000000000007248,-7.0000000000014495,0.0,7.0000000000014495,-5.399999999999849,0.0,7.0000000000014495,-12.900000000000134,0.0,12.900000000000134,-16.100000000001113,0.0,20.200000000001328
2023-01-20 17:00:00+00:00,EUR_USD,C1_trend_cont_long,1,ny,1.4999999999987246,47.58742509573495,3.9999999999995595,3.9999999999995595,1.40000000000029,3.9999999999995595,5.399999999999849,1.40000000000029,7.399999999999629,7.399999999999629,1.40000000000029,12.199999999999989,15.300000000000313,1.40000000000029,15.799999999999148,15.799999999999148,1.40000000000029
2023-01-23 21:30:00+00:00,EUR_USD,C1_trend_cont_long,1,offhours,1.6000000000016001,47.25567439547282,-1.100000000000545,0.2999999999997449,1.100000000000545,-0.5999999999994898,0.2999999999997449,1.100000000000545,-1.7000000000000348,0.2999999999997449,1.8999999999991246,1.2999999999996348,1.2999999999996348,1.8999999999991246,-0.5000000000010552,1.2999999999996348,1.8999999999991246
2023-01-23 23:00:00+00:00,EUR_USD,C1_trend_cont_long,1,offhours,2.100000000000435,47.25567439547282,-1.100000000000545,0.9999999999998899,1.40000000000029,-2.20000000000109,0.9999999999998899,2.20000000000109,-3.9999999999995595,0.9999999999998899,3.9999999999995595,0.0,0.9999999999998899,4.8000000000003595,-0.5999999999994898,2.4000000000001798,4.8000000000003595
2023-01-24 04:30:00+00:00,EUR_USD,C1_trend_cont_long,1,tokyo,1.2999999999996348,47.25567439547282,-0.5999999999994898,0.1999999999990898,0.5999999999994898,0.1999999999990898,0.1999999999990898,1.80000000000069,0.1999999999990898,0.40000000000040004,1.80000000000069,1.80000000000069,1.80000000000069,1.80000000000069,4.999999999999449,5.399999999999849,1.80000000000069
2023-01-24 18:00:00+00:00,EUR_USD,C1_trend_cont_long,1,ny,1.500000000000945,44.755755841553025,-2.20000000000109,1.80000000000069,2.20000000000109,-0.20000000000131024,1.80000000000069,2.5999999999992696,1.40000000000029,2.5999999999992696,2.5999999999992696,2.80000000000058,2.80000000000058,2.5999999999992696,-6.200000000000649,2.80000000000058,7.800000000000029
2023-01-25 15:00:00+00:00,EUR_USD,C1_trend_cont_long,1,ny,1.5999999999993797,41.87262958596655,22.599999999999287,22.599999999999287,3.60000000000138,21.199999999998997,26.200000000000667,3.60000000000138,13.799999999999368,26.200000000000667,3.60000000000138,13.499999999999623,26.200000000000667,3.60000000000138,5.399999999999849,26.200000000000667,3.60000000000138
2023-01-25 16:30:00+00:00,EUR_USD,C1_trend_cont_long,1,ny,1.500000000000945,41.87262958596655,0.8000000000008001,1.80000000000069,0.0,2.4000000000001798,2.4000000000001798,1.1999999999989797,5.20000000000076,5.20000000000076,1.1999999999989797,11.300000000000754,13.500000000001844,1.1999999999989797,9.40000000000163,13.500000000001844,1.1999999999989797
2023-01-26 07:30:00+00:00,EUR_USD,C1_trend_cont_long,1,london,1.5999999999993797,41.3667061225936,3.300000000001635,4.100000000000215,0.0,0.2999999999997449,4.100000000000215,0.0,0.5000000000010552,4.100000000000215,1.100000000000545,0.9999999999998899,4.100000000000215,2.6999999999999247,-1.7000000000000348,9.00000000000123,5.399999999999849
2023-01-27 00:00:00+00:00,EUR_USD,C1_trend_cont_long,1,tokyo,1.7999999999984695,42.5263313962604,0.40000000000040004,1.5999999999993797,0.0,1.4999999999987246,1.5999999999993797,0.5000000000010552,0.5999999999994898,1.5999999999993797,0.5000000000010552,1.9999999999997797,2.4000000000001798,0.5000000000010552,0.1999999999990898,3.5999999999991594,1.2000000000012
2023-01-27 11:00:00+00:00,EUR_USD,C1_trend_cont_long,1,london,1.4999999999987246,40.22525513248987,2.7999999999983594,3.1999999999987594,0.0,0.40000000000040004,3.1999999999987594,-0.0,2.6999999999999247,3.1999999999987594,-0.0,-5.20000000000076,3.4000000000000696,5.20000000000076,-10.40000000000152,3.4000000000000696,13.700000000000934
2023-02-02 08:15:00+00:00,EUR_USD,C1_trend_cont_long,1,london,1.40000000000029,41.72569101662459,3.6999999999998145,5.699999999999594,0.0,0.4999999999988347,5.699999999999594,-0.0,2.7999999999983594,5.699999999999594,0.700000000000145,-3.5000000000007248,5.699999999999594,5.5000000000005045,-11.200000000000099,5.699999999999594,11.499999999999844
2023-02-02 09:45:00+00:00,EUR_USD,C1_trend_cont_long,1,london,1.500000000000945,41.72569101662459,-2.1999999999988695,2.80000000000058,2.1999999999988695,-2.5999999999992696,2.80000000000058,5.1000000000001044,-3.5999999999991594,2.80000000000058,5.1000000000001044,-10.599999999998388,2.80000000000058,10.599999999998388,-14.799999999999258,2.80000000000058,20.899999999999253
2023-02-02 11:30:00+00:00,EUR_USD,C1_trend_cont_long,1,london,1.40000000000029,41.08814165829423,-0.700000000000145,0.0,1.9999999999997797,2.8999999999990145,2.8999999999990145,1.9999999999997797,-0.10000000000065512,2.8999999999990145,1.9999999999997797,4.500000000000615,4.500000000000615,3.20000000000098,2.100000000000435,4.500000000000615,7.699999999999374
2023-02-03 11:00:00+00:00,EUR_USD,C1_trend_cont_long,1,london,1.40000000000029,43.94231866676759,-5.399999999999849,0.0,6.00000000000156,-7.600000000000939,0.0,7.600000000000939,-7.900000000000684,0.0,7.900000000000684,-3.60000000000138,0.0,10.100000000001774,-7.200000000000539,0.0,11.600000000000499
2023-03-13 13:00:00+00:00,EUR_USD,C1_trend_cont_long,1,ny,1.40000000000029,41.27436724919516,-4.099999999997994,0.0,7.699999999999374,-3.4000000000000696,0.0,8.199999999998209,18.60000000000195,18.60000000000195,8.199999999998209,11.400000000001409,25.800000000000267,8.199999999998209,5.800000000000249,25.800000000000267,8.199999999998209
2023-03-14 06:15:00+00:00,EUR_USD,C1_trend_cont_long,1,tokyo,1.500000000000945,42.33963298527541,-5.999999999999339,3.1000000000003247,6.599999999998829,-10.799999999999699,3.1000000000003247,16.699999999998383,-12.999999999998568,3.1000000000003247,16.699999999998383,-15.199999999999658,3.1000000000003247,17.000000000000348,-14.699999999998603,3.1000000000003247,17.599999999999838
2023-03-14 09:00:00+00:00,EUR_USD,C1_trend_cont_long,1,london,1.40000000000029,41.929659200612875,-3.9999999999995595,2.100000000000435,3.9999999999995595,-7.599999999998719,2.100000000000435,9.299999999998754,-6.199999999998429,2.100000000000435,11.099999999999444,-3.4000000000000696,2.4000000000001798,11.099999999999444,9.799999999999809,9.799999999999809,11.099999999999444
2023-03-14 10:30:00+00:00,EUR_USD,C1_trend_cont_long,1,london,1.2999999999996348,41.929659200612875,3.8000000000004697,5.999999999999339,0.0,-0.5999999999994898,5.999999999999339,0.5999999999994898,3.9999999999995595,5.999999999999339,1.9999999999997797,7.800000000000029,7.800000000000029,1.9999999999997797,6.999999999999229,10.200000000000209,1.9999999999997797
2023-03-14 14:15:00+00:00,EUR_USD,C1_trend_cont_long,1,ny,1.500000000000945,43.063254971997594,-3.20000000000098,0.2999999999997449,4.699999999999704,-4.20000000000087,0.2999999999997449,4.699999999999704,-5.699999999999594,0.2999999999997449,8.799999999999919,-1.500000000000945,0.5999999999994898,8.799999999999919,-4.699999999999704,0.8000000000008001,11.600000000000499
2023-03-14 17:00:00+00:00,EUR_USD,C1_trend_cont_long,1,ny,1.4999999999987246,43.25159390256916,4.300000000001525,4.300000000001525,0.0,6.399999999999739,6.399999999999739,0.0,6.200000000000649,6.399999999999739,0.0,10.200000000000209,14.700000000000824,0.0,14.000000000000679,20.999999999999908,0.0
2023-03-15 00:15:00+00:00,EUR_USD,C1_trend_cont_long,1,tokyo,1.5999999999993797,43.25159390256916,1.4999999999987246,2.2999999999995246,0.0,-1.500000000000945,2.2999999999995246,1.500000000000945,-0.5000000000010552,2.2999999999995246,1.500000000000945,-0.5000000000010552,2.2999999999995246,1.500000000000945,2.2999999999995246,5.599999999998939,1.900000000001345
2023-03-15 07:30:00+00:00,EUR_USD,C1_trend_cont_long,1,london,1.6000000000016001,43.205051480957195,-1.7000000000000348,0.0,2.500000000000835,-4.500000000000615,0.0,9.500000000000064,-0.8999999999992347,0.0,9.500000000000064,-0.5000000000010552,0.700000000000145,9.500000000000064,-3.6999999999998145,2.9999999999996696,9.500000000000064
2023-03-15 08:45:00+00:00,EUR_USD,C1_trend_cont_long,1,london,1.7000000000000348,43.205051480957195,-3.5000000000007248,0.0,3.5000000000007248,-2.60000000000149,0.0,4.60000000000127,-4.999999999999449,0.0,6.099999999999994,-15.600000000000058,0.0,20.200000000001328,-66.2000000000007,0.0,66.6000000000011
2023-03-17 09:00:00+00:00,EUR_USD,C1_trend_cont_long,1,london,1.3000000000018552,49.57042216581058,0.3999999999981796,4.199999999998649,0.0,0.9999999999998899,4.199999999998649,0.9999999999998899,1.5999999999993797,4.199999999998649,0.9999999999998899,-9.00000000000123,4.199999999998649,10.499999999999954,-9.600000000000719,4.199999999998649,14.000000000000679
2023-03-17 17:00:00+00:00,EUR_USD,C1_trend_cont_long,1,ny,1.500000000000945,50.07806809194892,0.0,0.0,1.7000000000000348,1.7000000000000348,1.80000000000069,1.7000000000000348,-0.40000000000040004,1.80000000000069,2.80000000000058,2.9999999999996696,2.9999999999996696,4.3999999999999595,4.3999999999999595,6.200000000000649,4.3999999999999595
2023-03-20 04:00:00+00:00,EUR_USD,C1_trend_cont_long,1,tokyo,1.500000000000945,50.07806809194892,-0.8000000000008001,0.0,0.8000000000008001,1.40000000000029,1.7000000000000348,0.8000000000008001,3.9999999999995595,3.9999999999995595,0.8000000000008001,1.4999999999987246,3.9999999999995595,0.8000000000008001,-0.9000000000014552,3.9999999999995595,3.4000000000000696
2023-03-20 05:00:00+00:00,EUR_USD,C1_trend_cont_long,1,tokyo,1.5999999999993797,48.29392037109544,1.2000000000012,2.100000000000435,0.0,5.20000000000076,5.20000000000076,0.0,3.1000000000003247,5.20000000000076,0.0,3.900000000001125,7.300000000001194,0.0,11.100000000001664,11.300000000000754,0.0
2023-03-20 10:00:00+00:00,EUR_USD,C1_trend_cont_long,1,london,1.5999999999993797,48.394354630303006,3.4999999999985043,4.100000000000215,0.20000000000131024,8.299999999998864,9.699999999999154,0.20000000000131024,9.200000000000319,9.699999999999154,0.20000000000131024,16.300000000000203,17.599999999999838,0.20000000000131024,22.899999999999032,26.399999999999757,0.20000000000131024
2023-03-21 04:00:00+00:00,EUR_USD,C1_trend_cont_long,1,tokyo,1.5999999999993797,48.19615271694501,-1.7000000000000348,0.09999999999843467,1.7000000000000348,-2.500000000000835,0.09999999999843467,3.5000000000007248,-0.9000000000014552,0.09999999999843467,3.5000000000007248,-2.900000000001235,0.09999999999843467,3.60000000000138,-2.300000000001745,1.0999999999983245,3.900000000001125
2023-03-21 06:00:00+00:00,EUR_USD,C1_trend_cont_long,1,tokyo,1.5999999999993797,45.867856094306084,0.0,1.100000000000545,-0.0,-2.0999999999982144,1.100000000000545,2.0999999999982144,-4.299999999999304,1.100000000000545,4.299999999999304,-8.999999999999009,1.100000000000545,8.999999999999009,-8.299999999998864,1.100000000000545,11.299999999998533
2023-03-21 07:30:00+00:00,EUR_USD,C1_trend_cont_long,1,london,1.5999999999993797,45.867856094306084,2.7999999999983594,3.4999999999985043,0.0,1.2999999999996348,3.4999999999985043,0.0,0.700000000000145,3.4999999999985043,0.0,2.8999999999990145,6.599999999998829,0.5000000000010552,19.899999999999363,21.100000000000563,0.5000000000010552
2023-03-22 08:15:00+00:00,EUR_USD,C1_trend_cont_long,1,london,1.500000000000945,42.45918986644825,0.0,5.60000000000116,-0.0,4.699999999999704,5.60000000000116,0.2999999999997449,7.999999999999119,10.600000000000609,0.2999999999997449,13.400000000001189,14.400000000001079,0.2999999999997449,20.599999999999508,21.800000000000708,0.2999999999997449
2023-03-23 12:30:00+00:00,EUR_USD,C1_trend_cont_long,1,ny,1.4999999999987246,43.36798373275116,-4.999999999999449,0.0,4.999999999999449,-16.499999999999293,0.0,16.499999999999293,-11.899999999998023,0.0,17.999999999998018,-11.599999999998278,0.0,17.999999999998018,2.20000000000109,2.20000000000109,17.999999999998018
2023-03-23 13:30:00+00:00,EUR_USD,C1_trend_cont_long,1,ny,1.2999999999996348,42.90598489469749,-3.20000000000098,2.4000000000001798,3.20000000000098,-6.399999999999739,2.4000000000001798,6.399999999999739,-5.20000000000076,2.4000000000001798,6.699999999999484,-3.20000000000098,2.4000000000001798,12.199999999999989,3.20000000000098,3.20000000000098,12.199999999999989
2023-03-27 17:00:00+00:00,EUR_USD,C1_trend_cont_long,1,ny,1.2999999999996348,41.77646762326632,-5.1000000000001044,0.0,5.1000000000001044,-5.20000000000076,0.0,5.399999999999849,-4.3999999999999595,0.0,5.399999999999849,-0.5999999999994898,0.0,6.399999999999739,0.700000000000145,2.9999999999996696,6.399999999999739
2023-04-03 11:00:00+00:00,EUR_USD,C1_trend_cont_long,1,london,1.40000000000029,41.280235148167876,-5.999999999999339,0.0,5.999999999999339,-9.500000000000064,0.0,9.500000000000064,-5.999999999999339,0.0,9.599999999998499,-8.099999999999774,0.0,9.599999999998499,-0.3999999999981796,5.00000000000167,9.599999999998499
2023-04-04 03:00:00+00:00,EUR_USD,C1_trend_cont_long,1,tokyo,1.40000000000029,41.643161938981685,-0.8999999999992347,0.0,1.500000000000945,-0.5000000000010552,0.0,1.500000000000945,-0.40000000000040004,0.10000000000065512,1.500000000000945,-1.500000000000945,0.10000000000065512,1.9999999999997797,-1.500000000000945,1.40000000000029,2.2999999999995246
2023-04-04 04:30:00+00:00,EUR_USD,C1_trend_cont_long,1,tokyo,1.5999999999993797,41.643161938981685,-3.5999999999991594,0.8000000000008001,3.5999999999991594,-3.1999999999987594,0.8000000000008001,3.5999999999991594,3.20000000000098,3.4000000000000696,3.5999999999991594,2.4000000000001798,5.60000000000116,3.5999999999991594,-0.9999999999998899,5.60000000000116,3.5999999999991594
2023-04-04 06:15:00+00:00,EUR_USD,C1_trend_cont_long,1,tokyo,1.500000000000945,39.64722180048307,0.8999999999992347,1.5999999999993797,0.1999999999990898,8.699999999999264,8.699999999999264,0.1999999999990898,6.999999999999229,10.200000000000209,0.1999999999990898,13.799999999999368,16.599999999999948,0.1999999999990898,28.200000000000447,28.200000000000447,0.1999999999990898
2023-04-04 11:45:00+00:00,EUR_USD,C1_trend_cont_long,1,london,1.2999999999996348,40.772420243305774,-1.9999999999997797,0.10000000000065512,1.9999999999997797,-2.100000000000435,0.10000000000065512,3.60000000000138,-10.600000000000609,0.10000000000065512,10.900000000000354,-5.1000000000001044,0.10000000000065512,10.900000000000354,-8.399999999999519,0.10000000000065512,10.900000000000354
2023-04-04 14:15:00+00:00,EUR_USD,C1_trend_cont_long,1,ny,1.2999999999996348,41.37439022592666,5.199999999998539,10.799999999999699,0.0,6.399999999999739,10.799999999999699,0.0,12.399999999999078,13.199999999999878,0.0,14.699999999998603,20.999999999999908,0.0,26.199999999998447,29.09999999999968,0.0
2023-04-05 07:15:00+00:00,EUR_USD,C1_trend_cont_long,1,london,1.2999999999996348,42.61975483766122,-0.20000000000131024,1.1999999999989797,0.20000000000131024,-0.40000000000040004,1.1999999999989797,0.9999999999998899,-3.5000000000007248,1.1999999999989797,3.9999999999995595,-5.699999999999594,3.1999999999987594,5.699999999999594,-17.400000000000748,3.1999999999987594,19.200000000001438
2023-04-05 09:15:00+00:00,EUR_USD,C1_trend_cont_long,1,london,1.40000000000029,41.475486634971055,-3.1999999999987594,0.0,3.1999999999987594,-8.599999999998609,0.0,10.599999999998388,-11.599999999998278,0.0,13.999999999998458,-8.199999999998209,0.0,13.999999999998458,-7.399999999999629,0.0,13.999999999998458
2023-04-05 12:30:00+00:00,EUR_USD,C1_trend_cont_long,1,ny,1.2999999999996348,41.475486634971055,4.199999999998649,5.199999999998539,0.0,1.5999999999993797,8.099999999999774,0.0,1.5999999999993797,8.099999999999774,0.0,2.2999999999995246,8.099999999999774,0.9999999999998899,-9.600000000000719,8.099999999999774,13.199999999999878
2023-04-06 23:45:00+00:00,EUR_USD,C1_trend_cont_long,1,offhours,1.4999999999987246,39.84208650693182,-1.7000000000000348,0.0,1.7000000000000348,-0.9999999999998899,0.0,1.7000000000000348,1.40000000000029,1.40000000000029,1.7000000000000348,0.40000000000040004,3.4000000000000696,1.7000000000000348,-3.5999999999991594,3.4000000000000696,6.199999999998429
2023-04-07 02:30:00+00:00,EUR_USD,C1_trend_cont_long,1,tokyo,1.5999999999993797,39.84208650693182,-1.100000000000545,0.0,1.3000000000018552,-0.2999999999997449,0.0,1.3000000000018552,-0.10000000000065512,0.0,1.3000000000018552,-0.700000000000145,0.0,2.6999999999999247,-1.7000000000000348,0.0,2.6999999999999247
2023-04-07 06:30:00+00:00,EUR_USD,C1_trend_cont_long,1,tokyo,1.500000000000945,39.84208650693182,-1.2000000000012,0.9999999999998899,1.2999999999996348,-1.5999999999993797,0.9999999999998899,1.9999999999997797,-1.5999999999993797,0.9999999999998899,2.100000000000435,-0.9999999999998899,0.9999999999998899,2.100000000000435,-0.5999999999994898,1.40000000000029,2.2999999999995246
2023-04-10 09:00:00+00:00,EUR_USD,C1_trend_cont_long,1,london,1.7000000000000348,40.08908032786538,-0.40000000000040004,0.8000000000008001,0.7999999999985796,-1.2999999999996348,0.8000000000008001,1.80000000000069,-0.4999999999988347,0.8000000000008001,1.80000000000069,4.8000000000003595,4.999999999999449,1.80000000000069,-4.100000000000215,4.999999999999449,6.099999999999994
2023-04-11 08:00:00+00:00,EUR_USD,C1_trend_cont_long,1,london,1.40000000000029,40.961118615277165,0.0,0.0,1.5999999999993797,3.6999999999998145,3.6999999999998145,1.5999999999993797,9.200000000000319,9.200000000000319,1.5999999999993797,6.099999999999994,9.700000000001374,1.5999999999993797,11.300000000000754,12.099999999999334,1.5999999999993797
2023-05-03 05:00:00+00:00,EUR_USD,C1_trend_cont_long,1,tokyo,1.4999999999987246,39.82762572107701,1.4999999999987246,3.1999999999987594,0.0,2.1999999999988695,3.1999999999987594,0.0,3.7999999999982492,3.8999999999989043,0.0,-0.2999999999997449,3.8999999999989043,0.2999999999997449,-2.300000000001745,3.8999999999989043,3.4000000000000696
2023-05-05 04:00:00+00:00,EUR_USD,C1_trend_cont_long,1,tokyo,1.4999999999987246,44.14379168847902,1.3999999999980695,1.3999999999980695,0.0,0.5999999999994898,1.3999999999980695,0.0,-2.000000000002,1.3999999999980695,2.000000000002,0.9999999999998899,1.3999999999980695,2.000000000002,0.1999999999990898,1.3999999999980695,2.80000000000058
2023-05-05 06:45:00+00:00,EUR_USD,C1_trend_cont_long,1,tokyo,1.40000000000029,42.426377996444856,6.500000000000394,7.599999999998719,0.0,7.200000000000539,7.599999999998719,0.0,9.600000000000719,9.600000000000719,0.0,-1.5999999999993797,9.600000000000719,3.900000000001125,-1.5999999999993797,9.600000000000719,4.900000000001015
2023-05-08 03:00:00+00:00,EUR_USD,C1_trend_cont_long,1,tokyo,1.500000000000945,44.10257013782411,-0.1999999999990898,0.8000000000008001,0.1999999999990898,2.20000000000109,2.20000000000109,0.9999999999998899,4.00000000000178,4.00000000000178,0.9999999999998899,4.60000000000127,5.5000000000005045,0.9999999999998899,6.700000000001705,7.200000000000539,0.9999999999998899
2023-05-08 10:00:00+00:00,EUR_USD,C1_trend_cont_long,1,london,1.40000000000029,41.00986914945048,3.900000000001125,3.900000000001125,0.0,5.800000000000249,5.800000000000249,0.0,6.300000000001305,6.300000000001305,0.0,4.60000000000127,6.900000000000794,0.0,11.800000000001809,12.499999999999734,0.0
2023-05-08 12:30:00+00:00,EUR_USD,C1_trend_cont_long,1,ny,1.4999999999987246,41.00986914945048,-2.4000000000001798,0.0,2.9999999999996696,0.0,0.0,2.9999999999996696,-0.6000000000017103,0.40000000000040004,2.9999999999996696,-1.9999999999997797,0.9999999999998899,2.9999999999996696,0.09999999999843467,3.6999999999998145,5.00000000000167
2023-05-08 13:45:00+00:00,EUR_USD,C1_trend_cont_long,1,ny,1.40000000000029,40.1234499244898,-0.9999999999998899,0.0,0.9999999999998899,-2.100000000000435,0.0,3.2999999999994145,4.299999999999304,4.299999999999304,3.2999999999994145,-9.300000000000974,4.299999999999304,9.300000000000974,-19.700000000000273,4.299999999999304,19.700000000000273
2023-11-02 17:15:00+00:00,EUR_USD,C1_trend_cont_long,1,ny,1.4999999999987246,40.12236956328936,1.40000000000029,1.40000000000029,1.5999999999993797,3.4000000000000696,3.4000000000000696,1.5999999999993797,4.300000000001525,4.300000000001525,1.5999999999993797,7.4000000000018495,7.4000000000018495,1.5999999999993797,9.200000000000319,9.200000000000319,1.5999999999993797
2023-11-02 20:00:00+00:00,EUR_USD,C1_trend_cont_long,1,ny,1.40000000000029,40.12236956328936,-2.4000000000001798,0.700000000000145,2.4000000000001798,-2.5999999999992696,0.700000000000145,2.5999999999992696,-3.2999999999994145,0.700000000000145,3.4000000000000696,-2.2999999999995246,0.700000000000145,4.100000000000215,-0.9999999999998899,2.2999999999995246,4.100000000000215
2023-11-03 01:45:00+00:00,EUR_USD,C1_trend_cont_long,1,tokyo,1.500000000000945,40.12236956328936,-1.40000000000029,0.5999999999994898,1.40000000000029,-0.20000000000131024,0.5999999999994898,1.6000000000016001,1.3999999999980695,1.3999999999980695,1.6000000000016001,4.799999999998139,4.799999999998139,1.6000000000016001,5.399999999999849,6.599999999998829,1.6000000000016001
2024-11-27 18:00:00+00:00,EUR_USD,C1_trend_cont_long,1,ny,1.7000000000000348,46.18272354054238,1.80000000000069,2.9999999999996696,0.0,1.8999999999991246,4.100000000000215,0.0,1.5999999999993797,4.100000000000215,0.700000000000145,0.0,4.100000000000215,1.40000000000029,-8.00000000000134,4.100000000000215,8.300000000001084
2024-11-28 01:30:00+00:00,EUR_USD,C1_trend_cont_long,1,tokyo,1.7000000000000348,44.27681471621786,-2.100000000000435,2.5999999999992696,2.100000000000435,-3.20000000000098,2.5999999999992696,4.500000000000615,-1.80000000000069,2.5999999999992696,4.500000000000615,-1.2000000000012,3.1999999999987594,4.500000000000615,-4.20000000000087,3.1999999999987594,4.500000000000615
2024-11-28 03:00:00+00:00,EUR_USD,C1_trend_cont_long,1,tokyo,1.5999999999993797,44.27681471621786,-3.6999999999998145,0.0,3.6999999999998145,-2.4999999999986144,0.0,3.6999999999998145,-2.0999999999982144,0.0,3.6999999999998145,-3.1999999999987594,0.0,4.299999999999304,-5.199999999998539,0.0,7.199999999998319
2024-11-28 04:30:00+00:00,EUR_USD,C1_trend_cont_long,1,tokyo,1.7000000000000348,44.27681471621786,-0.40000000000040004,0.5999999999994898,0.5999999999994898,0.5999999999994898,0.5999999999994898,0.5999999999994898,-0.9999999999998899,0.8000000000008001,0.9999999999998899,0.0,0.8000000000008001,3.2999999999994145,-0.5999999999994898,2.5999999999992696,3.2999999999994145
2024-11-28 05:45:00+00:00,EUR_USD,C1_trend_cont_long,1,tokyo,1.500000000000945,44.27681471621786,-2.7999999999983594,0.40000000000040004,2.7999999999983594,-5.199999999998539,0.40000000000040004,5.199999999998539,-7.800000000000029,0.40000000000040004,7.800000000000029,-9.599999999998499,0.40000000000040004,13.399999999998968,-4.699999999999704,0.40000000000040004,13.399999999998968
2025-01-21 03:00:00+00:00,EUR_USD,C1_trend_cont_long,1,tokyo,1.6000000000016001,40.84022016832922,-0.10000000000065512,2.6999999999999247,0.10000000000065512,4.299999999999304,4.299999999999304,0.700000000000145,10.099999999999554,10.099999999999554,0.700000000000145,9.099999999999664,10.300000000000864,0.700000000000145,0.5000000000010552,10.300000000000864,2.8999999999990145
2025-01-21 04:15:00+00:00,EUR_USD,C1_trend_cont_long,1,tokyo,1.7000000000000348,40.84022016832922,5.1000000000001044,5.1000000000001044,0.0,6.999999999999229,7.500000000000284,0.0,6.699999999999484,8.999999999999009,0.0,-0.700000000000145,8.999999999999009,0.700000000000145,-3.4000000000000696,8.999999999999009,3.4000000000000696
2025-01-21 13:45:00+00:00,EUR_USD,C1_trend_cont_long,1,ny,1.6000000000016001,40.50865922677372,-2.500000000000835,0.0,4.100000000000215,-1.8999999999991246,1.100000000000545,4.500000000000615,2.100000000000435,2.9999999999996696,4.500000000000615,7.900000000000684,8.500000000000174,4.500000000000615,20.299999999999763,20.499999999998852,4.500000000000615
2025-01-21 23:30:00+00:00,EUR_USD,C1_trend_cont_long,1,offhours,1.5999999999993797,39.803908280328784,-0.700000000000145,2.300000000001745,1.0999999999983245,-1.3999999999980695,2.300000000001745,2.0999999999982144,1.900000000001345,2.300000000001745,2.4999999999986144,2.300000000001745,6.500000000000394,2.4999999999986144,13.900000000000023,17.20000000000166,2.4999999999986144
2025-02-05 06:00:00+00:00,EUR_USD,C1_trend_cont_long,1,tokyo,1.40000000000029,47.100022952120156,-1.5999999999993797,0.1999999999990898,1.5999999999993797,2.5999999999992696,2.5999999999992696,2.20000000000109,5.20000000000076,5.20000000000076,2.20000000000109,14.799999999999258,17.000000000000348,2.20000000000109,8.099999999999774,17.000000000000348,2.20000000000109
2025-02-13 15:15:00+00:00,EUR_USD,C1_trend_cont_long,1,ny,1.5999999999993797,40.872617919367,-1.2000000000012,6.499999999998174,1.3000000000018552,-4.00000000000178,6.499999999998174,4.900000000001015,-7.900000000000684,6.499999999998174,7.900000000000684,-0.6000000000017103,6.499999999998174,7.900000000000684,13.399999999998968,13.399999999998968,7.900000000000684
2025-02-13 19:15:00+00:00,EUR_USD,C1_trend_cont_long,1,ny,1.7000000000000348,42.496002353697875,3.20000000000098,3.20000000000098,0.0,-0.5999999999994898,3.20000000000098,1.7000000000000348,5.399999999999849,5.399999999999849,1.7000000000000348,-3.1000000000003247,7.399999999999629,3.1000000000003247,13.499999999999623,13.499999999999623,3.8999999999989043
2025-02-14 12:30:00+00:00,EUR_USD,C1_trend_cont_long,1,ny,1.40000000000029,43.55747710316129,3.60000000000138,3.60000000000138,0.0,0.700000000000145,3.60000000000138,0.0,-3.9999999999995595,3.60000000000138,3.9999999999995595,2.6999999999999247,3.60000000000138,3.9999999999995595,23.699999999999832,23.699999999999832,3.9999999999995595
2025-02-17 00:45:00+00:00,EUR_USD,C1_trend_cont_long,1,tokyo,1.4999999999987246,40.60527594593505,1.40000000000029,2.60000000000149,-0.0,3.8000000000004697,3.8000000000004697,-0.0,1.80000000000069,3.9999999999995595,-0.0,4.3999999999999595,4.60000000000127,-0.0,14.199999999999768,15.000000000000568,-0.0
2025-02-17 04:30:00+00:00,EUR_USD,C1_trend_cont_long,1,tokyo,1.500000000000945,40.60527594593505,0.6000000000017103,0.6000000000017103,-0.0,0.8000000000008001,0.8000000000008001,0.1999999999990898,1.6000000000016001,1.6000000000016001,0.1999999999990898,2.80000000000058,3.5000000000007248,0.1999999999990898,-3.4000000000000696,4.60000000000127,3.4000000000000696
2025-03-06 10:45:00+00:00,EUR_USD,C1_trend_cont_long,1,london,1.5999999999993797,44.5528371672517,-0.1999999999990898,0.40000000000040004,2.6999999999999247,-4.999999999999449,0.40000000000040004,4.999999999999449,-3.4000000000000696,0.40000000000040004,4.999999999999449,-0.9999999999998899,1.7000000000000348,7.399999999999629,5.800000000000249,5.800000000000249,9.999999999998899
2025-03-06 11:45:00+00:00,EUR_USD,C1_trend_cont_long,1,london,1.5999999999993797,44.5528371672517,-8.799999999999919,0.0,8.799999999999919,-0.5999999999994898,0.0,8.799999999999919,-1.40000000000029,0.0,8.799999999999919,4.8000000000003595,4.8000000000003595,8.799999999999919,0.9999999999998899,5.00000000000167,8.799999999999919
2025-03-06 17:30:00+00:00,EUR_USD,C1_trend_cont_long,1,ny,1.500000000000945,45.83477736959093,-6.800000000000139,0.0,6.800000000000139,-7.600000000000939,0.0,9.300000000000974,-13.400000000001189,0.0,13.400000000001189,-15.100000000001224,0.0,18.800000000001038,-26.200000000000667,0.0,26.200000000000667
2025-03-07 02:30:00+00:00,EUR_USD,C1_trend_cont_long,1,tokyo,1.5999999999993797,46.91774171153497,-1.9999999999997797,0.10000000000065512,1.9999999999997797,3.5000000000007248,3.5000000000007248,1.9999999999997797,3.8000000000004697,3.9999999999995595,1.9999999999997797,3.6999999999998145,5.899999999998684,1.9999999999997797,13.099999999999223,13.099999999999223,1.9999999999997797
2025-03-07 20:30:00+00:00,EUR_USD,C1_trend_cont_long,1,ny,1.40000000000029,47.78658165928642,0.40000000000040004,0.9999999999998899,0.1999999999990898,0.0,1.6000000000016001,0.1999999999990898,-0.4999999999988347,1.6000000000016001,0.7999999999985796,0.6000000000017103,2.80000000000058,1.9999999999997797,-5.599999999998939,4.900000000001015,5.599999999998939
2025-03-09 22:15:00+00:00,EUR_USD,C1_trend_cont_long,1,offhours,1.8999999999991246,46.20896868362308,-9.399999999999409,0.0,9.399999999999409,-3.5000000000007248,0.0,9.399999999999409,-7.300000000001194,0.0,9.399999999999409,-8.399999999999519,0.0,9.399999999999409,5.999999999999339,5.999999999999339,10.799999999999699
2025-03-10 10:00:00+00:00,EUR_USD,C1_trend_cont_long,1,london,1.500000000000945,45.42610054863407,-1.9999999999997797,0.0,6.6000000000010495,-4.20000000000087,0.8000000000008001,6.6000000000010495,1.100000000000545,1.8999999999991246,6.6000000000010495,8.900000000000574,14.399999999998858,6.6000000000010495,1.1999999999989797,14.399999999998858,6.6000000000010495
2025-03-10 15:00:00+00:00,EUR_USD,C1_trend_cont_long,1,ny,1.40000000000029,46.88852193801726,-9.999999999998899,0.0,10.599999999998388,-13.999999999998458,0.0,14.999999999998348,-13.199999999999878,0.0,15.399999999998748,-7.800000000000029,0.0,17.999999999998018,-8.999999999999009,0.0,25.499999999998302
2025-03-10 17:45:00+00:00,EUR_USD,C1_trend_cont_long,1,ny,1.40000000000029,45.682198942444685,1.500000000000945,4.3999999999999595,0.0,-9.099999999999664,4.3999999999999595,9.099999999999664,-13.900000000000023,4.3999999999999595,13.900000000000023,-18.099999999998673,4.3999999999999595,18.099999999998673,-13.900000000000023,4.3999999999999595,22.499999999998632
2025-03-10 21:04:00+00:00,EUR_USD,C1_trend_cont_long,1,offhours,3.7999999999982492,45.682198942444685,-0.4999999999988347,0.0,0.4999999999988347,-0.2999999999997449,0.0,0.4999999999988347,-0.5999999999994898,0.0,0.5999999999994898,0.2999999999997449,0.2999999999997449,1.7000000000000348,2.500000000000835,2.500000000000835,1.7000000000000348
2025-03-10 23:15:00+00:00,EUR_USD,C1_trend_cont_long,1,offhours,1.7000000000000348,45.682198942444685,-1.9999999999997797,0.0,3.2999999999994145,0.20000000000131024,0.40000000000040004,3.2999999999994145,0.10000000000065512,0.40000000000040004,3.2999999999994145,-0.10000000000065512,0.700000000000145,3.2999999999994145,0.9999999999998899,5.300000000001415,3.8000000000004697
2025-03-11 06:30:00+00:00,EUR_USD,C1_trend_cont_long,1,tokyo,1.7000000000000348,44.654899017984405,2.60000000000149,9.200000000000319,0.0,-2.1999999999988695,9.200000000000319,2.1999999999988695,0.8000000000008001,9.200000000000319,2.1999999999988695,-8.399999999999519,9.200000000000319,10.099999999999554,12.600000000000389,14.600000000000168,10.099999999999554
2025-03-11 22:15:00+00:00,EUR_USD,C1_trend_cont_long,1,offhours,1.3999999999980695,45.449056925568826,-1.3999999999980695,0.0,2.5999999999992696,-1.2999999999996348,0.0,2.5999999999992696,-1.5999999999993797,0.0,2.5999999999992696,-2.7999999999983594,0.0,3.399999999997849,-1.7999999999984695,0.6000000000017103,3.399999999997849
2025-03-12 08:15:00+00:00,EUR_USD,C1_trend_cont_long,1,london,1.7999999999984695,43.888410002313854,0.5999999999994898,0.5999999999994898,0.8999999999992347,2.100000000000435,3.1000000000003247,0.8999999999992347,-0.5000000000010552,3.1000000000003247,0.8999999999992347,5.9000000000009045,9.099999999999664,0.8999999999992347,9.900000000000464,16.099999999998893,1.100000000000545
2025-03-12 11:15:00+00:00,EUR_USD,C1_trend_cont_long,1,london,1.40000000000029,43.210666430719925,0.09999999999843467,1.4999999999987246,0.40000000000040004,2.1999999999988695,2.1999999999988695,0.40000000000040004,1.9999999999997797,2.7999999999983594,0.40000000000040004,-6.399999999999739,2.7999999999983594,7.200000000000539,-16.199999999999548,2.7999999999983594,16.199999999999548
2025-03-12 15:00:00+00:00,EUR_USD,C1_trend_cont_long,1,ny,1.4999999999987246,44.12419025709711,0.0,2.4999999999986144,2.80000000000058,3.7999999999982492,3.7999999999982492,4.00000000000178,-1.80000000000069,3.7999999999982492,4.00000000000178,3.9999999999995595,5.899999999998684,4.00000000000178,8.199999999998209,9.799999999999809,4.00000000000178
2025-03-12 17:15:00+00:00,EUR_USD,C1_trend_cont_long,1,ny,1.500000000000945,44.708176667304514,2.500000000000835,2.500000000000835,2.4000000000001798,0.700000000000145,2.80000000000058,2.4000000000001798,3.20000000000098,3.900000000001125,2.4000000000001798,-1.4999999999987246,5.20000000000076,3.5999999999991594,-4.999999999999449,5.20000000000076,4.999999999999449
2025-03-13 02:15:00+00:00,EUR_USD,C1_trend_cont_long,1,tokyo,1.5999999999993797,43.97902119106844,-1.1999999999989797,0.0,1.2999999999996348,-1.9999999999997797,0.0,2.4000000000001798,-1.7999999999984695,0.0,2.4000000000001798,-0.7999999999985796,0.0,3.8000000000004697,-6.999999999999229,0.40000000000040004,7.500000000000284
2025-03-14 11:00:00+00:00,EUR_USD,C1_trend_cont_long,1,london,1.7000000000000348,39.650091077051684,0.8999999999992347,3.1999999999987594,0.8000000000008001,-3.6999999999998145,3.1999999999987594,4.999999999999449,-1.40000000000029,3.1999999999987594,8.20000000000043,11.999999999998678,11.999999999998678,8.20000000000043,3.8999999999989043,11.999999999998678,8.20000000000043
2025-04-03 18:30:00+00:00,EUR_USD,C1_trend_cont_long,1,ny,1.6000000000016001,56.45264121167777,2.5999999999992696,5.20000000000076,0.0,1.7000000000000348,5.20000000000076,0.0,6.800000000000139,6.800000000000139,0.0,3.8000000000004697,8.900000000000574,0.0,-12.499999999999734,8.900000000000574,12.600000000000389
2025-04-03 20:30:00+00:00,EUR_USD,C1_trend_cont_long,1,ny,1.5999999999993797,56.45264121167777,2.4999999999986144,3.1999999999987594,0.0,4.899999999998794,4.899999999998794,0.0,12.900000000000134,12.900000000000134,0.0,19.399999999998307,19.499999999998963,0.0,16.199999999999548,19.499999999998963,0.0
2025-04-04 07:15:00+00:00,EUR_USD,C1_trend_cont_long,1,london,1.7000000000000348,54.50814471823248,-8.199999999998209,0.0,8.199999999998209,-11.200000000000099,0.0,11.200000000000099,-11.799999999999589,0.0,12.399999999999078,-40.29999999999978,0.0,43.199999999998795,-55.19999999999969,0.0,83.59999999999923
2025-04-04 10:30:00+00:00,EUR_USD,C1_trend_cont_long,1,london,1.3999999999980695,60.07184866693026,2.9999999999996696,9.799999999999809,0.0,-1.500000000000945,9.799999999999809,1.500000000000945,-4.20000000000087,9.799999999999809,5.00000000000167,-14.800000000001479,9.799999999999809,15.900000000002024,9.099999999999664,23.299999999999432,15.900000000002024
2025-04-07 06:00:00+00:00,EUR_USD,C1_trend_cont_long,1,tokyo,1.900000000001345,65.60011374885993,-7.599999999998719,2.20000000000109,7.599999999998719,-6.599999999998829,2.20000000000109,11.200000000000099,-9.299999999998754,2.20000000000109,11.200000000000099,-17.199999999999438,2.20000000000109,17.199999999999438,-9.599999999998499,5.399999999999849,22.699999999999942
2025-04-07 08:45:00+00:00,EUR_USD,C1_trend_cont_long,1,london,1.500000000000945,65.60011374885993,9.80000000000203,11.600000000000499,0.0,16.80000000000126,20.000000000000018,0.0,-3.1999999999987594,20.000000000000018,3.1999999999987594,-12.399999999999078,20.000000000000018,15.199999999999658,-36.399999999998656,20.000000000000018,37.8999999999996
2025-04-08 04:00:00+00:00,EUR_USD,C1_trend_cont_long,1,tokyo,1.4999999999987246,66.36218889996836,1.1999999999989797,2.1999999999988695,0.40000000000040004,1.9999999999997797,2.9999999999996696,0.40000000000040004,4.799999999998139,4.999999999999449,0.40000000000040004,15.399999999998748,15.600000000000058,0.40000000000040004,10.699999999999044,15.600000000000058,0.40000000000040004
2025-04-08 21:04:00+00:00,EUR_USD,C1_trend_cont_long,1,offhours,9.999999999998899,65.47143229613397,-1.2999999999996348,0.5999999999994898,5.1000000000001044,-0.8000000000008001,0.5999999999994898,5.1000000000001044,0.5999999999994898,0.5999999999994898,5.1000000000001044,0.0,1.7000000000000348,5.1000000000001044,6.500000000000394,6.999999999999229,5.1000000000001044
2025-04-09 08:30:00+00:00,EUR_USD,C1_trend_cont_long,1,london,1.6000000000016001,68.68061570355295,4.100000000000215,4.100000000000215,1.100000000000545,-5.999999999999339,4.100000000000215,5.999999999999339,9.200000000000319,9.200000000000319,5.999999999999339,-1.100000000000545,9.200000000000319,5.999999999999339,2.100000000000435,10.099999999999554,14.700000000000824
2025-04-09 15:00:00+00:00,EUR_USD,C1_trend_cont_long,1,ny,1.500000000000945,71.43685741785943,7.199999999998319,7.199999999998319,0.0,8.699999999999264,11.399999999999189,0.0,11.399999999999189,14.399999999998858,0.0,21.799999999998487,23.599999999999177,0.0,-2.60000000000149,28.999999999999027,2.60000000000149
2025-04-10 08:00:00+00:00,EUR_USD,C1_trend_cont_long,1,london,1.9999999999997797,74.326376001107,-2.8999999999990145,0.0,8.499999999997954,-11.999999999998678,0.0,11.999999999998678,-4.999999999999449,0.0,11.999999999998678,0.0,6.800000000000139,11.999999999998678,9.200000000000319,17.000000000000348,11.999999999998678
2025-04-11 15:45:00+00:00,EUR_USD,C1_trend_cont_long,1,ny,1.80000000000069,97.20253295776828,7.0000000000014495,7.0000000000014495,0.0,6.00000000000156,10.000000000001119,0.0,-20.499999999998852,10.000000000001119,20.499999999998852,-23.999999999999577,10.000000000001119,25.299999999999212,-40.29999999999978,10.000000000001119,60.09999999999849
2025-04-11 19:30:00+00:00,EUR_USD,C1_trend_cont_long,1,ny,1.80000000000069,99.9523520322133,4.100000000000215,4.100000000000215,2.4000000000001798,3.8000000000004697,6.099999999999994,2.4000000000001798,1.1999999999989797,6.099999999999994,2.4000000000001798,6.500000000000394,9.699999999999154,2.4000000000001798,18.799999999998818,18.799999999998818,2.4000000000001798
2025-04-13 22:30:00+00:00,EUR_USD,C1_trend_cont_long,1,offhours,2.4000000000001798,98.49146974419799,-4.199999999998649,3.8000000000004697,4.199999999998649,-3.4000000000000696,3.8000000000004697,7.299999999998974,-9.999999999998899,3.8000000000004697,9.999999999998899,-12.199999999999989,3.8000000000004697,18.599999999999728,-18.899999999999473,3.8000000000004697,23.999999999999577
2025-04-13 23:45:00+00:00,EUR_USD,C1_trend_cont_long,1,offhours,1.40000000000029,98.49146974419799,4.20000000000087,4.3999999999999595,0.0,0.0,4.3999999999999595,2.4000000000001798,4.8000000000003595,4.8000000000003595,2.4000000000001798,24.200000000000887,27.600000000000957,2.4000000000001798,15.600000000000058,27.600000000000957,2.4000000000001798
2025-04-14 10:30:00+00:00,EUR_USD,C1_trend_cont_long,1,london,1.7999999999984695,93.44111421821162,-1.80000000000069,4.20000000000087,1.80000000000069,-4.20000000000087,4.20000000000087,4.20000000000087,-2.4000000000001798,4.20000000000087,4.599999999999049,-1.5999999999993797,4.20000000000087,4.599999999999049,3.4000000000000696,5.20000000000076,5.599999999998939
2025-04-14 15:00:00+00:00,EUR_USD,C1_trend_cont_long,1,ny,1.500000000000945,92.00960605976805,4.999999999999449,6.999999999999229,0.0,0.9999999999998899,6.999999999999229,3.8000000000004697,-3.6999999999998145,6.999999999999229,3.9999999999995595,3.5999999999991594,6.999999999999229,15.499999999999403,-11.799999999999589,11.200000000000099,15.499999999999403
2025-04-14 16:15:00+00:00,EUR_USD,C1_trend_cont_long,1,ny,1.4999999999987246,92.00960605976805,-13.600000000000279,3.5999999999991594,13.600000000000279,-8.099999999999774,3.5999999999991594,16.300000000000203,-7.099999999999884,3.5999999999991594,16.300000000000203,-10.600000000000609,3.5999999999991594,16.300000000000203,-21.999999999999797,3.5999999999991594,32.2
2025-04-14 19:15:00+00:00,EUR_USD,C1_trend_cont_long,1,ny,1.40000000000029,91.58034848407044,3.20000000000098,4.8000000000003595,0.0,1.9999999999997797,4.8000000000003595,-0.0,7.999999999999119,7.999999999999119,-0.0,1.9999999999997797,8.20000000000043,-0.0,-4.999999999999449,8.20000000000043,13.699999999998713
2025-04-14 20:15:00+00:00,EUR_USD,C1_trend_cont_long,1,ny,1.6999999999978144,91.58034848407044,-3.60000000000138,1.5999999999993797,3.60000000000138,-3.9999999999995595,1.5999999999993797,6.500000000000394,-8.00000000000134,1.5999999999993797,8.500000000000174,-3.9999999999995595,1.5999999999993797,10.099999999999554,-7.900000000000684,1.5999999999993797,10.099999999999554
2025-04-15 03:00:00+00:00,EUR_USD,C1_trend_cont_long,1,tokyo,1.500000000000945,87.99603787806544,-4.900000000001015,0.0,5.399999999999849,-3.20000000000098,0.0,5.399999999999849,-5.00000000000167,0.0,5.399999999999849,-2.20000000000109,0.0,8.900000000000574,-4.8000000000003595,0.0,8.900000000000574
2025-04-15 07:45:00+00:00,EUR_USD,C1_trend_cont_long,1,london,1.7000000000000348,85.10346374391776,2.3999999999979593,2.3999999999979593,1.6000000000016001,9.799999999999809,10.999999999998789,1.6000000000016001,15.999999999998238,15.999999999998238,1.6000000000016001,11.199999999997878,31.999999999998696,1.6000000000016001,0.5999999999994898,31.999999999998696,1.6000000000016001
2025-04-15 09:30:00+00:00,EUR_USD,C1_trend_cont_long,1,london,1.500000000000945,83.19607347649512,-6.299999999999084,0.9999999999998899,6.299999999999084,-1.5999999999993797,0.9999999999998899,7.199999999998319,-5.800000000000249,0.9999999999998899,7.199999999998319,-12.799999999999478,0.9999999999998899,13.600000000000279,-0.9999999999998899,0.9999999999998899,14.199999999999768
2025-04-16 02:00:00+00:00,EUR_USD,C1_trend_cont_long,1,tokyo,1.40000000000029,75.56230810053181,2.9999999999996696,3.9999999999995595,0.6000000000017103,-1.3000000000018552,4.899999999998794,1.3000000000018552,-1.100000000000545,4.899999999998794,3.900000000001125,5.699999999999594,5.699999999999594,3.900000000001125,5.599999999998939,7.199999999998319,3.900000000001125
2025-04-17 02:45:00+00:00,EUR_USD,C1_trend_cont_long,1,tokyo,1.500000000000945,67.40116350622267,-1.1999999999989797,0.0,3.1999999999987594,-1.5999999999993797,0.0,3.1999999999987594,0.8000000000008001,0.8000000000008001,3.1999999999987594,-2.8999999999990145,0.8000000000008001,7.599999999998719,-15.199999999999658,0.8000000000008001,15.199999999999658
2025-04-17 07:45:00+00:00,EUR_USD,C1_trend_cont_long,1,london,1.6000000000016001,65.67250897006399,0.1999999999990898,1.2000000000012,5.999999999999339,5.5000000000005045,5.5000000000005045,5.999999999999339,8.20000000000043,8.20000000000043,5.999999999999339,2.5999999999992696,8.20000000000043,5.999999999999339,7.699999999999374,16.199999999999548,5.999999999999339
2025-04-17 10:30:00+00:00,EUR_USD,C1_trend_cont_long,1,london,1.5999999999993797,64.23161547220232,-5.199999999998539,0.0,5.199999999998539,-5.799999999998029,0.0,7.199999999998319,-6.499999999998174,0.0,7.199999999998319,-14.799999999999258,0.0,14.799999999999258,-4.199999999998649,0.0,14.799999999999258
2025-04-17 14:30:00+00:00,EUR_USD,C1_trend_cont_long,1,ny,1.7000000000000348,62.91507150990202,-7.200000000000539,0.0,9.00000000000123,-4.8000000000003595,0.9999999999998899,9.00000000000123,-1.100000000000545,0.9999999999998899,9.00000000000123,-26.800000000000157,0.9999999999998899,32.2,-2.300000000001745,0.9999999999998899,32.2
2025-04-17 19:00:00+00:00,EUR_USD,C1_trend_cont_long,1,ny,1.6000000000016001,61.80685211633756,-2.2999999999995246,0.0,2.5999999999992696,-0.10000000000065512,0.0,2.8999999999990145,-3.6999999999998145,0.8999999999992347,3.8999999999989043,1.100000000000545,1.7000000000000348,3.8999999999989043,-1.100000000000545,2.20000000000109,3.8999999999989043
2025-04-18 05:30:00+00:00,EUR_USD,C1_trend_cont_long,1,tokyo,2.500000000000835,56.654887794188916,-1.5999999999993797,0.2999999999997449,1.80000000000069,0.40000000000040004,0.9999999999998899,1.9999999999997797,1.100000000000545,1.100000000000545,1.9999999999997797,2.4000000000001798,2.9999999999996696,1.9999999999997797,1.40000000000029,6.599999999998829,1.9999999999997797
2025-04-18 07:15:00+00:00,EUR_USD,C1_trend_cont_long,1,london,1.7999999999984695,56.654887794188916,-0.4999999999988347,0.700000000000145,0.4999999999988347,-0.4999999999988347,0.700000000000145,0.8000000000008001,-1.2999999999996348,0.700000000000145,1.2999999999996348,-3.5000000000007248,0.700000000000145,3.5000000000007248,-3.5000000000007248,0.700000000000145,6.699999999999484
2025-04-18 08:45:00+00:00,EUR_USD,C1_trend_cont_long,1,london,2.6999999999999247,56.654887794188916,0.8000000000008001,0.8999999999992347,0.0,1.8999999999991246,1.8999999999991246,0.0,3.1000000000003247,3.1000000000003247,0.0,0.5000000000010552,3.1000000000003247,0.0,0.8000000000008001,3.1000000000003247,0.40000000000040004
2025-04-18 10:15:00+00:00,EUR_USD,C1_trend_cont_long,1,london,2.2999999999995246,53.829538666032484,0.1999999999990898,0.3999999999981796,0.10000000000065512,1.5999999999993797,2.4000000000001798,0.10000000000065512,1.5999999999993797,2.4000000000001798,0.10000000000065512,1.7999999999984695,2.4000000000001798,0.10000000000065512,3.9999999999995595,5.199999999998539,0.10000000000065512
2025-04-21 13:45:00+00:00,EUR_USD,C1_trend_cont_long,1,ny,1.7000000000000348,56.34268329402786,2.8999999999990145,6.800000000000139,1.40000000000029,3.8000000000004697,6.999999999999229,1.40000000000029,7.099999999999884,8.399999999999519,1.40000000000029,-6.6000000000010495,8.399999999999519,6.800000000000139,-17.899999999999583,8.399999999999519,17.899999999999583
2025-04-21 16:15:00+00:00,EUR_USD,C1_trend_cont_long,1,ny,1.40000000000029,56.34268329402786,1.7000000000000348,2.6999999999999247,0.0,-0.8999999999992347,2.6999999999999247,1.9999999999997797,0.5000000000010552,2.6999999999999247,4.099999999997994,-6.099999999999994,2.6999999999999247,9.199999999998099,-15.899999999999803,2.6999999999999247,15.899999999999803
2025-04-21 18:00:00+00:00,EUR_USD,C1_trend_cont_long,1,ny,1.500000000000945,56.69677734445458,0.700000000000145,0.9999999999998899,0.0,0.8000000000008001,1.5999999999993797,0.0,5.599999999998939,5.599999999998939,0.0,4.3999999999999595,5.800000000000249,0.0,8.900000000000574,11.200000000000099,0.0
2025-04-21 21:04:00+00:00,EUR_USD,C1_trend_cont_long,1,offhours,10.000000000001119,55.03272181985077,-0.9000000000014552,0.0,2.100000000000435,-0.30000000000196536,0.1999999999990898,2.100000000000435,-1.40000000000029,0.5999999999994898,2.100000000000435,-1.3000000000018552,0.5999999999994898,2.100000000000435,4.299999999999304,4.299999999999304,5.60000000000116
2025-04-22 02:30:00+00:00,EUR_USD,C1_trend_cont_long,1,tokyo,1.7000000000000348,55.03272181985077,2.5999999999992696,3.1999999999987594,0.0,0.40000000000040004,3.4000000000000696,0.0,-1.7000000000000348,3.4000000000000696,1.7000000000000348,9.200000000000319,9.200000000000319,4.3999999999999595,23.999999999999577,28.399999999999537,4.3999999999999595
2025-04-24 21:04:00+00:00,EUR_USD,C1_trend_cont_long,1,offhours,5.1000000000001044,51.43424088350027,0.5999999999994898,3.4000000000000696,0.0,2.5999999999992696,3.4000000000000696,0.0,2.9999999999996696,3.5999999999991594,0.0,6.699999999999484,7.399999999999629,0.0,3.9999999999995595,7.399999999999629,0.0
2025-04-25 17:00:00+00:00,EUR_USD,C1_trend_cont_long,1,ny,1.5999999999993797,51.48526535489489,-2.2999999999995246,0.0,2.8999999999990145,-3.2999999999994145,0.0,3.2999999999994145,-1.8999999999991246,0.40000000000040004,3.2999999999994145,-4.999999999999449,0.40000000000040004,6.899999999998574,4.3999999999999595,9.700000000001374,6.899999999998574
2025-04-28 06:00:00+00:00,EUR_USD,C1_trend_cont_long,1,tokyo,1.80000000000069,48.19035635192472,-2.2999999999995246,0.0,2.2999999999995246,-4.100000000000215,0.0,4.899999999998794,-3.4000000000000696,0.0,4.899999999998794,-8.500000000000174,0.700000000000145,8.500000000000174,-37.70000000000051,0.700000000000145,43.29999999999945
2025-04-28 15:00:00+00:00,EUR_USD,C1_trend_cont_long,1,ny,1.500000000000945,47.23964399732282,6.599999999998829,6.599999999998829,0.0,6.599999999998829,6.599999999998829,0.0,-3.900000000001125,6.599999999998829,4.20000000000087,3.6999999999998145,6.599999999998829,4.20000000000087,10.200000000000209,14.600000000000168,4.20000000000087
2025-04-29 02:15:00+00:00,EUR_USD,C1_trend_cont_long,1,tokyo,1.5999999999993797,48.00152977320179,-5.699999999999594,0.0,5.699999999999594,-9.500000000000064,0.0,10.900000000000354,-8.699999999999264,0.0,11.499999999999844,-14.099999999999113,0.0,15.300000000000313,-23.499999999998522,0.0,25.100000000000122
2025-04-29 07:15:00+00:00,EUR_USD,C1_trend_cont_long,1,london,1.4999999999987246,47.987134789401665,-0.700000000000145,0.5999999999994898,1.100000000000545,-6.800000000000139,0.5999999999994898,8.999999999999009,-2.1999999999988695,0.5999999999994898,8.999999999999009,10.399999999999299,10.399999999999299,8.999999999999009,-5.199999999998539,13.199999999999878,11.799999999999589
2025-04-29 08:30:00+00:00,EUR_USD,C1_trend_cont_long,1,london,1.500000000000945,47.987134789401665,-3.5999999999991594,0.0,3.6999999999998145,-1.2999999999996348,0.0,4.999999999999449,-9.200000000000319,0.0,9.200000000000319,-9.500000000000064,0.0,12.499999999999734,-1.40000000000029,0.5999999999994898,12.499999999999734
2025-04-29 09:30:00+00:00,EUR_USD,C1_trend_cont_long,1,london,1.80000000000069,47.145196590158655,-4.799999999998139,0.0,4.799999999998139,-5.899999999998684,0.0,6.199999999998429,-9.799999999999809,0.0,9.799999999999809,-14.399999999998858,0.0,14.399999999998858,-12.999999999998568,0.0,18.499999999999073
2025-04-29 13:00:00+00:00,EUR_USD,C1_trend_cont_long,1,ny,1.500000000000945,46.94196826229013,-6.099999999999994,0.0,6.099999999999994,-5.399999999999849,0.0,9.600000000000719,2.9999999999996696,2.9999999999996696,9.600000000000719,-2.80000000000058,5.999999999999339,9.600000000000719,2.9999999999996696,5.999999999999339,16.00000000000046
2025-04-29 15:15:00+00:00,EUR_USD,C1_trend_cont_long,1,ny,1.7000000000000348,46.94196826229013,0.9999999999998899,0.9999999999998899,0.5999999999994898,9.00000000000123,9.00000000000123,0.5999999999994898,8.60000000000083,9.00000000000123,0.5999999999994898,4.699999999999704,9.00000000000123,0.5999999999994898,10.799999999999699,13.400000000001189,0.5999999999994898
2025-04-29 17:30:00+00:00,EUR_USD,C1_trend_cont_long,1,ny,1.40000000000029,46.45325624355502,-2.4000000000001798,0.0,3.1000000000003247,0.0,0.0,3.4000000000000696,-1.900000000001345,1.9999999999997797,3.4000000000000696,-11.099999999999444,1.9999999999997797,13.700000000000934,-17.599999999999838,1.9999999999997797,21.900000000001363
2025-04-29 23:00:00+00:00,EUR_USD,C1_trend_cont_long,1,offhours,1.80000000000069,45.18516651187247,-2.6999999999999247,0.0,2.6999999999999247,-2.9999999999996696,0.0,3.2999999999994145,-1.4999999999987246,0.0,3.2999999999994145,-2.9999999999996696,0.9999999999998899,3.2999999999994145,-0.7999999999985796,1.80000000000069,5.199999999998539
2025-04-30 00:15:00+00:00,EUR_USD,C1_trend_cont_long,1,tokyo,1.7000000000000348,45.18516651187247,-0.10000000000065512,1.4999999999987246,0.5999999999994898,-2.20000000000109,1.4999999999987246,2.20000000000109,-3.5999999999991594,1.4999999999987246,3.5999999999991594,-6.999999999999229,1.4999999999987246,7.399999999999629,-8.300000000001084,1.4999999999987246,15.600000000000058
2025-04-30 07:00:00+00:00,EUR_USD,C1_trend_cont_long,1,london,1.5999999999993797,44.20765461816728,-3.8000000000004697,0.1999999999990898,5.40000000000207,2.0999999999982144,2.0999999999982144,5.40000000000207,2.6999999999999247,2.9999999999996696,5.40000000000207,-8.60000000000083,3.4000000000000696,8.60000000000083,-14.000000000000679,3.4000000000000696,14.000000000000679
2025-05-05 13:00:00+00:00,EUR_USD,C1_trend_cont_long,1,ny,1.5999999999993797,41.98444937630303,3.7999999999982492,3.7999999999982492,0.2999999999997449,0.09999999999843467,6.800000000000139,0.2999999999997449,0.8999999999992347,6.800000000000139,0.5000000000010552,0.7999999999985796,6.800000000000139,0.6000000000017103,-19.100000000000783,6.800000000000139,19.100000000000783
2025-05-06 17:00:00+00:00,EUR_USD,C1_trend_cont_long,1,ny,1.5999999999993797,42.07820007894025,9.500000000000064,9.500000000000064,0.0,14.199999999999768,14.199999999999768,0.0,16.00000000000046,16.00000000000046,0.0,16.599999999999948,20.499999999998852,0.0,13.699999999998713,20.499999999998852,0.0
2025-05-07 00:15:00+00:00,EUR_USD,C1_trend_cont_long,1,tokyo,1.80000000000069,41.3940429304445,-11.499999999999844,0.0,11.499999999999844,-20.900000000001473,0.0,23.400000000000087,-16.20000000000177,0.0,23.400000000000087,-12.300000000000644,0.0,23.400000000000087,-2.300000000001745,0.7999999999985796,23.400000000000087
2025-05-07 01:15:00+00:00,EUR_USD,C1_trend_cont_long,1,tokyo,1.4999999999987246,41.3940429304445,-5.399999999999849,0.0,5.399999999999849,-11.599999999998278,0.0,11.599999999998278,-15.199999999999658,0.0,16.299999999997983,-6.299999999999084,0.0,20.000000000000018,-8.599999999998609,0.0,20.000000000000018
2025-05-07 02:45:00+00:00,EUR_USD,C1_trend_cont_long,1,tokyo,1.7000000000000348,41.3940429304445,-3.5000000000007248,0.0,6.999999999999229,-3.5000000000007248,0.0,6.999999999999229,-3.8000000000004697,0.0,6.999999999999229,-5.800000000000249,0.0,6.999999999999229,-7.699999999999374,0.0,8.20000000000043
2025-05-07 04:00:00+00:00,EUR_USD,C1_trend_cont_long,1,tokyo,1.500000000000945,41.3940429304445,0.5999999999994898,1.0999999999983245,0.30000000000196536,4.199999999998649,4.199999999998649,0.30000000000196536,4.899999999998794,4.999999999999449,0.30000000000196536,2.7999999999983594,4.999999999999449,0.30000000000196536,-2.6999999999999247,4.999999999999449,2.6999999999999247
2025-05-07 05:15:00+00:00,EUR_USD,C1_trend_cont_long,1,tokyo,1.4999999999987246,41.5730398639841,3.5000000000007248,3.5000000000007248,0.9999999999998899,2.5999999999992696,3.5000000000007248,0.9999999999998899,0.8000000000008001,3.5000000000007248,0.9999999999998899,2.100000000000435,3.5000000000007248,1.40000000000029,14.499999999999513,16.40000000000086,1.40000000000029
2025-05-07 09:30:00+00:00,EUR_USD,C1_trend_cont_long,1,london,1.500000000000945,41.11782273084236,-0.9999999999998899,2.80000000000058,0.9999999999998899,1.2000000000012,2.80000000000058,0.9999999999998899,0.8999999999992347,4.3999999999999595,0.9999999999998899,-0.5999999999994898,4.3999999999999595,3.4000000000000696,3.9999999999995595,8.799999999999919,3.4000000000000696
2025-05-07 14:00:00+00:00,EUR_USD,C1_trend_cont_long,1,ny,1.3999999999980695,40.01654967863931,-5.299999999999194,0.0,5.299999999999194,-8.099999999999774,0.0,9.699999999999154,-11.099999999999444,0.0,11.099999999999444,-2.4999999999986144,0.0,11.099999999999444,0.700000000000145,3.900000000001125,11.099999999999444
2025-05-19 13:00:00+00:00,EUR_USD,C1_trend_cont_long,1,ny,1.7000000000000348,41.63167559382479,-1.3000000000018552,1.7000000000000348,1.900000000001345,0.3999999999981796,1.7000000000000348,5.00000000000167,10.200000000000209,10.200000000000209,5.00000000000167,3.0999999999981043,10.200000000000209,5.00000000000167,-0.9999999999998899,10.200000000000209,6.00000000000156
2025-05-19 19:15:00+00:00,EUR_USD,C1_trend_cont_long,1,ny,1.5999999999993797,41.25084162283733,0.5000000000010552,0.700000000000145,0.40000000000040004,0.20000000000131024,1.500000000000945,0.4999999999988347,-0.4999999999988347,1.500000000000945,0.8999999999992347,-1.4999999999987246,1.500000000000945,3.1000000000003247,7.099999999999884,8.20000000000043,3.1000000000003247
2025-05-20 01:15:00+00:00,EUR_USD,C1_trend_cont_long,1,tokyo,1.5999999999993797,39.8043529354918,6.599999999998829,9.500000000000064,0.0,5.699999999999594,9.500000000000064,0.0,4.599999999999049,9.500000000000064,0.0,-0.5000000000010552,9.500000000000064,0.5000000000010552,0.700000000000145,9.500000000000064,4.299999999999304
2025-05-20 03:15:00+00:00,EUR_USD,C1_trend_cont_long,1,tokyo,1.6999999999978144,39.8043529354918,0.9999999999998899,2.5999999999992696,0.0,1.5999999999993797,2.80000000000058,0.0,2.20000000000109,2.80000000000058,0.0,4.8000000000003595,5.9000000000009045,0.0,2.5999999999992696,6.699999999999484,0.0
2025-05-21 13:00:00+00:00,EUR_USD,C1_trend_cont_long,1,ny,1.4999999999987246,40.673509284450915,-3.1999999999987594,2.2999999999995246,3.1999999999987594,-5.199999999998539,2.2999999999995246,9.299999999998754,-5.399999999999849,2.2999999999995246,9.299999999998754,-5.199999999998539,2.2999999999995246,10.200000000000209,0.9999999999998899,2.2999999999995246,10.200000000000209
2025-05-21 19:15:00+00:00,EUR_USD,C1_trend_cont_long,1,ny,1.7000000000000348,40.01111576413294,-3.5999999999991594,0.5999999999994898,4.3999999999999595,-4.899999999998794,0.5999999999994898,4.899999999998794,-6.599999999998829,0.5999999999994898,6.599999999998829,-6.199999999998429,0.5999999999994898,7.999999999999119,-12.199999999999989,0.5999999999994898,19.199999999999218
2025-05-22 00:00:00+00:00,EUR_USD,C1_trend_cont_long,1,tokyo,1.5999999999993797,40.53175035240925,1.3000000000018552,1.80000000000069,0.0,0.40000000000040004,2.300000000001745,0.0,4.3999999999999595,8.60000000000083,0.0,0.20000000000131024,8.60000000000083,0.0,-4.599999999999049,8.60000000000083,5.499999999998284
2025-05-22 01:30:00+00:00,EUR_USD,C1_trend_cont_long,1,tokyo,1.7000000000000348,40.53175035240925,-5.1000000000001044,0.0,5.499999999998284,-7.800000000000029,0.0,7.800000000000029,-8.399999999999519,0.0,9.199999999998099,1.100000000000545,2.60000000000149,9.199999999998099,3.20000000000098,4.699999999999704,9.199999999998099
2025-05-23 13:45:00+00:00,EUR_USD,C1_trend_cont_long,1,ny,1.5999999999993797,41.770627198676785,-6.800000000000139,0.0,6.800000000000139,-13.900000000000023,0.0,13.900000000000023,-14.499999999999513,0.0,14.499999999999513,8.099999999999774,8.099999999999774,14.899999999999913,6.800000000000139,10.399999999999299,14.899999999999913
2025-05-26 08:15:00+00:00,EUR_USD,C1_trend_cont_long,1,london,1.40000000000029,41.480090362789035,-4.299999999999304,0.700000000000145,4.299999999999304,-5.20000000000076,0.700000000000145,6.800000000000139,-1.5999999999993797,0.700000000000145,6.800000000000139,0.5999999999994898,2.80000000000058,6.800000000000139,-7.800000000000029,2.80000000000058,11.200000000000099
2025-05-29 17:00:00+00:00,EUR_USD,C1_trend_cont_long,1,ny,1.500000000000945,43.07691355951391,-2.80000000000058,0.0,3.4000000000000696,-6.800000000000139,0.0,6.999999999999229,-6.299999999999084,0.0,6.999999999999229,-7.200000000000539,0.0,8.799999999999919,9.600000000000719,11.799999999999589,8.799999999999919
2025-05-30 13:00:00+00:00,EUR_USD,C1_trend_cont_long,1,ny,1.5999999999993797,40.726083615506134,-0.9999999999998899,0.0,3.7999999999982492,-0.5999999999994898,0.40000000000040004,3.7999999999982492,-2.9999999999996696,0.40000000000040004,3.7999999999982492,-16.199999999999548,0.40000000000040004,18.399999999998418,-25.999999999999357,0.40000000000040004,31.599999999998296
2025-05-30 15:00:00+00:00,EUR_USD,C1_trend_cont_long,1,ny,1.5999999999993797,40.726083615506134,2.4000000000001798,2.500000000000835,3.2999999999994145,1.6000000000016001,6.40000000000196,3.2999999999994145,-0.8999999999992347,6.40000000000196,3.2999999999994145,0.8000000000008001,6.40000000000196,4.599999999999049,-2.5999999999992696,6.40000000000196,7.199999999998319
2025-06-01 22:15:00+00:00,EUR_USD,C1_trend_cont_long,1,offhours,2.100000000000435,39.752592505207005,0.0,0.9999999999998899,1.5999999999993797,-4.3999999999999595,0.9999999999998899,4.3999999999999595,-6.599999999998829,0.9999999999998899,6.599999999998829,-5.699999999999594,0.9999999999998899,7.699999999999374,0.8000000000008001,3.20000000000098,7.699999999999374
2025-06-02 04:00:00+00:00,EUR_USD,C1_trend_cont_long,1,tokyo,1.40000000000029,39.752592505207005,-0.4999999999988347,0.0,1.4999999999987246,-1.1999999999989797,0.0,1.4999999999987246,-1.4999999999987246,0.0,1.7000000000000348,0.9000000000014552,1.900000000001345,1.9999999999997797,3.5000000000007248,3.5000000000007248,1.9999999999997797
2025-06-03 01:45:00+00:00,EUR_USD,C1_trend_cont_long,1,tokyo,1.4999999999987246,41.13380868755772,1.8999999999991246,1.8999999999991246,0.5000000000010552,-2.300000000001745,1.8999999999991246,2.300000000001745,-3.5000000000007248,1.8999999999991246,3.5000000000007248,-2.900000000001235,1.8999999999991246,6.200000000000649,-7.200000000000539,1.8999999999991246,10.40000000000152
2025-06-03 06:30:00+00:00,EUR_USD,C1_trend_cont_long,1,tokyo,1.5999999999993797,40.152822352732144,-2.1999999999988695,2.2999999999995246,3.8999999999989043,-5.899999999998684,2.2999999999995246,5.899999999998684,-0.700000000000145,2.2999999999995246,5.899999999998684,1.7000000000000348,2.4000000000001798,5.899999999998684,0.10000000000065512,5.1000000000001044,5.899999999998684
2025-06-03 07:30:00+00:00,EUR_USD,C1_trend_cont_long,1,london,1.6000000000016001,40.152822352732144,-9.600000000000719,0.0,9.600000000000719,-6.699999999999484,0.0,11.200000000000099,-6.200000000000649,0.0,11.200000000000099,-14.000000000000679,0.0,14.000000000000679,-14.000000000000679,0.0,20.999999999999908
2025-06-13 00:30:00+00:00,EUR_USD,C1_trend_cont_long,1,tokyo,1.80000000000069,40.32739184513646,-15.199999999999658,0.0,15.199999999999658,-27.200000000000557,0.0,27.700000000001612,-31.000000000001027,0.0,35.80000000000138,-28.500000000000192,0.0,35.80000000000138,-24.500000000000632,0.0,36.40000000000087
2025-06-13 07:15:00+00:00,EUR_USD,C1_trend_cont_long,1,london,1.5999999999993797,41.87543528476956,-4.300000000001525,0.09999999999843467,6.300000000001305,-12.700000000001044,0.09999999999843467,12.700000000001044,-5.1000000000001044,0.09999999999843467,12.700000000001044,-5.1000000000001044,3.6999999999998145,12.700000000001044,-11.900000000000244,3.6999999999998145,19.100000000000783
2025-06-13 15:00:00+00:00,EUR_USD,C1_trend_cont_long,1,ny,1.40000000000029,42.7002477710514,-3.6999999999998145,0.10000000000065512,3.6999999999998145,-0.700000000000145,0.10000000000065512,4.100000000000215,5.20000000000076,5.20000000000076,4.100000000000215,19.100000000000783,19.599999999999618,4.100000000000215,14.700000000000824,22.999999999999687,4.100000000000215
2025-06-13 18:00:00+00:00,EUR_USD,C1_trend_cont_long,1,ny,1.5999999999993797,44.52880150169051,-3.4000000000000696,0.8999999999992347,3.4000000000000696,-1.500000000000945,0.8999999999992347,3.4000000000000696,-0.8000000000008001,0.8999999999992347,3.4000000000000696,-8.100000000001994,0.8999999999992347,8.100000000001994,-8.900000000000574,0.8999999999992347,13.900000000000023
2025-06-13 19:00:00+00:00,EUR_USD,C1_trend_cont_long,1,ny,1.40000000000029,44.52880150169051,-1.900000000001345,1.100000000000545,1.900000000001345,-1.2999999999996348,1.100000000000545,1.900000000001345,2.1999999999988695,2.1999999999988695,1.900000000001345,-0.9999999999998899,2.1999999999988695,3.20000000000098,7.500000000000284,11.200000000000099,3.20000000000098
2025-06-15 23:00:00+00:00,EUR_USD,C1_trend_cont_long,1,offhours,2.8999999999990145,42.926744251569794,1.3999999999980695,1.3999999999980695,3.60000000000138,-4.3999999999999595,1.3999999999980695,4.3999999999999595,-12.400000000001299,1.3999999999980695,12.400000000001299,-5.399999999999849,1.3999999999980695,12.800000000001699,-2.4000000000001798,1.3999999999980695,12.800000000001699
2025-06-16 00:15:00+00:00,EUR_USD,C1_trend_cont_long,1,tokyo,1.80000000000069,42.926744251569794,-2.6999999999999247,0.0,3.1999999999987594,4.500000000000615,4.500000000000615,3.1999999999987594,1.7000000000000348,4.500000000000615,3.1999999999987594,-2.6999999999999247,4.500000000000615,3.1999999999987594,-2.6999999999999247,4.500000000000615,9.500000000000064
2025-06-16 05:15:00+00:00,EUR_USD,C1_trend_cont_long,1,tokyo,1.5999999999993797,41.81054823360061,-0.8999999999992347,1.3000000000018552,1.7999999999984695,5.5000000000005045,5.5000000000005045,1.7999999999984695,8.300000000001084,8.300000000001084,1.7999999999984695,7.500000000000284,12.300000000000644,1.7999999999984695,4.900000000001015,12.300000000000644,1.7999999999984695
2025-06-16 17:30:00+00:00,EUR_USD,C1_trend_cont_long,1,ny,1.40000000000029,40.27907232843345,-3.9999999999995595,1.100000000000545,5.1000000000001044,-2.5999999999992696,1.100000000000545,5.1000000000001044,-1.40000000000029,1.100000000000545,5.1000000000001044,-0.2999999999997449,1.5999999999993797,5.1000000000001044,-0.40000000000040004,1.5999999999993797,5.1000000000001044
2025-06-16 18:45:00+00:00,EUR_USD,C1_trend_cont_long,1,ny,1.500000000000945,40.27907232843345,1.100000000000545,1.9999999999997797,0.0,0.9999999999998899,1.9999999999997797,0.4999999999988347,-1.80000000000069,2.900000000001235,1.80000000000069,-6.599999999998829,2.900000000001235,7.200000000000539,-16.599999999999948,2.900000000001235,17.799999999998928
2025-06-23 17:00:00+00:00,EUR_USD,C1_trend_cont_long,1,ny,1.7000000000000348,40.36470571871363,2.80000000000058,2.9999999999996696,0.2999999999997449,3.8000000000004697,3.8000000000004697,0.2999999999997449,1.40000000000029,8.799999999999919,0.2999999999997449,21.599999999999397,21.599999999999397,0.2999999999997449,29.399999999999427,29.399999999999427,0.2999999999997449
2025-06-24 20:30:00+00:00,EUR_USD,C1_trend_cont_long,1,ny,1.6000000000016001,40.688320492239676,-1.9999999999997797,0.4999999999988347,1.9999999999997797,-3.4000000000000696,0.4999999999988347,3.4000000000000696,-1.7000000000000348,0.4999999999988347,3.4000000000000696,-0.5999999999994898,0.4999999999988347,3.5999999999991594,-2.100000000000435,0.4999999999988347,6.200000000000649
2025-06-26 12:15:00+00:00,EUR_USD,C1_trend_cont_long,1,ny,1.4999999999987246,41.49371983363832,3.9999999999995595,4.699999999999704,-0.0,8.799999999999919,8.799999999999919,-0.0,3.8000000000004697,10.900000000000354,-0.0,12.399999999999078,12.399999999999078,5.300000000001415,3.4000000000000696,12.399999999999078,5.300000000001415
2025-06-26 15:45:00+00:00,EUR_USD,C1_trend_cont_long,1,ny,1.4999999999987246,41.465596988378486,0.9999999999998899,0.9999999999998899,1.80000000000069,2.4999999999986144,4.8000000000003595,1.80000000000069,3.1000000000003247,4.8000000000003595,1.80000000000069,3.4000000000000696,6.299999999999084,1.80000000000069,23.400000000000087,27.500000000000302,1.80000000000069
2025-06-26 19:45:00+00:00,EUR_USD,C1_trend_cont_long,1,ny,1.7000000000000348,42.08234006063714,0.1999999999990898,0.1999999999990898,2.60000000000149,-4.3999999999999595,0.1999999999990898,4.3999999999999595,-1.5999999999993797,0.1999999999990898,5.60000000000116,-9.00000000000123,0.1999999999990898,11.200000000000099,-9.00000000000123,0.1999999999990898,15.800000000001369
2025-06-27 02:00:00+00:00,EUR_USD,C1_trend_cont_long,1,tokyo,1.5999999999993797,41.79074434202022,3.4000000000000696,3.4000000000000696,0.40000000000040004,0.8999999999992347,3.4000000000000696,0.40000000000040004,2.5999999999992696,3.4000000000000696,0.40000000000040004,-1.8999999999991246,5.1000000000001044,2.1999999999988695,-0.7999999999985796,5.1000000000001044,13.699999999998713
2025-06-27 03:15:00+00:00,EUR_USD,C1_trend_cont_long,1,tokyo,1.500000000000945,41.79074434202022,-0.40000000000040004,0.700000000000145,0.40000000000040004,1.40000000000029,1.40000000000029,0.40000000000040004,3.5000000000007248,4.699999999999704,0.40000000000040004,0.10000000000065512,4.699999999999704,0.40000000000040004,-9.399999999999409,4.699999999999704,9.799999999999809
2025-06-27 06:30:00+00:00,EUR_USD,C1_trend_cont_long,1,tokyo,1.40000000000029,40.569976889018754,-2.2999999999995246,1.1999999999989797,2.2999999999995246,3.6999999999998145,4.20000000000087,2.2999999999995246,8.099999999999774,8.099999999999774,2.2999999999995246,19.100000000000783,19.100000000000783,2.2999999999995246,15.499999999999403,26.100000000000012,2.2999999999995246
2025-06-27 11:00:00+00:00,EUR_USD,C1_trend_cont_long,1,london,1.7000000000000348,40.772121396946,1.6000000000016001,1.80000000000069,0.9999999999998899,2.700000000002145,3.8000000000004697,0.9999999999998899,4.3999999999999595,4.3999999999999595,0.9999999999998899,4.300000000001525,4.3999999999999595,0.9999999999998899,-3.9999999999995595,4.3999999999999595,3.9999999999995595
2025-06-27 20:15:00+00:00,EUR_USD,C1_trend_cont_long,1,ny,1.9999999999997797,41.85045161267295,0.0,0.3999999999981796,0.20000000000131024,0.3999999999981796,1.40000000000029,0.20000000000131024,0.1999999999990898,1.40000000000029,2.900000000001235,0.8999999999992347,1.40000000000029,2.900000000001235,,,
2025-06-30 03:15:00+00:00,EUR_USD,C1_trend_cont_long,1,tokyo,1.80000000000069,41.85045161267295,-3.1000000000003247,0.9999999999998899,3.2999999999994145,1.100000000000545,1.100000000000545,3.2999999999994145,-2.4999999999986144,1.100000000000545,3.2999999999994145,-5.5000000000005045,1.100000000000545,8.500000000000174,-4.999999999999449,1.100000000000545,8.500000000000174
2025-06-30 04:45:00+00:00,EUR_USD,C1_trend_cont_long,1,tokyo,1.5999999999993797,41.85045161267295,3.4999999999985043,3.4999999999985043,0.5000000000010552,4.500000000000615,6.299999999999084,0.5000000000010552,7.899999999998464,7.899999999998464,0.5000000000010552,12.699999999998823,12.699999999998823,0.5000000000010552,7.699999999999374,13.699999999998713,0.5000000000010552
2025-06-30 09:00:00+00:00,EUR_USD,C1_trend_cont_long,1,london,1.40000000000029,40.26799144153937,1.4999999999987246,1.7000000000000348,0.0,-0.5000000000010552,1.7000000000000348,1.7000000000000348,0.10000000000065512,1.7000000000000348,1.7000000000000348,3.8999999999989043,6.099999999999994,1.8999999999991246,-8.099999999999774,6.099999999999994,8.099999999999774
2025-06-30 11:00:00+00:00,EUR_USD,C1_trend_cont_long,1,london,1.500000000000945,40.26799144153937,-0.7999999999985796,0.9999999999998899,0.9999999999998899,-0.8999999999992347,0.9999999999998899,2.3999999999979593,0.6000000000017103,1.80000000000069,2.3999999999979593,0.5000000000010552,4.60000000000127,2.4999999999986144,-1.3999999999980695,4.60000000000127,3.1999999999987594
2025-07-01 19:15:00+00:00,EUR_USD,C1_trend_cont_long,1,ny,1.5999999999993797,40.16915382990483,-1.6999999999978144,0.0,2.4999999999986144,-4.3999999999999595,0.0,4.3999999999999595,-6.699999999999484,0.0,6.699999999999484,-4.599999999999049,0.0,7.099999999999884,4.500000000000615,7.300000000001194,7.099999999999884
2025-07-02 02:30:00+00:00,EUR_USD,C1_trend_cont_long,1,tokyo,1.5999999999993797,40.264214270625985,0.2999999999997449,0.2999999999997449,0.5000000000010552,0.09999999999843467,0.8999999999992347,0.5000000000010552,-0.9000000000014552,0.8999999999992347,0.9000000000014552,-0.6000000000017103,2.8999999999990145,0.9000000000014552,-0.20000000000131024,4.299999999999304,0.9000000000014552
2026-01-28 05:30:00+00:00,EUR_USD,C1_trend_cont_long,1,tokyo,1.5999999999993797,43.35020088994887,-2.900000000001235,0.0,4.900000000001015,-1.500000000000945,0.0,4.900000000001015,1.4999999999987246,1.8999999999991246,4.900000000001015,3.6999999999998145,4.899999999998794,4.900000000001015,10.499999999999954,10.499999999999954,4.900000000001015
2026-01-28 08:30:00+00:00,EUR_USD,C1_trend_cont_long,1,london,1.6000000000016001,44.97518654066681,-0.1999999999990898,1.40000000000029,3.8999999999989043,-2.9999999999996696,1.40000000000029,5.800000000000249,-15.700000000000713,1.40000000000029,15.700000000000713,-12.000000000000899,1.40000000000029,26.299999999999102,-13.799999999999368,1.40000000000029,26.299999999999102
2026-01-28 22:04:00+00:00,EUR_USD,C1_trend_cont_long,1,offhours,2.4000000000001798,47.34458045574707,0.1999999999990898,0.1999999999990898,0.20000000000131024,0.1999999999990898,0.2999999999997449,0.20000000000131024,0.2999999999997449,0.2999999999997449,0.20000000000131024,0.4999999999988347,0.7999999999985796,0.20000000000131024,0.40000000000040004,1.40000000000029,0.8000000000008001
2026-01-29 08:00:00+00:00,EUR_USD,C1_trend_cont_long,1,london,1.4999999999987246,46.862824708907965,1.40000000000029,1.7000000000000348,2.3999999999979593,6.500000000000394,6.500000000000394,2.3999999999979593,2.60000000000149,7.600000000000939,2.3999999999979593,-0.3999999999981796,7.600000000000939,3.4999999999985043,-7.800000000000029,7.600000000000939,14.899999999999913
2026-01-29 13:15:00+00:00,EUR_USD,C1_trend_cont_long,1,ny,1.5999999999993797,46.736908658271695,5.699999999999594,5.699999999999594,1.40000000000029,4.699999999999704,5.699999999999594,1.40000000000029,6.800000000000139,6.800000000000139,1.40000000000029,1.500000000000945,6.800000000000139,4.599999999999049,1.500000000000945,6.800000000000139,20.399999999998197
2026-01-29 14:15:00+00:00,EUR_USD,C1_trend_cont_long,1,ny,1.6000000000016001,45.72712946839502,2.4000000000001798,2.8999999999990145,0.5999999999994898,3.8999999999989043,3.8999999999989043,0.5999999999994898,1.7000000000000348,5.899999999998684,0.5999999999994898,3.2999999999994145,5.899999999998684,7.399999999999629,-19.500000000001183,6.900000000000794,19.500000000001183
2026-01-29 19:00:00+00:00,EUR_USD,C1_trend_cont_long,1,ny,1.80000000000069,47.196620220652456,1.5999999999993797,3.8999999999989043,0.0,-1.6000000000016001,3.8999999999989043,1.6000000000016001,-1.80000000000069,3.8999999999989043,3.20000000000098,1.0999999999983245,6.399999999999739,3.20000000000098,-2.60000000000149,6.399999999999739,3.20000000000098
2026-01-29 20:15:00+00:00,EUR_USD,C1_trend_cont_long,1,ny,1.7000000000000348,47.196620220652456,2.60000000000149,2.9999999999996696,0.0,3.8000000000004697,3.8000000000004697,0.0,4.100000000000215,4.500000000000615,0.0,8.799999999999919,9.799999999999809,0.0,11.400000000001409,12.000000000000899,0.0
2026-03-20 05:15:00+00:00,EUR_USD,C1_trend_cont_long,1,tokyo,1.7000000000000348,43.36243332960946,-0.9999999999998899,0.0,1.40000000000029,0.5999999999994898,0.5999999999994898,1.40000000000029,-1.40000000000029,0.5999999999994898,1.40000000000029,-3.00000000000189,0.5999999999994898,5.00000000000167,1.5999999999993797,1.5999999999993797,7.0000000000014495
2026-03-20 06:15:00+00:00,EUR_USD,C1_trend_cont_long,1,tokyo,1.7000000000000348,43.36243332960946,-2.20000000000109,0.0,2.20000000000109,0.4999999999988347,0.4999999999988347,2.5999999999992696,1.40000000000029,1.40000000000029,2.5999999999992696,1.100000000000545,4.599999999999049,2.5999999999992696,9.999999999998899,12.199999999999989,4.60000000000127
2026-03-20 11:15:00+00:00,EUR_USD,C1_trend_cont_long,1,london,1.7999999999984695,42.293688091780176,0.9999999999998899,0.9999999999998899,1.2000000000012,2.4000000000001798,2.6999999999999247,1.2000000000012,2.8999999999990145,3.5999999999991594,1.2000000000012,8.60000000000083,12.300000000000644,1.2000000000012,5.399999999999849,12.300000000000644,1.2000000000012
2026-03-20 16:15:00+00:00,EUR_USD,C1_trend_cont_long,1,ny,1.7000000000000348,42.47985322808151,6.399999999999739,6.399999999999739,0.0,3.4000000000000696,6.399999999999739,0.0,-2.9999999999996696,6.399999999999739,2.9999999999996696,-0.5999999999994898,6.399999999999739,6.200000000000649,2.80000000000058,6.500000000000394,7.200000000000539
2026-03-20 19:45:00+00:00,EUR_USD,C1_trend_cont_long,1,ny,1.4999999999987246,42.44557799750425,-0.5999999999994898,1.7000000000000348,2.9999999999996696,3.20000000000098,3.20000000000098,2.9999999999996696,3.60000000000138,3.60000000000138,2.9999999999996696,5.20000000000076,5.399999999999849,2.9999999999996696,6.800000000000139,9.600000000000719,2.9999999999996696
2026-03-22 22:30:00+00:00,EUR_USD,C1_trend_cont_long,1,offhours,1.900000000001345,41.21375099768241,-3.2999999999994145,0.20000000000131024,3.2999999999994145,-3.2999999999994145,0.20000000000131024,5.999999999999339,-2.7999999999983594,0.20000000000131024,6.399999999999739,-3.8000000000004697,0.20000000000131024,6.399999999999739,2.20000000000109,2.4000000000001798,6.399999999999739
2026-03-23 01:15:00+00:00,EUR_USD,C1_trend_cont_long,1,tokyo,1.7000000000000348,41.21375099768241,-2.5999999999992696,0.0,2.5999999999992696,-4.999999999999449,0.0,4.999999999999449,-5.199999999998539,0.0,5.199999999998539,-3.1999999999987594,0.0,5.199999999998539,-9.999999999998899,0.0,11.599999999998278
2026-03-23 13:00:00+00:00,EUR_USD,C1_trend_cont_long,1,ny,1.7999999999984695,46.54719786512691,-12.499999999999734,0.0,12.499999999999734,-19.899999999999363,0.0,19.899999999999363,-20.499999999998852,0.0,23.699999999999832,-26.399999999999757,0.0,31.30000000000077,-16.599999999999948,0.0,31.30000000000077
2026-03-24 07:00:00+00:00,EUR_USD,C1_trend_cont_long,1,london,1.7000000000000348,47.070515200322,5.999999999999339,5.999999999999339,0.1999999999990898,18.000000000000238,18.000000000000238,0.1999999999990898,19.000000000000128,23.699999999999832,0.1999999999990898,10.600000000000609,23.699999999999832,0.1999999999990898,15.899999999999803,23.699999999999832,0.1999999999990898
2026-03-24 09:45:00+00:00,EUR_USD,C1_trend_cont_long,1,london,1.500000000000945,46.72262125744178,-1.8999999999991246,0.0,1.8999999999991246,0.9000000000014552,0.9000000000014552,2.8999999999990145,1.100000000000545,1.2999999999996348,2.8999999999990145,-3.1999999999987594,1.2999999999996348,4.599999999999049,-4.3999999999999595,1.2999999999996348,9.399999999999409
2026-03-24 11:00:00+00:00,EUR_USD,C1_trend_cont_long,1,london,1.7000000000000348,46.72262125744178,0.6000000000017103,0.6000000000017103,5.1000000000001044,5.60000000000116,5.700000000001815,5.1000000000001044,2.60000000000149,6.200000000000649,5.1000000000001044,-0.1999999999990898,6.200000000000649,5.1000000000001044,-1.1999999999989797,6.200000000000649,11.699999999998933
2026-03-24 12:30:00+00:00,EUR_USD,C1_trend_cont_long,1,ny,1.7000000000000348,46.72262125744178,-6.999999999999229,0.0,8.799999999999919,-9.200000000000319,0.0,11.200000000000099,-8.999999999999009,0.0,11.799999999999589,-8.599999999998609,3.8000000000004697,11.799999999999589,-22.899999999999032,3.8000000000004697,22.999999999999687
2026-03-24 14:30:00+00:00,EUR_USD,C1_trend_cont_long,1,ny,1.80000000000069,44.956719739053064,-1.500000000000945,0.0,2.900000000001235,-0.2999999999997449,0.0,5.9000000000009045,-6.699999999999484,0.0,6.699999999999484,-2.6999999999999247,9.699999999999154,10.499999999999954,1.2999999999996348,9.699999999999154,10.499999999999954
2026-03-24 15:30:00+00:00,EUR_USD,C1_trend_cont_long,1,ny,1.7000000000000348,44.956719739053064,-6.399999999999739,0.0,7.200000000000539,-7.300000000001194,0.0,7.800000000000029,-9.200000000000319,0.0,9.200000000000319,-18.599999999999728,0.0,18.599999999999728,-5.800000000000249,0.0,19.199999999999218
2026-03-24 16:30:00+00:00,EUR_USD,C1_trend_cont_long,1,ny,1.7000000000000348,44.956719739053064,-2.2999999999995246,0.1999999999990898,2.2999999999995246,-7.399999999999629,0.1999999999990898,7.800000000000029,-2.5999999999992696,0.1999999999990898,7.800000000000029,-7.099999999999884,0.1999999999990898,7.800000000000029,-15.899999999999803,0.1999999999990898,29.999999999998916
2026-03-24 18:45:00+00:00,EUR_USD,C1_trend_cont_long,1,ny,1.40000000000029,44.58838261483506,-2.6999999999999247,0.0,3.1000000000003247,-4.3999999999999595,0.700000000000145,4.3999999999999595,1.2000000000012,1.2000000000012,5.999999999999339,4.500000000000615,6.099999999999994,5.999999999999339,1.100000000000545,6.099999999999994,5.999999999999339
2026-03-24 20:30:00+00:00,EUR_USD,C1_trend_cont_long,1,ny,1.900000000001345,44.58838261483506,-4.199999999998649,0.0,4.199999999998649,1.2000000000012,6.500000000000394,4.199999999998649,-0.7999999999985796,6.500000000000394,6.599999999998829,-1.80000000000069,6.500000000000394,7.599999999998719,-2.4000000000001798,6.500000000000394,7.599999999998719
2026-03-25 03:45:00+00:00,EUR_USD,C1_trend_cont_long,1,tokyo,1.5999999999993797,46.50349814234695,0.4999999999988347,0.4999999999988347,0.10000000000065512,-0.10000000000065512,0.4999999999988347,0.10000000000065512,-0.5000000000010552,0.5999999999994898,0.5000000000010552,-3.300000000001635,0.5999999999994898,5.00000000000167,-4.300000000001525,0.700000000000145,5.00000000000167
2026-03-25 07:15:00+00:00,EUR_USD,C1_trend_cont_long,1,london,1.500000000000945,45.11039113217926,4.100000000000215,4.100000000000215,0.0,-0.40000000000040004,4.100000000000215,2.20000000000109,-2.80000000000058,4.100000000000215,2.80000000000058,-3.5000000000007248,4.100000000000215,11.300000000000754,6.599999999998829,6.999999999999229,11.300000000000754
2026-03-25 08:15:00+00:00,EUR_USD,C1_trend_cont_long,1,london,1.4999999999987246,45.11039113217926,3.20000000000098,3.20000000000098,0.5999999999994898,5.800000000000249,6.399999999999739,0.5999999999994898,4.60000000000127,6.399999999999739,0.5999999999994898,4.3999999999999595,8.20000000000043,1.1999999999989797,-4.999999999999449,8.20000000000043,5.1000000000001044
2026-03-25 10:15:00+00:00,EUR_USD,C1_trend_cont_long,1,london,1.6000000000016001,44.002506051309204,1.8999999999991246,1.8999999999991246,1.500000000000945,-3.20000000000098,1.8999999999991246,3.20000000000098,-3.4000000000000696,1.8999999999991246,4.3999999999999595,-3.900000000001125,1.8999999999991246,4.699999999999704,1.7000000000000348,9.099999999999664,4.699999999999704
