timestamp,pair,state,direction,session,spread,volatility,ret_5,mfe_5,mae_5,ret_10,mfe_10,mae_10,ret_15,mfe_15,mae_15,ret_30,mfe_30,mae_30,ret_60,mfe_60,mae_60
2021-07-27 13:00:00+00:00,GBP_USD,C1_trend_cont_long,1,ny,1.7000000000000348,53.439403153552114,0.9999999999998899,1.900000000001345,0.9999999999998899,0.9999999999998899,1.900000000001345,4.199999999998649,1.900000000001345,3.5999999999991594,4.199999999998649,-0.5999999999994898,5.800000000000249,4.199999999998649,-5.299999999999194,5.800000000000249,15.600000000000058
2021-07-28 08:30:00+00:00,GBP_USD,C1_trend_cont_long,1,london,1.7000000000000348,55.92944578544133,-2.4999999999986144,3.20000000000098,3.4000000000000696,4.00000000000178,4.00000000000178,3.4000000000000696,6.40000000000196,6.40000000000196,3.4000000000000696,23.000000000001908,27.000000000001467,3.4000000000000696,14.800000000001479,27.000000000001467,3.4000000000000696
2021-07-28 10:45:00+00:00,GBP_USD,C1_trend_cont_long,1,london,1.8999999999991246,55.92944578544133,-1.40000000000029,0.0,1.40000000000029,1.7000000000000348,1.7000000000000348,1.40000000000029,4.699999999999704,4.699999999999704,1.40000000000029,-1.7000000000000348,6.00000000000156,1.9999999999997797,-2.2999999999995246,6.00000000000156,11.699999999998933
2021-07-28 11:45:00+00:00,GBP_USD,C1_trend_cont_long,1,london,1.7999999999984695,55.92944578544133,-1.7000000000000348,0.0,3.2999999999994145,4.900000000001015,4.900000000001015,3.2999999999994145,4.299999999999304,4.900000000001015,3.2999999999994145,0.700000000000145,4.900000000001015,3.2999999999994145,-8.699999999999264,4.900000000001015,10.300000000000864
2021-07-28 13:15:00+00:00,GBP_USD,C1_trend_cont_long,1,ny,1.7000000000000348,54.1059139436242,-1.80000000000069,0.0,2.4000000000001798,-3.9999999999995595,0.0,8.00000000000134,-8.900000000000574,0.0,8.900000000000574,-17.899999999999583,0.0,18.199999999999328,-12.400000000001299,0.0,26.800000000000157
2021-07-28 15:00:00+00:00,GBP_USD,C1_trend_cont_long,1,ny,1.5999999999993797,54.1059139436242,-2.6999999999999247,0.700000000000145,3.1000000000003247,0.9000000000014552,3.5000000000007248,3.1000000000003247,8.099999999999774,8.099999999999774,3.1000000000003247,12.400000000001299,12.400000000001299,3.1000000000003247,16.00000000000046,19.000000000000128,3.1000000000003247
2021-07-30 02:45:00+00:00,GBP_USD,C1_trend_cont_long,1,tokyo,1.6000000000016001,53.41977723336537,-1.500000000000945,0.700000000000145,1.500000000000945,-1.2999999999996348,0.700000000000145,3.2999999999994145,-0.700000000000145,0.700000000000145,3.2999999999994145,0.40000000000040004,0.700000000000145,3.2999999999994145,-6.099999999999994,0.700000000000145,6.099999999999994
2021-07-30 07:00:00+00:00,GBP_USD,C1_trend_cont_long,1,london,1.80000000000069,53.41977723336537,-0.09999999999843467,0.0,4.100000000000215,0.700000000000145,4.900000000001015,4.100000000000215,2.80000000000058,4.900000000001015,4.100000000000215,10.799999999999699,10.799999999999699,4.100000000000215,7.500000000000284,13.900000000000023,4.100000000000215
2021-07-30 12:15:00+00:00,GBP_USD,C1_trend_cont_long,1,ny,1.80000000000069,53.41977723336537,0.2999999999997449,0.2999999999997449,2.100000000000435,-0.9999999999998899,0.2999999999997449,2.6999999999999247,-2.60000000000149,0.2999999999997449,4.700000000001925,-8.900000000000574,0.2999999999997449,8.900000000000574,-19.100000000000783,0.2999999999997449,23.699999999999832
2021-08-02 07:00:00+00:00,GBP_USD,C1_trend_cont_long,1,london,1.7000000000000348,57.60735894101398,10.200000000000209,10.200000000000209,0.0,9.399999999999409,10.399999999999299,0.0,6.599999999998829,10.399999999999299,0.0,8.599999999998609,10.699999999999044,0.0,1.9999999999997797,11.900000000000244,0.0
2021-08-02 09:15:00+00:00,GBP_USD,C1_trend_cont_long,1,london,1.80000000000069,57.60735894101398,2.9999999999996696,4.199999999998649,0.0,4.499999999998394,4.899999999998794,0.0,2.1999999999988695,4.899999999998794,0.0,-7.500000000000284,4.899999999998794,7.500000000000284,-9.40000000000163,4.899999999998794,9.40000000000163
2021-08-03 08:00:00+00:00,GBP_USD,C1_trend_cont_long,1,london,2.0999999999982144,56.57111901665587,0.1999999999990898,2.0999999999982144,0.0,1.1999999999989797,2.4000000000001798,0.0,-0.700000000000145,2.4000000000001798,4.60000000000127,0.9999999999998899,2.4000000000001798,4.8000000000003595,-4.00000000000178,7.999999999999119,5.00000000000167
2021-08-04 08:00:00+00:00,GBP_USD,C1_trend_cont_long,1,london,1.7000000000000348,55.17318194403746,-1.9999999999997797,1.0999999999983245,2.4000000000001798,-6.00000000000156,1.0999999999983245,6.00000000000156,-6.800000000000139,1.0999999999983245,7.800000000000029,-15.200000000001879,1.0999999999983245,16.599999999999948,-11.700000000001154,1.0999999999983245,21.200000000001218
2021-08-05 08:00:00+00:00,GBP_USD,C1_trend_cont_long,1,london,1.80000000000069,53.303668948034876,-2.9999999999996696,0.0,2.9999999999996696,-5.199999999998539,0.0,5.199999999998539,-6.899999999998574,0.0,7.199999999998319,-14.799999999999258,0.0,14.799999999999258,-9.999999999998899,0.0,17.699999999998273
2021-08-05 11:30:00+00:00,GBP_USD,C1_trend_cont_long,1,london,1.7999999999984695,53.303668948034876,-0.1999999999990898,2.1999999999988695,2.4000000000001798,-0.700000000000145,2.1999999999988695,2.4000000000001798,4.999999999999449,4.999999999999449,2.4000000000001798,6.399999999999739,6.399999999999739,4.20000000000087,-3.4000000000000696,16.799999999999038,4.3999999999999595
2021-08-05 14:15:00+00:00,GBP_USD,C1_trend_cont_long,1,ny,1.5999999999993797,52.66769259460381,-0.10000000000065512,1.9999999999997797,3.20000000000098,1.2999999999996348,1.9999999999997797,3.20000000000098,-3.4000000000000696,3.4000000000000696,3.4000000000000696,-9.700000000001374,3.4000000000000696,10.200000000000209,-11.900000000000244,3.4000000000000696,17.700000000000493
2021-08-06 07:00:00+00:00,GBP_USD,C1_trend_cont_long,1,london,1.7000000000000348,52.66769259460381,-6.200000000000649,1.40000000000029,6.200000000000649,-13.400000000001189,1.40000000000029,13.600000000000279,-11.200000000000099,1.40000000000029,13.600000000000279,-0.2999999999997449,6.500000000000394,13.600000000000279,-8.399999999999519,6.500000000000394,13.600000000000279
2021-08-06 08:45:00+00:00,GBP_USD,C1_trend_cont_long,1,london,1.5999999999993797,52.66769259460381,-3.6999999999998145,0.0,5.20000000000076,-3.6999999999998145,0.0,5.9000000000009045,-3.8000000000004697,0.0,6.500000000000394,1.9999999999997797,3.1000000000003247,6.500000000000394,-10.300000000000864,3.9999999999995595,10.300000000000864
2021-08-11 18:00:00+00:00,GBP_USD,C1_trend_cont_long,1,ny,1.4999999999987246,50.979796165755246,0.9999999999998899,0.9999999999998899,0.0,0.9999999999998899,1.9999999999997797,0.0,0.9999999999998899,1.9999999999997797,0.0,-3.300000000001635,1.9999999999997797,3.8000000000004697,-6.6000000000010495,1.9999999999997797,8.60000000000083
2021-08-12 08:00:00+00:00,GBP_USD,C1_trend_cont_long,1,london,1.5999999999993797,50.979796165755246,-0.700000000000145,0.2999999999997449,1.100000000000545,-4.300000000001525,0.2999999999997449,7.300000000001194,-9.099999999999664,0.2999999999997449,9.099999999999664,-8.20000000000043,0.2999999999997449,9.300000000000974,-10.099999999999554,0.2999999999997449,14.100000000001334
2021-08-13 17:00:00+00:00,GBP_USD,C1_trend_cont_long,1,ny,1.40000000000029,50.23104873475831,-1.8999999999991246,1.5999999999993797,1.8999999999991246,-1.100000000000545,1.5999999999993797,2.6999999999999247,6.299999999999084,6.299999999999084,2.6999999999999247,5.399999999999849,7.099999999999884,2.6999999999999247,5.9000000000009045,7.500000000000284,2.6999999999999247
2021-08-16 06:30:00+00:00,GBP_USD,C1_trend_cont_long,1,tokyo,1.7000000000000348,50.23104873475831,-3.8000000000004697,0.10000000000065512,3.8000000000004697,-5.60000000000116,0.10000000000065512,6.200000000000649,-4.100000000000215,0.10000000000065512,7.399999999999629,-12.000000000000899,0.10000000000065512,15.199999999999658,3.9999999999995595,5.699999999999594,15.199999999999658
2021-08-16 08:00:00+00:00,GBP_USD,C1_trend_cont_long,1,london,1.6000000000016001,50.23104873475831,4.999999999999449,4.999999999999449,0.0,7.200000000000539,7.999999999999119,0.0,9.200000000000319,9.200000000000319,0.0,11.300000000000754,12.900000000000134,0.0,6.999999999999229,13.700000000000934,0.0
2021-08-16 10:00:00+00:00,GBP_USD,C1_trend_cont_long,1,london,1.40000000000029,50.23104873475831,-3.4999999999985043,1.3000000000018552,3.4999999999985043,-3.8999999999989043,1.3000000000018552,3.8999999999989043,-3.6999999999998145,1.3000000000018552,3.8999999999989043,-2.4999999999986144,1.3000000000018552,4.3999999999999595,2.300000000001745,7.7000000000015945,4.3999999999999595
2021-09-02 17:00:00+00:00,GBP_USD,C1_trend_cont_long,1,ny,1.500000000000945,51.684563886269544,0.5999999999994898,0.5999999999994898,1.100000000000545,-0.40000000000040004,0.5999999999994898,1.100000000000545,-0.8000000000008001,0.5999999999994898,1.100000000000545,2.80000000000058,2.80000000000058,1.100000000000545,-1.2000000000012,3.8000000000004697,1.500000000000945
2021-09-03 11:30:00+00:00,GBP_USD,C1_trend_cont_long,1,london,1.4999999999987246,51.684563886269544,2.60000000000149,2.60000000000149,0.1999999999990898,2.60000000000149,3.1000000000003247,0.1999999999990898,4.500000000000615,4.60000000000127,0.1999999999990898,-0.7999999999985796,6.699999999999484,0.7999999999985796,22.800000000000598,22.800000000000598,7.099999999999884
2021-09-03 12:45:00+00:00,GBP_USD,C1_trend_cont_long,1,ny,1.7000000000000348,51.684563886269544,9.699999999999154,10.399999999999299,0.0,17.499999999999183,18.400000000000638,0.0,14.199999999999768,20.199999999999108,0.0,23.199999999998777,23.199999999998777,0.0,6.399999999999739,23.199999999998777,0.0
2021-09-06 12:00:00+00:00,GBP_USD,C1_trend_cont_long,1,ny,1.80000000000069,51.684563886269544,0.1999999999990898,2.4999999999986144,0.0,-2.4000000000001798,2.4999999999986144,2.4000000000001798,-2.80000000000058,2.4999999999986144,2.80000000000058,-0.8000000000008001,2.4999999999986144,4.3999999999999595,-4.3999999999999595,2.4999999999986144,6.40000000000196
2021-09-07 00:15:00+00:00,GBP_USD,C1_trend_cont_long,1,tokyo,1.9999999999997797,51.684563886269544,-1.0999999999983245,0.0,1.0999999999983245,-1.8999999999991246,0.0,1.8999999999991246,0.2999999999997449,0.2999999999997449,1.8999999999991246,4.300000000001525,4.300000000001525,1.8999999999991246,3.20000000000098,5.699999999999594,1.8999999999991246
2021-09-07 07:45:00+00:00,GBP_USD,C1_trend_cont_long,1,london,1.6000000000016001,51.684563886269544,-0.8999999999992347,0.0,1.5999999999993797,-5.1000000000001044,0.0,5.1000000000001044,-12.900000000000134,0.0,12.900000000000134,-24.699999999999722,0.0,30.799999999999716,-26.100000000000012,0.0,31.09999999999946
2021-09-10 13:00:00+00:00,GBP_USD,C1_trend_cont_long,1,ny,1.7000000000000348,52.54640064226365,-1.1999999999989797,1.500000000000945,1.1999999999989797,-2.8999999999990145,1.500000000000945,2.8999999999990145,-7.699999999999374,1.500000000000945,7.699999999999374,-5.999999999999339,1.500000000000945,9.900000000000464,-6.500000000000394,1.500000000000945,13.099999999999223
2021-09-10 14:30:00+00:00,GBP_USD,C1_trend_cont_long,1,ny,1.5999999999993797,52.54640064226365,-0.4999999999988347,0.0,5.599999999998939,-5.5000000000005045,0.0,5.699999999999594,-6.099999999999994,0.0,6.299999999999084,-6.500000000000394,0.2999999999997449,9.200000000000319,-10.399999999999299,0.2999999999997449,16.399999999998638
2021-09-13 12:15:00+00:00,GBP_USD,C1_trend_cont_long,1,ny,1.5999999999993797,51.9119474925642,-5.1000000000001044,0.0,5.300000000001415,-8.500000000000174,0.0,8.500000000000174,-4.500000000000615,0.0,8.500000000000174,-4.900000000001015,0.0,8.500000000000174,-9.40000000000163,0.0,10.499999999999954
2021-09-13 14:45:00+00:00,GBP_USD,C1_trend_cont_long,1,ny,1.5999999999993797,50.17537981452397,-0.40000000000040004,1.4999999999987246,1.100000000000545,5.599999999998939,5.599999999998939,1.100000000000545,9.500000000000064,11.399999999999189,1.100000000000545,-0.20000000000131024,11.399999999999189,1.100000000000545,7.999999999999119,11.399999999999189,1.80000000000069
2021-09-13 19:30:00+00:00,GBP_USD,C1_trend_cont_long,1,ny,1.900000000001345,49.25570982777227,-0.2999999999997449,0.0,0.2999999999997449,-2.20000000000109,0.0,2.20000000000109,-1.9999999999997797,0.0,2.20000000000109,1.7999999999984695,1.7999999999984695,2.9999999999996696,2.7999999999983594,3.6999999999998145,2.9999999999996696
2021-09-14 06:30:00+00:00,GBP_USD,C1_trend_cont_long,1,tokyo,1.500000000000945,49.25570982777227,0.9999999999998899,0.9999999999998899,0.10000000000065512,0.1999999999990898,2.1999999999988695,0.40000000000040004,4.699999999999704,4.8000000000003595,0.40000000000040004,12.600000000000389,12.600000000000389,0.40000000000040004,20.599999999999508,24.800000000000377,0.40000000000040004
2021-09-14 12:15:00+00:00,GBP_USD,C1_trend_cont_long,1,ny,1.2999999999996348,49.5231591257886,-0.9999999999998899,0.0,0.9999999999998899,-0.9999999999998899,0.0,2.5999999999992696,20.999999999999908,20.999999999999908,2.5999999999992696,28.399999999999537,43.999999999999595,2.5999999999992696,50.200000000000244,50.799999999999734,2.5999999999992696
2021-10-14 19:45:00+00:00,GBP_USD,C1_trend_cont_long,1,ny,1.4999999999987246,54.60845643226855,-1.9999999999997797,0.0,2.4999999999986144,-8.099999999999774,0.0,8.099999999999774,-16.499999999999293,0.0,16.499999999999293,-11.899999999998023,0.0,16.599999999999948,-13.199999999999878,0.0,16.599999999999948
2021-10-15 03:00:00+00:00,GBP_USD,C1_trend_cont_long,1,tokyo,1.4999999999987246,54.60845643226855,-1.7000000000000348,0.3999999999981796,1.7000000000000348,1.0999999999983245,1.1999999999989797,1.7000000000000348,1.7999999999984695,1.9999999999997797,1.7000000000000348,-1.2000000000012,2.1999999999988695,1.7000000000000348,-0.9999999999998899,2.1999999999988695,2.20000000000109
2021-10-15 06:15:00+00:00,GBP_USD,C1_trend_cont_long,1,tokyo,1.7999999999984695,54.60845643226855,-4.999999999999449,0.0,5.5000000000005045,-6.599999999998829,0.0,9.999999999998899,-6.399999999999739,0.0,9.999999999998899,-4.100000000000215,0.0,9.999999999998899,27.69999999999939,27.69999999999939,9.999999999998899
2021-10-18 07:30:00+00:00,GBP_USD,C1_trend_cont_long,1,london,1.900000000001345,54.78688335231311,2.0999999999982144,3.1999999999987594,-0.0,-2.000000000002,3.1999999999987594,2.000000000002,-3.8000000000004697,3.1999999999987594,3.8000000000004697,3.4000000000000696,6.199999999998429,5.5000000000005045,-18.60000000000195,6.199999999998429,18.60000000000195
2021-10-18 11:30:00+00:00,GBP_USD,C1_trend_cont_long,1,london,1.80000000000069,54.78688335231311,2.000000000002,2.000000000002,0.5999999999994898,-1.9999999999997797,2.000000000002,3.1999999999987594,1.6000000000016001,2.000000000002,3.1999999999987594,-5.499999999998284,2.000000000002,9.099999999999664,2.4000000000001798,8.40000000000174,9.099999999999664
2021-10-18 13:30:00+00:00,GBP_USD,C1_trend_cont_long,1,ny,1.7000000000000348,53.68067739857645,-4.199999999998649,1.40000000000029,4.199999999998649,-2.5999999999992696,1.40000000000029,4.199999999998649,-3.7999999999982492,1.40000000000029,4.199999999998649,-0.7999999999985796,1.40000000000029,8.799999999999919,-3.9999999999995595,1.40000000000029,9.799999999999809
2021-10-18 16:45:00+00:00,GBP_USD,C1_trend_cont_long,1,ny,1.2999999999996348,53.68067739857645,-2.20000000000109,0.0,2.20000000000109,-1.2000000000012,0.0,4.699999999999704,-0.9999999999998899,0.5999999999994898,4.699999999999704,5.399999999999849,6.200000000000649,4.699999999999704,4.8000000000003595,6.999999999999229,4.699999999999704
2021-10-18 19:45:00+00:00,GBP_USD,C1_trend_cont_long,1,ny,1.40000000000029,52.03205758439231,-4.00000000000178,0.0,4.900000000001015,-2.500000000000835,0.0,5.1000000000001044,-4.900000000001015,0.0,5.1000000000001044,-3.900000000001125,0.0,5.1000000000001044,-4.3999999999999595,0.0,6.700000000001705
2021-10-19 01:15:00+00:00,GBP_USD,C1_trend_cont_long,1,tokyo,1.9999999999997797,52.03205758439231,-2.8999999999990145,0.0,4.199999999998649,1.500000000000945,1.500000000000945,4.199999999998649,2.900000000001235,2.900000000001235,4.199999999998649,9.00000000000123,9.00000000000123,4.199999999998649,0.8999999999992347,9.00000000000123,4.199999999998649
2021-10-20 01:00:00+00:00,GBP_USD,C1_trend_cont_long,1,tokyo,2.100000000000435,55.52976775693572,-0.20000000000131024,0.0,2.9999999999996696,4.199999999998649,4.199999999998649,2.9999999999996696,6.800000000000139,7.900000000000684,2.9999999999996696,15.399999999998748,15.600000000000058,2.9999999999996696,11.399999999999189,19.299999999999873,2.9999999999996696
2021-10-20 13:00:00+00:00,GBP_USD,C1_trend_cont_long,1,ny,1.5999999999993797,56.6204986314403,3.8999999999989043,3.8999999999989043,1.500000000000945,1.9999999999997797,7.800000000000029,1.500000000000945,6.099999999999994,7.800000000000029,1.500000000000945,0.9999999999998899,11.599999999998278,1.500000000000945,4.999999999999449,11.899999999998023,1.500000000000945
2021-10-21 06:15:00+00:00,GBP_USD,C1_trend_cont_long,1,tokyo,1.7000000000000348,56.6204986314403,0.20000000000131024,0.40000000000040004,2.4999999999986144,-2.9999999999996696,0.40000000000040004,2.9999999999996696,-12.399999999999078,0.40000000000040004,12.399999999999078,-16.799999999999038,0.40000000000040004,18.899999999999473,-25.199999999998557,0.40000000000040004,25.199999999998557
2021-10-21 08:00:00+00:00,GBP_USD,C1_trend_cont_long,1,london,2.100000000000435,56.6204986314403,0.0,0.9999999999998899,1.9999999999997797,-10.299999999998644,0.9999999999998899,11.799999999999589,-9.799999999999809,0.9999999999998899,11.799999999999589,-14.699999999998603,0.9999999999998899,14.699999999998603,-9.999999999998899,0.9999999999998899,14.799999999999258
2021-10-21 11:15:00+00:00,GBP_USD,C1_trend_cont_long,1,london,1.7000000000000348,55.304748729194515,3.7999999999982492,4.299999999999304,0.20000000000131024,-0.10000000000065512,4.299999999999304,0.20000000000131024,-1.80000000000069,4.299999999999304,1.80000000000069,0.1999999999990898,4.299999999999304,3.60000000000138,-8.00000000000134,4.299999999999304,8.00000000000134
2021-10-21 12:45:00+00:00,GBP_USD,C1_trend_cont_long,1,ny,1.7000000000000348,55.304748729194515,-0.6000000000017103,3.1999999999987594,0.6000000000017103,-4.100000000000215,3.1999999999987594,5.800000000000249,-4.900000000001015,3.1999999999987594,6.00000000000156,-12.000000000000899,3.1999999999987594,14.300000000000423,3.5999999999991594,6.999999999999229,15.199999999999658
2021-10-21 14:00:00+00:00,GBP_USD,C1_trend_cont_long,1,ny,1.7999999999984695,55.304748729194515,2.20000000000109,4.3999999999999595,1.2999999999996348,2.4000000000001798,4.3999999999999595,2.9999999999996696,6.200000000000649,6.200000000000649,2.9999999999996696,4.599999999999049,6.200000000000649,2.9999999999996696,9.200000000000319,12.799999999999478,2.9999999999996696
2021-10-21 15:45:00+00:00,GBP_USD,C1_trend_cont_long,1,ny,1.5999999999993797,55.304748729194515,0.9000000000014552,2.100000000000435,0.0,0.9999999999998899,2.20000000000109,0.0,2.500000000000835,2.500000000000835,0.1999999999990898,-4.999999999999449,2.500000000000835,7.399999999999629,-9.999999999998899,2.500000000000835,9.999999999998899
2021-10-22 01:15:00+00:00,GBP_USD,C1_trend_cont_long,1,tokyo,1.900000000001345,55.304748729194515,-1.5999999999993797,0.0,3.0999999999981043,0.8000000000008001,0.8000000000008001,3.0999999999981043,-2.1999999999988695,0.8000000000008001,3.0999999999981043,-1.3999999999980695,1.2000000000012,3.0999999999981043,-11.099999999999444,1.2000000000012,11.200000000000099
2021-10-22 05:00:00+00:00,GBP_USD,C1_trend_cont_long,1,tokyo,1.7000000000000348,55.304748729194515,2.100000000000435,2.100000000000435,0.7999999999985796,3.900000000001125,5.399999999999849,0.7999999999985796,1.6000000000016001,5.399999999999849,0.7999999999985796,1.80000000000069,5.399999999999849,0.7999999999985796,-7.199999999998319,5.399999999999849,7.199999999998319
2021-10-22 09:00:00+00:00,GBP_USD,C1_trend_cont_long,1,london,1.7000000000000348,54.197266677109106,-5.800000000000249,3.8999999999989043,5.800000000000249,-5.399999999999849,3.8999999999989043,10.200000000000209,-1.6000000000016001,3.8999999999989043,10.200000000000209,-2.6999999999999247,3.8999999999989043,10.200000000000209,-5.800000000000249,3.8999999999989043,10.200000000000209
2021-10-22 11:15:00+00:00,GBP_USD,C1_trend_cont_long,1,london,1.4999999999987246,54.197266677109106,1.5999999999993797,1.5999999999993797,0.700000000000145,-0.9999999999998899,1.5999999999993797,4.699999999999704,-8.20000000000043,1.5999999999993797,8.20000000000043,-9.200000000000319,1.5999999999993797,13.900000000000023,-12.799999999999478,1.5999999999993797,17.80000000000115
2021-10-26 09:00:00+00:00,GBP_USD,C1_trend_cont_long,1,london,1.5999999999993797,49.167362067040436,-2.5999999999992696,0.0,2.5999999999992696,-2.6999999999999247,0.0,4.499999999998394,0.6000000000017103,0.6000000000017103,4.499999999998394,9.40000000000163,11.100000000001664,4.499999999998394,9.500000000000064,11.100000000001664,4.499999999998394
2021-10-28 14:00:00+00:00,GBP_USD,C1_trend_cont_long,1,ny,1.900000000001345,47.680555839749864,2.4000000000001798,2.4000000000001798,1.0999999999983245,3.8000000000004697,4.8000000000003595,1.0999999999983245,9.600000000000719,9.80000000000203,1.0999999999983245,11.900000000000244,15.000000000000568,1.0999999999983245,12.100000000001554,19.400000000000528,1.0999999999983245
2021-10-29 06:30:00+00:00,GBP_USD,C1_trend_cont_long,1,tokyo,1.5999999999993797,48.539087565482035,-1.4999999999987246,0.9000000000014552,1.4999999999987246,6.6000000000010495,6.6000000000010495,3.1000000000003247,-0.8999999999992347,6.6000000000010495,3.1000000000003247,-5.999999999999339,6.6000000000010495,7.699999999999374,9.300000000000974,13.100000000001444,7.699999999999374
2021-10-29 10:00:00+00:00,GBP_USD,C1_trend_cont_long,1,london,1.900000000001345,47.38629559651913,-7.399999999999629,0.9000000000014552,7.399999999999629,-6.199999999998429,0.9000000000014552,8.799999999999919,-7.299999999998974,0.9000000000014552,8.999999999999009,-2.9999999999996696,0.9000000000014552,8.999999999999009,-11.999999999998678,6.200000000000649,11.999999999998678
2021-10-29 11:30:00+00:00,GBP_USD,C1_trend_cont_long,1,london,1.2999999999996348,47.38629559651913,-1.6000000000016001,0.0,3.20000000000098,2.9999999999996696,3.7999999999982492,3.20000000000098,-1.40000000000029,3.7999999999982492,3.20000000000098,-8.40000000000174,3.7999999999982492,8.40000000000174,-2.500000000000835,3.7999999999982492,13.000000000000789
2021-12-31 18:00:00+00:00,GBP_USD,C1_trend_cont_long,1,ny,1.7000000000000348,76.59249754824694,-0.3999999999981796,0.9999999999998899,1.9999999999997797,-1.1999999999989797,0.9999999999998899,2.1999999999988695,-1.8999999999991246,0.9999999999998899,2.1999999999988695,1.500000000000945,1.80000000000069,4.8000000000003595,6.00000000000156,8.799999999999919,4.8000000000003595
2022-01-03 01:15:00+00:00,GBP_USD,C1_trend_cont_long,1,tokyo,2.0999999999982144,76.59249754824694,5.899999999998684,5.899999999998684,0.0,6.399999999999739,6.599999999998829,0.0,2.4000000000001798,6.599999999998829,0.0,-5.60000000000116,6.599999999998829,7.399999999999629,-11.900000000000244,6.599999999998829,15.800000000001369
2022-01-03 09:00:00+00:00,GBP_USD,C1_trend_cont_long,1,london,2.100000000000435,76.59249754824694,-0.9000000000014552,0.0,2.700000000002145,-3.00000000000189,0.0,4.00000000000178,4.999999999999449,5.199999999998539,4.00000000000178,-8.80000000000214,5.199999999998539,8.80000000000214,0.2999999999997449,5.199999999998539,8.80000000000214
2022-01-04 08:00:00+00:00,GBP_USD,C1_trend_cont_long,1,london,1.9999999999997797,74.79303343765783,2.60000000000149,4.300000000001525,0.0,6.099999999999994,6.099999999999994,0.0,9.300000000000974,10.000000000001119,0.0,0.10000000000065512,10.000000000001119,0.0,3.1000000000003247,12.199999999999989,4.8000000000003595
2022-01-04 11:45:00+00:00,GBP_USD,C1_trend_cont_long,1,london,1.7000000000000348,74.79303343765783,3.0999999999981043,3.0999999999981043,0.0,1.3999999999980695,3.0999999999981043,0.0,0.1999999999990898,3.0999999999981043,-0.0,-6.500000000000394,3.0999999999981043,11.100000000001664,-13.800000000001589,3.0999999999981043,15.400000000000968
2022-01-04 13:15:00+00:00,GBP_USD,C1_trend_cont_long,1,ny,1.8999999999991246,74.79303343765783,-1.1999999999989797,0.0,2.4000000000001798,8.799999999999919,8.799999999999919,2.4000000000001798,7.099999999999884,10.600000000000609,2.4000000000001798,7.800000000000029,10.600000000000609,2.4000000000001798,25.200000000000777,30.69999999999906,2.4000000000001798
2022-01-05 20:30:00+00:00,GBP_USD,C1_trend_cont_long,1,ny,1.5999999999993797,65.75310099992065,-2.9999999999996696,0.0,2.9999999999996696,-1.1999999999989797,1.40000000000029,2.9999999999996696,-1.5999999999993797,1.5999999999993797,2.9999999999996696,-4.999999999999449,1.5999999999993797,5.800000000000249,-1.1999999999989797,1.5999999999993797,6.800000000000139
2022-01-06 10:30:00+00:00,GBP_USD,C1_trend_cont_long,1,london,1.9999999999997797,65.75310099992065,-2.6999999999999247,0.1999999999990898,4.900000000001015,-7.7000000000015945,0.1999999999990898,7.7000000000015945,-3.5000000000007248,0.1999999999990898,7.7000000000015945,-8.60000000000083,0.1999999999990898,10.000000000001119,-9.500000000000064,0.1999999999990898,15.400000000000968
2022-01-06 11:45:00+00:00,GBP_USD,C1_trend_cont_long,1,london,1.80000000000069,65.75310099992065,0.9999999999998899,0.9999999999998899,1.2000000000012,-0.20000000000131024,3.5999999999991594,1.2000000000012,-4.20000000000087,3.5999999999991594,4.3999999999999595,-0.20000000000131024,3.5999999999991594,9.300000000000974,-1.2000000000012,3.8000000000004697,9.300000000000974
2022-01-06 14:00:00+00:00,GBP_USD,C1_trend_cont_long,1,ny,1.7000000000000348,66.7064509284978,2.7999999999983594,4.599999999999049,0.0,7.599999999998719,7.599999999998719,0.0,1.0999999999983245,7.599999999998719,0.0,-4.3999999999999595,7.599999999998719,9.40000000000163,1.7999999999984695,21.899999999999142,9.40000000000163
2022-01-06 15:45:00+00:00,GBP_USD,C1_trend_cont_long,1,ny,1.5999999999993797,66.7064509284978,0.40000000000040004,1.100000000000545,0.7999999999985796,-9.600000000000719,1.100000000000545,11.300000000000754,-11.099999999999444,1.100000000000545,11.300000000000754,0.5000000000010552,1.100000000000545,11.300000000000754,0.5999999999994898,3.6999999999998145,11.300000000000754
2022-01-06 19:30:00+00:00,GBP_USD,C1_trend_cont_long,1,ny,1.80000000000069,65.01313300503365,-1.2999999999996348,0.700000000000145,1.2999999999996348,-3.900000000001125,0.700000000000145,3.900000000001125,-6.099999999999994,0.700000000000145,7.7000000000015945,-11.499999999999844,0.700000000000145,12.600000000000389,-9.300000000000974,0.700000000000145,12.600000000000389
2022-01-06 21:15:00+00:00,GBP_USD,C1_trend_cont_long,1,offhours,2.100000000000435,65.01313300503365,0.9999999999998899,0.9999999999998899,-0.0,0.9999999999998899,1.80000000000069,-0.0,0.40000000000040004,1.80000000000069,0.5000000000010552,1.7000000000000348,3.6999999999998145,0.5000000000010552,0.4999999999988347,3.8000000000004697,1.7000000000000348
2022-01-07 01:00:00+00:00,GBP_USD,C1_trend_cont_long,1,tokyo,1.8999999999991246,65.01313300503365,0.40000000000040004,1.40000000000029,0.0,1.5999999999993797,1.5999999999993797,0.0,3.5000000000007248,3.5000000000007248,0.0,11.600000000000499,12.399999999999078,0.0,14.099999999999113,14.899999999999913,0.0
2022-01-07 08:30:00+00:00,GBP_USD,C1_trend_cont_long,1,london,1.7000000000000348,65.01313300503365,0.0,0.9999999999998899,1.9999999999997797,0.9999999999998899,0.9999999999998899,1.9999999999997797,1.9999999999997797,1.9999999999997797,1.9999999999997797,6.800000000000139,8.900000000000574,1.9999999999997797,5.699999999999594,10.999999999998789,1.9999999999997797
2022-01-07 13:00:00+00:00,GBP_USD,C1_trend_cont_long,1,ny,2.20000000000109,65.01313300503365,-1.2999999999996348,0.10000000000065512,1.2999999999996348,-0.10000000000065512,0.10000000000065512,1.2999999999996348,-3.20000000000098,0.10000000000065512,3.9999999999995595,17.300000000000093,17.300000000000093,4.8000000000003595,-8.20000000000043,17.300000000000093,14.799999999999258
2022-01-07 14:15:00+00:00,GBP_USD,C1_trend_cont_long,1,ny,1.8999999999991246,65.01313300503365,-0.8000000000008001,2.4000000000001798,1.9999999999997797,4.999999999999449,4.999999999999449,2.80000000000058,11.599999999998278,11.599999999998278,2.80000000000058,19.199999999999218,19.199999999999218,2.80000000000058,18.599999999999728,20.799999999998597,2.80000000000058
2022-01-10 17:15:00+00:00,GBP_USD,C1_trend_cont_long,1,ny,1.5999999999993797,62.8154054992381,1.3000000000018552,1.3000000000018552,0.6999999999979245,-0.09999999999843467,2.100000000000435,0.6999999999979245,-4.999999999999449,2.100000000000435,4.999999999999449,-4.899999999998794,2.100000000000435,7.999999999999119,-0.4999999999988347,2.20000000000109,7.999999999999119
2022-01-10 18:15:00+00:00,GBP_USD,C1_trend_cont_long,1,ny,1.500000000000945,62.8154054992381,1.80000000000069,1.80000000000069,-0.0,-1.2000000000012,1.80000000000069,1.2000000000012,0.8000000000008001,1.80000000000069,1.2000000000012,2.9999999999996696,3.5999999999991594,1.2000000000012,2.9999999999996696,7.200000000000539,2.100000000000435
2022-01-11 15:15:00+00:00,GBP_USD,C1_trend_cont_long,1,ny,1.8999999999991246,61.9311404559757,4.100000000000215,4.100000000000215,0.0,6.999999999999229,8.60000000000083,0.0,13.600000000000279,14.199999999999768,0.0,15.799999999999148,19.400000000000528,0.0,36.000000000000476,37.199999999999456,0.0
2022-01-13 13:15:00+00:00,GBP_USD,C1_trend_cont_long,1,ny,1.8999999999991246,64.11562620948939,4.8000000000003595,4.999999999999449,0.1999999999990898,3.20000000000098,4.999999999999449,0.1999999999990898,3.8000000000004697,4.999999999999449,0.1999999999990898,14.799999999999258,14.799999999999258,0.1999999999990898,19.700000000000273,22.800000000000598,0.1999999999990898
2022-01-14 02:30:00+00:00,GBP_USD,C1_trend_cont_long,1,tokyo,1.5999999999993797,62.50022433738292,1.1999999999989797,2.0999999999982144,0.0,0.09999999999843467,2.0999999999982144,0.0,1.8999999999991246,2.0999999999982144,0.9000000000014552,5.1000000000001044,5.199999999998539,0.9000000000014552,7.800000000000029,9.899999999998244,0.9000000000014552
2022-01-14 07:45:00+00:00,GBP_USD,C1_trend_cont_long,1,london,1.900000000001345,62.50022433738292,-0.6000000000017103,0.3999999999981796,2.000000000002,2.1999999999988695,2.6999999999999247,2.000000000002,0.09999999999843467,2.6999999999999247,2.000000000002,6.599999999998829,9.099999999999664,2.000000000002,16.599999999999948,16.599999999999948,2.000000000002
2022-01-17 08:00:00+00:00,GBP_USD,C1_trend_cont_long,1,london,1.9999999999997797,60.41243833172311,-1.5999999999993797,2.4000000000001798,1.5999999999993797,-4.100000000000215,2.4000000000001798,4.100000000000215,-7.299999999998974,2.4000000000001798,7.399999999999629,-0.700000000000145,2.4000000000001798,7.399999999999629,-9.500000000000064,3.1000000000003247,9.500000000000064
2022-01-17 10:15:00+00:00,GBP_USD,C1_trend_cont_long,1,london,2.100000000000435,60.41243833172311,-2.0999999999982144,0.700000000000145,2.0999999999982144,-4.8000000000003595,0.700000000000145,4.8000000000003595,-4.3999999999999595,0.700000000000145,4.8000000000003595,0.20000000000131024,0.700000000000145,5.199999999998539,-3.8999999999989043,2.4000000000001798,7.199999999998319
2022-01-19 14:00:00+00:00,GBP_USD,C1_trend_cont_long,1,ny,1.40000000000029,55.43824441731962,-0.09999999999843467,0.9999999999998899,0.09999999999843467,-2.4000000000001798,0.9999999999998899,4.499999999998394,-0.8999999999992347,0.9999999999998899,4.499999999998394,5.700000000001815,8.900000000000574,4.499999999998394,10.100000000001774,15.800000000001369,4.499999999998394
2022-01-20 09:00:00+00:00,GBP_USD,C1_trend_cont_long,1,london,1.80000000000069,53.385512673225335,5.60000000000116,5.60000000000116,0.5999999999994898,1.100000000000545,5.60000000000116,0.5999999999994898,3.1000000000003247,5.60000000000116,0.5999999999994898,3.6999999999998145,6.099999999999994,0.5999999999994898,-1.8999999999991246,9.00000000000123,8.599999999998609
2022-01-20 15:00:00+00:00,GBP_USD,C1_trend_cont_long,1,ny,1.6000000000016001,49.76710021313804,-1.7000000000000348,0.0,2.6999999999999247,-1.500000000000945,0.0,4.500000000000615,-11.799999999999589,0.0,11.799999999999589,-2.6999999999999247,0.0,12.399999999999078,8.300000000001084,14.099999999999113,12.399999999999078
2022-02-01 18:00:00+00:00,GBP_USD,C1_trend_cont_long,1,ny,1.7000000000000348,48.478580792264076,2.100000000000435,2.100000000000435,0.40000000000040004,5.20000000000076,6.200000000000649,0.40000000000040004,6.200000000000649,6.200000000000649,0.40000000000040004,2.2999999999995246,7.500000000000284,0.40000000000040004,7.600000000000939,7.600000000000939,0.40000000000040004
2022-02-03 01:45:00+00:00,GBP_USD,C1_trend_cont_long,1,tokyo,2.1999999999988695,46.87680102062847,0.9999999999998899,0.9999999999998899,0.0,2.9999999999996696,3.2999999999994145,0.0,2.8999999999990145,3.4000000000000696,0.0,-1.100000000000545,3.9999999999995595,1.7000000000000348,-2.100000000000435,3.9999999999995595,6.700000000001705
2022-02-03 03:30:00+00:00,GBP_USD,C1_trend_cont_long,1,tokyo,1.7999999999984695,46.87680102062847,1.80000000000069,1.80000000000069,0.1999999999990898,2.9999999999996696,2.9999999999996696,0.1999999999990898,4.500000000000615,4.500000000000615,0.1999999999990898,1.5999999999993797,4.500000000000615,0.1999999999990898,-4.900000000001015,4.500000000000615,6.900000000000794
2022-02-03 07:15:00+00:00,GBP_USD,C1_trend_cont_long,1,london,1.9999999999997797,46.87680102062847,-2.5999999999992696,0.0,3.5999999999991594,-5.199999999998539,0.0,5.999999999999339,-8.500000000000174,0.0,8.599999999998609,-7.899999999998464,0.0,10.599999999998388,-4.8000000000003595,0.9999999999998899,10.599999999998388
2022-02-03 11:15:00+00:00,GBP_USD,C1_trend_cont_long,1,london,1.7000000000000348,46.87680102062847,-1.5999999999993797,0.0,2.4000000000001798,-3.60000000000138,0.0,5.20000000000076,-9.399999999999409,0.0,9.399999999999409,-3.9999999999995595,0.0,10.099999999999554,64.80000000000041,64.80000000000041,10.099999999999554
2022-02-03 13:30:00+00:00,GBP_USD,C1_trend_cont_long,1,ny,1.9999999999997797,46.87680102062847,1.9999999999997797,3.4000000000000696,1.2000000000012,13.499999999999623,13.499999999999623,1.2000000000012,13.399999999998968,13.499999999999623,1.2000000000012,2.4999999999986144,14.199999999999768,14.400000000001079,8.999999999999009,16.300000000000203,14.400000000001079
2022-02-10 15:00:00+00:00,GBP_USD,C1_trend_cont_long,1,ny,1.80000000000069,47.29703311710485,11.700000000001154,11.700000000001154,0.0,18.60000000000195,21.300000000001873,0.0,19.100000000000783,23.100000000000342,0.0,33.70000000000095,33.70000000000095,0.0,48.799999999999955,51.49999999999988,0.0
2022-02-11 11:00:00+00:00,GBP_USD,C1_trend_cont_long,1,london,1.7999999999984695,55.76070712648328,-2.20000000000109,0.8999999999992347,2.20000000000109,0.0,0.8999999999992347,2.20000000000109,-1.100000000000545,0.8999999999992347,2.20000000000109,-2.9999999999996696,1.1999999999989797,4.999999999999449,-1.500000000000945,5.20000000000076,5.999999999999339
2022-02-15 09:00:00+00:00,GBP_USD,C1_trend_cont_long,1,london,1.900000000001345,50.06613497980448,-3.9999999999995595,0.8000000000008001,6.499999999998174,-5.800000000000249,0.8000000000008001,6.499999999998174,-10.599999999998388,0.8000000000008001,10.599999999998388,-11.399999999999189,0.8000000000008001,14.199999999999768,-7.999999999999119,0.8000000000008001,17.799999999998928
2022-02-16 02:00:00+00:00,GBP_USD,C1_trend_cont_long,1,tokyo,1.8999999999991246,49.43425603157106,1.5999999999993797,1.7000000000000348,0.10000000000065512,1.500000000000945,2.20000000000109,0.10000000000065512,-1.100000000000545,2.20000000000109,1.100000000000545,-2.4000000000001798,2.20000000000109,2.4000000000001798,-3.1999999999987594,2.20000000000109,5.599999999998939
2022-02-16 13:45:00+00:00,GBP_USD,C1_trend_cont_long,1,ny,1.5999999999993797,48.9175234578875,-10.300000000000864,3.5000000000007248,10.799999999999699,-10.200000000000209,3.5000000000007248,13.400000000001189,-10.000000000001119,3.5000000000007248,13.400000000001189,-5.399999999999849,3.5000000000007248,13.600000000000279,24.599999999999067,24.599999999999067,13.600000000000279
2022-02-17 05:30:00+00:00,GBP_USD,C1_trend_cont_long,1,tokyo,2.0999999999982144,48.037048287668505,1.9999999999997797,2.5999999999992696,0.0,0.2999999999997449,2.5999999999992696,0.0,-0.20000000000131024,2.5999999999992696,0.20000000000131024,-0.8000000000008001,2.5999999999992696,4.20000000000087,0.5999999999994898,11.299999999998533,9.300000000000974
2022-02-17 06:30:00+00:00,GBP_USD,C1_trend_cont_long,1,tokyo,2.4999999999986144,47.59154483854938,-3.6999999999998145,0.0,7.699999999999374,-6.200000000000649,0.0,7.699999999999374,-5.20000000000076,0.0,8.60000000000083,1.40000000000029,3.4999999999985043,8.60000000000083,5.699999999999594,10.900000000000354,8.60000000000083
2022-02-17 08:45:00+00:00,GBP_USD,C1_trend_cont_long,1,london,1.40000000000029,47.59154483854938,-7.199999999998319,0.0,11.299999999998533,-9.799999999999809,0.0,11.299999999998533,-1.7999999999984695,0.0,11.299999999998533,-8.799999999999919,0.0,11.299999999998533,14.199999999999768,15.400000000000968,11.299999999998533
2022-03-22 13:00:00+00:00,GBP_USD,C1_trend_cont_long,1,ny,1.7000000000000348,54.57304672598625,8.299999999998864,8.399999999999519,0.0,5.199999999998539,8.399999999999519,0.8000000000008001,4.599999999999049,9.599999999998499,0.8000000000008001,21.899999999999142,23.699999999999832,0.8000000000008001,34.999999999998366,34.999999999998366,0.8000000000008001
2022-03-25 05:00:00+00:00,GBP_USD,C1_trend_cont_long,1,tokyo,1.7000000000000348,50.35809727395996,1.5999999999993797,2.0999999999982144,0.0,-1.3000000000018552,2.0999999999982144,1.80000000000069,-2.900000000001235,2.0999999999982144,2.900000000001235,-7.4000000000018495,2.0999999999982144,8.00000000000134,-2.900000000001235,2.0999999999982144,8.00000000000134
2022-03-25 15:00:00+00:00,GBP_USD,C1_trend_cont_long,1,ny,1.8999999999991246,50.91948183315921,-1.5999999999993797,0.09999999999843467,2.20000000000109,-4.100000000000215,0.09999999999843467,4.100000000000215,-12.900000000000134,0.09999999999843467,14.499999999999513,-7.600000000000939,0.09999999999843467,16.700000000000603,-13.300000000000534,0.09999999999843467,16.700000000000603
2022-05-17 13:00:00+00:00,GBP_USD,C1_trend_cont_long,1,ny,1.9999999999997797,68.61209834839967,-6.699999999999484,0.8000000000008001,6.699999999999484,-9.200000000000319,0.8000000000008001,9.200000000000319,-12.600000000000389,0.8000000000008001,12.600000000000389,-17.599999999999838,0.8000000000008001,20.999999999999908,-8.799999999999919,0.8000000000008001,33.799999999999386
2022-05-18 05:15:00+00:00,GBP_USD,C1_trend_cont_long,1,tokyo,1.8999999999991246,63.977268473875135,0.40000000000040004,1.900000000001345,0.9999999999998899,-4.999999999999449,1.900000000001345,6.599999999998829,-7.599999999998719,1.900000000001345,7.599999999998719,-2.5999999999992696,1.900000000001345,10.799999999999699,-20.399999999998197,1.900000000001345,20.399999999998197
2022-05-19 17:00:00+00:00,GBP_USD,C1_trend_cont_long,1,ny,1.80000000000069,68.76020793452155,5.1000000000001044,5.1000000000001044,0.7999999999985796,0.9000000000014552,7.500000000000284,0.7999999999985796,-3.4999999999985043,7.500000000000284,4.099999999997994,1.3000000000018552,7.500000000000284,5.499999999998284,9.200000000000319,11.300000000000754,9.299999999998754
2022-05-19 23:00:00+00:00,GBP_USD,C1_trend_cont_long,1,offhours,2.4000000000001798,68.76020793452155,0.9000000000014552,0.9000000000014552,0.700000000000145,0.40000000000040004,0.9000000000014552,1.2999999999996348,2.20000000000109,2.20000000000109,1.2999999999996348,1.500000000000945,3.1000000000003247,2.4000000000001798,-1.2999999999996348,3.1000000000003247,5.899999999998684
2022-05-20 00:15:00+00:00,GBP_USD,C1_trend_cont_long,1,tokyo,2.20000000000109,68.76020793452155,-5.299999999999194,0.9999999999998899,8.60000000000083,-3.20000000000098,0.9999999999998899,8.60000000000083,0.8999999999992347,0.9999999999998899,8.60000000000083,-2.9999999999996696,0.9999999999998899,8.60000000000083,-6.599999999998829,3.20000000000098,10.900000000000354
2022-05-20 01:45:00+00:00,GBP_USD,C1_trend_cont_long,1,tokyo,2.500000000000835,68.76020793452155,-5.799999999998029,0.0,6.199999999998429,-7.999999999999119,0.0,7.999999999999119,-7.999999999999119,0.0,8.399999999999519,-20.199999999999108,0.0,23.799999999998267,-14.999999999998348,0.0,23.799999999998267
2022-05-20 05:15:00+00:00,GBP_USD,C1_trend_cont_long,1,tokyo,2.500000000000835,68.23447879634148,3.7999999999982492,3.7999999999982492,0.0,0.700000000000145,5.999999999999339,0.0,2.9999999999996696,5.999999999999339,0.0,13.399999999998968,13.600000000000279,0.0,32.2,37.8999999999996,0.0
2022-05-20 12:30:00+00:00,GBP_USD,C1_trend_cont_long,1,ny,1.80000000000069,66.84630173945995,-4.300000000001525,0.0,6.900000000000794,-5.399999999999849,0.0,6.900000000000794,-0.20000000000131024,0.0,6.900000000000794,-1.2000000000012,5.199999999998539,6.900000000000794,10.999999999998789,21.999999999999797,6.900000000000794
2022-05-20 14:30:00+00:00,GBP_USD,C1_trend_cont_long,1,ny,1.5999999999993797,64.16442304378414,7.100000000002105,7.100000000002105,0.0,4.100000000000215,8.00000000000134,0.0,0.40000000000040004,8.00000000000134,0.0,-11.099999999999444,8.00000000000134,12.699999999998823,-9.199999999998099,8.00000000000134,21.899999999999142
2022-05-20 15:45:00+00:00,GBP_USD,C1_trend_cont_long,1,ny,1.7000000000000348,64.16442304378414,-1.80000000000069,1.9999999999997797,1.80000000000069,1.100000000000545,1.9999999999997797,1.80000000000069,3.20000000000098,4.999999999999449,1.80000000000069,-13.600000000000279,4.999999999999449,14.600000000000168,-10.399999999999299,4.999999999999449,14.600000000000168
2022-05-20 19:30:00+00:00,GBP_USD,C1_trend_cont_long,1,ny,2.4000000000001798,62.99553568351385,3.6999999999998145,4.999999999999449,-0.0,10.099999999999554,10.099999999999554,-0.0,9.500000000000064,13.099999999999223,-0.0,10.699999999999044,13.999999999998458,-0.0,17.699999999998273,17.699999999998273,-0.0
2022-05-23 23:45:00+00:00,GBP_USD,C1_trend_cont_long,1,offhours,2.6999999999999247,58.80130660810183,-4.3999999999999595,0.5999999999994898,4.3999999999999595,-10.000000000001119,0.5999999999994898,10.000000000001119,-10.700000000001264,0.5999999999994898,10.700000000001264,-8.40000000000174,0.5999999999994898,13.000000000000789,-14.300000000000423,0.5999999999994898,18.000000000000238
2022-05-24 05:15:00+00:00,GBP_USD,C1_trend_cont_long,1,tokyo,2.100000000000435,56.17978470752316,1.9999999999997797,1.9999999999997797,1.40000000000029,1.2000000000012,1.9999999999997797,1.40000000000029,-1.1999999999989797,1.9999999999997797,1.7999999999984695,-1.7999999999984695,4.8000000000003595,1.7999999999984695,11.300000000000754,12.600000000000389,4.599999999999049
2022-05-24 16:00:00+00:00,GBP_USD,C1_trend_cont_long,1,ny,1.9999999999997797,60.314712324343894,4.900000000001015,4.900000000001015,0.0,8.40000000000174,8.40000000000174,0.0,14.000000000000679,14.000000000000679,0.0,0.9000000000014552,14.000000000000679,0.0,-5.199999999998539,14.000000000000679,5.799999999998029
2022-05-24 20:00:00+00:00,GBP_USD,C1_trend_cont_long,1,ny,1.7000000000000348,61.07794715831925,-0.1999999999990898,0.5999999999994898,0.1999999999990898,-0.1999999999990898,0.5999999999994898,2.1999999999988695,-0.7999999999985796,0.5999999999994898,2.1999999999988695,0.8000000000008001,0.8000000000008001,2.1999999999988695,-4.599999999999049,1.40000000000029,4.599999999999049
2022-05-25 05:00:00+00:00,GBP_USD,C1_trend_cont_long,1,tokyo,1.9999999999997797,58.76523664701084,-2.1999999999988695,0.0,2.1999999999988695,-2.80000000000058,0.0,3.4000000000000696,-3.1999999999987594,0.0,3.4000000000000696,-1.40000000000029,2.80000000000058,3.4000000000000696,-4.599999999999049,2.80000000000058,7.800000000000029
2022-05-25 06:30:00+00:00,GBP_USD,C1_trend_cont_long,1,tokyo,2.2999999999995246,58.76523664701084,2.80000000000058,2.80000000000058,0.9999999999998899,5.800000000000249,7.4000000000018495,0.9999999999998899,13.600000000000279,13.600000000000279,0.9999999999998899,26.000000000001577,26.000000000001577,0.9999999999998899,11.500000000002064,26.000000000001577,5.599999999998939
2022-05-25 16:00:00+00:00,GBP_USD,C1_trend_cont_long,1,ny,1.4999999999987246,56.38686221094295,3.7999999999982492,8.199999999998209,0.0,4.199999999998649,8.199999999998209,0.0,2.1999999999988695,8.199999999998209,0.0,5.299999999999194,8.199999999998209,1.6000000000016001,-8.20000000000043,8.199999999998209,8.20000000000043
2022-05-26 07:15:00+00:00,GBP_USD,C1_trend_cont_long,1,london,2.2999999999995246,58.45601894719064,7.899999999998464,7.899999999998464,0.6000000000017103,15.600000000000058,20.599999999999508,0.6000000000017103,12.799999999999478,20.599999999999508,0.6000000000017103,9.699999999999154,20.599999999999508,0.6000000000017103,-5.60000000000116,20.599999999999508,5.60000000000116
2022-05-26 09:45:00+00:00,GBP_USD,C1_trend_cont_long,1,london,2.100000000000435,57.58058902239136,-2.1999999999988695,0.5999999999994898,4.3999999999999595,9.200000000000319,9.200000000000319,4.3999999999999595,10.700000000001264,18.400000000000638,4.3999999999999595,21.599999999999397,21.700000000000053,4.3999999999999595,26.200000000000667,26.999999999999247,4.3999999999999595
2022-05-26 13:45:00+00:00,GBP_USD,C1_trend_cont_long,1,ny,1.9999999999997797,57.946261235077685,3.9999999999995595,6.699999999999484,0.0,-1.8999999999991246,9.700000000001374,1.8999999999991246,-3.5999999999991594,9.700000000001374,3.5999999999991594,-2.8999999999990145,9.700000000001374,8.099999999999774,-10.900000000000354,9.700000000001374,21.199999999998997
2022-05-26 15:15:00+00:00,GBP_USD,C1_trend_cont_long,1,ny,1.8999999999991246,57.946261235077685,0.8000000000008001,3.20000000000098,1.1999999999989797,1.900000000001345,3.20000000000098,2.4000000000001798,2.80000000000058,3.9999999999995595,2.4000000000001798,-6.399999999999739,3.9999999999995595,7.200000000000539,1.40000000000029,3.9999999999995595,7.599999999998719
2022-05-26 16:45:00+00:00,GBP_USD,C1_trend_cont_long,1,ny,1.9999999999997797,57.946261235077685,-2.2999999999995246,0.0,4.100000000000215,-1.4999999999987246,0.0,4.100000000000215,-2.8999999999990145,0.0,6.899999999998574,-12.499999999999734,0.0,12.499999999999734,-0.5999999999994898,0.9000000000014552,12.499999999999734
2022-05-26 17:45:00+00:00,GBP_USD,C1_trend_cont_long,1,ny,1.7999999999984695,56.28581400400061,-0.10000000000065512,0.0,0.8999999999992347,-2.6999999999999247,0.10000000000065512,2.6999999999999247,0.10000000000065512,0.10000000000065512,2.6999999999999247,7.500000000000284,7.600000000000939,2.6999999999999247,16.499999999999293,17.100000000001003,2.6999999999999247
2022-05-27 07:15:00+00:00,GBP_USD,C1_trend_cont_long,1,london,2.20000000000109,58.83682728942905,-3.8000000000004697,0.0,7.800000000000029,-7.300000000001194,0.0,10.40000000000152,-6.399999999999739,0.0,10.40000000000152,-8.20000000000043,0.9999999999998899,10.40000000000152,-6.399999999999739,0.9999999999998899,18.599999999999728
2022-05-27 11:45:00+00:00,GBP_USD,C1_trend_cont_long,1,london,1.80000000000069,57.84133962589833,5.599999999998939,7.999999999999119,0.0,-1.40000000000029,7.999999999999119,1.40000000000029,-1.6000000000016001,7.999999999999119,4.60000000000127,9.999999999998899,18.799999999998818,4.60000000000127,9.399999999999409,25.100000000000122,4.60000000000127
2022-05-27 18:45:00+00:00,GBP_USD,C1_trend_cont_long,1,ny,1.8999999999991246,57.81829794273894,0.5999999999994898,0.5999999999994898,1.100000000000545,4.100000000000215,4.100000000000215,1.100000000000545,3.8000000000004697,5.800000000000249,1.100000000000545,5.699999999999594,8.20000000000043,1.100000000000545,8.399999999999519,9.699999999999154,1.100000000000545
2022-05-30 09:15:00+00:00,GBP_USD,C1_trend_cont_long,1,london,2.100000000000435,55.720879348586145,-2.5999999999992696,0.700000000000145,2.5999999999992696,-3.8000000000004697,0.700000000000145,5.1000000000001044,1.100000000000545,1.100000000000545,5.1000000000001044,7.099999999999884,7.099999999999884,5.1000000000001044,3.9999999999995595,13.099999999999223,5.1000000000001044
2022-05-30 13:45:00+00:00,GBP_USD,C1_trend_cont_long,1,ny,2.100000000000435,53.91224510940154,1.3000000000018552,1.3000000000018552,1.1999999999989797,-1.3999999999980695,1.3000000000018552,2.7999999999983594,3.4000000000000696,4.900000000001015,2.7999999999983594,11.200000000000099,12.400000000001299,2.7999999999983594,6.40000000000196,13.200000000002099,2.7999999999983594
2022-05-31 00:15:00+00:00,GBP_USD,C1_trend_cont_long,1,tokyo,1.7999999999984695,52.111370458729944,-7.099999999999884,0.10000000000065512,7.099999999999884,-19.199999999999218,0.10000000000065512,19.199999999999218,-24.900000000001032,0.10000000000065512,24.900000000001032,-27.600000000000957,0.10000000000065512,28.600000000000847,-35.30000000000033,0.10000000000065512,44.90000000000105
2022-05-31 17:00:00+00:00,GBP_USD,C1_trend_cont_long,1,ny,1.9999999999997797,53.14118210307641,-8.999999999999009,0.0,9.200000000000319,-7.200000000000539,0.0,10.099999999999554,-7.399999999999629,0.0,10.099999999999554,-10.399999999999299,0.0,10.399999999999299,-5.20000000000076,1.5999999999993797,10.799999999999699
2022-06-02 17:00:00+00:00,GBP_USD,C1_trend_cont_long,1,ny,2.20000000000109,54.575200148140304,-2.500000000000835,0.0,2.500000000000835,-5.999999999999339,0.0,5.999999999999339,-11.000000000001009,0.0,11.000000000001009,-5.800000000000249,0.0,11.000000000001009,-3.900000000001125,0.2999999999997449,11.000000000001009
2022-06-03 07:30:00+00:00,GBP_USD,C1_trend_cont_long,1,london,2.100000000000435,54.575200148140304,3.8000000000004697,4.999999999999449,0.0,8.399999999999519,8.399999999999519,0.0,9.200000000000319,10.000000000001119,0.0,4.20000000000087,11.300000000000754,0.0,3.8000000000004697,11.300000000000754,0.0
2022-06-03 10:00:00+00:00,GBP_USD,C1_trend_cont_long,1,london,1.5999999999993797,52.43411442327323,-2.6999999999999247,0.0,2.6999999999999247,-3.2999999999994145,0.0,3.5999999999991594,-7.800000000000029,0.0,7.800000000000029,-4.599999999999049,0.0,7.800000000000029,-11.399999999999189,0.0,16.00000000000046
2022-06-06 13:00:00+00:00,GBP_USD,C1_trend_cont_long,1,ny,2.100000000000435,54.25096880496297,2.9999999999996696,3.8000000000004697,0.0,1.2999999999996348,3.8000000000004697,0.20000000000131024,-2.100000000000435,3.8000000000004697,2.100000000000435,-4.60000000000127,3.8000000000004697,6.800000000000139,3.5999999999991594,3.8000000000004697,13.600000000000279
2022-06-06 16:00:00+00:00,GBP_USD,C1_trend_cont_long,1,ny,1.9999999999997797,54.25096880496297,-4.999999999999449,0.0,7.800000000000029,-2.7999999999983594,0.0,7.800000000000029,-6.999999999999229,0.0,7.800000000000029,-16.299999999997983,0.0,16.299999999997983,-6.399999999999739,0.0,17.999999999998018
2022-06-08 05:15:00+00:00,GBP_USD,C1_trend_cont_long,1,tokyo,2.2999999999995246,57.67074996208457,-3.4000000000000696,0.0,3.8000000000004697,-6.800000000000139,0.0,6.800000000000139,-3.20000000000098,0.0,7.100000000002105,1.3999999999980695,3.6999999999998145,7.100000000002105,-2.60000000000149,7.199999999998319,7.100000000002105
2022-06-08 06:45:00+00:00,GBP_USD,C1_trend_cont_long,1,tokyo,2.0999999999982144,57.67074996208457,2.1999999999988695,2.1999999999988695,0.8000000000008001,-0.8000000000008001,2.1999999999988695,4.8000000000003595,-4.00000000000178,2.1999999999988695,4.8000000000003595,-9.600000000000719,2.1999999999988695,11.200000000000099,-17.400000000000748,2.1999999999988695,17.400000000000748
2022-06-08 14:00:00+00:00,GBP_USD,C1_trend_cont_long,1,ny,1.7000000000000348,57.37069767138934,1.1999999999989797,2.5999999999992696,1.2000000000012,-0.20000000000131024,4.3999999999999595,1.2999999999996348,-3.20000000000098,4.3999999999999595,5.399999999999849,-0.9999999999998899,4.3999999999999595,9.00000000000123,1.5999999999993797,4.3999999999999595,11.099999999999444
2022-06-08 15:15:00+00:00,GBP_USD,C1_trend_cont_long,1,ny,1.5999999999993797,57.37069767138934,2.60000000000149,3.4000000000000696,0.0,-1.1999999999989797,3.4000000000000696,1.7999999999984695,-6.800000000000139,3.4000000000000696,6.800000000000139,-3.2999999999994145,3.4000000000000696,7.599999999998719,4.3999999999999595,11.400000000001409,7.599999999998719
2022-07-18 17:00:00+00:00,GBP_USD,C1_trend_cont_long,1,ny,1.8999999999991246,65.15749858962937,-1.80000000000069,0.0,1.80000000000069,-3.8000000000004697,0.0,3.8000000000004697,-0.1999999999990898,0.0,3.900000000001125,-6.800000000000139,0.0,7.699999999999374,-23.200000000000998,0.0,24.599999999999067
2022-07-19 04:45:00+00:00,GBP_USD,C1_trend_cont_long,1,tokyo,1.8999999999991246,65.15749858962937,5.20000000000076,5.20000000000076,0.0,0.8000000000008001,6.300000000001305,0.0,-4.599999999999049,6.300000000001305,5.999999999999339,1.9999999999997797,6.300000000001305,5.999999999999339,12.000000000000899,15.800000000001369,5.999999999999339
2022-07-19 09:00:00+00:00,GBP_USD,C1_trend_cont_long,1,london,2.100000000000435,65.34855745738457,-1.40000000000029,2.9999999999996696,1.40000000000029,-7.800000000000029,2.9999999999996696,7.800000000000029,-9.200000000000319,2.9999999999996696,9.200000000000319,-3.2999999999994145,2.9999999999996696,12.000000000000899,5.20000000000076,11.600000000000499,12.000000000000899
2022-07-19 17:30:00+00:00,GBP_USD,C1_trend_cont_long,1,ny,1.80000000000069,61.95462352192857,-0.2999999999997449,0.0,2.100000000000435,-3.5000000000007248,0.10000000000065512,3.5000000000007248,-2.900000000001235,0.10000000000065512,3.6999999999998145,-8.500000000000174,0.10000000000065512,9.099999999999664,-18.500000000001293,0.10000000000065512,19.700000000000273
2022-07-19 20:15:00+00:00,GBP_USD,C1_trend_cont_long,1,ny,2.2999999999995246,61.95462352192857,-0.2999999999997449,0.8999999999992347,0.8000000000008001,-0.9999999999998899,0.8999999999992347,2.4000000000001798,0.0,0.8999999999992347,2.4000000000001798,-0.1999999999990898,1.2999999999996348,2.4000000000001798,-1.40000000000029,1.2999999999996348,5.20000000000076
2022-07-19 22:30:00+00:00,GBP_USD,C1_trend_cont_long,1,offhours,2.100000000000435,61.95462352192857,1.1999999999989797,1.40000000000029,0.0,1.40000000000029,1.80000000000069,0.0,1.9999999999997797,2.2999999999995246,0.0,1.500000000000945,3.2999999999994145,0.0,-4.3999999999999595,3.2999999999994145,4.3999999999999595
2022-07-20 00:15:00+00:00,GBP_USD,C1_trend_cont_long,1,tokyo,2.20000000000109,61.95462352192857,1.80000000000069,4.599999999999049,0.0,5.5000000000005045,5.5000000000005045,0.0,10.099999999999554,10.099999999999554,0.0,6.800000000000139,10.099999999999554,0.0,4.100000000000215,10.399999999999299,0.0
2022-07-20 07:15:00+00:00,GBP_USD,C1_trend_cont_long,1,london,1.7000000000000348,59.68643612750512,-2.100000000000435,2.5999999999992696,2.100000000000435,2.4999999999986144,8.399999999999519,2.100000000000435,3.9999999999995595,8.399999999999519,2.100000000000435,-7.200000000000539,8.399999999999519,13.400000000001189,-11.200000000000099,8.399999999999519,27.099999999999902
2022-07-20 09:30:00+00:00,GBP_USD,C1_trend_cont_long,1,london,1.9999999999997797,58.7159764041119,-5.800000000000249,0.8999999999992347,6.6000000000010495,-0.8000000000008001,0.8999999999992347,6.6000000000010495,-5.1000000000001044,0.8999999999992347,6.6000000000010495,-5.800000000000249,0.8999999999992347,9.099999999999664,-18.000000000000238,0.8999999999992347,18.899999999999473
2022-07-21 05:00:00+00:00,GBP_USD,C1_trend_cont_long,1,tokyo,1.9999999999997797,57.490779941630535,0.40000000000040004,0.8000000000008001,0.0,4.900000000001015,4.900000000001015,0.5999999999994898,1.500000000000945,4.900000000001015,0.5999999999994898,-2.100000000000435,4.900000000001015,5.800000000000249,-1.500000000000945,4.900000000001015,5.800000000000249
2022-07-22 17:00:00+00:00,GBP_USD,C1_trend_cont_long,1,ny,1.8999999999991246,65.41457237120859,2.80000000000058,2.80000000000058,2.4000000000001798,1.40000000000029,5.800000000000249,2.4000000000001798,-6.200000000000649,5.800000000000249,6.200000000000649,-14.199999999999768,5.800000000000249,14.199999999999768,-6.900000000000794,5.800000000000249,20.400000000000418
2022-07-22 20:00:00+00:00,GBP_USD,C1_trend_cont_long,1,ny,2.300000000001745,65.41457237120859,0.40000000000040004,0.5999999999994898,0.5999999999994898,0.5999999999994898,0.5999999999994898,2.500000000000835,-1.2000000000012,0.5999999999994898,2.500000000000835,1.9999999999997797,1.9999999999997797,2.500000000000835,,,
2022-07-25 03:00:00+00:00,GBP_USD,C1_trend_cont_long,1,tokyo,1.9999999999997797,65.41457237120859,0.09999999999843467,2.2999999999995246,0.700000000000145,-0.5000000000010552,2.2999999999995246,0.700000000000145,-1.900000000001345,2.2999999999995246,1.900000000001345,-2.100000000000435,2.8999999999990145,3.900000000001125,1.4999999999987246,4.999999999999449,3.900000000001125
2022-07-25 04:30:00+00:00,GBP_USD,C1_trend_cont_long,1,tokyo,1.900000000001345,65.41457237120859,-1.9999999999997797,0.0,1.9999999999997797,-3.9999999999995595,0.0,3.9999999999995595,-8.00000000000134,0.0,8.00000000000134,-9.600000000000719,0.0,9.600000000000719,-19.800000000000928,0.0,19.800000000000928
2022-07-25 07:00:00+00:00,GBP_USD,C1_trend_cont_long,1,london,1.80000000000069,65.07067434469366,-3.0999999999981043,6.300000000001305,3.399999999997849,-3.6999999999998145,6.300000000001305,4.799999999998139,1.7000000000000348,6.300000000001305,4.799999999998139,-1.4999999999987246,6.300000000001305,14.899999999999913,2.000000000002,9.300000000000974,14.899999999999913
2022-07-26 06:45:00+00:00,GBP_USD,C1_trend_cont_long,1,tokyo,1.80000000000069,62.811355423750534,-5.1000000000001044,1.7999999999984695,5.1000000000001044,-15.800000000001369,1.7999999999984695,15.800000000001369,-27.200000000000557,1.7999999999984695,27.200000000000557,-23.500000000000743,1.7999999999984695,27.500000000000302,-17.300000000000093,1.7999999999984695,27.500000000000302
2022-07-26 15:00:00+00:00,GBP_USD,C1_trend_cont_long,1,ny,1.7000000000000348,61.93632176843795,-6.800000000000139,0.0,6.800000000000139,-12.499999999999734,0.0,12.499999999999734,-15.399999999998748,0.0,15.399999999998748,-27.200000000000557,0.0,27.999999999999137,-18.199999999999328,0.0,29.200000000000337
2022-07-26 16:30:00+00:00,GBP_USD,C1_trend_cont_long,1,ny,1.7999999999984695,61.93632176843795,0.0,2.1999999999988695,-0.0,-13.600000000000279,2.1999999999988695,13.799999999999368,-8.300000000001084,2.1999999999988695,14.400000000001079,-6.800000000000139,2.1999999999988695,14.400000000001079,0.4999999999988347,3.4000000000000696,14.400000000001079
2022-07-26 19:00:00+00:00,GBP_USD,C1_trend_cont_long,1,ny,1.80000000000069,62.14087021354955,-0.4999999999988347,0.0,1.7000000000000348,1.7000000000000348,2.300000000001745,1.7000000000000348,0.5000000000010552,2.6999999999999247,1.7000000000000348,-2.6999999999999247,2.6999999999999247,4.699999999999704,-2.2999999999995246,2.6999999999999247,7.099999999999884
2022-07-26 23:00:00+00:00,GBP_USD,C1_trend_cont_long,1,offhours,2.500000000000835,62.14087021354955,-1.2000000000012,0.0,1.2000000000012,-0.6000000000017103,0.0,1.500000000000945,1.1999999999989797,1.1999999999989797,1.500000000000945,-1.7000000000000348,1.1999999999989797,2.80000000000058,-2.60000000000149,1.1999999999989797,4.700000000001925
2022-07-27 07:30:00+00:00,GBP_USD,C1_trend_cont_long,1,london,1.80000000000069,60.17366519829602,-1.2000000000012,0.0,3.9999999999995595,-5.1000000000001044,2.5999999999992696,5.1000000000001044,-10.099999999999554,2.5999999999992696,11.099999999999444,-2.500000000000835,2.5999999999992696,13.100000000001444,14.300000000000423,16.399999999998638,13.100000000001444
2022-07-27 18:15:00+00:00,GBP_USD,C1_trend_cont_long,1,ny,2.2999999999995246,56.232777857382175,5.599999999998939,5.599999999998939,0.0,-0.9999999999998899,5.599999999998939,1.2000000000012,-9.799999999999809,5.599999999998939,9.799999999999809,62.99999999999972,63.49999999999856,31.30000000000077,100.99999999999997,107.5999999999988,31.30000000000077
2022-07-28 13:15:00+00:00,GBP_USD,C1_trend_cont_long,1,ny,2.100000000000435,62.58611988071006,18.400000000000638,20.000000000000018,0.0,16.700000000000603,20.200000000001328,0.0,17.599999999999838,21.800000000000708,0.0,-3.5999999999991594,21.800000000000708,3.5999999999991594,-23.499999999998522,21.800000000000708,30.999999999998806
2022-07-28 17:15:00+00:00,GBP_USD,C1_trend_cont_long,1,ny,1.9999999999997797,62.21568274637352,-0.8000000000008001,0.0,1.6000000000016001,-2.4000000000001798,0.9999999999998899,2.4000000000001798,-0.6000000000017103,0.9999999999998899,2.4000000000001798,2.8999999999990145,6.599999999998829,2.4000000000001798,0.7999999999985796,6.599999999998829,4.100000000000215
2022-07-28 18:30:00+00:00,GBP_USD,C1_trend_cont_long,1,ny,1.7000000000000348,62.21568274637352,1.80000000000069,1.80000000000069,1.2000000000012,-0.40000000000040004,1.80000000000069,1.2000000000012,-2.20000000000109,1.80000000000069,3.4000000000000696,13.399999999998968,13.399999999998968,3.4000000000000696,27.099999999999902,27.999999999999137,3.4000000000000696
2022-07-29 11:00:00+00:00,GBP_USD,C1_trend_cont_long,1,london,1.80000000000069,64.983930531312,-6.399999999999739,0.0,6.399999999999739,-0.7999999999985796,0.0,7.199999999998319,-6.899999999998574,0.0,10.200000000000209,-12.699999999998823,0.0,12.699999999998823,-27.999999999999137,0.0,30.999999999998806
2022-07-29 16:00:00+00:00,GBP_USD,C1_trend_cont_long,1,ny,1.7000000000000348,66.1422212076468,-0.9999999999998899,2.20000000000109,3.7999999999982492,0.10000000000065512,2.20000000000109,5.1000000000001044,-7.800000000000029,2.20000000000109,8.799999999999919,-16.999999999998128,2.20000000000109,17.599999999999838,-12.599999999998168,2.20000000000109,28.599999999998627
2022-08-02 03:30:00+00:00,GBP_USD,C1_trend_cont_long,1,tokyo,2.4000000000001798,64.48300101678377,-2.0999999999982144,0.0,2.7999999999983594,0.2999999999997449,1.6000000000016001,2.7999999999983594,-1.40000000000029,2.20000000000109,2.7999999999983594,0.6000000000017103,2.500000000000835,2.7999999999983594,-2.5999999999992696,6.200000000000649,2.7999999999983594
2022-08-02 13:15:00+00:00,GBP_USD,C1_trend_cont_long,1,ny,1.9999999999997797,60.89356896278202,-12.000000000000899,0.0,12.000000000000899,-19.199999999999218,0.0,22.599999999999287,-12.900000000000134,0.0,22.599999999999287,-12.600000000000389,0.0,23.599999999999177,-40.99999999999992,0.0,55.79999999999918
2022-08-02 15:45:00+00:00,GBP_USD,C1_trend_cont_long,1,ny,1.900000000001345,60.89356896278202,-0.20000000000131024,2.0999999999982144,0.20000000000131024,-2.80000000000058,2.0999999999982144,4.20000000000087,-7.099999999999884,2.0999999999982144,7.099999999999884,-1.80000000000069,2.0999999999982144,7.200000000000539,-3.6999999999998145,2.0999999999982144,9.40000000000163
2022-08-04 11:00:00+00:00,GBP_USD,C1_trend_cont_long,1,london,4.00000000000178,57.39715554234724,-53.300000000000566,0.0,53.300000000000566,-65.8000000000003,0.0,70.00000000000117,-70.80000000000197,0.0,75.60000000000011,-77.90000000000185,0.0,77.90000000000185,-94.00000000000074,0.0,108.90000000000066
2022-08-04 20:00:00+00:00,GBP_USD,C1_trend_cont_long,1,ny,2.000000000002,64.7261188094728,-1.7000000000000348,0.6999999999979245,2.700000000002145,-0.700000000000145,0.6999999999979245,2.700000000002145,-3.1000000000003247,0.6999999999979245,3.1000000000003247,-3.700000000002035,0.6999999999979245,5.9000000000009045,-9.900000000000464,0.6999999999979245,11.600000000000499
2022-08-10 13:00:00+00:00,GBP_USD,C1_trend_cont_long,1,ny,1.500000000000945,60.54991131088331,21.700000000000053,21.700000000000053,0.0,8.099999999999774,21.700000000000053,0.0,-2.4000000000001798,21.700000000000053,3.2999999999994145,-8.699999999999264,21.700000000000053,8.699999999999264,9.999999999998899,21.700000000000053,22.599999999999287
2022-08-11 04:15:00+00:00,GBP_USD,C1_trend_cont_long,1,tokyo,1.9999999999997797,62.35348907439167,-1.4999999999987246,0.10000000000065512,1.4999999999987246,-1.100000000000545,0.10000000000065512,1.4999999999987246,-4.100000000000215,0.10000000000065512,4.100000000000215,-4.699999999999704,0.10000000000065512,5.599999999998939,-11.300000000000754,0.10000000000065512,12.399999999999078
2022-08-11 05:45:00+00:00,GBP_USD,C1_trend_cont_long,1,tokyo,1.8999999999991246,62.59966842622086,-0.8999999999992347,0.700000000000145,0.8999999999992347,-0.8000000000008001,0.700000000000145,1.7000000000000348,-3.8000000000004697,0.700000000000145,3.8000000000004697,3.5999999999991594,4.3999999999999595,9.799999999999809,12.399999999999078,17.000000000000348,9.799999999999809
2022-08-11 11:45:00+00:00,GBP_USD,C1_trend_cont_long,1,london,1.8999999999991246,62.55683496720507,1.9999999999997797,3.4000000000000696,1.80000000000069,-7.399999999999629,3.4000000000000696,7.399999999999629,-2.1999999999988695,3.4000000000000696,8.799999999999919,12.799999999999478,12.799999999999478,8.799999999999919,19.800000000000928,26.500000000000412,8.799999999999919
2022-08-11 15:45:00+00:00,GBP_USD,C1_trend_cont_long,1,ny,1.5999999999993797,61.69563246954757,-7.699999999999374,0.0,7.699999999999374,-7.999999999999119,0.0,11.799999999999589,0.9000000000014552,0.9000000000014552,11.799999999999589,-4.8000000000003595,1.2000000000012,11.799999999999589,-8.599999999998609,1.2000000000012,11.799999999999589
2022-08-11 16:45:00+00:00,GBP_USD,C1_trend_cont_long,1,ny,2.0999999999982144,61.69563246954757,3.4999999999985043,3.4999999999985043,0.0,3.4000000000000696,4.8000000000003595,0.0,3.5999999999991594,4.8000000000003595,0.0,-1.6000000000016001,4.8000000000003595,4.20000000000087,-9.200000000000319,4.8000000000003595,12.300000000000644
2022-08-12 05:30:00+00:00,GBP_USD,C1_trend_cont_long,1,tokyo,2.20000000000109,59.96205044568128,7.600000000000939,7.600000000000939,0.0,6.300000000001305,8.60000000000083,0.0,6.200000000000649,8.60000000000083,0.0,4.8000000000003595,8.60000000000083,10.900000000000354,-1.7999999999984695,8.60000000000083,11.600000000000499
2022-09-12 09:00:00+00:00,GBP_USD,C1_trend_cont_long,1,london,1.80000000000069,63.68951461646961,-2.9999999999996696,0.10000000000065512,2.9999999999996696,-13.399999999998968,0.10000000000065512,13.399999999998968,-10.499999999999954,0.10000000000065512,13.699999999998713,-15.799999999999148,0.10000000000065512,15.799999999999148,-20.700000000000163,0.10000000000065512,20.700000000000163
2022-09-12 19:45:00+00:00,GBP_USD,C1_trend_cont_long,1,ny,1.80000000000069,61.00575494991501,1.100000000000545,2.500000000000835,0.0,0.9000000000014552,2.500000000000835,2.8999999999990145,-2.5999999999992696,2.500000000000835,2.8999999999990145,-0.09999999999843467,2.500000000000835,2.8999999999990145,0.700000000000145,2.500000000000835,2.8999999999990145
2022-09-13 01:45:00+00:00,GBP_USD,C1_trend_cont_long,1,tokyo,2.100000000000435,61.00575494991501,3.8000000000004697,3.8000000000004697,0.9999999999998899,4.60000000000127,6.399999999999739,0.9999999999998899,6.399999999999739,6.800000000000139,0.9999999999998899,-1.1999999999989797,6.800000000000139,3.8000000000004697,4.299999999999304,6.800000000000139,5.399999999999849
2022-09-13 04:00:00+00:00,GBP_USD,C1_trend_cont_long,1,tokyo,1.9999999999997797,61.00575494991501,-0.20000000000131024,0.0,2.20000000000109,0.9999999999998899,1.7999999999984695,2.20000000000109,0.1999999999990898,1.7999999999984695,2.20000000000109,0.0,3.1000000000003247,2.20000000000109,-4.900000000001015,3.4000000000000696,7.500000000000284
2022-09-13 05:15:00+00:00,GBP_USD,C1_trend_cont_long,1,tokyo,2.4000000000001798,58.76248673920685,2.1999999999988695,2.1999999999988695,0.0,-1.2999999999996348,2.1999999999988695,1.2999999999996348,3.6999999999998145,3.6999999999998145,1.2999999999996348,1.7000000000000348,4.999999999999449,1.2999999999996348,35.00000000000058,35.39999999999876,4.100000000000215
2022-09-30 09:00:00+00:00,GBP_USD,C1_trend_cont_long,1,london,2.1999999999988695,137.89948949771335,-24.999999999999467,0.0,26.800000000000157,-26.999999999999247,0.0,36.79999999999905,-46.19999999999846,0.0,46.19999999999846,-36.09999999999891,0.0,50.200000000000244,-54.299999999998235,0.0,64.9999999999995
2022-09-30 17:00:00+00:00,GBP_USD,C1_trend_cont_long,1,ny,1.9999999999997797,140.99445778119176,-3.5000000000007248,0.0,7.300000000001194,12.499999999999734,12.499999999999734,7.300000000001194,0.700000000000145,12.499999999999734,7.300000000001194,13.900000000000023,14.499999999999513,7.300000000001194,21.899999999999142,27.29999999999899,7.300000000001194
2022-10-02 23:45:00+00:00,GBP_USD,C1_trend_cont_long,1,offhours,2.4000000000001798,140.99445778119176,6.099999999999994,9.200000000000319,0.0,-12.300000000000644,9.200000000000319,13.499999999999623,-12.499999999999734,9.200000000000319,14.099999999999113,-20.400000000000418,9.200000000000319,28.69999999999928,-11.499999999999844,9.200000000000319,30.90000000000037
2022-10-03 01:15:00+00:00,GBP_USD,C1_trend_cont_long,1,tokyo,2.80000000000058,140.99445778119176,-8.099999999999774,0.0,8.099999999999774,-8.099999999999774,0.0,10.300000000000864,-4.60000000000127,0.0,11.399999999999189,-1.9999999999997797,2.8999999999990145,11.399999999999189,0.700000000000145,12.300000000000644,11.399999999999189
2022-10-03 09:00:00+00:00,GBP_USD,C1_trend_cont_long,1,london,2.2999999999995246,140.33399676031334,-0.700000000000145,2.60000000000149,0.700000000000145,-3.1999999999987594,2.60000000000149,11.399999999999189,0.6000000000017103,2.60000000000149,11.399999999999189,1.100000000000545,11.600000000000499,11.399999999999189,-18.000000000000238,11.600000000000499,30.399999999999316
2022-10-04 02:30:00+00:00,GBP_USD,C1_trend_cont_long,1,tokyo,2.500000000000835,135.272680880066,-0.8000000000008001,0.0,4.00000000000178,0.5999999999994898,0.7999999999985796,4.00000000000178,0.9999999999998899,4.799999999998139,4.00000000000178,5.799999999998029,6.699999999999484,4.00000000000178,6.599999999998829,17.699999999998273,4.00000000000178
2022-10-04 11:45:00+00:00,GBP_USD,C1_trend_cont_long,1,london,2.20000000000109,128.59226055475088,-1.900000000001345,0.0,3.9999999999995595,-6.200000000000649,0.0,10.200000000000209,-4.500000000000615,0.0,12.400000000001299,-13.799999999999368,0.0,18.400000000000638,20.299999999999763,25.999999999999357,18.400000000000638
2022-10-05 03:45:00+00:00,GBP_USD,C1_trend_cont_long,1,tokyo,2.6999999999999247,127.08006139669835,2.4000000000001798,2.4000000000001798,0.40000000000040004,-4.3999999999999595,2.4000000000001798,4.3999999999999595,-1.80000000000069,2.4000000000001798,6.200000000000649,2.5999999999992696,2.5999999999992696,6.200000000000649,-12.799999999999478,3.9999999999995595,12.799999999999478
2022-10-05 05:15:00+00:00,GBP_USD,C1_trend_cont_long,1,tokyo,2.6999999999999247,121.63148558264845,-0.20000000000131024,4.3999999999999595,2.80000000000058,1.8999999999991246,4.3999999999999595,2.80000000000058,2.8999999999990145,4.599999999999049,2.80000000000058,-3.20000000000098,4.999999999999449,6.200000000000649,-10.200000000000209,4.999999999999449,12.700000000001044
2022-10-05 06:30:00+00:00,GBP_USD,C1_trend_cont_long,1,tokyo,2.80000000000058,121.63148558264845,14.800000000001479,14.800000000001479,0.0,25.699999999999612,25.699999999999612,0.0,44.30000000000156,44.30000000000156,0.0,23.500000000000743,44.30000000000156,0.0,-12.499999999999734,44.30000000000156,16.300000000000203
2022-10-06 00:00:00+00:00,GBP_USD,C1_trend_cont_long,1,tokyo,2.4999999999986144,120.02881699164685,1.9999999999997797,3.20000000000098,1.100000000000545,7.200000000000539,8.399999999999519,1.100000000000545,16.100000000001113,18.199999999999328,1.100000000000545,17.599999999999838,27.399999999999647,1.100000000000545,9.00000000000123,27.800000000000047,1.100000000000545
2022-10-06 02:00:00+00:00,GBP_USD,C1_trend_cont_long,1,tokyo,2.9999999999996696,120.02881699164685,7.399999999999629,7.399999999999629,0.0,2.100000000000435,7.399999999999629,0.5999999999994898,-0.40000000000040004,7.399999999999629,0.5999999999994898,-10.700000000001264,7.399999999999629,10.700000000001264,2.2999999999995246,10.299999999998644,10.700000000001264
2022-10-13 17:00:00+00:00,GBP_USD,C1_trend_cont_long,1,ny,2.4999999999986144,110.94683212026953,3.5999999999991594,7.200000000000539,0.5999999999994898,-13.700000000000934,7.200000000000539,13.700000000000934,-14.399999999998858,7.200000000000539,29.29999999999877,3.20000000000098,7.200000000000539,29.29999999999877,0.9999999999998899,18.800000000001038,29.29999999999877
2022-10-14 08:00:00+00:00,GBP_USD,C1_trend_cont_long,1,london,2.4000000000001798,107.3934869688218,-1.900000000001345,0.0,11.000000000001009,-10.300000000000864,0.0,16.599999999999948,-17.899999999999583,0.0,17.899999999999583,-22.200000000001108,0.0,37.50000000000142,-29.90000000000048,0.0,38.50000000000131
2022-10-14 13:15:00+00:00,GBP_USD,C1_trend_cont_long,1,ny,3.0999999999981043,108.29540458025983,-6.800000000000139,0.2999999999997449,7.600000000000939,-22.599999999999287,0.2999999999997449,22.599999999999287,-29.50000000000008,0.2999999999997449,31.09999999999946,-70.00000000000117,0.2999999999997449,70.00000000000117,-71.0999999999995,0.2999999999997449,97.59999999999991
2022-10-14 15:00:00+00:00,GBP_USD,C1_trend_cont_long,1,ny,1.900000000001345,108.29540458025983,-20.600000000001728,0.0,20.600000000001728,-28.400000000001757,0.0,28.400000000001757,-37.20000000000167,0.0,37.20000000000167,-50.90000000000039,0.0,52.400000000001334,-51.000000000001044,0.0,68.09999999999982
2022-10-17 05:00:00+00:00,GBP_USD,C1_trend_cont_long,1,tokyo,2.5999999999992696,108.23481313297924,16.300000000000203,16.300000000000203,0.0,28.000000000001357,29.600000000000737,0.0,21.400000000000308,29.600000000000737,0.0,39.59999999999963,39.59999999999963,0.0,62.59999999999932,66.50000000000044,0.0
2022-10-18 03:15:00+00:00,GBP_USD,C1_trend_cont_long,1,tokyo,2.500000000000835,105.65629899896311,-4.20000000000087,1.4999999999987246,4.20000000000087,-13.400000000001189,1.4999999999987246,13.400000000001189,-9.40000000000163,1.4999999999987246,13.400000000001189,14.399999999998858,14.399999999998858,13.400000000001189,40.49999999999887,45.799999999998064,13.400000000001189
2022-10-18 06:15:00+00:00,GBP_USD,C1_trend_cont_long,1,tokyo,2.9999999999996696,103.8594204990371,2.60000000000149,3.8000000000004697,2.4000000000001798,-9.199999999998099,3.8000000000004697,15.699999999998493,-13.699999999998713,3.8000000000004697,15.699999999998493,-3.7999999999982492,3.8000000000004697,18.699999999998163,-28.89999999999837,5.700000000001815,30.999999999998806
2022-10-18 08:00:00+00:00,GBP_USD,C1_trend_cont_long,1,london,2.80000000000058,103.8594204990371,0.8000000000008001,0.9999999999998899,1.1999999999989797,3.20000000000098,5.60000000000116,5.800000000000249,-3.4000000000000696,6.399999999999739,5.800000000000249,-9.999999999998899,6.399999999999739,18.199999999999328,-49.099999999999696,6.399999999999739,58.59999999999976
2022-10-18 13:00:00+00:00,GBP_USD,C1_trend_cont_long,1,ny,2.100000000000435,103.76194930784312,-3.9999999999995595,0.0,8.999999999999009,4.3999999999999595,4.3999999999999595,8.999999999999009,-9.799999999999809,6.6000000000010495,9.799999999999809,2.100000000000435,6.6000000000010495,19.800000000000928,-10.399999999999299,12.300000000000644,23.599999999999177
2022-10-18 16:45:00+00:00,GBP_USD,C1_trend_cont_long,1,ny,1.900000000001345,103.76194930784312,-2.7999999999983594,0.0,2.7999999999983594,0.9999999999998899,0.9999999999998899,2.8999999999990145,-13.999999999998458,0.9999999999998899,13.999999999998458,-17.199999999999438,0.9999999999998899,37.59999999999985,-0.2999999999997449,6.6000000000010495,37.59999999999985
2022-10-18 18:00:00+00:00,GBP_USD,C1_trend_cont_long,1,ny,1.8999999999991246,100.5289529287114,-1.9999999999997797,4.00000000000178,1.9999999999997797,-1.3999999999980695,4.00000000000178,2.4999999999986144,-6.599999999998829,4.00000000000178,6.599999999998829,-11.599999999998278,4.00000000000178,12.999999999998568,-2.5999999999992696,4.00000000000178,20.199999999999108
2022-10-18 19:00:00+00:00,GBP_USD,C1_trend_cont_long,1,ny,2.300000000001745,100.5289529287114,-2.9999999999996696,0.5999999999994898,3.5999999999991594,-7.399999999999629,0.5999999999994898,7.999999999999119,-9.399999999999409,0.5999999999994898,9.399999999999409,-5.20000000000076,0.5999999999994898,10.200000000000209,7.200000000000539,10.200000000000209,10.200000000000209
2022-10-20 15:00:00+00:00,GBP_USD,C1_trend_cont_long,1,ny,1.7000000000000348,91.16441376656518,-10.099999999999554,0.0,13.699999999998713,-10.399999999999299,0.0,16.399999999998638,-24.899999999998812,0.0,24.899999999998812,-19.199999999999218,0.0,27.599999999998737,-40.79999999999861,0.0,40.79999999999861
2022-10-24 05:00:00+00:00,GBP_USD,C1_trend_cont_long,1,tokyo,2.9999999999996696,96.77401894993001,0.2999999999997449,0.4999999999988347,2.6999999999999247,-9.099999999999664,0.4999999999988347,9.099999999999664,-5.699999999999594,0.4999999999988347,12.700000000001044,-5.699999999999594,0.4999999999988347,12.700000000001044,10.900000000000354,10.900000000000354,12.700000000001044
2022-10-24 10:00:00+00:00,GBP_USD,C1_trend_cont_long,1,london,2.500000000000835,95.54730331064927,-1.2000000000012,0.0,3.1000000000003247,-12.199999999999989,0.0,12.199999999999989,-2.20000000000109,0.0,12.199999999999989,-4.8000000000003595,9.199999999998099,12.199999999999989,-33.50000000000186,9.199999999998099,36.800000000001276
2022-10-24 13:00:00+00:00,GBP_USD,C1_trend_cont_long,1,ny,2.4000000000001798,94.10821021703154,-2.9999999999996696,0.09999999999843467,5.399999999999849,-16.40000000000086,0.09999999999843467,23.699999999999832,-23.100000000000342,0.09999999999843467,23.699999999999832,-23.699999999999832,0.09999999999843467,28.600000000000847,7.099999999999884,34.999999999998366,29.200000000000337
2022-10-24 14:00:00+00:00,GBP_USD,C1_trend_cont_long,1,ny,2.20000000000109,94.10821021703154,-10.099999999999554,0.0,11.700000000001154,-25.300000000001432,0.0,26.800000000000157,-24.500000000000632,0.0,26.800000000000157,-22.100000000000453,0.0,39.1000000000008,-2.100000000000435,8.500000000000174,39.1000000000008
2022-10-24 15:00:00+00:00,GBP_USD,C1_trend_cont_long,1,ny,1.6000000000016001,94.10821021703154,-13.199999999999878,5.20000000000076,13.199999999999878,-15.199999999999658,5.20000000000076,18.299999999999983,-5.20000000000076,5.20000000000076,19.100000000000783,-18.400000000000638,5.20000000000076,19.100000000000783,-16.899999999999693,5.20000000000076,35.400000000000986
2022-10-24 22:30:00+00:00,GBP_USD,C1_trend_cont_long,1,offhours,3.900000000001125,93.5790523443864,-5.399999999999849,0.0,5.399999999999849,-4.299999999999304,0.0,5.399999999999849,-0.40000000000040004,0.0,5.399999999999849,12.199999999999989,12.600000000000389,5.399999999999849,6.900000000000794,17.400000000000748,5.399999999999849
2022-10-25 03:00:00+00:00,GBP_USD,C1_trend_cont_long,1,tokyo,2.6999999999999247,93.5790523443864,-1.5999999999993797,0.2999999999997449,1.9999999999997797,2.8999999999990145,2.8999999999990145,1.9999999999997797,-8.399999999999519,3.8000000000004697,8.399999999999519,4.999999999999449,7.399999999999629,8.399999999999519,-4.60000000000127,8.399999999999519,8.399999999999519
2022-10-25 04:15:00+00:00,GBP_USD,C1_trend_cont_long,1,tokyo,2.80000000000058,93.5790523443864,-1.2999999999996348,0.0,3.9999999999995595,-3.9999999999995595,0.0,4.3999999999999595,-1.500000000000945,0.0,4.3999999999999595,-5.5000000000005045,0.0,8.399999999999519,-6.999999999999229,0.0,9.600000000000719
2022-10-25 07:45:00+00:00,GBP_USD,C1_trend_cont_long,1,london,2.100000000000435,90.38769146264455,-0.10000000000065512,0.0,7.800000000000029,-6.900000000000794,0.0,7.800000000000029,-1.80000000000069,0.0,7.800000000000029,11.000000000001009,21.100000000000563,7.800000000000029,21.400000000000308,31.399999999999206,7.800000000000029
2022-10-27 02:45:00+00:00,GBP_USD,C1_trend_cont_long,1,tokyo,2.20000000000109,90.67302468889105,0.700000000000145,6.299999999999084,0.0,3.4000000000000696,6.299999999999084,0.8000000000008001,2.1999999999988695,6.299999999999084,0.8000000000008001,6.599999999998829,9.600000000000719,0.8000000000008001,-4.3999999999999595,9.600000000000719,4.3999999999999595
2022-10-27 04:00:00+00:00,GBP_USD,C1_trend_cont_long,1,tokyo,1.7999999999984695,90.67302468889105,-1.40000000000029,0.0,2.500000000000835,1.5999999999993797,1.5999999999993797,2.500000000000835,2.1999999999988695,2.500000000000835,2.500000000000835,6.299999999999084,7.900000000000684,2.500000000000835,13.700000000000934,17.099999999998783,2.500000000000835
2022-10-27 13:45:00+00:00,GBP_USD,C1_trend_cont_long,1,ny,1.900000000001345,81.48470672066097,-11.000000000001009,0.7999999999985796,15.300000000000313,-25.699999999999612,0.7999999999985796,25.699999999999612,-21.200000000001218,0.7999999999985796,26.600000000001067,13.199999999999878,13.399999999998968,26.600000000001067,-13.000000000000789,18.399999999998418,26.600000000001067
2022-10-27 15:15:00+00:00,GBP_USD,C1_trend_cont_long,1,ny,2.100000000000435,81.48470672066097,5.399999999999849,5.399999999999849,3.20000000000098,15.399999999998748,15.399999999998748,3.20000000000098,10.699999999999044,15.399999999998748,3.20000000000098,-15.400000000000968,15.399999999998748,15.400000000000968,-2.500000000000835,15.399999999998748,21.400000000000308
2022-10-27 17:15:00+00:00,GBP_USD,C1_trend_cont_long,1,ny,1.9999999999997797,81.22865624061373,5.5000000000005045,5.5000000000005045,1.5999999999993797,-5.299999999999194,5.5000000000005045,5.299999999999194,-3.1000000000003247,5.5000000000005045,7.299999999998974,-12.900000000000134,5.5000000000005045,14.499999999999513,-29.90000000000048,5.5000000000005045,29.90000000000048
2022-10-28 01:30:00+00:00,GBP_USD,C1_trend_cont_long,1,tokyo,2.500000000000835,81.22865624061373,-4.500000000000615,0.5999999999994898,6.099999999999994,-0.8000000000008001,0.5999999999994898,6.099999999999994,3.8000000000004697,4.500000000000615,6.099999999999994,11.200000000000099,14.799999999999258,6.099999999999994,4.8000000000003595,14.799999999999258,6.099999999999994
2022-10-28 03:45:00+00:00,GBP_USD,C1_trend_cont_long,1,tokyo,2.1999999999988695,81.22865624061373,-2.4000000000001798,0.1999999999990898,3.900000000001125,-1.40000000000029,0.1999999999990898,6.399999999999739,5.499999999998284,5.899999999998684,6.399999999999739,5.800000000000249,7.299999999998974,6.399999999999739,-3.1000000000003247,7.299999999998974,6.399999999999739
2022-10-28 14:00:00+00:00,GBP_USD,C1_trend_cont_long,1,ny,2.8999999999990145,76.95636215766339,-5.800000000000249,0.0,13.800000000001589,-30.000000000001137,0.0,30.000000000001137,-29.200000000000337,0.0,38.000000000000256,-8.40000000000174,0.0,38.000000000000256,17.199999999999438,22.699999999999942,38.000000000000256
2022-10-31 02:00:00+00:00,GBP_USD,C1_trend_cont_long,1,tokyo,2.20000000000109,76.18805057497305,1.80000000000069,1.80000000000069,0.1999999999990898,-2.80000000000058,1.80000000000069,5.800000000000249,-0.5000000000010552,1.80000000000069,5.800000000000249,-1.1999999999989797,1.80000000000069,5.999999999999339,6.500000000000394,12.300000000000644,5.999999999999339
2022-10-31 06:15:00+00:00,GBP_USD,C1_trend_cont_long,1,tokyo,2.100000000000435,72.61747553390359,-6.800000000000139,0.0,10.399999999999299,-3.8000000000004697,0.0,10.399999999999299,-2.1999999999988695,0.0,10.399999999999299,4.699999999999704,4.699999999999704,10.399999999999299,-4.8000000000003595,10.099999999999554,10.399999999999299
2022-11-01 11:00:00+00:00,GBP_USD,C1_trend_cont_long,1,london,2.000000000002,67.89552578935387,-0.40000000000040004,1.9999999999997797,2.4000000000001798,-1.40000000000029,2.5999999999992696,2.60000000000149,-7.900000000000684,2.5999999999992696,10.40000000000152,5.099999999997884,5.099999999997884,10.40000000000152,20.299999999999763,20.299999999999763,10.40000000000152
2022-11-07 14:00:00+00:00,GBP_USD,C1_trend_cont_long,1,ny,1.900000000001345,82.8817054921784,1.3999999999980695,4.999999999999449,0.6000000000017103,7.399999999999629,7.399999999999629,0.6000000000017103,6.399999999999739,7.399999999999629,0.6000000000017103,4.799999999998139,11.099999999999444,2.80000000000058,-20.600000000001728,11.099999999999444,24.399999999999977
2022-11-08 06:45:00+00:00,GBP_USD,C1_trend_cont_long,1,tokyo,2.100000000000435,79.40514402131714,-2.900000000001235,0.0,3.8000000000004697,-6.500000000000394,0.0,6.500000000000394,1.0999999999983245,1.0999999999983245,9.40000000000163,-24.600000000001288,1.0999999999983245,24.600000000001288,-21.200000000001218,1.0999999999983245,27.500000000000302
2022-11-08 10:00:00+00:00,GBP_USD,C1_trend_cont_long,1,london,2.1999999999988695,77.5976337340803,-0.9999999999998899,3.4000000000000696,0.9999999999998899,-4.3999999999999595,3.4000000000000696,4.3999999999999595,-6.699999999999484,3.4000000000000696,10.499999999999954,-13.799999999999368,3.4000000000000696,20.499999999998852,-37.59999999999985,3.4000000000000696,38.3
2022-11-08 14:45:00+00:00,GBP_USD,C1_trend_cont_long,1,ny,1.7000000000000348,76.61208846736032,-5.899999999998684,3.9999999999995595,5.899999999998684,-7.599999999998719,3.9999999999995595,9.399999999999409,3.4000000000000696,3.9999999999995595,9.799999999999809,44.800000000000395,44.800000000000395,9.799999999999809,80.80000000000086,83.20000000000104,9.799999999999809
2022-11-09 06:30:00+00:00,GBP_USD,C1_trend_cont_long,1,tokyo,2.100000000000435,79.72521913767295,-2.60000000000149,2.5999999999992696,2.60000000000149,-2.900000000001235,2.5999999999992696,3.4000000000000696,1.7999999999984695,3.1000000000003247,3.4000000000000696,1.7999999999984695,3.1999999999987594,6.00000000000156,11.699999999998933,11.699999999998933,6.00000000000156
2022-11-09 08:15:00+00:00,GBP_USD,C1_trend_cont_long,1,london,2.100000000000435,79.72521913767295,9.200000000000319,9.200000000000319,0.0,0.9999999999998899,11.900000000000244,0.0,14.800000000001479,14.800000000001479,0.0,7.099999999999884,14.800000000001479,0.0,-35.60000000000007,14.800000000001479,35.60000000000007
2022-11-10 14:00:00+00:00,GBP_USD,C1_trend_cont_long,1,ny,2.8999999999990145,92.50112335749375,-2.100000000000435,11.000000000001009,6.199999999998429,22.500000000000853,22.500000000000853,6.199999999998429,19.900000000001583,31.400000000001427,6.199999999998429,28.200000000000447,41.400000000000325,6.199999999998429,58.80000000000107,64.60000000000132,6.199999999998429
2022-11-11 15:00:00+00:00,GBP_USD,C1_trend_cont_long,1,ny,2.6999999999999247,89.37814411217664,-0.8000000000008001,0.40000000000040004,7.800000000000029,3.8999999999989043,3.8999999999989043,8.399999999999519,13.799999999999368,13.799999999999368,8.399999999999519,12.799999999999478,18.199999999999328,8.399999999999519,29.200000000000337,32.2,8.399999999999519
2022-11-13 23:15:00+00:00,GBP_USD,C1_trend_cont_long,1,offhours,2.9999999999996696,89.81541953273558,2.9999999999996696,4.999999999999449,0.0,4.699999999999704,9.500000000000064,0.0,8.20000000000043,11.700000000001154,0.0,11.499999999999844,18.100000000000893,0.0,4.500000000000615,18.100000000000893,4.699999999999704
2022-11-14 03:00:00+00:00,GBP_USD,C1_trend_cont_long,1,tokyo,2.4000000000001798,89.81541953273558,-3.5999999999991594,1.500000000000945,3.5999999999991594,-10.499999999999954,1.500000000000945,10.499999999999954,-7.099999999999884,1.500000000000945,10.799999999999699,-3.9999999999995595,1.500000000000945,10.799999999999699,-16.599999999999948,1.500000000000945,16.899999999999693
2022-11-14 08:00:00+00:00,GBP_USD,C1_trend_cont_long,1,london,2.100000000000435,87.3428895661116,2.5999999999992696,5.800000000000249,0.40000000000040004,3.9999999999995595,5.800000000000249,2.4999999999986144,17.80000000000115,19.500000000001183,2.4999999999986144,16.00000000000046,29.600000000000737,2.4999999999986144,28.000000000001357,38.000000000000256,2.4999999999986144
2022-11-14 12:45:00+00:00,GBP_USD,C1_trend_cont_long,1,ny,1.9999999999997797,86.96125459710362,5.60000000000116,5.60000000000116,2.80000000000058,8.799999999999919,11.300000000000754,2.80000000000058,17.700000000000493,25.600000000001177,2.80000000000058,7.200000000000539,25.600000000001177,2.80000000000058,-27.800000000000047,25.600000000001177,27.800000000000047
2022-11-14 18:15:00+00:00,GBP_USD,C1_trend_cont_long,1,ny,1.9999999999997797,83.94159197403333,10.799999999999699,10.799999999999699,0.8999999999992347,17.300000000000093,17.300000000000093,0.8999999999992347,22.400000000000198,24.100000000000232,0.8999999999992347,26.999999999999247,26.999999999999247,0.8999999999992347,19.700000000000273,32.49999999999975,0.8999999999992347
2022-11-14 20:30:00+00:00,GBP_USD,C1_trend_cont_long,1,ny,2.4000000000001798,83.94159197403333,-1.3000000000018552,1.4999999999987246,1.3000000000018552,0.8999999999992347,1.4999999999987246,1.3000000000018552,-8.799999999999919,1.4999999999987246,8.799999999999919,-17.100000000001003,1.4999999999987246,19.000000000000128,-21.300000000001873,1.4999999999987246,21.300000000001873
2022-11-15 01:30:00+00:00,GBP_USD,C1_trend_cont_long,1,tokyo,2.80000000000058,83.94159197403333,-7.800000000000029,0.0,8.799999999999919,-9.399999999999409,0.0,9.399999999999409,-14.199999999999768,0.0,14.199999999999768,-9.799999999999809,0.0,14.199999999999768,2.9999999999996696,6.6000000000010495,14.199999999999768
2022-11-15 02:30:00+00:00,GBP_USD,C1_trend_cont_long,1,tokyo,2.100000000000435,83.94159197403333,7.600000000000939,7.600000000000939,0.0,10.200000000000209,10.799999999999699,0.0,7.800000000000029,10.799999999999699,0.0,4.299999999999304,10.799999999999699,0.7999999999985796,3.60000000000138,11.400000000001409,0.7999999999985796
2022-11-15 05:00:00+00:00,GBP_USD,C1_trend_cont_long,1,tokyo,2.500000000000835,83.94159197403333,5.60000000000116,5.60000000000116,0.0,18.400000000000638,19.299999999999873,0.0,16.20000000000177,19.800000000000928,0.0,16.80000000000126,20.000000000000018,0.0,12.400000000001299,22.200000000001108,0.0
2022-11-15 20:00:00+00:00,GBP_USD,C1_trend_cont_long,1,ny,2.4999999999986144,92.57405790218566,-2.4000000000001798,10.300000000000864,2.4000000000001798,-5.20000000000076,10.300000000000864,7.200000000000539,-3.8000000000004697,10.300000000000864,7.200000000000539,-2.500000000000835,10.300000000000864,7.200000000000539,-5.60000000000116,10.300000000000864,12.000000000000899
2022-11-15 22:45:00+00:00,GBP_USD,C1_trend_cont_long,1,offhours,5.800000000000249,92.57405790218566,-0.5999999999994898,0.8000000000008001,0.5999999999994898,-1.4999999999987246,0.8000000000008001,1.9999999999997797,-1.0999999999983245,0.8000000000008001,1.9999999999997797,-0.1999999999990898,0.8000000000008001,12.199999999999989,1.80000000000069,10.80000000000192,12.199999999999989
2022-11-16 02:15:00+00:00,GBP_USD,C1_trend_cont_long,1,tokyo,2.6999999999999247,92.57405790218566,3.5999999999991594,3.5999999999991594,0.8000000000008001,7.699999999999374,7.699999999999374,0.8000000000008001,4.3999999999999595,15.000000000000568,0.8000000000008001,3.5000000000007248,15.000000000000568,0.8000000000008001,-1.2999999999996348,15.000000000000568,4.8000000000003595
2022-11-16 05:30:00+00:00,GBP_USD,C1_trend_cont_long,1,tokyo,2.80000000000058,92.57405790218566,-5.20000000000076,0.0,5.20000000000076,-3.8999999999989043,0.0,5.20000000000076,0.5999999999994898,2.80000000000058,5.20000000000076,9.600000000000719,9.600000000000719,5.20000000000076,17.599999999999838,17.599999999999838,5.20000000000076
2022-11-16 08:00:00+00:00,GBP_USD,C1_trend_cont_long,1,london,2.20000000000109,90.31162519488662,-7.200000000000539,0.0,8.099999999999774,-19.899999999999363,0.0,19.899999999999363,-22.699999999999942,0.0,25.100000000000122,-30.300000000000882,0.0,30.300000000000882,-11.300000000000754,0.0,38.10000000000091
2022-11-16 16:00:00+00:00,GBP_USD,C1_trend_cont_long,1,ny,1.7000000000000348,88.13400335681548,1.1999999999989797,2.6999999999999247,4.999999999999449,-3.8000000000004697,2.6999999999999247,5.1000000000001044,-9.300000000000974,2.6999999999999247,9.300000000000974,-7.800000000000029,2.6999999999999247,11.000000000001009,-5.399999999999849,2.6999999999999247,24.200000000000887
2022-11-16 17:00:00+00:00,GBP_USD,C1_trend_cont_long,1,ny,1.8999999999991246,88.13400335681548,-1.80000000000069,0.0,3.5999999999991594,-1.5999999999993797,2.1999999999988695,3.5999999999991594,-1.2000000000012,2.1999999999988695,5.800000000000249,6.399999999999739,6.800000000000139,5.800000000000249,6.999999999999229,17.000000000000348,5.800000000000249
2022-11-16 19:00:00+00:00,GBP_USD,C1_trend_cont_long,1,ny,2.000000000002,87.11728883132866,3.8000000000004697,5.60000000000116,0.5999999999994898,4.00000000000178,5.60000000000116,1.3999999999980695,3.8000000000004697,5.60000000000116,1.3999999999980695,10.40000000000152,14.100000000001334,1.3999999999980695,26.400000000001977,29.800000000002047,1.3999999999980695
2022-11-17 05:30:00+00:00,GBP_USD,C1_trend_cont_long,1,tokyo,2.2999999999995246,87.11728883132866,-4.699999999999704,0.0,4.699999999999704,-2.80000000000058,0.0,6.299999999999084,-0.8999999999992347,0.9999999999998899,6.299999999999084,-1.40000000000029,0.9999999999998899,6.299999999999084,5.999999999999339,13.199999999999878,6.299999999999084
2022-11-17 21:00:00+00:00,GBP_USD,C1_trend_cont_long,1,offhours,1.7000000000000348,86.530226632434,2.8999999999990145,2.8999999999990145,0.5000000000010552,4.799999999998139,4.799999999998139,0.5000000000010552,1.5999999999993797,4.799999999998139,0.5000000000010552,0.4999999999988347,4.799999999998139,1.900000000001345,1.3999999999980695,5.399999999999849,1.900000000001345
2022-11-18 12:00:00+00:00,GBP_USD,C1_trend_cont_long,1,ny,2.100000000000435,85.81534847388437,5.1000000000001044,5.1000000000001044,1.5999999999993797,12.800000000001699,12.800000000001699,1.5999999999993797,16.00000000000046,16.00000000000046,1.5999999999993797,26.399999999999757,29.200000000000337,1.5999999999993797,-15.799999999999148,29.200000000000337,15.799999999999148
2022-11-18 13:15:00+00:00,GBP_USD,C1_trend_cont_long,1,ny,2.1999999999988695,85.81534847388437,8.599999999998609,8.799999999999919,0.0,11.600000000000499,13.399999999998968,0.0,13.999999999998458,19.499999999998963,0.0,6.399999999999739,19.499999999998963,0.0,-13.700000000000934,19.499999999998963,13.700000000000934
2022-11-18 15:30:00+00:00,GBP_USD,C1_trend_cont_long,1,ny,1.9999999999997797,83.29996644003555,1.40000000000029,2.20000000000109,1.8999999999991246,5.20000000000076,6.500000000000394,1.8999999999991246,5.399999999999849,6.500000000000394,1.8999999999991246,12.900000000000134,23.300000000001653,1.8999999999991246,6.300000000001305,23.300000000001653,1.8999999999991246
2022-11-18 20:30:00+00:00,GBP_USD,C1_trend_cont_long,1,ny,2.100000000000435,81.99282598003296,-2.2999999999995246,0.20000000000131024,4.199999999998649,-3.8000000000004697,0.20000000000131024,4.199999999998649,-9.399999999999409,0.20000000000131024,9.399999999999409,-15.399999999998748,0.20000000000131024,17.199999999999438,-16.599999999999948,0.20000000000131024,18.700000000000383
2022-11-22 03:00:00+00:00,GBP_USD,C1_trend_cont_long,1,tokyo,2.4000000000001798,73.70501881548624,-6.099999999999994,0.0,7.200000000000539,-3.20000000000098,0.0,7.200000000000539,-6.800000000000139,0.0,7.200000000000539,-7.699999999999374,0.0,9.799999999999809,-7.200000000000539,0.0,9.799999999999809
2022-11-22 10:00:00+00:00,GBP_USD,C1_trend_cont_long,1,london,2.100000000000435,72.47728663172037,-3.300000000001635,0.9999999999998899,4.300000000001525,-4.8000000000003595,0.9999999999998899,8.60000000000083,-5.20000000000076,0.9999999999998899,8.60000000000083,-0.8000000000008001,3.8999999999989043,9.600000000000719,11.299999999998533,11.299999999998533,9.600000000000719
2022-11-22 17:00:00+00:00,GBP_USD,C1_trend_cont_long,1,ny,1.7999999999984695,71.31462330088317,-4.899999999998794,0.700000000000145,4.899999999998794,-4.3999999999999595,0.700000000000145,9.600000000000719,-5.800000000000249,0.700000000000145,9.600000000000719,-8.399999999999519,0.700000000000145,14.799999999999258,2.900000000001235,5.399999999999849,14.799999999999258
2022-11-23 02:00:00+00:00,GBP_USD,C1_trend_cont_long,1,tokyo,2.20000000000109,68.79215020796299,-4.899999999998794,0.40000000000040004,4.899999999998794,-4.699999999999704,0.40000000000040004,5.899999999998684,-2.6999999999999247,0.40000000000040004,5.899999999998684,-3.1999999999987594,0.40000000000040004,5.899999999998684,5.20000000000076,8.700000000001484,5.899999999998684
2022-11-23 05:30:00+00:00,GBP_USD,C1_trend_cont_long,1,tokyo,3.1000000000003247,68.79215020796299,-3.20000000000098,0.0,4.3999999999999595,-2.9999999999996696,0.0,4.3999999999999595,-2.1999999999988695,0.5999999999994898,4.3999999999999595,-0.40000000000040004,2.80000000000058,4.3999999999999595,-0.9999999999998899,2.80000000000058,4.3999999999999595
2022-11-23 08:45:00+00:00,GBP_USD,C1_trend_cont_long,1,london,2.4000000000001798,65.4284251931085,1.8999999999991246,3.5000000000007248,0.0,-2.900000000001235,3.5000000000007248,2.900000000001235,1.100000000000545,3.5000000000007248,2.900000000001235,-2.20000000000109,4.199999999998649,4.8000000000003595,28.999999999999027,28.999999999999027,4.8000000000003595
2022-11-24 08:45:00+00:00,GBP_USD,C1_trend_cont_long,1,london,2.100000000000435,70.46342544617796,-1.500000000000945,0.40000000000040004,1.500000000000945,-0.5999999999994898,0.40000000000040004,4.8000000000003595,-2.5999999999992696,0.40000000000040004,8.00000000000134,13.600000000000279,18.799999999998818,8.00000000000134,-1.2000000000012,18.799999999998818,8.00000000000134
2022-11-25 02:45:00+00:00,GBP_USD,C1_trend_cont_long,1,tokyo,2.100000000000435,64.4082892511855,0.7999999999985796,0.7999999999985796,0.5000000000010552,2.4000000000001798,2.4000000000001798,0.5000000000010552,-5.5000000000005045,2.4000000000001798,5.5000000000005045,-0.8000000000008001,2.4000000000001798,8.799999999999919,2.6999999999999247,3.1000000000003247,8.799999999999919
2022-11-25 03:45:00+00:00,GBP_USD,C1_trend_cont_long,1,tokyo,1.9999999999997797,64.4082892511855,-1.500000000000945,0.0,3.60000000000138,-0.5000000000010552,0.2999999999997449,3.60000000000138,0.700000000000145,0.700000000000145,3.60000000000138,12.799999999999478,14.499999999999513,3.60000000000138,7.099999999999884,14.999999999998348,3.60000000000138
2022-11-25 06:45:00+00:00,GBP_USD,C1_trend_cont_long,1,tokyo,2.100000000000435,62.10055430467221,3.1999999999987594,3.8000000000004697,1.40000000000029,0.5999999999994898,3.8000000000004697,1.6000000000016001,1.9999999999997797,3.8000000000004697,1.6000000000016001,-6.00000000000156,3.8000000000004697,9.900000000000464,-1.2999999999996348,10.999999999998789,10.799999999999699
2022-11-25 08:30:00+00:00,GBP_USD,C1_trend_cont_long,1,london,2.2999999999995246,62.10055430467221,8.199999999998209,8.199999999998209,0.9999999999998899,7.999999999999119,9.099999999999664,0.9999999999998899,-2.4000000000001798,9.099999999999664,2.4000000000001798,0.8999999999992347,9.099999999999664,10.000000000001119,-1.6000000000016001,9.099999999999664,10.000000000001119
2022-11-25 10:30:00+00:00,GBP_USD,C1_trend_cont_long,1,london,2.1999999999988695,61.414800425767034,0.9000000000014552,0.9000000000014552,4.899999999998794,3.900000000001125,4.300000000001525,4.899999999998794,-1.1999999999989797,4.300000000001525,4.899999999998794,-10.399999999999299,4.300000000001525,10.399999999999299,-9.899999999998244,4.300000000001525,17.699999999998273
2022-11-25 16:00:00+00:00,GBP_USD,C1_trend_cont_long,1,ny,1.7000000000000348,61.46374325249799,4.599999999999049,4.8000000000003595,1.9999999999997797,2.9999999999996696,5.199999999998539,1.9999999999997797,-9.500000000000064,5.199999999998539,9.500000000000064,-5.800000000000249,5.199999999998539,11.600000000000499,6.199999999998429,7.999999999999119,11.600000000000499
2022-11-25 17:00:00+00:00,GBP_USD,C1_trend_cont_long,1,ny,2.100000000000435,61.46374325249799,-2.8999999999990145,0.40000000000040004,2.8999999999990145,8.300000000001084,8.300000000001084,2.8999999999990145,7.200000000000539,10.40000000000152,2.8999999999990145,0.10000000000065512,10.40000000000152,2.8999999999990145,-10.999999999998789,10.40000000000152,10.999999999998789
2022-11-25 20:00:00+00:00,GBP_USD,C1_trend_cont_long,1,ny,14.999999999998348,60.487761591605285,-2.9999999999996696,0.0,3.4999999999985043,0.700000000000145,1.500000000000945,10.899999999998133,-3.7999999999982492,1.500000000000945,10.899999999998133,-2.8999999999990145,1.500000000000945,10.899999999998133,-1.7999999999984695,1.500000000000945,10.899999999998133
2022-11-28 09:00:00+00:00,GBP_USD,C1_trend_cont_long,1,london,1.80000000000069,61.088635763633526,-3.9999999999995595,1.80000000000069,3.9999999999995595,11.999999999998678,11.999999999998678,3.9999999999995595,15.499999999999403,15.499999999999403,3.9999999999995595,-0.20000000000131024,20.899999999999253,3.9999999999995595,-10.900000000000354,20.899999999999253,14.400000000001079
2022-11-30 12:00:00+00:00,GBP_USD,C1_trend_cont_long,1,ny,1.7999999999984695,59.64969600361568,-2.4000000000001798,1.2000000000012,2.4000000000001798,-2.6999999999999247,1.2000000000012,3.5999999999991594,-0.1999999999990898,3.4000000000000696,3.5999999999991594,-10.200000000000209,3.4000000000000696,11.900000000000244,-9.399999999999409,3.4000000000000696,18.799999999998818
2022-11-30 20:00:00+00:00,GBP_USD,C1_trend_cont_long,1,ny,1.900000000001345,63.23111543168896,4.999999999999449,4.999999999999449,3.8000000000004697,8.399999999999519,8.399999999999519,3.8000000000004697,13.799999999999368,13.799999999999368,3.8000000000004697,18.399999999998418,25.399999999999867,3.8000000000004697,-0.8000000000008001,30.999999999998806,3.8000000000004697
2022-12-02 06:30:00+00:00,GBP_USD,C1_trend_cont_long,1,tokyo,2.100000000000435,72.92824853851494,0.8999999999992347,1.80000000000069,1.40000000000029,-1.40000000000029,1.80000000000069,1.40000000000029,-0.5999999999994898,1.80000000000069,2.9999999999996696,-0.10000000000065512,2.1999999999988695,4.599999999999049,-1.40000000000029,9.099999999999664,8.999999999999009
2022-12-02 16:30:00+00:00,GBP_USD,C1_trend_cont_long,1,ny,2.20000000000109,78.9779285867807,14.899999999999913,14.899999999999913,0.0,27.29999999999899,27.29999999999899,0.0,35.199999999999676,35.199999999999676,0.0,38.40000000000065,44.899999999998826,0.0,40.70000000000018,51.29999999999857,0.0
2022-12-05 12:45:00+00:00,GBP_USD,C1_trend_cont_long,1,ny,2.500000000000835,81.09180360975112,12.900000000000134,13.800000000001589,0.0,28.600000000000847,28.600000000000847,0.0,18.60000000000195,28.600000000000847,0.0,7.800000000000029,28.600000000000847,0.0,-4.699999999999704,28.600000000000847,4.699999999999704
2022-12-07 14:00:00+00:00,GBP_USD,C1_trend_cont_long,1,ny,2.20000000000109,78.84674108527255,0.5999999999994898,2.100000000000435,5.999999999999339,-3.4000000000000696,2.100000000000435,5.999999999999339,-10.399999999999299,2.100000000000435,14.400000000001079,-17.000000000000348,2.100000000000435,22.100000000000453,-17.599999999999838,2.100000000000435,22.100000000000453
2022-12-08 00:45:00+00:00,GBP_USD,C1_trend_cont_long,1,tokyo,2.20000000000109,77.364831007753,-1.500000000000945,0.9999999999998899,1.500000000000945,-1.7000000000000348,0.9999999999998899,2.500000000000835,-1.7000000000000348,0.9999999999998899,3.8000000000004697,-13.900000000000023,0.9999999999998899,13.900000000000023,-17.300000000000093,0.9999999999998899,19.100000000000783
2022-12-08 07:00:00+00:00,GBP_USD,C1_trend_cont_long,1,london,2.20000000000109,75.15305736434206,-2.2999999999995246,0.700000000000145,5.1000000000001044,-1.500000000000945,0.700000000000145,5.300000000001415,-4.699999999999704,0.700000000000145,5.399999999999849,0.700000000000145,5.599999999998939,7.099999999999884,-9.300000000000974,8.900000000000574,9.300000000000974
2022-12-08 14:00:00+00:00,GBP_USD,C1_trend_cont_long,1,ny,2.1999999999988695,74.09217701313175,-0.09999999999843467,2.6999999999999247,4.699999999999704,-5.899999999998684,2.6999999999999247,5.899999999998684,-10.699999999999044,2.6999999999999247,10.699999999999044,-12.900000000000134,2.6999999999999247,17.199999999999438,4.900000000001015,7.500000000000284,29.09999999999968
2022-12-09 10:15:00+00:00,GBP_USD,C1_trend_cont_long,1,london,1.9999999999997797,68.50426854877925,-8.099999999999774,0.0,8.099999999999774,-14.099999999999113,0.0,14.300000000000423,-15.300000000000313,0.0,16.40000000000086,-20.299999999999763,0.0,20.299999999999763,0.2999999999997449,3.6999999999998145,21.100000000000563
2022-12-09 14:00:00+00:00,GBP_USD,C1_trend_cont_long,1,ny,2.0999999999982144,70.21110650958067,-2.2999999999995246,0.20000000000131024,2.2999999999995246,-6.999999999999229,1.3000000000018552,6.999999999999229,-8.799999999999919,1.3000000000018552,15.299999999998093,-5.799999999998029,1.3000000000018552,16.399999999998638,0.9000000000014552,1.500000000000945,18.099999999998673
2022-12-09 15:30:00+00:00,GBP_USD,C1_trend_cont_long,1,ny,1.9999999999997797,70.21110650958067,5.999999999999339,9.200000000000319,0.0,25.999999999999357,28.399999999999537,0.0,20.999999999999908,28.399999999999537,0.0,24.500000000000632,28.600000000000847,0.0,35.60000000000007,35.60000000000007,0.0
2022-12-09 20:00:00+00:00,GBP_USD,C1_trend_cont_long,1,ny,1.9999999999997797,70.39602747318202,1.7999999999984695,1.7999999999984695,0.40000000000040004,2.1999999999988695,3.7999999999982492,0.40000000000040004,2.4000000000001798,3.7999999999982492,0.40000000000040004,-3.1000000000003247,3.7999999999982492,3.300000000001635,-15.400000000000968,3.7999999999982492,15.400000000000968
2022-12-12 08:00:00+00:00,GBP_USD,C1_trend_cont_long,1,london,2.2999999999995246,70.6891683679547,-3.60000000000138,1.3999999999980695,3.60000000000138,-1.40000000000029,1.3999999999980695,8.900000000000574,-3.00000000000189,1.3999999999980695,8.900000000000574,-5.60000000000116,1.3999999999980695,16.80000000000126,4.599999999999049,15.399999999998748,16.80000000000126
2022-12-12 15:00:00+00:00,GBP_USD,C1_trend_cont_long,1,ny,1.7000000000000348,67.82433394992026,1.8999999999991246,1.8999999999991246,10.300000000000864,18.000000000000238,18.000000000000238,10.300000000000864,19.199999999999218,24.999999999999467,10.300000000000864,14.300000000000423,24.999999999999467,10.300000000000864,-21.999999999999797,24.999999999999467,21.999999999999797
2022-12-12 16:45:00+00:00,GBP_USD,C1_trend_cont_long,1,ny,1.900000000001345,67.82433394992026,12.999999999998568,12.999999999998568,0.0,13.099999999999223,14.899999999999913,0.0,7.799999999997809,14.899999999999913,0.0,9.099999999999664,14.899999999999913,0.0,-1.2000000000012,14.899999999999913,5.00000000000167
2022-12-12 18:00:00+00:00,GBP_USD,C1_trend_cont_long,1,ny,1.9999999999997797,67.02259581064024,-11.200000000000099,0.0,11.200000000000099,-12.399999999999078,0.0,12.599999999998168,-27.500000000000302,0.0,27.500000000000302,-30.599999999998406,0.0,31.69999999999895,-34.399999999998876,0.0,37.39999999999854
2022-12-12 20:45:00+00:00,GBP_USD,C1_trend_cont_long,1,ny,2.2999999999995246,67.02259581064024,1.5999999999993797,1.7000000000000348,0.40000000000040004,0.4999999999988347,2.6999999999999247,0.40000000000040004,4.199999999998649,4.199999999998649,0.40000000000040004,0.09999999999843467,5.399999999999849,0.40000000000040004,-0.700000000000145,5.399999999999849,0.700000000000145
2022-12-13 05:00:00+00:00,GBP_USD,C1_trend_cont_long,1,tokyo,2.4999999999986144,67.02259581064024,2.8999999999990145,2.8999999999990145,0.0,0.3999999999981796,2.8999999999990145,0.0,1.0999999999983245,2.8999999999990145,0.6000000000017103,0.700000000000145,2.8999999999990145,1.9999999999997797,12.499999999999734,13.999999999998458,1.9999999999997797
2022-12-13 09:45:00+00:00,GBP_USD,C1_trend_cont_long,1,london,2.2999999999995246,65.00669610988014,-3.20000000000098,1.7999999999984695,3.20000000000098,-0.9000000000014552,1.7999999999984695,8.20000000000043,-5.300000000001415,1.7999999999984695,8.20000000000043,-6.200000000000649,1.7999999999984695,13.800000000001589,7.399999999999629,15.399999999998748,13.800000000001589
2022-12-14 01:00:00+00:00,GBP_USD,C1_trend_cont_long,1,tokyo,2.300000000001745,73.82106827748059,-7.099999999999884,0.0,7.200000000000539,-7.200000000000539,0.0,9.200000000000319,-3.9999999999995595,0.0,9.200000000000319,-9.600000000000719,0.0,11.399999999999189,-5.800000000000249,0.0,11.399999999999189
2022-12-14 03:45:00+00:00,GBP_USD,C1_trend_cont_long,1,tokyo,2.6999999999999247,73.82106827748059,-2.4000000000001798,0.0,2.4000000000001798,-4.3999999999999595,0.0,4.3999999999999595,-5.300000000001415,0.0,5.300000000001415,-1.7000000000000348,0.0,5.399999999999849,-10.000000000001119,0.0,13.000000000000789
2022-12-14 05:15:00+00:00,GBP_USD,C1_trend_cont_long,1,tokyo,2.100000000000435,73.82106827748059,1.500000000000945,2.60000000000149,0.0,1.80000000000069,2.700000000002145,0.0,1.40000000000029,2.700000000002145,0.0,1.6000000000016001,2.700000000002145,1.3999999999980695,6.6000000000010495,6.6000000000010495,4.599999999999049
2022-12-14 08:00:00+00:00,GBP_USD,C1_trend_cont_long,1,london,1.8999999999991246,70.2195634005177,-4.599999999999049,1.80000000000069,4.599999999999049,4.299999999999304,4.299999999999304,4.999999999999449,3.5999999999991594,7.600000000000939,4.999999999999449,14.000000000000679,19.199999999999218,4.999999999999449,11.399999999999189,21.800000000000708,4.999999999999449
2022-12-14 13:45:00+00:00,GBP_USD,C1_trend_cont_long,1,ny,1.7999999999984695,69.56816601476632,-4.699999999999704,0.9999999999998899,4.699999999999704,-13.000000000000789,0.9999999999998899,13.000000000000789,-4.699999999999704,0.9999999999998899,13.000000000000789,-13.000000000000789,0.9999999999998899,18.000000000000238,7.399999999999629,9.600000000000719,18.000000000000238
2022-12-14 14:45:00+00:00,GBP_USD,C1_trend_cont_long,1,ny,1.900000000001345,68.11329701371162,0.700000000000145,5.399999999999849,1.5999999999993797,1.40000000000029,5.399999999999849,2.7999999999983594,0.2999999999997449,5.399999999999849,2.7999999999983594,6.300000000001305,11.000000000001009,4.899999999998794,21.400000000000308,23.200000000000998,4.899999999998794
2022-12-14 20:00:00+00:00,GBP_USD,C1_trend_cont_long,1,ny,2.500000000000835,67.88377579844658,9.799999999999809,13.600000000000279,2.20000000000109,24.399999999999977,24.399999999999977,2.20000000000109,30.999999999998806,40.40000000000043,2.20000000000109,10.999999999998789,40.40000000000043,2.20000000000109,18.399999999998418,40.40000000000043,2.20000000000109
2022-12-15 06:45:00+00:00,GBP_USD,C1_trend_cont_long,1,tokyo,2.1999999999988695,66.042077527129,-2.80000000000058,0.3999999999981796,2.80000000000058,-3.5000000000007248,0.3999999999981796,6.00000000000156,-5.60000000000116,0.3999999999981796,6.00000000000156,-15.000000000000568,0.3999999999981796,15.000000000000568,-16.20000000000177,0.3999999999981796,16.20000000000177
2023-01-09 06:00:00+00:00,GBP_USD,C1_trend_cont_long,1,tokyo,2.100000000000435,78.47407096057758,-0.1999999999990898,2.900000000001235,0.1999999999990898,0.0,2.900000000001235,0.7999999999985796,5.800000000000249,5.800000000000249,1.1999999999989797,1.6000000000016001,17.100000000001003,1.1999999999989797,7.300000000001194,17.100000000001003,3.7999999999982492
2023-01-09 11:15:00+00:00,GBP_USD,C1_trend_cont_long,1,london,1.7000000000000348,76.34735160625056,-4.3999999999999595,0.0,7.699999999999374,-0.1999999999990898,0.40000000000040004,7.699999999999374,1.40000000000029,8.099999999999774,7.699999999999374,8.399999999999519,8.500000000000174,7.699999999999374,2.9999999999996696,11.799999999999589,7.699999999999374
2023-01-10 00:45:00+00:00,GBP_USD,C1_trend_cont_long,1,tokyo,2.1999999999988695,74.43929806865494,0.20000000000131024,2.300000000001745,0.0,-0.2999999999997449,2.300000000001745,7.299999999998974,-3.9999999999995595,2.300000000001745,7.299999999998974,-8.500000000000174,2.300000000001745,9.899999999998244,1.2999999999996348,4.60000000000127,9.899999999998244
2023-01-10 05:30:00+00:00,GBP_USD,C1_trend_cont_long,1,tokyo,2.7999999999983594,74.43929806865494,-0.5000000000010552,0.8999999999992347,0.6000000000017103,1.7000000000000348,1.7000000000000348,1.6000000000016001,0.5999999999994898,1.7000000000000348,1.6000000000016001,1.2999999999996348,3.6999999999998145,2.4000000000001798,-7.0000000000014495,3.6999999999998145,7.0000000000014495
2023-01-10 09:30:00+00:00,GBP_USD,C1_trend_cont_long,1,london,1.9999999999997797,71.81506249232248,4.499999999998394,9.899999999998244,0.0,-4.100000000000215,9.899999999998244,4.100000000000215,-12.900000000000134,9.899999999998244,12.900000000000134,6.399999999999739,10.200000000000209,12.900000000000134,-2.4000000000001798,10.599999999998388,12.900000000000134
2023-01-10 11:30:00+00:00,GBP_USD,C1_trend_cont_long,1,london,1.9999999999997797,69.92112945715654,-5.999999999999339,0.0,5.999999999999339,-5.20000000000076,0.0,7.399999999999629,-10.300000000000864,0.0,10.300000000000864,-21.599999999999397,0.0,21.599999999999397,-26.999999999999247,0.0,35.30000000000033
2023-01-10 14:15:00+00:00,GBP_USD,C1_trend_cont_long,1,ny,2.100000000000435,70.22676306735963,-6.899999999998574,0.0,6.899999999998574,2.300000000001745,2.300000000001745,14.999999999998348,-2.9999999999996696,2.300000000001745,14.999999999998348,-7.800000000000029,11.700000000001154,14.999999999998348,5.399999999999849,11.700000000001154,17.599999999999838
2023-01-10 15:15:00+00:00,GBP_USD,C1_trend_cont_long,1,ny,2.0999999999982144,70.22676306735963,-20.599999999999508,1.6000000000016001,20.599999999999508,-12.999999999998568,1.6000000000016001,23.199999999998777,-19.000000000000128,1.6000000000016001,23.199999999998777,-27.599999999998737,1.6000000000016001,27.599999999998737,-5.299999999999194,1.6000000000016001,31.09999999999946
2023-01-10 16:15:00+00:00,GBP_USD,C1_trend_cont_long,1,ny,1.9999999999997797,70.22676306735963,15.099999999999003,15.099999999999003,0.0,2.8999999999990145,15.099999999999003,0.0,-0.2999999999997449,15.099999999999003,1.100000000000545,-16.300000000000203,15.099999999999003,16.700000000000603,-11.300000000000754,15.099999999999003,16.700000000000603
2023-01-10 17:30:00+00:00,GBP_USD,C1_trend_cont_long,1,ny,1.8999999999991246,70.22676306735963,-0.20000000000131024,4.699999999999704,0.20000000000131024,2.1999999999988695,4.999999999999449,0.20000000000131024,-0.5999999999994898,4.999999999999449,0.5999999999994898,-12.100000000001554,4.999999999999449,14.899999999999913,-14.800000000001479,4.999999999999449,18.400000000000638
2023-01-10 19:00:00+00:00,GBP_USD,C1_trend_cont_long,1,ny,2.100000000000435,68.48199427683396,3.4000000000000696,7.200000000000539,0.0,3.60000000000138,7.200000000000539,0.0,3.5000000000007248,7.200000000000539,0.0,4.00000000000178,7.200000000000539,0.0,3.20000000000098,7.200000000000539,0.0
2023-01-11 00:15:00+00:00,GBP_USD,C1_trend_cont_long,1,tokyo,2.2999999999995246,68.48199427683396,-1.7999999999984695,0.0,2.3999999999979593,-4.099999999997994,0.0,4.099999999997994,-0.8999999999992347,0.0,6.999999999999229,4.300000000001525,4.60000000000127,6.999999999999229,-12.199999999999989,4.60000000000127,13.299999999998313
2023-01-11 02:30:00+00:00,GBP_USD,C1_trend_cont_long,1,tokyo,2.4999999999986144,68.48199427683396,-5.20000000000076,0.0,5.20000000000076,-5.999999999999339,0.0,6.299999999999084,-4.3999999999999595,0.0,6.299999999999084,-10.999999999998789,0.0,12.199999999999989,-9.200000000000319,0.0,12.300000000000644
2023-01-11 04:15:00+00:00,GBP_USD,C1_trend_cont_long,1,tokyo,2.4000000000001798,68.48199427683396,0.3999999999981796,1.0999999999983245,-0.0,0.7999999999985796,2.1999999999988695,-0.0,4.799999999998139,4.799999999998139,-0.0,3.7999999999982492,6.999999999999229,-0.0,6.099999999999994,8.099999999999774,-0.0
2023-01-11 20:00:00+00:00,GBP_USD,C1_trend_cont_long,1,ny,1.5999999999993797,62.06208451011705,-3.8999999999989043,0.2999999999997449,3.8999999999989043,-6.099999999999994,0.2999999999997449,7.699999999999374,-5.499999999998284,0.2999999999997449,7.699999999999374,-3.8999999999989043,0.2999999999997449,7.699999999999374,-9.899999999998244,0.2999999999997449,9.899999999998244
2023-01-12 10:00:00+00:00,GBP_USD,C1_trend_cont_long,1,london,1.6000000000016001,60.28720552147853,-1.80000000000069,0.8999999999992347,1.80000000000069,-3.5000000000007248,0.8999999999992347,7.099999999999884,-6.099999999999994,0.8999999999992347,7.099999999999884,-16.700000000000603,0.8999999999992347,19.599999999999618,6.699999999999484,16.899999999999693,19.599999999999618
2023-01-12 14:00:00+00:00,GBP_USD,C1_trend_cont_long,1,ny,2.1999999999988695,66.78811941280141,-14.699999999998603,0.0,14.699999999998603,-33.49999999999964,0.0,33.49999999999964,-38.19999999999934,0.0,45.29999999999923,-24.299999999999322,0.0,53.900000000000055,-115.29999999999818,0.0,136.19999999999965
2023-01-12 16:15:00+00:00,GBP_USD,C1_trend_cont_long,1,ny,2.0999999999982144,66.78811941280141,6.199999999998429,9.200000000000319,0.8000000000008001,-1.9999999999997797,9.200000000000319,1.9999999999997797,-2.100000000000435,9.200000000000319,4.60000000000127,3.2999999999994145,9.200000000000319,10.600000000000609,21.999999999999797,26.999999999999247,10.600000000000609
2023-01-13 02:45:00+00:00,GBP_USD,C1_trend_cont_long,1,tokyo,2.500000000000835,72.81753945474418,-3.8000000000004697,0.0,3.8000000000004697,-1.40000000000029,0.0,4.100000000000215,-3.900000000001125,0.0,4.100000000000215,-5.5000000000005045,0.0,7.300000000001194,-8.100000000001994,0.0,9.200000000000319
2023-01-13 06:45:00+00:00,GBP_USD,C1_trend_cont_long,1,tokyo,1.9999999999997797,71.3877152079767,0.1999999999990898,4.999999999999449,0.0,2.9999999999996696,4.999999999999449,0.0,1.1999999999989797,4.999999999999449,2.900000000001235,-5.399999999999849,4.999999999999449,11.700000000001154,4.999999999999449,4.999999999999449,11.700000000001154
2023-01-13 07:45:00+00:00,GBP_USD,C1_trend_cont_long,1,london,2.2999999999995246,71.3877152079767,-1.2999999999996348,0.5999999999994898,3.5000000000007248,3.9999999999995595,3.9999999999995595,3.5000000000007248,-0.40000000000040004,4.8000000000003595,3.5000000000007248,13.600000000000279,17.000000000000348,7.999999999999119,27.399999999999647,29.999999999998916,7.999999999999119
2023-01-13 15:00:00+00:00,GBP_USD,C1_trend_cont_long,1,ny,4.00000000000178,71.92308097014312,15.600000000000058,15.600000000000058,1.6000000000016001,3.5999999999991594,15.600000000000058,1.6000000000016001,16.199999999999548,16.199999999999548,1.6000000000016001,14.799999999999258,16.199999999999548,1.6000000000016001,11.599999999998278,22.499999999998632,1.6000000000016001
2023-01-13 16:30:00+00:00,GBP_USD,C1_trend_cont_long,1,ny,2.100000000000435,71.92308097014312,-3.5999999999991594,1.1999999999989797,3.5999999999991594,-7.900000000000684,1.1999999999989797,9.200000000000319,-12.300000000000644,1.1999999999989797,12.300000000000644,-8.60000000000083,1.1999999999989797,15.300000000000313,6.200000000000649,6.200000000000649,15.300000000000313
2023-01-17 10:00:00+00:00,GBP_USD,C1_trend_cont_long,1,london,2.2999999999995246,65.53277881311494,-2.3999999999979593,0.0,2.3999999999979593,4.00000000000178,7.0000000000014495,2.3999999999979593,2.60000000000149,7.0000000000014495,2.3999999999979593,-13.399999999998968,7.200000000000539,15.999999999998238,6.6000000000010495,8.100000000001994,18.399999999998418
2023-01-17 11:00:00+00:00,GBP_USD,C1_trend_cont_long,1,london,1.8999999999991246,65.53277881311494,3.9999999999995595,3.9999999999995595,0.700000000000145,0.1999999999990898,3.9999999999995595,0.9999999999998899,-2.2999999999995246,3.9999999999995595,3.5999999999991594,5.800000000000249,7.299999999998974,4.699999999999704,36.000000000000476,40.29999999999978,4.699999999999704
2023-01-18 04:15:00+00:00,GBP_USD,C1_trend_cont_long,1,tokyo,2.500000000000835,65.75020213987972,1.80000000000069,3.300000000001635,-0.0,-0.3999999999981796,3.300000000001635,0.3999999999981796,2.80000000000058,4.3999999999999595,0.3999999999981796,7.7000000000015945,9.600000000000719,0.3999999999981796,6.700000000001705,16.40000000000086,0.3999999999981796
2023-01-18 23:00:00+00:00,GBP_USD,C1_trend_cont_long,1,offhours,5.00000000000167,69.06972936581373,-3.5000000000007248,0.0,3.5000000000007248,-0.4999999999988347,0.0,4.100000000000215,-0.10000000000065512,0.0,4.100000000000215,-0.4999999999988347,0.9999999999998899,4.100000000000215,-0.10000000000065512,2.6999999999999247,4.100000000000215
2023-01-19 00:00:00+00:00,GBP_USD,C1_trend_cont_long,1,tokyo,2.8999999999990145,69.06972936581373,1.7000000000000348,3.20000000000098,0.9999999999998899,-0.1999999999990898,3.20000000000098,1.40000000000029,2.20000000000109,3.20000000000098,1.40000000000029,-6.599999999998829,3.20000000000098,10.499999999999954,-21.199999999998997,3.20000000000098,25.599999999998957
2023-01-19 03:45:00+00:00,GBP_USD,C1_trend_cont_long,1,tokyo,2.4000000000001798,69.06972936581373,-2.7999999999983594,0.0,4.599999999999049,-5.599999999998939,0.0,5.699999999999594,-7.999999999999119,0.0,9.799999999999809,-7.299999999998974,0.0,9.799999999999809,-12.799999999999478,0.0,12.900000000000134
2023-01-19 06:15:00+00:00,GBP_USD,C1_trend_cont_long,1,tokyo,2.20000000000109,65.99332012539841,0.0,0.0,3.20000000000098,4.20000000000087,4.999999999999449,3.20000000000098,4.20000000000087,4.999999999999449,3.20000000000098,2.5999999999992696,5.399999999999849,3.20000000000098,-15.199999999999658,5.399999999999849,15.199999999999658
2023-01-19 08:15:00+00:00,GBP_USD,C1_trend_cont_long,1,london,1.900000000001345,65.99332012539841,-0.9999999999998899,0.40000000000040004,4.20000000000087,0.9999999999998899,0.9999999999998899,4.20000000000087,1.40000000000029,3.5999999999991594,4.20000000000087,6.399999999999739,6.399999999999739,7.900000000000684,3.1000000000003247,7.399999999999629,14.100000000001334
2023-01-19 09:15:00+00:00,GBP_USD,C1_trend_cont_long,1,london,2.1999999999988695,65.99332012539841,-7.900000000000684,0.0,7.900000000000684,-8.900000000000574,0.0,10.700000000001264,-10.900000000000354,0.0,12.900000000000134,-9.300000000000974,2.1999999999988695,12.900000000000134,-17.300000000000093,2.1999999999988695,17.300000000000093
2023-01-19 10:30:00+00:00,GBP_USD,C1_trend_cont_long,1,london,1.8999999999991246,63.88665440215563,-7.200000000000539,0.0,7.200000000000539,-9.900000000000464,0.0,12.199999999999989,-7.999999999999119,0.0,12.199999999999989,2.100000000000435,2.100000000000435,12.199999999999989,-9.999999999998899,4.8000000000003595,12.199999999999989
2023-01-19 12:00:00+00:00,GBP_USD,C1_trend_cont_long,1,ny,1.8999999999991246,63.88665440215563,-1.100000000000545,4.20000000000087,1.100000000000545,-2.20000000000109,4.20000000000087,6.6000000000010495,-2.500000000000835,4.20000000000087,6.6000000000010495,-3.9999999999995595,4.20000000000087,13.400000000001189,-14.600000000000168,5.599999999998939,16.899999999999693
2023-01-19 13:15:00+00:00,GBP_USD,C1_trend_cont_long,1,ny,2.4000000000001798,63.88665440215563,-2.100000000000435,2.6999999999999247,4.60000000000127,-1.500000000000945,2.6999999999999247,4.60000000000127,-13.800000000001589,3.4999999999985043,13.800000000001589,4.3999999999999595,13.799999999999368,19.500000000001183,-3.00000000000189,17.799999999998928,19.500000000001183
2023-01-20 06:00:00+00:00,GBP_USD,C1_trend_cont_long,1,tokyo,2.4000000000001798,58.67036433000584,2.900000000001235,3.300000000001635,0.0,1.6000000000016001,3.300000000001635,0.0,-1.2999999999996348,3.300000000001635,1.9999999999997797,-2.6999999999999247,3.300000000001635,3.4999999999985043,-19.399999999998307,3.300000000001635,19.399999999998307
2023-01-20 15:00:00+00:00,GBP_USD,C1_trend_cont_long,1,ny,2.0999999999982144,56.10454883556613,5.399999999999849,7.399999999999629,0.0,18.399999999998418,19.799999999998708,0.0,23.199999999998777,23.199999999998777,0.0,34.600000000000186,34.600000000000186,0.0,8.199999999998209,34.600000000000186,0.0
2023-01-23 08:00:00+00:00,GBP_USD,C1_trend_cont_long,1,london,1.900000000001345,56.701371189850306,11.200000000000099,11.200000000000099,0.5000000000010552,4.199999999998649,11.200000000000099,0.5000000000010552,2.4999999999986144,11.200000000000099,0.8000000000008001,-8.900000000000574,11.200000000000099,8.900000000000574,-2.100000000000435,11.200000000000099,8.900000000000574
2023-01-23 09:45:00+00:00,GBP_USD,C1_trend_cont_long,1,london,2.20000000000109,56.701371189850306,8.900000000000574,8.900000000000574,2.100000000000435,4.900000000001015,8.900000000000574,2.100000000000435,-8.500000000000174,8.900000000000574,8.500000000000174,-23.599999999999177,8.900000000000574,23.999999999999577,-38.89999999999949,8.900000000000574,38.89999999999949
2023-01-24 00:00:00+00:00,GBP_USD,C1_trend_cont_long,1,tokyo,2.5999999999992696,57.20791272015358,-3.2999999999994145,0.2999999999997449,3.2999999999994145,-2.9999999999996696,0.2999999999997449,4.999999999999449,-0.10000000000065512,0.2999999999997449,4.999999999999449,-0.9999999999998899,1.9999999999997797,4.999999999999449,-0.9999999999998899,1.9999999999997797,4.999999999999449
2023-01-24 04:30:00+00:00,GBP_USD,C1_trend_cont_long,1,tokyo,2.4000000000001798,57.20791272015358,-1.100000000000545,0.10000000000065512,1.100000000000545,-1.80000000000069,0.10000000000065512,3.900000000001125,-1.500000000000945,0.10000000000065512,3.900000000001125,1.2999999999996348,1.9999999999997797,3.900000000001125,8.500000000000174,8.500000000000174,3.900000000001125
2023-01-25 16:00:00+00:00,GBP_USD,C1_trend_cont_long,1,ny,1.7000000000000348,55.1731068730536,-9.699999999999154,1.40000000000029,9.699999999999154,-23.599999999999177,1.40000000000029,23.599999999999177,-17.199999999999438,1.40000000000029,23.599999999999177,-4.599999999999049,1.40000000000029,23.599999999999177,11.499999999999844,14.499999999999513,23.599999999999177
2023-01-26 08:00:00+00:00,GBP_USD,C1_trend_cont_long,1,london,2.2999999999995246,55.54517888543909,-8.999999999999009,0.0,9.999999999998899,-3.8999999999989043,0.0,12.799999999999478,0.40000000000040004,0.40000000000040004,12.799999999999478,7.200000000000539,22.300000000001763,12.799999999999478,-16.599999999999948,22.300000000001763,17.300000000000093
2023-01-26 10:45:00+00:00,GBP_USD,C1_trend_cont_long,1,london,2.0999999999982144,55.627666107907615,-3.20000000000098,0.0,3.20000000000098,-1.2000000000012,0.0,4.00000000000178,-4.3999999999999595,0.0,4.3999999999999595,-0.30000000000196536,3.4000000000000696,7.200000000000539,0.9999999999998899,10.599999999998388,7.200000000000539
2023-01-26 13:00:00+00:00,GBP_USD,C1_trend_cont_long,1,ny,2.100000000000435,55.627666107907615,-7.099999999999884,1.40000000000029,7.099999999999884,-11.600000000000499,1.40000000000029,11.600000000000499,-8.60000000000083,1.40000000000029,11.600000000000499,-24.500000000000632,7.200000000000539,24.500000000000632,3.8000000000004697,7.500000000000284,24.500000000000632
2023-01-26 14:00:00+00:00,GBP_USD,C1_trend_cont_long,1,ny,2.100000000000435,54.98283281448572,7.999999999999119,7.999999999999119,0.20000000000131024,-2.80000000000058,9.299999999998754,2.80000000000058,14.699999999998603,14.699999999998603,2.80000000000058,2.7999999999983594,17.799999999998928,5.20000000000076,-28.300000000001102,17.799999999998928,33.40000000000121
2023-01-26 19:00:00+00:00,GBP_USD,C1_trend_cont_long,1,ny,1.900000000001345,56.39834475630812,0.5999999999994898,1.5999999999993797,0.0,2.5999999999992696,3.6999999999998145,0.0,0.9999999999998899,3.6999999999998145,0.0,0.40000000000040004,5.800000000000249,0.6000000000017103,3.8000000000004697,6.500000000000394,2.6999999999999247
2023-01-27 19:00:00+00:00,GBP_USD,C1_trend_cont_long,1,ny,1.900000000001345,51.626554679948796,-1.7999999999984695,0.0,2.5999999999992696,-3.4000000000000696,0.0,4.999999999999449,0.0,0.0,4.999999999999449,0.40000000000040004,4.20000000000087,4.999999999999449,0.8000000000008001,4.20000000000087,4.999999999999449
2023-01-30 02:00:00+00:00,GBP_USD,C1_trend_cont_long,1,tokyo,2.2999999999995246,51.626554679948796,-0.9999999999998899,0.0,0.9999999999998899,-3.4000000000000696,0.0,3.5999999999991594,-4.699999999999704,0.0,5.800000000000249,-0.7999999999985796,1.6000000000016001,5.800000000000249,-0.7999999999985796,3.20000000000098,5.800000000000249
2023-01-30 03:30:00+00:00,GBP_USD,C1_trend_cont_long,1,tokyo,1.900000000001345,51.626554679948796,0.5999999999994898,1.5999999999993797,0.2999999999997449,-0.40000000000040004,1.5999999999993797,0.40000000000040004,1.5999999999993797,1.5999999999993797,0.5999999999994898,11.200000000000099,11.200000000000099,0.700000000000145,5.999999999999339,13.600000000000279,0.700000000000145
2023-01-30 06:30:00+00:00,GBP_USD,C1_trend_cont_long,1,tokyo,1.8999999999991246,49.538943631381045,-0.9999999999998899,0.0,1.100000000000545,-5.1000000000001044,0.0,5.5000000000005045,-6.200000000000649,0.0,7.0000000000014495,-3.20000000000098,0.0,7.0000000000014495,-22.800000000000598,2.0999999999982144,22.800000000000598
2023-01-30 11:00:00+00:00,GBP_USD,C1_trend_cont_long,1,london,1.80000000000069,48.26473337199677,-7.299999999998974,0.0,8.799999999999919,-7.599999999998719,0.0,10.099999999999554,-5.299999999999194,0.0,10.099999999999554,-16.399999999998638,0.0,16.599999999999948,-29.799999999999827,0.0,29.999999999998916
2023-01-30 13:15:00+00:00,GBP_USD,C1_trend_cont_long,1,ny,1.7999999999984695,48.26473337199677,-4.3999999999999595,0.0,4.3999999999999595,-8.799999999999919,0.0,8.799999999999919,-11.099999999999444,0.0,11.099999999999444,-11.799999999999589,0.0,15.399999999998748,-15.199999999999658,0.0,19.000000000000128
2023-02-14 14:00:00+00:00,GBP_USD,C1_trend_cont_long,1,ny,2.0999999999982144,58.15272891147023,-17.399999999998528,0.0,17.399999999998528,-38.79999999999883,0.0,38.79999999999883,-46.69999999999952,0.0,46.69999999999952,-88.89999999999841,0.0,88.89999999999841,-32.79999999999949,0.0,96.7999999999991
2023-02-14 15:00:00+00:00,GBP_USD,C1_trend_cont_long,1,ny,2.100000000000435,58.15272891147023,12.199999999999989,12.700000000001044,0.0,22.999999999999687,22.999999999999687,0.0,31.400000000001427,31.600000000000517,0.0,21.999999999999797,32.600000000000406,0.0,-24.199999999998667,32.600000000000406,37.799999999998946
2023-02-14 17:15:00+00:00,GBP_USD,C1_trend_cont_long,1,ny,1.7000000000000348,58.15272891147023,-3.5999999999991594,0.0,4.3999999999999595,-6.399999999999739,0.0,7.200000000000539,-6.6000000000010495,0.0,7.200000000000539,-5.399999999999849,0.2999999999997449,7.200000000000539,9.600000000000719,16.40000000000086,7.399999999999629
2023-02-14 20:00:00+00:00,GBP_USD,C1_trend_cont_long,1,ny,1.8999999999991246,61.45610541779379,0.8000000000008001,1.9999999999997797,-0.0,-4.3999999999999595,1.9999999999997797,4.3999999999999595,-2.7999999999983594,1.9999999999997797,4.3999999999999595,-5.399999999999849,1.9999999999997797,5.399999999999849,1.6000000000016001,5.20000000000076,6.999999999999229
2023-02-15 00:30:00+00:00,GBP_USD,C1_trend_cont_long,1,tokyo,1.8999999999991246,61.45610541779379,-1.9999999999997797,0.0,2.6999999999999247,-3.1999999999987594,0.0,3.2999999999994145,-2.6999999999999247,0.0,3.2999999999994145,-1.3999999999980695,3.20000000000098,3.9999999999995595,-1.7999999999984695,3.6999999999998145,3.9999999999995595
2023-02-21 18:00:00+00:00,GBP_USD,C1_trend_cont_long,1,ny,1.6000000000016001,57.973743832490875,-8.399999999999519,0.0,8.399999999999519,-10.200000000000209,0.0,10.200000000000209,-11.000000000001009,0.0,13.900000000000023,-20.899999999999253,0.0,20.899999999999253,-22.800000000000598,0.0,30.000000000001137
2023-02-22 06:45:00+00:00,GBP_USD,C1_trend_cont_long,1,tokyo,1.5999999999993797,55.968476415884425,-0.9999999999998899,0.0,3.4000000000000696,-1.5999999999993797,0.9999999999998899,3.4000000000000696,-0.09999999999843467,0.9999999999998899,4.199999999998649,-2.6999999999999247,4.20000000000087,4.999999999999449,12.000000000000899,14.800000000001479,7.899999999998464
2023-02-22 14:00:00+00:00,GBP_USD,C1_trend_cont_long,1,ny,1.80000000000069,56.52026793002275,-3.60000000000138,0.1999999999990898,7.800000000000029,-8.80000000000214,0.1999999999990898,9.40000000000163,-10.600000000000609,0.1999999999990898,10.80000000000192,1.0999999999983245,1.0999999999983245,13.400000000001189,0.7999999999985796,5.299999999999194,13.400000000001189
2023-02-28 14:00:00+00:00,GBP_USD,C1_trend_cont_long,1,ny,1.6000000000016001,52.69880382912428,0.2999999999997449,2.2999999999995246,0.8999999999992347,-3.4000000000000696,2.2999999999995246,3.4000000000000696,-15.899999999999803,2.2999999999995246,15.899999999999803,-17.899999999999583,2.2999999999995246,18.000000000000238,13.699999999998713,13.699999999998713,24.100000000000232
2023-02-28 17:45:00+00:00,GBP_USD,C1_trend_cont_long,1,ny,1.80000000000069,52.69880382912428,-5.399999999999849,0.0,5.999999999999339,9.00000000000123,9.00000000000123,6.199999999998429,8.40000000000174,11.000000000001009,6.199999999998429,-13.299999999998313,11.000000000001009,13.299999999998313,-24.199999999998667,11.000000000001009,27.399999999999647
2023-03-01 10:00:00+00:00,GBP_USD,C1_trend_cont_long,1,london,1.8999999999991246,55.16154227863922,-2.1999999999988695,0.1999999999990898,2.9999999999996696,-14.099999999999113,0.1999999999990898,14.099999999999113,6.999999999999229,6.999999999999229,14.400000000001079,-14.099999999999113,7.999999999999119,14.400000000001079,-20.999999999999908,7.999999999999119,47.900000000000716
2023-03-01 12:30:00+00:00,GBP_USD,C1_trend_cont_long,1,ny,1.80000000000069,55.16154227863922,0.700000000000145,2.300000000001745,0.0,2.900000000001235,2.900000000001235,1.2999999999996348,1.100000000000545,3.1000000000003247,1.2999999999996348,7.900000000000684,7.900000000000684,1.2999999999996348,-29.29999999999877,7.900000000000684,29.29999999999877
2023-03-10 18:00:00+00:00,GBP_USD,C1_trend_cont_long,1,ny,1.7999999999984695,55.06737383200945,-2.4000000000001798,0.0,3.6999999999998145,-7.300000000001194,0.0,7.300000000001194,-13.499999999999623,0.0,13.499999999999623,-23.900000000001143,0.0,23.900000000001143,-27.69999999999939,0.0,41.50000000000098
2023-03-13 12:45:00+00:00,GBP_USD,C1_trend_cont_long,1,ny,2.2999999999995246,56.07543968168151,16.799999999999038,17.599999999999838,0.0,2.9999999999996696,17.599999999999838,-0.0,12.799999999999478,18.799999999998818,-0.0,39.39999999999832,39.39999999999832,-0.0,19.299999999999873,51.20000000000013,-0.0
2023-03-14 01:30:00+00:00,GBP_USD,C1_trend_cont_long,1,tokyo,2.20000000000109,59.068108705123294,-2.2999999999995246,2.100000000000435,2.2999999999995246,-5.300000000001415,2.100000000000435,5.300000000001415,-5.1000000000001044,2.100000000000435,7.099999999999884,-0.5000000000010552,2.100000000000435,7.099999999999884,0.4999999999988347,7.099999999999884,7.099999999999884
2023-03-14 03:45:00+00:00,GBP_USD,C1_trend_cont_long,1,tokyo,2.20000000000109,59.068108705123294,1.80000000000069,1.80000000000069,-0.0,1.40000000000029,1.80000000000069,-0.0,1.40000000000029,1.80000000000069,0.9999999999998899,2.6999999999999247,3.1000000000003247,0.9999999999998899,-2.6999999999999247,3.8000000000004697,3.2999999999994145
2023-03-14 05:00:00+00:00,GBP_USD,C1_trend_cont_long,1,tokyo,2.500000000000835,56.37752951190023,0.1999999999990898,1.7999999999984695,0.6000000000017103,3.4000000000000696,3.4000000000000696,0.6000000000017103,3.9999999999995595,4.899999999998794,0.6000000000017103,-5.20000000000076,5.999999999999339,5.399999999999849,7.599999999998719,7.599999999998719,7.4000000000018495
2023-03-14 06:00:00+00:00,GBP_USD,C1_trend_cont_long,1,tokyo,2.2999999999995246,56.37752951190023,-0.8999999999992347,1.500000000000945,0.9999999999998899,6.00000000000156,6.399999999999739,0.9999999999998899,14.400000000001079,14.400000000001079,0.9999999999998899,2.2999999999995246,18.800000000001038,2.4000000000001798,18.800000000001038,18.800000000001038,2.4000000000001798
2023-03-14 09:00:00+00:00,GBP_USD,C1_trend_cont_long,1,london,1.7000000000000348,55.36484883247886,-4.899999999998794,1.2000000000012,4.899999999998794,-9.999999999998899,1.2000000000012,12.799999999999478,-10.999999999998789,1.2000000000012,13.999999999998458,-17.199999999999438,1.2000000000012,18.499999999999073,-8.599999999998609,1.2000000000012,20.799999999998597
2023-03-14 10:15:00+00:00,GBP_USD,C1_trend_cont_long,1,london,2.20000000000109,55.36484883247886,5.399999999999849,5.399999999999849,-0.0,0.9999999999998899,5.399999999999849,-0.0,-1.900000000001345,5.399999999999849,1.900000000001345,-10.000000000001119,5.399999999999849,13.400000000001189,-7.300000000001194,5.399999999999849,14.800000000001479
2023-03-14 11:30:00+00:00,GBP_USD,C1_trend_cont_long,1,london,1.7000000000000348,55.36484883247886,-0.9999999999998899,0.0,1.9999999999997797,3.900000000001125,3.900000000001125,1.9999999999997797,6.200000000000649,6.200000000000649,1.9999999999997797,2.6999999999999247,6.200000000000649,1.9999999999997797,33.60000000000029,33.60000000000029,1.9999999999997797
2023-03-14 14:00:00+00:00,GBP_USD,C1_trend_cont_long,1,ny,1.7000000000000348,55.76735963015894,0.9999999999998899,1.40000000000029,4.599999999999049,6.999999999999229,10.499999999999954,4.599999999999049,6.300000000001305,10.499999999999954,4.599999999999049,0.5000000000010552,10.499999999999954,4.599999999999049,-1.80000000000069,10.499999999999954,6.399999999999739
2023-03-14 15:15:00+00:00,GBP_USD,C1_trend_cont_long,1,ny,1.6000000000016001,55.76735963015894,-3.8999999999989043,1.80000000000069,3.8999999999989043,-3.6999999999998145,1.80000000000069,4.8000000000003595,-3.8000000000004697,1.80000000000069,6.699999999999484,-18.899999999999473,1.80000000000069,18.899999999999473,-13.199999999999878,1.80000000000069,24.299999999999322
2023-03-14 17:15:00+00:00,GBP_USD,C1_trend_cont_long,1,ny,1.8999999999991246,56.51969108514753,1.40000000000029,7.599999999998719,0.0,4.299999999999304,7.599999999998719,0.0,1.9999999999997797,7.599999999998719,2.9999999999996696,11.999999999998678,11.999999999998678,2.9999999999996696,5.999999999999339,11.999999999998678,2.9999999999996696
2023-03-15 01:45:00+00:00,GBP_USD,C1_trend_cont_long,1,tokyo,2.100000000000435,56.51969108514753,1.100000000000545,1.2999999999996348,0.20000000000131024,2.4000000000001798,3.8000000000004697,0.20000000000131024,4.599999999999049,4.599999999999049,0.20000000000131024,15.600000000000058,19.400000000000528,0.20000000000131024,12.900000000000134,19.400000000000528,0.20000000000131024
2023-03-16 16:00:00+00:00,GBP_USD,C1_trend_cont_long,1,ny,1.7999999999984695,58.80855611526902,-5.299999999999194,0.8999999999992347,5.299999999999194,-2.6999999999999247,0.8999999999992347,7.300000000001194,-9.00000000000123,0.8999999999992347,9.00000000000123,0.40000000000040004,0.8999999999992347,9.500000000000064,-2.2999999999995246,7.900000000000684,9.500000000000064
2023-03-17 11:00:00+00:00,GBP_USD,C1_trend_cont_long,1,london,2.100000000000435,58.354153711824395,0.6999999999979245,0.6999999999979245,0.8000000000008001,-2.20000000000109,0.6999999999979245,2.20000000000109,-3.60000000000138,0.6999999999979245,3.60000000000138,-8.00000000000134,3.1999999999987594,8.00000000000134,-6.6000000000010495,3.1999999999987594,21.200000000001218
2023-03-17 13:00:00+00:00,GBP_USD,C1_trend_cont_long,1,ny,1.80000000000069,56.63599987526554,4.300000000001525,5.1000000000001044,0.0,4.100000000000215,5.1000000000001044,0.0,1.5999999999993797,5.1000000000001044,0.0,5.9000000000009045,8.300000000001084,0.4999999999988347,25.200000000000777,25.200000000000777,5.5000000000005045
2023-03-20 04:15:00+00:00,GBP_USD,C1_trend_cont_long,1,tokyo,2.6999999999999247,55.997714169889555,-0.8000000000008001,0.0,0.9999999999998899,-0.5999999999994898,0.0,0.9999999999998899,-0.40000000000040004,0.0,2.1999999999988695,-1.9999999999997797,1.500000000000945,2.5999999999992696,3.60000000000138,6.200000000000649,2.5999999999992696
2023-03-20 06:45:00+00:00,GBP_USD,C1_trend_cont_long,1,tokyo,1.900000000001345,53.940734586325895,-1.1999999999989797,0.0,4.3999999999999595,2.6999999999999247,2.80000000000058,4.3999999999999595,0.10000000000065512,3.1000000000003247,4.3999999999999595,-1.8999999999991246,3.1000000000003247,13.799999999999368,4.3999999999999595,16.900000000001913,13.799999999999368
2023-03-20 08:45:00+00:00,GBP_USD,C1_trend_cont_long,1,london,2.100000000000435,53.940734586325895,5.800000000000249,5.800000000000249,0.4999999999988347,15.800000000001369,15.800000000001369,0.4999999999988347,14.600000000000168,20.500000000001073,0.4999999999988347,0.8000000000008001,21.400000000000308,0.4999999999988347,-2.4000000000001798,21.400000000000308,5.999999999999339
2023-03-21 05:45:00+00:00,GBP_USD,C1_trend_cont_long,1,tokyo,1.8999999999991246,51.536461904416285,0.0,0.0,1.40000000000029,-0.20000000000131024,0.5999999999994898,1.40000000000029,-0.40000000000040004,0.8999999999992347,1.40000000000029,-4.699999999999704,2.4000000000001798,4.699999999999704,-11.799999999999589,2.4000000000001798,15.000000000000568
2023-03-21 10:00:00+00:00,GBP_USD,C1_trend_cont_long,1,london,1.5999999999993797,50.07671462552953,-2.2999999999995246,0.10000000000065512,2.2999999999995246,-2.2999999999995246,0.10000000000065512,2.4999999999986144,2.2999999999995246,2.2999999999995246,2.4999999999986144,-3.1000000000003247,3.4000000000000696,3.1000000000003247,4.900000000001015,4.900000000001015,6.800000000000139
2023-03-21 11:00:00+00:00,GBP_USD,C1_trend_cont_long,1,london,1.7000000000000348,50.07671462552953,-6.699999999999484,0.0,6.699999999999484,-4.500000000000615,0.0,6.699999999999484,-6.500000000000394,0.0,7.600000000000939,-4.60000000000127,0.0,12.799999999999478,-5.999999999999339,0.0,12.799999999999478
2023-03-22 00:00:00+00:00,GBP_USD,C1_trend_cont_long,1,tokyo,2.4999999999986144,50.63808556997182,1.40000000000029,1.40000000000029,0.5999999999994898,-4.100000000000215,1.40000000000029,4.8000000000003595,-3.60000000000138,1.40000000000029,5.60000000000116,-6.800000000000139,1.40000000000029,8.399999999999519,-3.9999999999995595,2.5999999999992696,9.200000000000319
2023-03-22 01:45:00+00:00,GBP_USD,C1_trend_cont_long,1,tokyo,2.2999999999995246,50.63808556997182,-2.80000000000058,0.0,3.60000000000138,-3.9999999999995595,0.0,3.9999999999995595,-3.20000000000098,0.0,5.60000000000116,4.199999999998649,4.199999999998649,5.60000000000116,4.8000000000003595,7.200000000000539,5.60000000000116
2023-03-22 17:45:00+00:00,GBP_USD,C1_trend_cont_long,1,ny,1.900000000001345,50.13788947219816,-5.599999999998939,0.0,7.800000000000029,-10.999999999998789,0.0,10.999999999998789,30.400000000001537,30.400000000001537,10.999999999998789,30.800000000001937,48.799999999999955,10.999999999998789,66.6000000000011,73.30000000000058,10.999999999998789
2023-03-23 12:15:00+00:00,GBP_USD,C1_trend_cont_long,1,ny,1.9999999999997797,51.508690412252555,18.199999999999328,18.199999999999328,0.0,9.600000000000719,18.199999999999328,0.0,4.8000000000003595,18.199999999999328,0.0,-28.799999999999937,18.199999999999328,30.399999999999316,-28.200000000000447,18.199999999999328,50.200000000000244
2023-03-23 13:30:00+00:00,GBP_USD,C1_trend_cont_long,1,ny,1.5999999999993797,53.00806966852037,-9.299999999998754,1.80000000000069,9.299999999998754,-10.299999999998644,1.80000000000069,13.099999999999223,-2.0999999999982144,1.80000000000069,13.499999999999623,-4.899999999998794,4.500000000000615,13.499999999999623,3.700000000002035,4.500000000000615,17.699999999998273
2023-03-23 15:00:00+00:00,GBP_USD,C1_trend_cont_long,1,ny,2.0999999999982144,53.00806966852037,-3.20000000000098,0.0,5.00000000000167,-3.4000000000000696,0.0,5.00000000000167,1.7999999999984695,3.8999999999989043,5.00000000000167,10.999999999998789,13.900000000000023,5.00000000000167,3.4000000000000696,13.900000000000023,5.00000000000167
2023-03-24 05:00:00+00:00,GBP_USD,C1_trend_cont_long,1,tokyo,2.100000000000435,53.807468234591646,1.9999999999997797,2.9999999999996696,0.0,0.9999999999998899,2.9999999999996696,0.40000000000040004,1.9999999999997797,2.9999999999996696,0.40000000000040004,2.9999999999996696,3.8000000000004697,0.40000000000040004,2.8999999999990145,4.699999999999704,0.9999999999998899
2023-03-27 11:00:00+00:00,GBP_USD,C1_trend_cont_long,1,london,1.5999999999993797,51.32684447556506,3.1999999999987594,3.1999999999987594,-0.0,7.599999999998719,10.499999999999954,-0.0,4.500000000000615,10.499999999999954,-0.0,8.20000000000043,10.499999999999954,-0.0,5.699999999999594,10.600000000000609,-0.0
2023-03-27 14:00:00+00:00,GBP_USD,C1_trend_cont_long,1,ny,1.6000000000016001,49.939212727310434,4.599999999999049,4.599999999999049,1.100000000000545,13.799999999999368,14.799999999999258,1.100000000000545,9.399999999999409,14.799999999999258,1.100000000000545,10.399999999999299,15.000000000000568,1.100000000000545,-2.9999999999996696,15.000000000000568,7.399999999999629
2023-03-28 10:30:00+00:00,GBP_USD,C1_trend_cont_long,1,london,1.7000000000000348,48.77651252255867,-0.1999999999990898,0.8999999999992347,1.2999999999996348,1.8999999999991246,1.8999999999991246,1.40000000000029,1.2000000000012,1.8999999999991246,1.40000000000029,-1.80000000000069,1.8999999999991246,6.399999999999739,6.800000000000139,9.799999999999809,6.399999999999739
2023-03-28 23:30:00+00:00,GBP_USD,C1_trend_cont_long,1,offhours,2.100000000000435,48.76393171587954,0.5999999999994898,0.5999999999994898,0.0,0.0,0.8000000000008001,-0.0,0.1999999999990898,0.8000000000008001,-0.0,6.200000000000649,6.200000000000649,0.9999999999998899,3.4000000000000696,12.000000000000899,0.9999999999998899
2023-03-29 02:00:00+00:00,GBP_USD,C1_trend_cont_long,1,tokyo,1.9999999999997797,48.76393171587954,-0.8000000000008001,0.0,0.9999999999998899,-0.700000000000145,0.9999999999998899,0.9999999999998899,-1.100000000000545,0.9999999999998899,2.5999999999992696,-4.3999999999999595,0.9999999999998899,5.399999999999849,-6.800000000000139,0.9999999999998899,7.800000000000029
2023-03-29 04:30:00+00:00,GBP_USD,C1_trend_cont_long,1,tokyo,2.000000000002,48.76393171587954,-0.1999999999990898,0.0,1.0999999999983245,-2.2999999999995246,0.0,3.0999999999981043,-4.899999999998794,0.0,4.899999999998794,-3.6999999999998145,0.0,5.299999999999194,-10.499999999999954,0.0,12.199999999999989
2023-03-29 07:30:00+00:00,GBP_USD,C1_trend_cont_long,1,london,2.100000000000435,46.959365164745336,-3.20000000000098,0.9999999999998899,3.20000000000098,-1.80000000000069,0.9999999999998899,4.900000000001015,3.4000000000000696,5.599999999998939,4.900000000001015,-4.8000000000003595,7.200000000000539,4.900000000001015,-18.800000000001038,7.200000000000539,18.800000000001038
2023-04-05 01:15:00+00:00,GBP_USD,C1_trend_cont_long,1,tokyo,1.9999999999997797,49.19957206449459,-3.5000000000007248,0.0,3.5000000000007248,-0.1999999999990898,0.0,3.5000000000007248,-3.900000000001125,0.0,3.900000000001125,-2.9999999999996696,0.0,8.60000000000083,-1.40000000000029,1.80000000000069,8.60000000000083
2023-04-05 02:15:00+00:00,GBP_USD,C1_trend_cont_long,1,tokyo,1.7999999999984695,49.19957206449459,2.500000000000835,3.6999999999998145,0.0,-0.8999999999992347,3.900000000001125,0.8999999999992347,2.6999999999999247,3.900000000001125,1.80000000000069,6.099999999999994,6.099999999999994,1.80000000000069,2.100000000000435,6.900000000000794,1.80000000000069
2023-04-05 06:00:00+00:00,GBP_USD,C1_trend_cont_long,1,tokyo,2.20000000000109,47.271031202744894,-4.500000000000615,0.0,4.500000000000615,-7.800000000000029,0.0,7.800000000000029,-4.20000000000087,0.0,8.60000000000083,-5.20000000000076,0.0,8.60000000000083,-2.900000000001235,0.0,11.099999999999444
2023-04-05 07:15:00+00:00,GBP_USD,C1_trend_cont_long,1,london,1.7000000000000348,47.271031202744894,-2.2999999999995246,0.8000000000008001,2.2999999999995246,1.80000000000069,2.9999999999996696,2.2999999999995246,-5.20000000000076,2.9999999999996696,5.20000000000076,-16.599999999999948,2.9999999999996696,17.300000000000093,-31.399999999999206,2.9999999999996696,33.799999999999386
2023-04-05 12:30:00+00:00,GBP_USD,C1_trend_cont_long,1,ny,1.7000000000000348,47.08024325969163,4.00000000000178,4.00000000000178,0.0,2.20000000000109,5.399999999999849,0.0,2.300000000001745,5.399999999999849,0.0,4.00000000000178,5.399999999999849,5.399999999999849,-16.599999999999948,5.800000000000249,17.399999999998528
2023-04-06 18:00:00+00:00,GBP_USD,C1_trend_cont_long,1,ny,1.500000000000945,47.251851042091964,1.8999999999991246,1.8999999999991246,0.1999999999990898,2.9999999999996696,2.9999999999996696,0.1999999999990898,2.4000000000001798,2.9999999999996696,0.1999999999990898,-7.399999999999629,2.9999999999996696,7.599999999998719,-4.100000000000215,2.9999999999996696,7.599999999998719
2023-07-11 15:45:00+00:00,GBP_USD,C1_trend_cont_long,1,ny,1.7000000000000348,48.539898764975575,3.60000000000138,3.900000000001125,0.1999999999990898,4.500000000000615,5.60000000000116,0.1999999999990898,6.300000000001305,6.399999999999739,0.1999999999990898,10.100000000001774,10.100000000001774,0.1999999999990898,16.00000000000046,16.00000000000046,0.1999999999990898
2023-07-13 06:15:00+00:00,GBP_USD,C1_trend_cont_long,1,tokyo,1.5999999999993797,48.90373269349104,5.300000000001415,5.300000000001415,0.0,11.200000000000099,11.200000000000099,0.0,8.300000000001084,17.500000000001403,0.0,8.300000000001084,17.500000000001403,0.0,24.500000000000632,30.700000000001282,0.0
2023-07-14 08:15:00+00:00,GBP_USD,C1_trend_cont_long,1,london,1.900000000001345,48.22374816375476,-0.20000000000131024,1.80000000000069,0.8000000000008001,0.1999999999990898,1.80000000000069,4.100000000000215,4.3999999999999595,5.800000000000249,4.100000000000215,2.100000000000435,7.800000000000029,4.100000000000215,19.599999999999618,22.699999999999942,4.100000000000215
2023-07-14 11:15:00+00:00,GBP_USD,C1_trend_cont_long,1,london,1.5999999999993797,47.57205186634361,1.1999999999989797,1.7000000000000348,0.0,6.899999999998574,8.299999999998864,0.0,10.699999999999044,10.699999999999044,0.0,1.7000000000000348,10.699999999999044,0.0,-8.20000000000043,10.699999999999044,8.20000000000043
2023-07-14 13:45:00+00:00,GBP_USD,C1_trend_cont_long,1,ny,1.4999999999987246,47.17404816160477,1.1999999999989797,1.1999999999989797,3.9999999999995595,7.999999999999119,8.20000000000043,3.9999999999995595,-11.600000000000499,9.099999999999664,11.600000000000499,-10.799999999999699,9.099999999999664,22.400000000000198,-11.400000000001409,9.099999999999664,22.400000000000198
2023-07-14 15:00:00+00:00,GBP_USD,C1_trend_cont_long,1,ny,1.4999999999987246,47.17404816160477,-1.7999999999984695,1.6000000000016001,1.9999999999997797,1.0000000000021103,1.6000000000016001,3.399999999997849,-1.9999999999997797,2.80000000000058,3.399999999997849,1.80000000000069,2.80000000000058,3.399999999997849,-4.999999999999449,2.80000000000058,10.399999999999299
2023-07-14 16:45:00+00:00,GBP_USD,C1_trend_cont_long,1,ny,1.80000000000069,47.17404816160477,-2.100000000000435,0.0,2.6999999999999247,-1.7000000000000348,0.10000000000065512,2.7999999999983594,-2.7999999999983594,0.10000000000065512,3.2999999999994145,-14.099999999999113,0.10000000000065512,14.300000000000423,-9.500000000000064,0.10000000000065512,16.099999999998893
2023-08-17 17:00:00+00:00,GBP_USD,C1_trend_cont_long,1,ny,1.7999999999984695,47.7038837525964,-4.900000000001015,0.0,4.900000000001015,-4.699999999999704,0.0,6.6000000000010495,-5.800000000000249,0.0,6.6000000000010495,-9.00000000000123,0.0,10.099999999999554,-23.200000000000998,0.0,23.200000000000998
2023-08-17 20:00:00+00:00,GBP_USD,C1_trend_cont_long,1,ny,1.80000000000069,47.7038837525964,1.100000000000545,1.3000000000018552,0.5999999999994898,1.40000000000029,1.40000000000029,0.5999999999994898,1.40000000000029,2.000000000002,0.5999999999994898,1.100000000000545,2.000000000002,0.5999999999994898,1.500000000000945,2.000000000002,0.9999999999998899
2023-08-17 22:30:00+00:00,GBP_USD,C1_trend_cont_long,1,offhours,1.7999999999984695,47.7038837525964,-0.10000000000065512,0.8999999999992347,0.10000000000065512,-2.20000000000109,0.8999999999992347,2.20000000000109,-0.2999999999997449,0.8999999999992347,2.20000000000109,-0.1999999999990898,0.8999999999992347,2.20000000000109,-0.10000000000065512,3.20000000000098,2.20000000000109
2023-08-18 03:30:00+00:00,GBP_USD,C1_trend_cont_long,1,tokyo,1.8999999999991246,47.7038837525964,2.5999999999992696,2.5999999999992696,0.0,4.299999999999304,4.299999999999304,0.0,2.9999999999996696,4.299999999999304,0.0,1.5999999999993797,4.299999999999304,2.6999999999999247,-4.8000000000003595,4.299999999999304,5.800000000000249
2023-08-30 17:00:00+00:00,GBP_USD,C1_trend_cont_long,1,ny,1.9999999999997797,46.81844171574331,2.1999999999988695,2.1999999999988695,-0.0,6.599999999998829,6.599999999998829,-0.0,8.799999999999919,9.600000000000719,-0.0,10.399999999999299,12.399999999999078,-0.0,-3.5999999999991594,12.399999999999078,4.3999999999999595
2023-10-10 09:00:00+00:00,GBP_USD,C1_trend_cont_long,1,london,1.6000000000016001,52.397763052594776,-7.200000000000539,0.0,9.799999999999809,-8.699999999999264,0.0,12.700000000001044,-12.600000000000389,0.0,12.700000000001044,0.1999999999990898,4.3999999999999595,12.700000000001044,-2.9999999999996696,4.8000000000003595,12.700000000001044
2023-10-10 12:15:00+00:00,GBP_USD,C1_trend_cont_long,1,ny,1.5999999999993797,52.397763052594776,1.7000000000000348,2.20000000000109,3.2999999999994145,-0.4999999999988347,2.900000000001235,3.2999999999994145,7.900000000000684,7.900000000000684,3.2999999999994145,4.300000000001525,9.600000000000719,3.2999999999994145,6.00000000000156,9.600000000000719,6.500000000000394
2023-10-11 07:45:00+00:00,GBP_USD,C1_trend_cont_long,1,london,1.5999999999993797,48.98166378518614,-1.2000000000012,2.9999999999996696,3.6999999999998145,-12.400000000001299,2.9999999999996696,13.000000000000789,-22.200000000001108,2.9999999999996696,23.299999999999432,-20.999999999999908,2.9999999999996696,23.299999999999432,-10.300000000000864,2.9999999999996696,23.299999999999432
2023-10-11 08:45:00+00:00,GBP_USD,C1_trend_cont_long,1,london,1.5999999999993797,48.98166378518614,-3.6999999999998145,2.100000000000435,3.6999999999998145,-3.9999999999995595,2.100000000000435,7.900000000000684,-1.8999999999991246,2.100000000000435,7.900000000000684,-6.299999999999084,2.100000000000435,8.20000000000043,-3.2999999999994145,3.2999999999994145,8.20000000000043
2023-10-11 10:00:00+00:00,GBP_USD,C1_trend_cont_long,1,london,1.7000000000000348,47.961544943387196,2.1999999999988695,3.2999999999994145,0.0,3.4000000000000696,4.8000000000003595,0.0,-3.8000000000004697,4.8000000000003595,4.599999999999049,0.9999999999998899,4.8000000000003595,4.599999999999049,7.200000000000539,7.200000000000539,4.599999999999049
2023-10-11 16:45:00+00:00,GBP_USD,C1_trend_cont_long,1,ny,1.7000000000000348,47.87857744743098,-2.6999999999999247,0.0,3.8000000000004697,-7.399999999999629,0.0,7.399999999999629,-2.9999999999996696,0.0,7.399999999999629,-7.7000000000015945,0.0,12.400000000001299,-23.600000000001398,0.0,24.200000000000887
2023-10-11 18:45:00+00:00,GBP_USD,C1_trend_cont_long,1,ny,1.7999999999984695,47.9586790583287,3.6999999999998145,3.6999999999998145,0.0,7.300000000001194,7.699999999999374,0.0,7.900000000000684,8.099999999999774,0.0,12.300000000000644,13.099999999999223,0.0,13.000000000000789,14.700000000000824,0.0
2023-11-06 13:30:00+00:00,GBP_USD,C1_trend_cont_long,1,ny,1.900000000001345,49.47757011649869,-2.4000000000001798,0.0,5.1000000000001044,-2.300000000001745,0.0,5.1000000000001044,-5.00000000000167,0.0,6.200000000000649,-6.500000000000394,0.0,10.000000000001119,4.799999999998139,4.799999999998139,10.000000000001119
2023-11-06 14:30:00+00:00,GBP_USD,C1_trend_cont_long,1,ny,1.500000000000945,49.207743679606054,-6.599999999998829,0.0,6.599999999998829,-0.700000000000145,0.0,6.599999999998829,-3.4999999999985043,0.0,6.599999999998829,-6.800000000000139,0.20000000000131024,12.599999999998168,-18.599999999999728,0.20000000000131024,24.999999999999467
2023-11-06 16:15:00+00:00,GBP_USD,C1_trend_cont_long,1,ny,1.7000000000000348,49.207743679606054,-5.699999999999594,0.0,5.699999999999594,-5.800000000000249,0.0,7.999999999999119,-7.800000000000029,0.0,7.999999999999119,-7.099999999999884,0.0,7.999999999999119,-11.200000000000099,0.0,12.099999999999334
2023-12-14 10:00:00+00:00,GBP_USD,C1_trend_cont_long,1,london,1.8999999999991246,49.46051238735298,-3.1999999999987594,0.0,3.1999999999987594,-0.1999999999990898,0.8000000000008001,3.1999999999987594,2.80000000000058,3.20000000000098,3.1999999999987594,-6.599999999998829,3.20000000000098,7.099999999999884,-5.199999999998539,3.20000000000098,12.399999999999078
2023-12-15 06:45:00+00:00,GBP_USD,C1_trend_cont_long,1,tokyo,1.7999999999984695,52.74983444424702,3.1999999999987594,4.3999999999999595,0.5000000000010552,5.1000000000001044,5.1000000000001044,0.5000000000010552,9.399999999999409,9.399999999999409,0.5000000000010552,5.999999999999339,12.399999999999078,0.5000000000010552,9.200000000000319,12.399999999999078,0.5000000000010552
2023-12-15 09:45:00+00:00,GBP_USD,C1_trend_cont_long,1,london,1.500000000000945,52.74983444424702,4.00000000000178,4.700000000001925,0.0,9.00000000000123,9.00000000000123,0.0,20.200000000001328,20.200000000001328,0.0,22.800000000000598,26.200000000000667,0.0,27.200000000000557,32.40000000000131,0.0
2023-12-18 05:00:00+00:00,GBP_USD,C1_trend_cont_long,1,tokyo,1.80000000000069,53.75378508528083,0.1999999999990898,1.4999999999987246,0.0,2.2999999999995246,2.2999999999995246,0.9000000000014552,1.100000000000545,2.2999999999995246,0.9000000000014552,3.6999999999998145,3.6999999999998145,0.9000000000014552,-3.900000000001125,3.6999999999998145,4.60000000000127
2023-12-21 19:00:00+00:00,GBP_USD,C1_trend_cont_long,1,ny,1.80000000000069,46.771357424355536,-1.1999999999989797,0.0,1.7999999999984695,-0.1999999999990898,0.0,1.8999999999991246,-2.0999999999982144,0.0,2.4000000000001798,7.399999999999629,7.399999999999629,2.5999999999992696,8.500000000000174,15.500000000001624,2.5999999999992696
2024-01-08 06:30:00+00:00,GBP_USD,C1_trend_cont_long,1,tokyo,1.9999999999997797,46.92703337209262,0.0,0.0,0.5999999999994898,-0.700000000000145,1.2999999999996348,0.9999999999998899,2.9999999999996696,2.9999999999996696,0.9999999999998899,9.500000000000064,9.500000000000064,0.9999999999998899,3.5999999999991594,10.300000000000864,0.9999999999998899
2024-01-08 10:45:00+00:00,GBP_USD,C1_trend_cont_long,1,london,1.500000000000945,46.9179595598003,3.1999999999987594,4.499999999998394,0.0,2.5999999999992696,4.499999999998394,0.0,1.1999999999989797,4.499999999998394,0.0,7.399999999999629,7.399999999999629,1.2000000000012,-6.00000000000156,7.399999999999629,7.200000000000539
2024-01-08 12:15:00+00:00,GBP_USD,C1_trend_cont_long,1,ny,1.7000000000000348,46.9179595598003,-3.20000000000098,0.0,3.20000000000098,-7.0000000000014495,0.0,7.0000000000014495,-9.300000000000974,0.0,9.300000000000974,-8.300000000001084,0.0,11.600000000000499,-8.100000000001994,0.0,14.000000000000679
2024-11-08 06:00:00+00:00,GBP_USD,C1_trend_cont_long,1,tokyo,1.9999999999997797,51.499344241826535,1.2999999999996348,1.40000000000029,0.8999999999992347,-0.700000000000145,2.20000000000109,0.8999999999992347,-4.599999999999049,2.20000000000109,4.699999999999704,-3.8000000000004697,2.20000000000109,8.599999999998609,-0.9999999999998899,2.20000000000109,8.599999999998609
2024-11-08 07:15:00+00:00,GBP_USD,C1_trend_cont_long,1,london,1.7000000000000348,51.499344241826535,0.1999999999990898,0.1999999999990898,0.6000000000017103,-0.5000000000010552,0.7999999999985796,0.6000000000017103,-2.4000000000001798,0.7999999999985796,2.80000000000058,0.40000000000040004,2.1999999999988695,2.80000000000058,-30.600000000000627,2.1999999999988695,31.600000000000517
2024-11-27 18:00:00+00:00,GBP_USD,C1_trend_cont_long,1,ny,1.8999999999991246,47.02231154337217,2.2999999999995246,2.2999999999995246,0.0,3.6999999999998145,5.599999999998939,0.0,3.5999999999991594,5.599999999998939,0.0,6.6000000000010495,6.699999999999484,0.0,2.100000000000435,8.999999999999009,0.0
2025-01-20 22:04:00+00:00,GBP_USD,C1_trend_cont_long,1,offhours,20.000000000000018,57.965274146364024,0.8999999999992347,1.0999999999983245,1.500000000000945,1.1999999999989797,1.8999999999991246,1.500000000000945,0.9999999999998899,1.8999999999991246,1.500000000000945,-5.800000000000249,1.8999999999991246,5.800000000000249,-0.6000000000017103,1.8999999999991246,5.800000000000249
2025-01-21 03:15:00+00:00,GBP_USD,C1_trend_cont_long,1,tokyo,1.9999999999997797,57.965274146364024,-1.1999999999989797,1.8999999999991246,2.500000000000835,-2.1999999999988695,1.8999999999991246,2.500000000000835,-2.6999999999999247,1.8999999999991246,3.2999999999994145,-12.099999999999334,1.8999999999991246,13.300000000000534,-13.099999999999223,1.8999999999991246,16.499999999999293
2025-01-21 18:00:00+00:00,GBP_USD,C1_trend_cont_long,1,ny,1.8999999999991246,57.67705109574939,3.4000000000000696,3.8000000000004697,0.8999999999992347,5.800000000000249,7.600000000000939,0.8999999999992347,3.9999999999995595,7.600000000000939,0.8999999999992347,7.200000000000539,8.399999999999519,0.8999999999992347,10.399999999999299,13.600000000000279,0.8999999999992347
2025-01-22 09:00:00+00:00,GBP_USD,C1_trend_cont_long,1,london,1.7000000000000348,54.14755936317156,3.7999999999982492,3.7999999999982492,3.00000000000189,8.899999999998354,8.899999999998354,3.00000000000189,10.799999999999699,10.899999999998133,3.00000000000189,9.699999999999154,16.799999999999038,3.00000000000189,23.899999999998922,23.899999999998922,3.00000000000189
2025-01-22 14:00:00+00:00,GBP_USD,C1_trend_cont_long,1,ny,1.80000000000069,53.16447720599979,-5.5000000000005045,2.4000000000001798,5.5000000000005045,-12.600000000000389,2.4000000000001798,12.600000000000389,-13.199999999999878,2.4000000000001798,13.199999999999878,-12.400000000001299,2.4000000000001798,13.199999999999878,-13.900000000000023,2.4000000000001798,15.400000000000968
2025-01-23 04:30:00+00:00,GBP_USD,C1_trend_cont_long,1,tokyo,2.000000000002,49.82345228476515,-1.100000000000545,0.0,1.100000000000545,-0.20000000000131024,0.0,1.100000000000545,-0.40000000000040004,0.0,1.100000000000545,1.7999999999984695,1.7999999999984695,1.100000000000545,-6.099999999999994,1.7999999999984695,6.099999999999994
2025-01-23 06:30:00+00:00,GBP_USD,C1_trend_cont_long,1,tokyo,1.7000000000000348,47.65749140728185,-2.8999999999990145,0.0,2.8999999999990145,-2.8999999999990145,0.0,3.5999999999991594,-5.699999999999594,0.0,5.699999999999594,-14.499999999999513,0.0,14.499999999999513,-17.999999999998018,0.0,20.999999999999908
2025-01-27 00:30:00+00:00,GBP_USD,C1_trend_cont_long,1,tokyo,1.9999999999997797,48.11477868459726,-0.40000000000040004,1.80000000000069,0.40000000000040004,-2.2999999999995246,1.80000000000069,2.2999999999995246,-2.5999999999992696,1.80000000000069,3.4000000000000696,-3.4000000000000696,1.80000000000069,5.399999999999849,-6.999999999999229,2.5999999999992696,6.999999999999229
2025-01-27 03:15:00+00:00,GBP_USD,C1_trend_cont_long,1,tokyo,1.7000000000000348,48.11477868459726,-6.200000000000649,0.2999999999997449,6.699999999999484,-6.399999999999739,0.2999999999997449,8.099999999999774,-5.399999999999849,0.2999999999997449,8.099999999999774,-11.200000000000099,0.2999999999997449,11.399999999999189,-7.399999999999629,0.2999999999997449,13.799999999999368
2025-01-27 06:15:00+00:00,GBP_USD,C1_trend_cont_long,1,tokyo,1.8999999999991246,47.57086592141167,0.10000000000065512,1.5999999999993797,0.40000000000040004,-0.8999999999992347,1.5999999999993797,2.900000000001235,1.40000000000029,1.9999999999997797,2.900000000001235,-4.299999999999304,1.9999999999997797,4.299999999999304,-12.799999999999478,1.9999999999997797,12.799999999999478
2025-01-27 09:00:00+00:00,GBP_USD,C1_trend_cont_long,1,london,2.0999999999982144,47.57086592141167,-4.300000000001525,0.0,6.399999999999739,4.599999999999049,4.599999999999049,6.399999999999739,11.799999999999589,11.799999999999589,6.399999999999739,6.800000000000139,11.999999999998678,6.399999999999739,28.999999999999027,28.999999999999027,6.399999999999739
2025-01-27 16:30:00+00:00,GBP_USD,C1_trend_cont_long,1,ny,1.9999999999997797,47.74426704448259,0.9000000000014552,0.9000000000014552,5.899999999998684,-7.299999999998974,1.3000000000018552,9.500000000000064,-9.200000000000319,1.3000000000018552,9.500000000000064,-4.499999999998394,1.3000000000018552,10.699999999999044,-5.899999999998684,2.4000000000001798,12.699999999998823
2025-01-27 18:45:00+00:00,GBP_USD,C1_trend_cont_long,1,ny,1.900000000001345,47.51967654130535,1.1999999999989797,4.8000000000003595,0.0,-2.2999999999995246,4.8000000000003595,2.2999999999995246,-2.4000000000001798,4.8000000000003595,2.60000000000149,-3.20000000000098,4.8000000000003595,4.60000000000127,7.599999999998719,7.599999999998719,4.60000000000127
2025-02-03 22:04:00+00:00,GBP_USD,C1_trend_cont_long,1,offhours,14.799999999999258,58.44927501676551,2.2999999999995246,3.1000000000003247,0.0,-0.5000000000010552,3.1000000000003247,0.5000000000010552,0.700000000000145,3.1000000000003247,0.5000000000010552,4.100000000000215,5.1000000000001044,0.5000000000010552,6.899999999998574,6.899999999998574,1.80000000000069
2025-02-04 07:00:00+00:00,GBP_USD,C1_trend_cont_long,1,london,1.8999999999991246,59.3314696584251,-1.1999999999989797,0.9999999999998899,1.80000000000069,0.10000000000065512,0.9999999999998899,1.80000000000069,4.20000000000087,5.299999999999194,1.80000000000069,1.8999999999991246,5.299999999999194,1.80000000000069,4.900000000001015,12.399999999999078,1.80000000000069
2025-02-04 13:00:00+00:00,GBP_USD,C1_trend_cont_long,1,ny,1.80000000000069,58.20779325425182,3.900000000001125,5.9000000000009045,0.0,8.700000000001484,8.700000000001484,0.0,3.6999999999998145,8.900000000000574,0.0,-0.4999999999988347,8.900000000000574,0.4999999999988347,16.80000000000126,16.80000000000126,0.4999999999988347
2025-02-05 06:15:00+00:00,GBP_USD,C1_trend_cont_long,1,tokyo,1.9999999999997797,51.936143355234485,6.00000000000156,6.200000000000649,0.0,10.000000000001119,12.700000000001044,0.0,9.700000000001374,12.800000000001699,0.0,6.900000000000794,12.800000000001699,0.0,14.100000000001334,14.100000000001334,2.1999999999988695
2025-02-05 15:00:00+00:00,GBP_USD,C1_trend_cont_long,1,ny,2.20000000000109,51.688817484870484,-17.799999999998928,0.0,17.799999999998928,-15.199999999999658,0.0,19.499999999998963,-17.799999999998928,0.0,22.800000000000598,-19.400000000000528,0.0,22.800000000000598,-11.999999999998678,0.0,22.800000000000598
2025-02-05 18:45:00+00:00,GBP_USD,C1_trend_cont_long,1,ny,1.8999999999991246,50.55390195023682,-1.40000000000029,0.0,1.5999999999993797,-0.1999999999990898,0.0,1.5999999999993797,-0.1999999999990898,0.8000000000008001,1.5999999999993797,0.5999999999994898,1.40000000000029,1.80000000000069,-5.399999999999849,1.40000000000029,5.399999999999849
2025-02-06 00:15:00+00:00,GBP_USD,C1_trend_cont_long,1,tokyo,2.0999999999982144,48.12148038236287,-5.20000000000076,0.0,5.20000000000076,-3.8000000000004697,0.0,6.300000000001305,-2.60000000000149,0.0,6.300000000001305,-3.900000000001125,0.0,6.300000000001305,-3.900000000001125,0.0,8.900000000000574
2025-02-06 01:45:00+00:00,GBP_USD,C1_trend_cont_long,1,tokyo,1.7000000000000348,48.12148038236287,-0.40000000000040004,0.0,1.0000000000021103,2.7999999999983594,2.7999999999983594,2.20000000000109,0.7999999999985796,2.7999999999983594,2.20000000000109,-4.00000000000178,2.7999999999983594,4.00000000000178,-12.900000000000134,2.7999999999983594,16.40000000000086
2025-02-07 10:00:00+00:00,GBP_USD,C1_trend_cont_long,1,london,1.8999999999991246,47.194802918588614,-4.3999999999999595,0.0,4.3999999999999595,-5.800000000000249,0.0,7.0000000000014495,-1.2000000000012,0.0,7.0000000000014495,3.9999999999995595,4.999999999999449,7.0000000000014495,-11.200000000000099,4.999999999999449,13.700000000000934
2025-02-12 18:00:00+00:00,GBP_USD,C1_trend_cont_long,1,ny,2.000000000002,49.33248003132637,-11.699999999998933,0.0,11.699999999998933,-14.699999999998603,0.0,14.699999999998603,-9.899999999998244,0.0,16.099999999998893,-22.299999999999542,0.0,22.299999999999542,-38.69999999999818,0.0,39.69999999999807
2025-02-12 21:30:00+00:00,GBP_USD,C1_trend_cont_long,1,offhours,2.0999999999982144,49.33248003132637,-2.60000000000149,0.0,2.60000000000149,-3.4000000000000696,0.0,4.3999999999999595,-2.000000000002,0.0,4.3999999999999595,-0.40000000000040004,0.5999999999994898,4.3999999999999595,2.9999999999996696,6.899999999998574,4.3999999999999595
2025-02-13 15:00:00+00:00,GBP_USD,C1_trend_cont_long,1,ny,1.5999999999993797,49.47984074798786,3.5000000000007248,5.399999999999849,0.0,8.60000000000083,8.60000000000083,2.2999999999995246,22.699999999999942,22.699999999999942,2.2999999999995246,24.900000000001032,32.10000000000157,2.2999999999995246,35.50000000000164,40.10000000000069,2.2999999999995246
2025-02-17 01:30:00+00:00,GBP_USD,C1_trend_cont_long,1,tokyo,1.7000000000000348,47.303066097986985,0.0,1.40000000000029,-0.0,4.100000000000215,5.5000000000005045,-0.0,2.9999999999996696,5.5000000000005045,-0.0,4.699999999999704,7.800000000000029,-0.0,3.4000000000000696,7.800000000000029,-0.0
2025-02-17 04:00:00+00:00,GBP_USD,C1_trend_cont_long,1,tokyo,2.100000000000435,47.303066097986985,-2.5999999999992696,0.0,2.5999999999992696,-2.1999999999988695,0.0,3.4000000000000696,0.20000000000131024,0.20000000000131024,3.4000000000000696,1.2000000000012,1.2000000000012,3.4000000000000696,5.20000000000076,5.60000000000116,3.4000000000000696
2025-04-04 00:45:00+00:00,GBP_USD,C1_trend_cont_long,1,tokyo,1.7999999999984695,48.47873424915738,-4.599999999999049,0.5999999999994898,4.599999999999049,-0.40000000000040004,0.5999999999994898,4.599999999999049,-1.2999999999996348,0.5999999999994898,4.599999999999049,-5.800000000000249,0.5999999999994898,7.399999999999629,0.8000000000008001,2.4000000000001798,7.399999999999629
2025-04-04 03:45:00+00:00,GBP_USD,C1_trend_cont_long,1,tokyo,1.80000000000069,48.47873424915738,1.2999999999996348,1.2999999999996348,4.00000000000178,2.2999999999995246,3.9999999999995595,4.00000000000178,0.0,3.9999999999995595,4.00000000000178,-2.9999999999996696,5.800000000000249,4.00000000000178,-0.2999999999997449,5.800000000000249,6.399999999999739
2025-04-04 05:15:00+00:00,GBP_USD,C1_trend_cont_long,1,tokyo,1.8999999999991246,47.10882465993192,3.8000000000004697,3.8000000000004697,0.0,4.599999999999049,4.8000000000003595,0.0,-0.5999999999994898,5.5000000000005045,0.5999999999994898,-13.600000000000279,5.5000000000005045,16.300000000000203,-18.199999999999328,5.5000000000005045,18.800000000001038
2025-04-10 17:00:00+00:00,GBP_USD,C1_trend_cont_long,1,ny,1.80000000000069,68.95483621522754,-4.8000000000003595,0.0,4.8000000000003595,-12.099999999999334,0.0,12.099999999999334,-6.800000000000139,0.0,12.099999999999334,-10.399999999999299,0.0,17.099999999998783,27.900000000000702,27.900000000000702,17.099999999998783
2025-04-11 17:15:00+00:00,GBP_USD,C1_trend_cont_long,1,ny,2.0999999999982144,77.90276485032376,-6.300000000001305,0.0,7.0000000000014495,-3.8000000000004697,0.0,7.0000000000014495,-10.799999999999699,0.0,10.799999999999699,4.599999999999049,11.399999999999189,16.100000000001113,-12.000000000000899,11.399999999999189,18.700000000000383
2025-04-11 18:30:00+00:00,GBP_USD,C1_trend_cont_long,1,ny,2.0999999999982144,77.90276485032376,4.00000000000178,4.500000000000615,0.7999999999985796,-4.199999999998649,4.500000000000615,4.199999999998649,-6.199999999998429,4.500000000000615,6.199999999998429,-6.599999999998829,4.500000000000615,8.599999999998609,11.400000000001409,18.60000000000195,8.599999999998609
2025-04-14 13:45:00+00:00,GBP_USD,C1_trend_cont_long,1,ny,1.8999999999991246,74.11092947964659,-0.5999999999994898,0.0,5.20000000000076,0.5999999999994898,0.5999999999994898,5.20000000000076,1.500000000000945,1.500000000000945,5.20000000000076,3.2999999999994145,5.699999999999594,5.20000000000076,26.600000000001067,34.19999999999978,5.20000000000076
2025-04-14 23:30:00+00:00,GBP_USD,C1_trend_cont_long,1,offhours,2.4999999999986144,70.91809735745045,2.4000000000001798,2.4000000000001798,0.40000000000040004,-4.8000000000003595,2.4000000000001798,4.8000000000003595,-6.999999999999229,2.4000000000001798,6.999999999999229,-4.599999999999049,2.4000000000001798,9.699999999999154,-7.999999999999119,2.4000000000001798,9.699999999999154
2025-04-15 01:15:00+00:00,GBP_USD,C1_trend_cont_long,1,tokyo,2.4000000000001798,70.91809735745045,1.2999999999996348,3.1000000000003247,0.0,2.2999999999995246,3.1000000000003247,0.0,1.9999999999997797,3.1000000000003247,0.0,-9.500000000000064,3.1000000000003247,10.000000000001119,5.1000000000001044,5.299999999999194,10.000000000001119
2025-04-15 14:30:00+00:00,GBP_USD,C1_trend_cont_long,1,ny,1.9999999999997797,65.7884693492417,9.00000000000123,9.00000000000123,0.0,1.80000000000069,9.00000000000123,0.40000000000040004,3.20000000000098,9.00000000000123,0.40000000000040004,16.599999999999948,18.800000000001038,0.40000000000040004,4.900000000001015,18.800000000001038,0.5999999999994898
2025-04-15 17:15:00+00:00,GBP_USD,C1_trend_cont_long,1,ny,1.4999999999987246,64.03929296715297,2.7999999999983594,2.8999999999990145,0.0,4.3999999999999595,4.999999999999449,0.0,5.899999999998684,7.399999999999629,0.0,4.599999999999049,7.399999999999629,0.0,-12.300000000000644,7.399999999999629,12.300000000000644
2025-04-15 19:15:00+00:00,GBP_USD,C1_trend_cont_long,1,ny,1.4999999999987246,64.03929296715297,1.40000000000029,1.40000000000029,1.100000000000545,0.1999999999990898,3.1999999999987594,1.100000000000545,-1.80000000000069,3.1999999999987594,1.80000000000069,-0.40000000000040004,3.1999999999987594,2.6999999999999247,3.4000000000000696,5.199999999998539,2.6999999999999247
2025-04-16 12:45:00+00:00,GBP_USD,C1_trend_cont_long,1,ny,1.6000000000016001,57.79960883703881,4.8000000000003595,4.8000000000003595,3.9999999999995595,-6.200000000000649,4.8000000000003595,6.200000000000649,3.8000000000004697,4.8000000000003595,6.200000000000649,4.3999999999999595,4.8000000000003595,6.200000000000649,4.900000000001015,12.000000000000899,6.200000000000649
2025-04-17 08:00:00+00:00,GBP_USD,C1_trend_cont_long,1,london,2.100000000000435,53.3735221781203,-4.60000000000127,0.0,4.60000000000127,-3.8000000000004697,0.0,6.6000000000010495,-3.8000000000004697,0.8999999999992347,6.6000000000010495,-4.100000000000215,0.8999999999992347,8.40000000000174,-4.100000000000215,0.9999999999998899,9.00000000000123
2025-04-17 11:30:00+00:00,GBP_USD,C1_trend_cont_long,1,london,2.100000000000435,52.725413451111656,0.1999999999990898,1.5999999999993797,0.9999999999998899,-2.80000000000058,1.5999999999993797,3.900000000001125,-2.20000000000109,1.5999999999993797,3.900000000001125,-8.500000000000174,1.5999999999993797,8.500000000000174,-8.00000000000134,1.5999999999993797,11.799999999999589
2025-04-17 12:45:00+00:00,GBP_USD,C1_trend_cont_long,1,ny,1.9999999999997797,52.725413451111656,1.40000000000029,2.4000000000001798,2.5999999999992696,3.900000000001125,4.60000000000127,2.5999999999992696,10.200000000000209,11.700000000001154,2.5999999999992696,11.800000000001809,13.199999999999878,2.5999999999992696,12.400000000001299,21.200000000001218,2.5999999999992696
2025-04-17 15:15:00+00:00,GBP_USD,C1_trend_cont_long,1,ny,2.100000000000435,51.20216963317522,3.5999999999991594,3.5999999999991594,1.9999999999997797,8.500000000000174,8.500000000000174,1.9999999999997797,11.399999999999189,11.399999999999189,1.9999999999997797,4.999999999999449,12.000000000000899,1.9999999999997797,12.000000000000899,19.599999999999618,1.9999999999997797
2025-05-08 05:00:00+00:00,GBP_USD,C1_trend_cont_long,1,tokyo,1.7000000000000348,47.00195906776104,-4.999999999999449,0.5999999999994898,4.999999999999449,-10.900000000000354,0.5999999999994898,10.900000000000354,-23.400000000000087,0.5999999999994898,25.599999999998957,-17.199999999999438,0.5999999999994898,28.900000000000592,-11.200000000000099,0.5999999999994898,28.900000000000592
2025-05-13 21:04:00+00:00,GBP_USD,C1_trend_cont_long,1,offhours,11.399999999999189,47.05194372652866,0.9000000000014552,0.9000000000014552,1.100000000000545,0.5000000000010552,0.9000000000014552,1.100000000000545,-1.4999999999987246,0.9000000000014552,1.4999999999987246,-1.7999999999984695,0.9000000000014552,2.100000000000435,-1.8999999999991246,0.9000000000014552,3.4999999999985043
2025-06-13 20:00:00+00:00,GBP_USD,C1_trend_cont_long,1,ny,2.20000000000109,47.61127548540494,-8.999999999999009,0.0,8.999999999999009,-4.899999999998794,0.0,8.999999999999009,-2.80000000000058,0.0,8.999999999999009,-6.999999999999229,0.0,8.999999999999009,,,
2025-06-24 05:00:00+00:00,GBP_USD,C1_trend_cont_long,1,tokyo,1.80000000000069,48.465291346996,4.099999999997994,4.199999999998649,0.0,4.199999999998649,4.699999999999704,0.0,1.8999999999991246,4.699999999999704,0.10000000000065512,2.6999999999999247,4.699999999999704,0.30000000000196536,13.199999999999878,13.199999999999878,1.500000000000945
2025-06-27 00:30:00+00:00,GBP_USD,C1_trend_cont_long,1,tokyo,1.8999999999991246,46.71840993904392,-0.8000000000008001,0.0,1.80000000000069,0.0,0.0,2.80000000000058,0.1999999999990898,0.8000000000008001,2.80000000000058,-2.100000000000435,4.599999999999049,2.80000000000058,-2.1999999999988695,4.599999999999049,6.500000000000394
2025-06-27 01:45:00+00:00,GBP_USD,C1_trend_cont_long,1,tokyo,2.100000000000435,46.71840993904392,3.7999999999982492,3.7999999999982492,0.0,5.399999999999849,7.399999999999629,0.0,4.599999999999049,7.399999999999629,0.0,9.999999999998899,9.999999999998899,0.0,7.599999999998719,12.499999999999734,0.0
2026-01-28 13:00:00+00:00,GBP_USD,C1_trend_cont_long,1,ny,1.7000000000000348,47.14905390741127,-4.500000000000615,0.0,4.500000000000615,-8.099999999999774,0.0,8.099999999999774,-7.599999999998719,0.0,9.799999999999809,-18.599999999999728,0.0,24.399999999999977,-22.899999999999032,0.0,25.599999999998957
2026-01-29 13:00:00+00:00,GBP_USD,C1_trend_cont_long,1,ny,1.500000000000945,47.788905427136804,1.9999999999997797,1.9999999999997797,2.6999999999999247,4.20000000000087,4.599999999999049,2.6999999999999247,-1.9999999999997797,4.599999999999049,2.6999999999999247,5.399999999999849,5.399999999999849,2.6999999999999247,-5.800000000000249,5.399999999999849,13.000000000000789
2026-01-29 14:15:00+00:00,GBP_USD,C1_trend_cont_long,1,ny,1.500000000000945,47.09684075376995,-0.5999999999994898,0.0,2.5999999999992696,2.80000000000058,2.80000000000058,2.5999999999992696,2.4000000000001798,6.6000000000010495,2.5999999999992696,2.20000000000109,7.200000000000539,6.399999999999739,-41.29999999999967,7.200000000000539,41.29999999999967
2026-01-29 17:45:00+00:00,GBP_USD,C1_trend_cont_long,1,ny,2.000000000002,47.09684075376995,-2.3999999999979593,3.60000000000138,2.3999999999979593,1.40000000000029,3.60000000000138,2.3999999999979593,-3.1999999999987594,3.60000000000138,3.5999999999991594,-4.3999999999999595,3.60000000000138,6.599999999998829,0.40000000000040004,3.60000000000138,11.399999999999189
2026-01-29 20:45:00+00:00,GBP_USD,C1_trend_cont_long,1,ny,1.80000000000069,50.28278069992934,1.9999999999997797,1.9999999999997797,0.6000000000017103,0.4999999999988347,3.4000000000000696,0.6000000000017103,0.1999999999990898,3.4000000000000696,0.6000000000017103,2.2999999999995246,4.3999999999999595,4.300000000001525,7.399999999999629,9.599999999998499,4.300000000001525
2026-02-03 18:00:00+00:00,GBP_USD,C1_trend_cont_long,1,ny,1.80000000000069,47.09478070379162,0.40000000000040004,0.40000000000040004,2.1999999999988695,-0.1999999999990898,6.40000000000196,2.1999999999988695,-3.6999999999998145,6.40000000000196,4.899999999998794,-6.299999999999084,6.40000000000196,6.699999999999484,-18.099999999998673,6.40000000000196,18.099999999998673
2026-03-10 05:00:00+00:00,GBP_USD,C1_trend_cont_long,1,tokyo,1.8999999999991246,57.038521865903114,6.699999999999484,6.699999999999484,0.0,6.399999999999739,6.699999999999484,0.0,6.399999999999739,6.699999999999484,0.0,6.399999999999739,6.800000000000139,0.0,12.099999999999334,12.099999999999334,0.10000000000065512
2026-03-10 13:00:00+00:00,GBP_USD,C1_trend_cont_long,1,ny,2.100000000000435,55.8230112007023,5.700000000001815,5.700000000001815,0.0,9.300000000000974,9.300000000000974,0.0,8.60000000000083,9.40000000000163,0.0,20.400000000000418,20.400000000000418,0.0,-0.9999999999998899,21.100000000000563,0.9999999999998899
2026-03-11 00:30:00+00:00,GBP_USD,C1_trend_cont_long,1,tokyo,2.1999999999988695,55.38922904550338,-2.4999999999986144,0.0,2.6999999999999247,-4.699999999999704,0.0,6.099999999999994,1.6000000000016001,1.6000000000016001,6.099999999999994,-3.6999999999998145,1.6000000000016001,6.099999999999994,7.100000000002105,7.4000000000018495,8.699999999999264
2026-03-11 11:00:00+00:00,GBP_USD,C1_trend_cont_long,1,london,2.100000000000435,53.800406676990036,-4.599999999999049,0.0,4.599999999999049,-4.8000000000003595,0.0,4.8000000000003595,-1.1999999999989797,0.0,6.399999999999739,-10.900000000000354,0.0,11.299999999998533,-19.199999999999218,0.0,22.299999999999542
2026-03-19 21:04:00+00:00,GBP_USD,C1_trend_cont_long,1,offhours,3.700000000002035,52.8792935784412,2.9999999999996696,3.4000000000000696,0.0,-0.5999999999994898,5.399999999999849,0.5999999999994898,-2.2999999999995246,5.399999999999849,2.60000000000149,4.599999999999049,7.200000000000539,5.399999999999849,6.999999999999229,7.200000000000539,5.399999999999849
2026-03-20 06:15:00+00:00,GBP_USD,C1_trend_cont_long,1,tokyo,2.300000000001745,51.18791546569542,-2.4000000000001798,0.0,2.4000000000001798,-0.1999999999990898,0.0,3.4000000000000696,-0.5999999999994898,0.0,3.4000000000000696,-5.800000000000249,0.0,5.800000000000249,8.500000000000174,10.799999999999699,11.399999999999189
2026-03-20 12:15:00+00:00,GBP_USD,C1_trend_cont_long,1,ny,1.9999999999997797,50.26735007528861,-3.8000000000004697,0.0,5.1000000000001044,-6.200000000000649,0.0,6.200000000000649,0.4999999999988347,0.4999999999988347,6.300000000001305,-16.40000000000086,0.4999999999988347,18.899999999999473,-38.50000000000131,0.4999999999988347,38.50000000000131
2026-03-23 13:00:00+00:00,GBP_USD,C1_trend_cont_long,1,ny,1.80000000000069,59.38509586109362,-10.399999999999299,0.0,13.999999999998458,-14.299999999998203,0.0,14.299999999998203,-17.499999999999183,0.0,19.199999999999218,-32.49999999999975,0.0,34.999999999998366,-14.799999999999258,0.0,37.69999999999829
2026-03-24 02:45:00+00:00,GBP_USD,C1_trend_cont_long,1,tokyo,1.900000000001345,62.521332655738874,-7.800000000000029,0.9999999999998899,7.800000000000029,-6.099999999999994,0.9999999999998899,7.800000000000029,-7.099999999999884,0.9999999999998899,7.800000000000029,-2.4000000000001798,0.9999999999998899,8.799999999999919,-9.799999999999809,0.9999999999998899,9.799999999999809
2026-03-24 06:30:00+00:00,GBP_USD,C1_trend_cont_long,1,tokyo,1.7999999999984695,60.941237466043276,-2.100000000000435,0.0,2.4000000000001798,-2.6999999999999247,0.0,4.699999999999704,-7.099999999999884,0.0,7.099999999999884,7.699999999999374,7.699999999999374,7.099999999999884,16.300000000000203,35.30000000000033,7.099999999999884
2026-03-24 11:00:00+00:00,GBP_USD,C1_trend_cont_long,1,london,2.20000000000109,60.874006218468764,-2.9999999999996696,0.0,7.599999999998719,6.00000000000156,6.00000000000156,7.599999999998719,1.2000000000012,7.300000000001194,7.599999999998719,0.9999999999998899,7.300000000001194,7.599999999998719,-8.999999999999009,7.300000000001194,16.300000000000203
2026-03-24 15:30:00+00:00,GBP_USD,C1_trend_cont_long,1,ny,1.80000000000069,59.04729148857801,-10.799999999999699,0.0,10.799999999999699,-8.700000000001484,0.0,10.799999999999699,-14.499999999999513,0.0,14.499999999999513,-24.600000000001288,0.0,24.600000000001288,-12.799999999999478,0.0,26.600000000001067
2026-03-24 20:30:00+00:00,GBP_USD,C1_trend_cont_long,1,ny,2.4000000000001798,59.14391352510819,0.1999999999990898,0.5999999999994898,3.5000000000007248,4.3999999999999595,10.799999999999699,3.5000000000007248,1.5999999999993797,10.799999999999699,5.399999999999849,-2.4000000000001798,10.799999999999699,5.399999999999849,-3.4000000000000696,10.799999999999699,5.399999999999849
2026-03-25 09:00:00+00:00,GBP_USD,C1_trend_cont_long,1,london,1.8999999999991246,58.92593950971677,2.8999999999990145,2.8999999999990145,0.0,0.0,2.8999999999990145,0.8000000000008001,-1.900000000001345,2.8999999999990145,1.900000000001345,-10.499999999999954,2.8999999999990145,13.000000000000789,-5.999999999999339,2.8999999999990145,15.800000000001369
2026-03-25 10:30:00+00:00,GBP_USD,C1_trend_cont_long,1,london,1.500000000000945,58.92593950971677,2.6999999999999247,2.6999999999999247,0.10000000000065512,3.1999999999987594,3.9999999999995595,0.10000000000065512,0.5999999999994898,4.3999999999999595,0.40000000000040004,11.200000000000099,11.200000000000099,0.40000000000040004,15.899999999999803,19.000000000000128,0.40000000000040004
2026-04-01 22:00:00+00:00,GBP_USD,C1_trend_cont_long,1,offhours,3.9999999999995595,46.83608164144097,0.3999999999981796,1.1999999999989797,0.40000000000040004,2.5999999999992696,2.9999999999996696,0.40000000000040004,1.2999999999996348,2.9999999999996696,0.40000000000040004,2.4999999999986144,2.9999999999996696,0.40000000000040004,0.9999999999998899,3.1999999999987594,1.2000000000012
2026-04-02 00:15:00+00:00,GBP_USD,C1_trend_cont_long,1,tokyo,1.900000000001345,46.83608164144097,-0.10000000000065512,2.2999999999995246,0.10000000000065512,-4.20000000000087,2.2999999999995246,4.20000000000087,-5.800000000000249,2.2999999999995246,7.200000000000539,5.599999999998939,5.599999999998939,7.200000000000539,-4.8000000000003595,9.200000000000319,16.700000000000603
2026-04-08 05:00:00+00:00,GBP_USD,C1_trend_cont_long,1,tokyo,2.20000000000109,48.34307353500756,0.5000000000010552,1.5999999999993797,1.40000000000029,-0.2999999999997449,2.500000000000835,1.40000000000029,-0.2999999999997449,2.500000000000835,1.8999999999991246,8.700000000001484,9.799999999999809,1.8999999999991246,17.500000000001403,26.699999999999502,1.8999999999991246
2026-04-09 04:15:00+00:00,GBP_USD,C1_trend_cont_long,1,tokyo,2.20000000000109,49.670773199535454,-3.2999999999994145,0.0,4.100000000000215,-3.9999999999995595,0.0,4.100000000000215,-3.2999999999994145,0.0,4.500000000000615,-3.8999999999989043,0.0,4.500000000000615,-11.300000000000754,0.0,11.300000000000754
2026-04-09 08:45:00+00:00,GBP_USD,C1_trend_cont_long,1,london,1.9999999999997797,47.92286082813997,1.80000000000069,2.500000000000835,2.2999999999995246,9.500000000000064,9.500000000000064,2.2999999999995246,4.20000000000087,9.700000000001374,2.2999999999995246,10.600000000000609,14.300000000000423,2.2999999999995246,10.300000000000864,14.499999999999513,2.2999999999995246
