timestamp,pair,state,direction,session,spread,volatility,ret_5,mfe_5,mae_5,ret_10,mfe_10,mae_10,ret_15,mfe_15,mae_15,ret_30,mfe_30,mae_30,ret_60,mfe_60,mae_60
2022-03-28 18:15:00+00:00,USD_JPY,C1_trend_cont_long,1,ny,1.7000000000010118,67.95571542068426,6.200000000001182,6.9000000000002615,0.0,7.400000000001228,7.400000000001228,0.0,8.800000000000807,10.000000000000853,0.0,0.9000000000000341,10.000000000000853,2.4999999999991473,8.600000000001273,10.000000000000853,3.699999999999193
2022-03-29 00:45:00+00:00,USD_JPY,C1_trend_cont_long,1,tokyo,1.999999999999602,67.95571542068426,12.5,12.5,2.000000000001023,40.29999999999916,44.49999999999932,2.000000000001023,35.49999999999898,47.49999999999943,2.000000000001023,6.799999999999784,47.49999999999943,2.000000000001023,-13.700000000000045,47.49999999999943,18.09999999999974
2022-03-29 02:00:00+00:00,USD_JPY,C1_trend_cont_long,1,tokyo,1.9000000000005457,67.95571542068426,-3.0000000000001137,1.2000000000000455,3.0000000000001137,0.6000000000000227,1.2000000000000455,5.799999999999272,-2.599999999999625,1.2000000000000455,5.799999999999272,-4.399999999999693,6.700000000000728,5.799999999999272,-36.299999999999955,6.700000000000728,42.30000000000018
2022-03-29 05:45:00+00:00,USD_JPY,C1_trend_cont_long,1,tokyo,1.6000000000005343,70.82316431920682,5.100000000000193,6.099999999999284,0.0,3.3999999999991815,6.099999999999284,0.0,-0.9000000000000341,6.099999999999284,4.000000000000625,-14.400000000000546,6.099999999999284,14.400000000000546,-21.60000000000082,6.099999999999284,21.60000000000082
2022-03-29 07:15:00+00:00,USD_JPY,C1_trend_cont_long,1,london,1.9000000000005457,70.82316431920682,14.000000000000057,14.000000000000057,0.0,11.400000000000432,16.200000000000614,0.0,11.400000000000432,17.80000000000115,0.0,1.300000000000523,17.80000000000115,2.199999999999136,2.80000000000058,17.80000000000115,10.199999999998965
2022-03-29 08:45:00+00:00,USD_JPY,C1_trend_cont_long,1,london,1.8000000000000682,70.82316431920682,-1.9000000000005457,1.5000000000000568,1.9000000000005457,6.9000000000002615,6.9000000000002615,1.9000000000005457,4.399999999999693,8.899999999999864,1.9000000000005457,-4.900000000000659,13.599999999999568,4.900000000000659,2.5000000000005684,13.599999999999568,6.499999999999773
2022-03-29 11:30:00+00:00,USD_JPY,C1_trend_cont_long,1,london,1.5000000000000568,69.2500811535492,5.19999999999925,6.9000000000002615,0.0,5.799999999999272,6.9000000000002615,0.0,14.19999999999959,14.19999999999959,0.0,-2.400000000000091,14.19999999999959,3.2000000000010687,-33.70000000000033,14.19999999999959,46.20000000000033
2022-04-01 02:00:00+00:00,USD_JPY,C1_trend_cont_long,1,tokyo,1.8999999999991246,72.84108818848688,4.300000000000637,7.600000000000762,0.0,-2.7999999999991587,7.600000000000762,2.7999999999991587,-2.39999999999867,7.600000000000762,3.3999999999991815,2.80000000000058,7.600000000000762,4.999999999999716,33.40000000000032,33.40000000000032,4.999999999999716
2022-04-01 17:45:00+00:00,USD_JPY,C1_trend_cont_long,1,ny,1.3999999999995794,71.03357246333226,0.30000000000001137,0.30000000000001137,0.7999999999995566,-0.7000000000005002,0.9000000000000341,1.9000000000005457,3.3999999999991815,3.3999999999991815,1.9000000000005457,8.499999999999375,8.499999999999375,1.9000000000005457,5.400000000000205,9.099999999999397,1.9000000000005457
2022-04-03 22:15:00+00:00,USD_JPY,C1_trend_cont_long,1,offhours,2.200000000000557,71.03357246333226,-4.5000000000001705,1.0000000000005116,4.5000000000001705,-4.399999999999693,1.0000000000005116,4.5000000000001705,3.7999999999996703,4.600000000000648,4.5000000000001705,0.5000000000009663,6.400000000000716,4.5000000000001705,-6.199999999999761,6.400000000000716,7.500000000000284
2022-04-04 02:00:00+00:00,USD_JPY,C1_trend_cont_long,1,tokyo,1.6000000000005343,71.03357246333226,1.099999999999568,3.6000000000001364,0.0,-0.10000000000047748,3.6000000000001364,1.0000000000005116,3.1999999999996476,6.199999999999761,1.0000000000005116,1.3999999999995794,6.199999999999761,1.0000000000005116,8.100000000000307,11.199999999999477,1.6000000000005343
2022-04-04 05:30:00+00:00,USD_JPY,C1_trend_cont_long,1,tokyo,1.6999999999995907,68.80260300166574,1.8000000000000682,1.8000000000000682,0.0,-2.1000000000000796,1.8000000000000682,2.1000000000000796,-1.6000000000005343,1.8000000000000682,3.700000000000614,2.1000000000000796,2.80000000000058,3.700000000000614,6.799999999999784,13.299999999999557,3.700000000000614
2022-04-04 08:00:00+00:00,USD_JPY,C1_trend_cont_long,1,london,1.7000000000010118,68.80260300166574,-4.899999999999238,0.0,8.599999999999852,-2.2999999999996135,0.0,8.599999999999852,-2.599999999999625,0.0,8.599999999999852,-7.9999999999998295,0.0,8.99999999999892,-1.8000000000000682,2.000000000001023,8.99999999999892
2022-04-04 09:00:00+00:00,USD_JPY,C1_trend_cont_long,1,london,1.5000000000000568,66.03813135868964,0.8000000000009777,0.8000000000009777,4.800000000000182,0.10000000000047748,2.3000000000010346,4.800000000000182,-0.6000000000000227,2.3000000000010346,4.800000000000182,1.0000000000005116,2.400000000000091,4.800000000000182,-2.599999999999625,2.400000000000091,4.800000000000182
2022-04-04 10:15:00+00:00,USD_JPY,C1_trend_cont_long,1,london,1.5000000000000568,66.03813135868964,-2.1000000000000796,0.0,2.200000000000557,5.5999999999997385,5.5999999999997385,2.200000000000557,4.599999999999227,5.5999999999997385,2.200000000000557,13.19999999999908,13.19999999999908,2.200000000000557,12.599999999999056,20.399999999999352,2.200000000000557
2022-04-04 13:15:00+00:00,USD_JPY,C1_trend_cont_long,1,ny,1.6999999999995907,63.292550547354644,1.9000000000005457,2.1000000000000796,1.099999999999568,3.8000000000010914,3.8000000000010914,1.099999999999568,6.300000000000239,6.300000000000239,1.099999999999568,-0.19999999999953388,6.500000000001194,1.099999999999568,18.000000000000682,23.60000000000042,1.099999999999568
2022-04-05 08:00:00+00:00,USD_JPY,C1_trend_cont_long,1,london,1.5999999999991132,58.774699196443514,4.300000000000637,4.300000000000637,0.0,1.5000000000000568,5.89999999999975,0.0,-0.40000000000048885,5.89999999999975,0.40000000000048885,-6.100000000000705,5.89999999999975,7.9999999999998295,-7.899999999999352,5.89999999999975,8.29999999999984
2022-04-06 09:30:00+00:00,USD_JPY,C1_trend_cont_long,1,london,1.5999999999991132,55.746388760533335,-0.40000000000048885,0.7000000000005002,0.49999999999954525,1.8000000000000682,3.900000000000148,0.7000000000005002,2.1000000000000796,3.900000000000148,0.7000000000005002,4.399999999999693,4.399999999999693,0.7000000000005002,14.799999999999613,16.29999999999967,0.7000000000005002
2022-04-06 13:15:00+00:00,USD_JPY,C1_trend_cont_long,1,ny,1.5000000000000568,54.493075277638134,-1.8000000000000682,0.9999999999990905,1.8000000000000682,0.0,0.9999999999990905,2.000000000001023,3.6000000000001364,3.6000000000001364,2.000000000001023,-0.8000000000009777,3.6000000000001364,2.000000000001023,2.400000000000091,3.6000000000001364,8.599999999999852
2022-04-21 01:00:00+00:00,USD_JPY,C1_trend_cont_long,1,tokyo,1.8000000000000682,57.7590887907665,1.6000000000019554,3.100000000000591,4.200000000000159,4.200000000000159,4.200000000000159,5.400000000000205,-0.49999999999954525,4.200000000000159,5.400000000000205,16.600000000002524,16.900000000001114,5.400000000000205,20.199999999999818,24.00000000000091,5.400000000000205
2022-04-21 05:30:00+00:00,USD_JPY,C1_trend_cont_long,1,tokyo,1.4000000000010004,59.02629673428314,-5.500000000000682,2.7999999999991587,5.500000000000682,-3.6000000000001364,2.7999999999991587,5.500000000000682,-2.6999999999986812,2.7999999999991587,5.500000000000682,-4.599999999999227,2.7999999999991587,9.899999999998954,-15.500000000000114,2.7999999999991587,15.500000000000114
2022-04-21 08:30:00+00:00,USD_JPY,C1_trend_cont_long,1,london,1.5999999999991132,59.02629673428314,-3.3999999999991815,1.6999999999995907,3.3999999999991815,-10.699999999999932,1.6999999999995907,10.699999999999932,-14.499999999998181,1.6999999999995907,14.499999999998181,-19.700000000000273,1.6999999999995907,19.700000000000273,-14.900000000000091,1.6999999999995907,20.699999999999363
2022-04-21 11:15:00+00:00,USD_JPY,C1_trend_cont_long,1,london,1.6999999999995907,58.50298982469146,7.699999999999818,7.699999999999818,0.0,6.399999999999295,7.900000000000773,0.0,0.40000000000190994,7.900000000000773,0.0,3.2000000000010687,7.900000000000773,5.89999999999975,10.80000000000041,13.900000000001,5.89999999999975
2022-04-21 13:15:00+00:00,USD_JPY,C1_trend_cont_long,1,ny,1.5999999999991132,58.44563340864206,8.899999999999864,8.899999999999864,0.8000000000009777,8.499999999997954,10.999999999998522,0.8000000000009777,8.499999999997954,10.999999999998522,0.8000000000009777,9.899999999998954,11.899999999999977,0.8000000000009777,21.89999999999941,27.09999999999866,0.8000000000009777
2022-04-21 18:30:00+00:00,USD_JPY,C1_trend_cont_long,1,ny,1.500000000001478,58.74951673659627,-6.000000000000227,0.0,6.000000000000227,-4.200000000000159,0.0,6.900000000001683,-7.599999999999341,0.0,7.599999999999341,-4.099999999999682,0.0,11.7999999999995,-7.099999999999795,0.0,12.399999999999523
2022-04-21 20:45:00+00:00,USD_JPY,C1_trend_cont_long,1,ny,1.500000000001478,58.74951673659627,2.2999999999996135,2.2999999999996135,0.0,6.999999999999318,6.999999999999318,0.0,6.399999999999295,7.200000000000273,0.0,6.399999999999295,7.200000000000273,0.0,6.89999999999884,7.399999999998386,0.0
2022-04-22 04:00:00+00:00,USD_JPY,C1_trend_cont_long,1,tokyo,1.6999999999995907,58.74951673659627,-0.39999999999906777,3.900000000001569,0.39999999999906777,2.2999999999996135,3.900000000001569,3.3999999999991815,-0.9999999999990905,3.900000000001569,3.3999999999991815,-17.900000000000205,3.900000000001569,28.199999999998226,-33.099999999998886,3.900000000001569,33.099999999998886
2022-04-22 10:00:00+00:00,USD_JPY,C1_trend_cont_long,1,london,1.4999999999986358,59.14320575757533,1.9000000000005457,3.2000000000010687,0.7999999999981355,2.800000000002001,3.8000000000010914,0.7999999999981355,5.200000000002092,7.800000000000296,0.7999999999981355,-9.999999999999432,7.800000000000296,9.999999999999432,2.200000000001978,7.800000000000296,9.999999999999432
2022-04-22 12:15:00+00:00,USD_JPY,C1_trend_cont_long,1,ny,1.6999999999995907,59.14320575757533,2.7999999999991587,6.999999999999318,-0.0,-1.4000000000010004,6.999999999999318,2.200000000001978,-1.2000000000000455,6.999999999999318,3.0000000000001137,5.999999999997385,6.999999999999318,3.0000000000001137,6.999999999999318,11.599999999998545,3.0000000000001137
2022-04-22 14:00:00+00:00,USD_JPY,C1_trend_cont_long,1,ny,1.5999999999991132,57.22583391774858,-12.000000000000455,0.0,12.000000000000455,-8.70000000000175,0.0,12.000000000000455,-12.100000000000932,0.0,13.2000000000005,-14.100000000001955,0.0,24.800000000001887,8.599999999998431,8.599999999998431,24.800000000001887
2022-04-22 20:45:00+00:00,USD_JPY,C1_trend_cont_long,1,ny,2.200000000001978,60.10970292362367,0.0,0.8000000000009777,0.1999999999981128,1.1000000000024102,1.6000000000019554,0.899999999998613,,,,,,,,,
2022-04-25 05:00:00+00:00,USD_JPY,C1_trend_cont_long,1,tokyo,1.5999999999991132,60.46615271479329,3.7999999999982492,3.7999999999982492,0.0,4.800000000000182,4.800000000000182,0.0,5.89999999999975,6.19999999999834,0.0,5.19999999999925,8.400000000000318,0.0,-2.400000000000091,8.400000000000318,2.400000000000091
2022-04-27 08:00:00+00:00,USD_JPY,C1_trend_cont_long,1,london,1.7000000000010118,60.98792123197204,-2.4999999999991473,0.0,2.4999999999991473,-6.399999999999295,0.0,6.399999999999295,-4.899999999999238,0.0,7.7999999999988745,-16.400000000000148,0.0,17.600000000000193,-3.3999999999991815,0.0,17.600000000000193
2022-04-29 00:30:00+00:00,USD_JPY,C1_trend_cont_long,1,tokyo,1.6999999999995907,71.67837118590677,-0.40000000000190994,0.7999999999981355,1.8000000000000682,-4.200000000000159,0.7999999999981355,8.200000000002206,-2.400000000000091,0.7999999999981355,8.200000000002206,-15.100000000001046,0.7999999999981355,15.600000000000591,-30.200000000002092,0.7999999999981355,33.40000000000032
2022-04-29 02:30:00+00:00,USD_JPY,C1_trend_cont_long,1,tokyo,1.8000000000000682,71.67837118590677,-8.500000000000796,2.2999999999996135,8.500000000000796,-3.999999999999204,2.2999999999996135,8.500000000000796,-2.6999999999986812,2.2999999999996135,8.500000000000796,-1.8000000000000682,3.900000000001569,8.500000000000796,-6.89999999999884,3.900000000001569,8.500000000000796
2022-04-29 09:45:00+00:00,USD_JPY,C1_trend_cont_long,1,london,1.700000000002433,71.4716567878483,-9.200000000001296,0.0,10.999999999998522,-12.399999999999523,0.0,13.900000000001,-16.200000000000614,0.0,18.299999999999272,-10.80000000000041,0.0,25.29999999999859,-40.60000000000059,0.0,41.200000000000614
2022-04-29 13:30:00+00:00,USD_JPY,C1_trend_cont_long,1,ny,2.000000000001023,71.09510987443062,1.300000000000523,1.300000000000523,3.499999999999659,2.7000000000015234,6.30000000000166,3.499999999999659,-11.099999999999,6.30000000000166,11.099999999999,-26.099999999999568,6.30000000000166,26.099999999999568,-19.099999999997408,6.30000000000166,26.099999999999568
2022-05-02 00:00:00+00:00,USD_JPY,C1_trend_cont_long,1,tokyo,1.8000000000000682,73.21688774054257,-10.300000000000864,0.7000000000005002,10.300000000000864,-25.499999999999545,0.7000000000005002,25.499999999999545,-33.19999999999936,0.7000000000005002,36.299999999999955,-21.299999999999386,0.7000000000005002,39.30000000000007,2.5000000000005684,6.89999999999884,39.30000000000007
2022-05-02 01:00:00+00:00,USD_JPY,C1_trend_cont_long,1,tokyo,1.9000000000005457,73.21688774054257,-3.6000000000001364,0.0,5.000000000001137,-3.2000000000010687,0.0,6.60000000000025,9.199999999998454,9.199999999998454,6.60000000000025,8.399999999997476,13.199999999997658,6.60000000000025,10.199999999997544,15.699999999998226,6.60000000000025
2022-05-02 13:00:00+00:00,USD_JPY,C1_trend_cont_long,1,ny,1.6000000000019554,70.11137112462515,-5.700000000001637,0.0,5.700000000001637,-4.300000000000637,0.0,5.700000000001637,-3.6000000000001364,0.0,6.700000000000728,3.2000000000010687,3.6000000000001364,6.700000000000728,-5.400000000000205,8.799999999999386,6.700000000000728
2022-05-03 05:00:00+00:00,USD_JPY,C1_trend_cont_long,1,tokyo,1.8000000000000682,65.01694755133497,1.8999999999977035,1.8999999999977035,1.300000000000523,0.699999999997658,2.0999999999986585,1.300000000000523,-0.9000000000014552,2.0999999999986585,1.300000000000523,-4.099999999999682,2.0999999999986585,4.099999999999682,-3.100000000000591,6.499999999999773,4.099999999999682
2022-05-03 09:30:00+00:00,USD_JPY,C1_trend_cont_long,1,london,1.6999999999995907,62.144308440525464,-1.8000000000000682,0.0,2.7999999999991587,1.500000000001478,2.000000000001023,2.7999999999991587,0.5000000000023874,2.000000000001023,2.7999999999991587,-2.5999999999982037,2.000000000001023,5.3999999999973625,-5.19999999999925,2.000000000001023,9.399999999999409
2022-05-03 17:00:00+00:00,USD_JPY,C1_trend_cont_long,1,ny,1.5999999999991132,60.14636799208569,-3.0000000000001137,0.20000000000095497,3.0000000000001137,-2.400000000000091,0.20000000000095497,3.6000000000001364,-5.999999999997385,0.20000000000095497,5.999999999997385,-5.999999999997385,0.20000000000095497,10.799999999997567,-7.799999999997453,0.20000000000095497,10.999999999998522
2022-05-03 22:30:00+00:00,USD_JPY,C1_trend_cont_long,1,offhours,2.199999999999136,60.14636799208569,-0.30000000000143245,1.4999999999986358,0.30000000000143245,4.699999999999704,4.699999999999704,0.30000000000143245,5.299999999999727,6.89999999999884,0.30000000000143245,1.8000000000000682,6.89999999999884,0.49999999999954525,4.2999999999977945,6.89999999999884,0.49999999999954525
2022-05-04 02:00:00+00:00,USD_JPY,C1_trend_cont_long,1,tokyo,1.8999999999977035,60.14636799208569,1.8000000000000682,1.8000000000000682,0.8000000000009777,1.8000000000000682,2.5000000000005684,0.8000000000009777,0.9999999999990905,2.5000000000005684,0.8000000000009777,1.4000000000010004,2.5000000000005684,1.300000000000523,1.6999999999995907,3.1999999999982265,1.300000000000523
2022-05-04 03:15:00+00:00,USD_JPY,C1_trend_cont_long,1,tokyo,1.8000000000000682,60.14636799208569,0.0,0.899999999998613,0.40000000000190994,0.0,0.899999999998613,0.40000000000190994,-1.4000000000010004,0.899999999998613,1.4000000000010004,-1.6000000000019554,0.899999999998613,2.600000000001046,0.5999999999971806,2.199999999999136,2.600000000001046
2022-05-04 07:45:00+00:00,USD_JPY,C1_trend_cont_long,1,london,1.5999999999991132,56.52877027836528,-3.7999999999982492,0.0,4.599999999999227,-3.1999999999982265,0.0,4.599999999999227,-3.3999999999991815,0.0,4.599999999999227,-10.099999999999909,0.0,10.80000000000041,-10.200000000000387,0.0,12.79999999999859
2022-05-05 12:00:00+00:00,USD_JPY,C1_trend_cont_long,1,ny,1.4999999999986358,56.502932749310375,-9.299999999998931,2.7000000000015234,9.299999999998931,-7.999999999998408,2.7000000000015234,11.39999999999759,-10.599999999999454,2.7000000000015234,14.799999999999613,-15.399999999999636,2.7000000000015234,19.999999999998863,-6.000000000000227,2.7000000000015234,21.699999999998454
2022-05-05 20:15:00+00:00,USD_JPY,C1_trend_cont_long,1,ny,2.2999999999996135,56.86987568690526,2.400000000000091,3.1999999999982265,0.9999999999990905,0.9999999999990905,3.1999999999982265,0.9999999999990905,3.7999999999982492,3.7999999999982492,0.9999999999990905,8.400000000000318,8.400000000000318,0.9999999999990905,10.599999999999454,12.899999999999068,0.9999999999990905
2022-05-06 07:45:00+00:00,USD_JPY,C1_trend_cont_long,1,london,1.9000000000005457,55.97202742355477,0.20000000000095497,2.600000000001046,1.2000000000000455,1.2000000000000455,3.300000000001546,3.299999999998704,7.00000000000216,7.00000000000216,3.299999999998704,5.800000000002115,9.200000000001296,3.299999999998704,0.40000000000190994,9.200000000001296,4.800000000000182
2022-05-06 09:30:00+00:00,USD_JPY,C1_trend_cont_long,1,london,1.500000000001478,54.60259689330083,3.499999999999659,3.999999999999204,0.10000000000047748,6.000000000000227,6.399999999999295,0.10000000000047748,6.399999999999295,6.399999999999295,0.10000000000047748,3.100000000000591,8.799999999999386,0.10000000000047748,-5.100000000001614,8.799999999999386,8.799999999999386
2022-05-06 12:15:00+00:00,USD_JPY,C1_trend_cont_long,1,ny,1.500000000001478,54.60259689330083,0.8000000000009777,4.099999999999682,0.0,-4.200000000000159,4.099999999999682,5.19999999999925,-27.000000000001023,4.099999999999682,27.000000000001023,4.200000000000159,4.200000000000159,27.000000000001023,11.199999999999477,23.699999999999477,27.000000000001023
2022-05-06 14:45:00+00:00,USD_JPY,C1_trend_cont_long,1,ny,1.6999999999995907,54.72383997235068,-3.0000000000001137,0.0,4.400000000001114,-8.600000000001273,0.0,8.800000000002228,-14.799999999999613,0.0,14.799999999999613,-15.000000000000568,0.0,16.900000000001114,-18.700000000001182,0.0,29.50000000000159
2022-05-06 17:00:00+00:00,USD_JPY,C1_trend_cont_long,1,ny,1.700000000002433,54.18642283146855,0.9000000000014552,1.9000000000005457,0.9999999999990905,5.19999999999925,5.19999999999925,0.9999999999990905,4.200000000000159,5.19999999999925,0.9999999999990905,5.19999999999925,5.60000000000116,0.9999999999990905,14.300000000000068,14.500000000001023,0.9999999999990905
2022-05-11 04:00:00+00:00,USD_JPY,C1_trend_cont_long,1,tokyo,1.9000000000005457,56.288099921798796,2.5000000000005684,2.800000000002001,0.0,8.00000000000125,8.00000000000125,0.0,6.400000000002137,11.300000000002797,0.0,-1.4999999999986358,11.300000000002797,1.4999999999986358,-1.999999999998181,11.300000000002797,5.799999999999272
2022-05-17 13:00:00+00:00,USD_JPY,C1_trend_cont_long,1,ny,1.8000000000000682,58.88983511127888,-0.6000000000000227,0.40000000000190994,2.7999999999991587,-4.999999999998295,0.8000000000009777,4.999999999998295,1.4000000000010004,1.4000000000010004,6.399999999999295,18.80000000000166,18.80000000000166,6.399999999999295,3.8000000000010914,18.80000000000166,6.399999999999295
2022-05-17 15:30:00+00:00,USD_JPY,C1_trend_cont_long,1,ny,1.2999999999976808,58.88983511127888,2.199999999999136,4.4999999999987494,0.0,0.0,4.4999999999987494,-0.0,0.6000000000000227,4.4999999999987494,-0.0,3.3999999999991815,4.4999999999987494,1.300000000000523,-4.600000000002069,4.4999999999987494,6.100000000000705
2022-05-17 16:45:00+00:00,USD_JPY,C1_trend_cont_long,1,ny,1.6000000000019554,58.88983511127888,-3.299999999998704,0.0,3.700000000000614,-2.2999999999996135,0.0,3.700000000000614,-2.899999999999636,0.0,3.700000000000614,-1.5999999999991132,0.0,3.700000000000614,-5.500000000000682,0.10000000000047748,6.299999999998818
2022-05-31 13:00:00+00:00,USD_JPY,C1_trend_cont_long,1,ny,1.9000000000005457,55.061003620400406,3.1999999999982265,3.8999999999987267,0.20000000000095497,8.799999999999386,8.799999999999386,0.20000000000095497,-3.3999999999991815,8.799999999999386,3.3999999999991815,-9.399999999999409,8.799999999999386,12.20000000000141,12.79999999999859,16.800000000000637,12.20000000000141
2022-06-02 01:00:00+00:00,USD_JPY,C1_trend_cont_long,1,tokyo,1.8000000000000682,55.534089622682,-0.8000000000009777,4.400000000001114,0.8000000000009777,-1.300000000000523,4.400000000001114,1.300000000000523,2.600000000001046,4.400000000001114,1.8000000000000682,1.300000000000523,4.400000000001114,4.200000000000159,-5.400000000000205,4.400000000001114,6.399999999999295
2022-06-02 02:30:00+00:00,USD_JPY,C1_trend_cont_long,1,tokyo,1.5999999999991132,55.534089622682,3.100000000000591,4.300000000000637,0.0,5.699999999998795,7.699999999999818,0.0,6.19999999999834,10.200000000000387,0.0,10.299999999998022,10.699999999999932,0.0,5.500000000000682,10.699999999999932,0.0
2022-06-09 05:00:00+00:00,USD_JPY,C1_trend_cont_long,1,tokyo,1.8000000000000682,60.61691448725468,-5.599999999998317,0.0,5.599999999998317,-3.2000000000010687,0.0,6.700000000000728,-10.999999999998522,0.0,10.999999999998522,-14.400000000000546,0.0,26.400000000001,-38.2000000000005,0.0,48.19999999999993
2022-06-09 12:15:00+00:00,USD_JPY,C1_trend_cont_long,1,ny,2.000000000001023,61.97284916673643,-6.900000000001683,0.0,11.100000000001842,-21.100000000001273,0.0,21.100000000001273,-17.700000000002092,0.0,21.100000000001273,-21.20000000000175,0.0,34.50000000000273,-11.20000000000232,0.0,34.50000000000273
2022-06-09 14:15:00+00:00,USD_JPY,C1_trend_cont_long,1,ny,1.5999999999991132,63.51764565482657,3.6999999999977717,5.599999999998317,0.0,15.699999999998226,15.699999999998226,0.0,-0.10000000000047748,15.699999999998226,0.8000000000009777,24.099999999998545,26.69999999999959,0.8000000000009777,23.199999999999932,41.499999999999204,0.8000000000009777
2022-06-10 01:45:00+00:00,USD_JPY,C1_trend_cont_long,1,tokyo,1.9000000000005457,64.0663852509103,-2.899999999999636,0.0,2.899999999999636,-4.599999999999227,0.0,4.599999999999227,-7.099999999999795,0.0,7.599999999999341,-14.999999999997726,0.0,16.799999999997794,-27.09999999999866,0.0,30.400000000000205
2022-06-10 03:30:00+00:00,USD_JPY,C1_trend_cont_long,1,tokyo,1.8000000000000682,64.0663852509103,-2.5999999999982037,0.0,2.7999999999991587,-5.49999999999784,0.0,5.699999999998795,-2.9999999999972715,0.0,5.799999999999272,-6.799999999998363,0.0,6.799999999998363,-8.199999999999363,0.0,11.39999999999759
2022-06-10 05:00:00+00:00,USD_JPY,C1_trend_cont_long,1,tokyo,1.6999999999995907,62.133072018702464,-22.999999999998977,0.0,30.599999999998317,-41.89999999999827,0.0,45.39999999999793,-41.39999999999873,0.0,45.79999999999984,-32.800000000000296,0.0,45.79999999999984,-54.09999999999968,0.0,54.09999999999968
2022-06-10 09:30:00+00:00,USD_JPY,C1_trend_cont_long,1,london,1.9000000000005457,63.77356687450942,-3.2000000000010687,0.0,4.200000000000159,0.7000000000005002,1.099999999999568,4.200000000000159,0.8000000000009777,4.800000000000182,4.200000000000159,-7.800000000000296,5.19999999999925,15.199999999998681,-10.599999999999454,5.19999999999925,22.20000000000084
2022-06-10 11:45:00+00:00,USD_JPY,C1_trend_cont_long,1,london,1.9000000000005457,63.77356687450942,3.6000000000001364,3.6000000000001364,0.8000000000009777,7.200000000000273,7.200000000000273,0.8000000000009777,2.199999999999136,7.200000000000273,0.8000000000009777,2.000000000001023,7.200000000000273,4.599999999999227,-19.899999999998386,40.399999999999636,31.700000000000728
2022-06-10 13:00:00+00:00,USD_JPY,C1_trend_cont_long,1,ny,2.000000000001023,65.48974066918723,-2.800000000002001,0.0,15.600000000000591,-2.200000000001978,1.8000000000000682,15.600000000000591,5.400000000000205,5.400000000000205,15.600000000000591,20.90000000000032,31.399999999999295,15.600000000000591,28.199999999998226,32.99999999999841,15.600000000000591
2022-06-13 06:45:00+00:00,USD_JPY,C1_trend_cont_long,1,tokyo,1.9000000000005457,66.63146006679918,4.600000000002069,7.00000000000216,0.0,-1.8000000000000682,7.00000000000216,1.8000000000000682,-9.600000000000364,7.00000000000216,9.600000000000364,-16.99999999999875,7.00000000000216,27.599999999998204,-3.1999999999982265,7.00000000000216,27.599999999998204
2022-06-13 11:15:00+00:00,USD_JPY,C1_trend_cont_long,1,london,1.8000000000000682,68.9792129191707,-6.60000000000025,0.0,6.60000000000025,-16.40000000000157,0.0,16.40000000000157,-19.80000000000075,0.0,20.600000000001728,-11.800000000002342,0.0,28.600000000000136,-21.60000000000082,0.0,28.600000000000136
2022-06-13 20:00:00+00:00,USD_JPY,C1_trend_cont_long,1,ny,2.5000000000005684,69.8744233843869,-1.999999999998181,2.199999999999136,4.200000000000159,0.49999999999954525,5.500000000000682,4.200000000000159,-4.200000000000159,5.500000000000682,4.200000000000159,10.099999999999909,11.400000000000432,4.200000000000159,5.60000000000116,11.400000000000432,4.200000000000159
2022-06-13 23:45:00+00:00,USD_JPY,C1_trend_cont_long,1,offhours,1.999999999998181,69.8744233843869,-8.70000000000175,0.0,10.699999999999932,-11.100000000001842,0.0,13.800000000000523,-16.40000000000157,0.0,16.40000000000157,-24.500000000000455,0.0,24.500000000000455,-45.40000000000077,0.0,46.10000000000127
2022-06-14 02:00:00+00:00,USD_JPY,C1_trend_cont_long,1,tokyo,1.6999999999995907,69.8744233843869,1.500000000001478,1.500000000001478,6.999999999999318,1.4000000000010004,3.499999999999659,6.999999999999318,4.800000000000182,6.200000000001182,6.999999999999318,10.80000000000041,11.000000000001364,6.999999999999318,-3.999999999999204,11.000000000001364,10.3999999999985
2022-06-14 03:30:00+00:00,USD_JPY,C1_trend_cont_long,1,tokyo,2.7999999999991587,69.8744233843869,2.5000000000005684,5.89999999999975,0.0,-7.299999999997908,5.89999999999975,7.999999999998408,-13.700000000000045,5.89999999999975,15.199999999998681,-11.699999999999022,5.89999999999975,15.199999999998681,-9.099999999997976,9.499999999999886,15.199999999998681
2022-06-14 12:00:00+00:00,USD_JPY,C1_trend_cont_long,1,ny,1.6999999999995907,70.65702832633355,-9.399999999999409,0.0,9.399999999999409,4.200000000000159,4.200000000000159,9.399999999999409,2.7999999999991587,4.400000000001114,9.399999999999409,-8.099999999998886,4.800000000000182,9.399999999999409,1.2000000000000455,9.800000000001319,12.899999999999068
2022-06-14 14:00:00+00:00,USD_JPY,C1_trend_cont_long,1,ny,1.5999999999991132,69.21724058873826,0.899999999998613,3.0000000000001137,0.40000000000190994,4.200000000000159,4.200000000000159,0.40000000000190994,7.099999999999795,8.29999999999984,0.40000000000190994,-3.900000000001569,8.29999999999984,3.900000000001569,14.900000000000091,17.499999999998295,3.900000000001569
2022-06-15 04:30:00+00:00,USD_JPY,C1_trend_cont_long,1,tokyo,1.8000000000000682,69.68743768954273,-2.899999999999636,0.0,2.899999999999636,-2.1000000000015007,0.2999999999985903,2.899999999999636,1.6999999999995907,1.6999999999995907,2.899999999999636,0.7000000000005002,5.699999999998795,2.899999999999636,-13.100000000000023,5.699999999998795,23.900000000000432
2022-06-15 05:45:00+00:00,USD_JPY,C1_trend_cont_long,1,tokyo,1.9000000000005457,66.96690642600399,-11.199999999999477,0.0,13.400000000001455,-18.999999999999773,0.0,18.999999999999773,-27.1000000000015,0.0,27.1000000000015,-22.700000000000387,0.0,36.19999999999948,-34.80000000000132,0.0,47.800000000000864
2022-06-17 05:00:00+00:00,USD_JPY,C1_trend_cont_long,1,tokyo,2.5000000000005684,91.57558408552374,1.2000000000000455,1.2000000000000455,5.799999999999272,6.999999999999318,9.399999999999409,5.799999999999272,10.80000000000041,10.80000000000041,5.799999999999272,12.899999999999068,12.899999999999068,5.799999999999272,25.600000000000023,25.600000000000023,5.799999999999272
2022-06-20 03:30:00+00:00,USD_JPY,C1_trend_cont_long,1,tokyo,2.000000000001023,89.74819906555949,-4.200000000000159,0.0,4.200000000000159,-1.2000000000000455,0.0,6.100000000000705,-3.6000000000001364,0.0,6.100000000000705,-5.400000000000205,0.0,11.7999999999995,-2.600000000001046,0.7999999999981355,11.7999999999995
2022-06-20 04:45:00+00:00,USD_JPY,C1_trend_cont_long,1,tokyo,2.1000000000015007,89.74819906555949,0.6000000000000227,0.6000000000000227,1.0000000000019327,0.1999999999981128,1.999999999998181,1.6000000000019554,2.899999999999636,3.1999999999982265,1.6000000000019554,-2.400000000000091,3.999999999999204,3.2000000000010687,-8.00000000000125,3.999999999999204,10.200000000000387
2022-06-20 06:00:00+00:00,USD_JPY,C1_trend_cont_long,1,tokyo,1.8000000000000682,87.6804705608767,-3.099999999997749,6.100000000000705,3.099999999997749,-8.199999999999363,6.100000000000705,8.199999999999363,-19.69999999999743,6.100000000000705,19.69999999999743,-10.3999999999985,6.100000000000705,19.899999999998386,-19.39999999999884,6.100000000000705,20.09999999999934
2022-06-20 10:15:00+00:00,USD_JPY,C1_trend_cont_long,1,london,1.6999999999995907,85.50329409224267,2.199999999999136,2.2999999999996135,0.0,1.3999999999981583,4.2999999999977945,0.0,0.6000000000000227,4.2999999999977945,0.20000000000095497,6.999999999999318,9.799999999998477,0.20000000000095497,10.599999999999454,13.599999999999568,0.20000000000095497
2022-06-21 01:00:00+00:00,USD_JPY,C1_trend_cont_long,1,tokyo,1.700000000002433,77.86610562035216,-4.800000000000182,0.0,8.00000000000125,-3.8000000000010914,0.0,8.00000000000125,-0.20000000000095497,2.600000000001046,8.00000000000125,-5.60000000000116,2.600000000001046,8.00000000000125,5.400000000000205,6.60000000000025,8.00000000000125
2022-06-21 04:15:00+00:00,USD_JPY,C1_trend_cont_long,1,tokyo,1.8000000000000682,77.86610562035216,-0.49999999999954525,1.8000000000000682,1.2000000000000455,-0.20000000000095497,1.8000000000000682,1.2000000000000455,4.4999999999987494,4.4999999999987494,1.2000000000000455,5.19999999999925,6.200000000001182,1.2000000000000455,7.200000000000273,10.599999999999454,1.2000000000000455
2022-06-21 06:15:00+00:00,USD_JPY,C1_trend_cont_long,1,tokyo,1.8000000000000682,73.8756695046127,-3.3999999999991815,0.0,7.099999999999795,-3.499999999999659,0.0,7.099999999999795,-3.299999999998704,0.0,7.099999999999795,-0.8000000000009777,0.0,7.099999999999795,5.500000000000682,15.299999999999159,7.099999999999795
2022-06-22 04:30:00+00:00,USD_JPY,C1_trend_cont_long,1,tokyo,1.8999999999977035,72.08543946852551,2.0999999999986585,2.600000000001046,0.0,2.899999999999636,3.6000000000001364,0.0,6.399999999999295,6.800000000001205,0.0,-6.399999999999295,7.900000000000773,6.399999999999295,-2.0999999999986585,7.900000000000773,10.699999999999932
2022-06-22 05:45:00+00:00,USD_JPY,C1_trend_cont_long,1,tokyo,1.5999999999991132,69.60790807791672,-1.8000000000000682,0.0,3.300000000001546,1.099999999999568,1.3999999999981583,3.300000000001546,0.899999999998613,4.300000000000637,3.300000000001546,8.099999999998886,11.400000000000432,3.300000000001546,27.899999999999636,32.49999999999886,3.300000000001546
2022-06-22 11:30:00+00:00,USD_JPY,C1_trend_cont_long,1,london,1.8000000000000682,68.2787717866369,-5.299999999999727,0.0,5.299999999999727,-2.199999999999136,0.0,5.299999999999727,-6.100000000000705,0.30000000000143245,6.100000000000705,-18.799999999998818,0.30000000000143245,18.799999999998818,-25.200000000000955,0.30000000000143245,25.200000000000955
2022-06-22 16:00:00+00:00,USD_JPY,C1_trend_cont_long,1,ny,1.8000000000000682,67.3945738018771,-0.6000000000000227,2.199999999999136,0.6000000000000227,0.0,2.199999999999136,0.6000000000000227,-0.6000000000000227,2.199999999999136,3.8000000000010914,10.80000000000041,10.80000000000041,3.8000000000010914,17.799999999999727,17.799999999999727,3.8000000000010914
2022-06-22 23:00:00+00:00,USD_JPY,C1_trend_cont_long,1,offhours,2.000000000001023,66.54496138745715,-3.299999999998704,0.30000000000143245,3.299999999998704,-5.699999999998795,0.30000000000143245,5.699999999998795,-11.299999999999955,0.30000000000143245,11.299999999999955,-20.699999999999363,0.30000000000143245,26.099999999999568,-21.50000000000034,0.30000000000143245,28.79999999999825
2022-06-23 00:30:00+00:00,USD_JPY,C1_trend_cont_long,1,tokyo,1.5999999999991132,66.54496138745715,-0.30000000000143245,1.8999999999977035,0.30000000000143245,-0.6000000000000227,3.7999999999982492,3.8000000000010914,-2.400000000000091,3.7999999999982492,3.8000000000010914,-4.700000000002547,7.499999999998863,4.700000000002547,-24.399999999999977,7.499999999998863,30.60000000000116
2022-06-24 18:00:00+00:00,USD_JPY,C1_trend_cont_long,1,ny,1.9000000000005457,66.44417957501608,-4.599999999999227,0.0,4.599999999999227,-6.399999999999295,0.0,6.499999999999773,-5.400000000000205,0.0,8.500000000000796,-11.899999999999977,0.0,11.899999999999977,-8.00000000000125,0.0,12.800000000001432
2022-06-27 11:00:00+00:00,USD_JPY,C1_trend_cont_long,1,london,1.8000000000000682,65.20544055192711,0.0,0.10000000000047748,1.099999999999568,5.799999999999272,6.100000000000705,1.099999999999568,3.2000000000010687,6.100000000000705,1.099999999999568,8.199999999999363,10.099999999999909,1.099999999999568,20.600000000001728,21.89999999999941,1.099999999999568
2022-06-27 15:00:00+00:00,USD_JPY,C1_trend_cont_long,1,ny,1.6999999999995907,64.81219479821809,2.3000000000024556,6.200000000001182,0.0,0.5000000000023874,6.200000000001182,0.0,-6.799999999998363,6.200000000001182,6.799999999998363,3.4000000000020236,6.200000000001182,6.799999999998363,10.900000000000887,15.800000000001546,6.799999999998363
2022-06-28 05:00:00+00:00,USD_JPY,C1_trend_cont_long,1,tokyo,1.999999999998181,61.59316796376961,-1.099999999999568,0.10000000000047748,1.099999999999568,0.49999999999954525,1.300000000000523,1.099999999999568,-0.49999999999954525,1.300000000000523,1.300000000000523,6.100000000000705,6.100000000000705,3.0000000000001137,9.700000000000841,9.700000000000841,3.0000000000001137
2022-06-28 23:45:00+00:00,USD_JPY,C1_trend_cont_long,1,offhours,1.9000000000005457,58.84959548702684,5.000000000001137,5.000000000001137,0.0,-0.7000000000005002,5.000000000001137,0.7000000000005002,-3.999999999999204,5.000000000001137,3.999999999999204,9.199999999998454,9.199999999998454,3.999999999999204,8.29999999999984,12.399999999999523,3.999999999999204
2022-06-29 00:45:00+00:00,USD_JPY,C1_trend_cont_long,1,tokyo,2.199999999999136,58.84959548702684,-0.20000000000095497,1.9000000000005457,2.2999999999996135,-12.100000000000932,1.9000000000005457,13.300000000000978,-12.700000000000955,1.9000000000005457,18.700000000001182,-18.10000000000116,1.9000000000005457,23.699999999999477,-8.899999999999864,1.9000000000005457,23.699999999999477
2022-06-29 02:00:00+00:00,USD_JPY,C1_trend_cont_long,1,tokyo,1.8000000000000682,58.84959548702684,-4.099999999999682,0.0,4.099999999999682,-6.89999999999884,0.0,10.799999999997567,-3.6999999999977717,0.0,10.799999999997567,-1.4999999999986358,0.30000000000143245,10.799999999997567,1.700000000002433,5.60000000000116,10.799999999997567
2022-06-29 05:15:00+00:00,USD_JPY,C1_trend_cont_long,1,tokyo,1.700000000002433,57.39605295223914,2.000000000001023,2.5999999999982037,0.0,4.399999999998272,4.999999999998295,0.0,-4.200000000000159,4.999999999998295,4.200000000000159,-7.900000000000773,4.999999999998295,7.900000000000773,-19.80000000000075,4.999999999998295,27.40000000000009
2022-06-29 07:15:00+00:00,USD_JPY,C1_trend_cont_long,1,london,1.9000000000005457,57.39605295223914,2.199999999999136,2.7999999999991587,0.0,3.5999999999972943,3.5999999999972943,1.4000000000010004,4.199999999997317,9.199999999998454,1.4000000000010004,-11.20000000000232,10.799999999997567,11.20000000000232,7.299999999997908,10.799999999997567,11.20000000000232
2022-06-29 08:15:00+00:00,USD_JPY,C1_trend_cont_long,1,london,1.8000000000000682,57.39605295223914,0.0,1.300000000000523,1.6999999999995907,-1.9000000000005457,1.300000000000523,2.899999999999636,-5.699999999998795,1.300000000000523,5.699999999998795,0.8000000000009777,1.300000000000523,5.699999999998795,-4.4999999999987494,3.900000000001569,5.699999999998795
2022-06-29 16:30:00+00:00,USD_JPY,C1_trend_cont_long,1,ny,1.6999999999995907,56.0578211680023,-1.099999999999568,0.0,2.199999999999136,2.400000000000091,2.400000000000091,2.199999999999136,3.3999999999991815,4.200000000000159,2.199999999999136,11.899999999999977,12.100000000000932,2.199999999999136,6.200000000001182,12.100000000000932,2.199999999999136
2022-06-30 10:45:00+00:00,USD_JPY,C1_trend_cont_long,1,london,2.000000000001023,54.38776716694649,-3.6999999999977717,0.8000000000009777,3.6999999999977717,-0.899999999998613,0.8000000000009777,3.6999999999977717,-0.49999999999954525,0.8000000000009777,3.6999999999977717,-9.299999999998931,5.299999999999727,9.299999999998931,-3.8999999999987267,5.299999999999727,13.700000000000045
2022-07-04 15:00:00+00:00,USD_JPY,C1_trend_cont_long,1,ny,1.9000000000005457,57.17836548263422,-3.0000000000001137,0.40000000000190994,3.0000000000001137,-4.399999999998272,0.40000000000190994,5.400000000000205,-3.1999999999982265,0.40000000000190994,5.400000000000205,-4.999999999998295,0.40000000000190994,7.200000000000273,-4.800000000000182,0.40000000000190994,8.199999999999363
2022-07-05 11:00:00+00:00,USD_JPY,C1_trend_cont_long,1,london,1.4999999999986358,58.03235020603038,0.6000000000000227,0.7000000000005002,1.999999999998181,7.30000000000075,7.30000000000075,1.999999999998181,16.200000000000614,16.200000000000614,1.999999999998181,12.400000000002365,19.80000000000075,1.999999999998181,-0.2999999999985903,19.80000000000075,2.400000000000091
2022-07-05 14:45:00+00:00,USD_JPY,C1_trend_cont_long,1,ny,1.6999999999995907,58.53718233417094,0.20000000000095497,6.400000000002137,0.0,1.500000000001478,6.400000000002137,1.099999999999568,-8.400000000000318,6.400000000002137,8.400000000000318,-11.7999999999995,6.400000000002137,17.799999999999727,-33.59999999999843,6.400000000002137,48.19999999999993
2022-07-06 17:00:00+00:00,USD_JPY,C1_trend_cont_long,1,ny,1.8000000000000682,62.35607306554075,2.2999999999996135,2.2999999999996135,1.9000000000005457,0.899999999998613,2.2999999999996135,1.9000000000005457,1.099999999999568,2.2999999999996135,1.9000000000005457,-4.099999999999682,2.6999999999986812,4.099999999999682,-8.899999999999864,2.6999999999986812,9.499999999999886
2022-07-07 02:00:00+00:00,USD_JPY,C1_trend_cont_long,1,tokyo,1.8000000000000682,62.35607306554075,-4.000000000002046,0.0,5.100000000001614,-8.600000000001273,0.0,10.300000000000864,-10.500000000001819,0.0,12.400000000002365,-13.700000000000045,0.0,16.40000000000157,-1.0000000000019327,0.0,18.200000000001637
2022-07-07 03:00:00+00:00,USD_JPY,C1_trend_cont_long,1,tokyo,1.6999999999995907,62.35607306554075,-2.899999999999636,0.0,6.000000000000227,-2.400000000000091,0.0,6.000000000000227,2.600000000001046,2.600000000001046,6.000000000000227,-2.199999999999136,2.800000000002001,6.000000000000227,-2.2999999999996135,2.800000000002001,6.000000000000227
2022-07-07 05:15:00+00:00,USD_JPY,C1_trend_cont_long,1,tokyo,1.6999999999995907,59.91635356085935,0.6000000000000227,2.200000000001978,1.3999999999981583,-1.5999999999991132,2.200000000001978,2.6999999999986812,-4.2999999999977945,2.200000000001978,4.2999999999977945,-10.299999999998022,2.200000000001978,10.80000000000041,7.200000000000273,11.000000000001364,10.80000000000041
2022-07-07 13:00:00+00:00,USD_JPY,C1_trend_cont_long,1,ny,1.9000000000005457,59.9885905703327,-2.5999999999982037,1.4000000000010004,2.5999999999982037,1.6999999999995907,3.999999999999204,2.5999999999982037,0.6000000000000227,3.999999999999204,2.6999999999986812,-14.099999999999113,3.999999999999204,14.099999999999113,-12.600000000000477,3.999999999999204,14.300000000000068
2022-07-07 15:00:00+00:00,USD_JPY,C1_trend_cont_long,1,ny,1.6999999999995907,59.9885905703327,-0.9999999999990905,2.000000000001023,0.9999999999990905,-1.6999999999995907,2.000000000001023,1.6999999999995907,-4.200000000000159,2.000000000001023,4.800000000000182,-1.5999999999991132,2.000000000001023,4.800000000000182,5.60000000000116,8.400000000000318,5.299999999999727
2022-07-07 23:30:00+00:00,USD_JPY,C1_trend_cont_long,1,offhours,1.999999999998181,58.36797695816601,-0.8000000000009777,0.0,0.8000000000009777,-1.8000000000000682,0.0,1.8000000000000682,-3.3999999999991815,0.0,3.8999999999987267,-6.000000000000227,0.0,9.100000000000819,0.39999999999906777,1.2000000000000455,10.80000000000041
2022-07-08 01:45:00+00:00,USD_JPY,C1_trend_cont_long,1,tokyo,1.6999999999995907,58.36797695816601,0.7999999999981355,0.7999999999981355,1.8000000000000682,0.9999999999990905,1.999999999998181,1.8000000000000682,3.7999999999982492,3.7999999999982492,1.8000000000000682,0.39999999999906777,6.399999999999295,1.8000000000000682,-33.200000000002206,6.399999999999295,35.000000000002274
2022-07-08 10:00:00+00:00,USD_JPY,C1_trend_cont_long,1,london,1.8000000000000682,58.60198013229613,4.800000000000182,4.800000000000182,2.899999999999636,5.60000000000116,6.499999999999773,2.899999999999636,3.6000000000001364,6.499999999999773,2.899999999999636,10.80000000000041,14.400000000000546,2.899999999999636,7.200000000000273,14.400000000000546,2.899999999999636
2022-07-08 15:00:00+00:00,USD_JPY,C1_trend_cont_long,1,ny,1.6000000000019554,60.75898155141787,-10.999999999998522,0.0,10.999999999998522,-3.8999999999987267,0.0,10.999999999998522,-8.400000000000318,0.0,10.999999999998522,9.200000000001296,9.899999999998954,10.999999999998522,12.299999999999045,14.300000000000068,10.999999999998522
2022-07-12 04:00:00+00:00,USD_JPY,C1_trend_cont_long,1,tokyo,1.300000000000523,62.8935613456644,2.199999999999136,2.199999999999136,0.9000000000014552,3.3999999999991815,3.3999999999991815,0.9000000000014552,5.19999999999925,6.999999999999318,0.9000000000014552,1.999999999998181,6.999999999999318,0.9000000000014552,3.099999999997749,6.999999999999318,0.9000000000014552
2022-07-12 07:45:00+00:00,USD_JPY,C1_trend_cont_long,1,london,1.8000000000000682,61.05116410668845,3.0000000000001137,3.0000000000001137,0.6000000000000227,4.699999999999704,5.500000000000682,0.6000000000000227,-0.1999999999981128,5.500000000000682,0.6000000000000227,-8.799999999999386,5.500000000000682,14.799999999999613,-6.399999999999295,5.500000000000682,15.099999999998204
2022-07-13 01:00:00+00:00,USD_JPY,C1_trend_cont_long,1,tokyo,2.000000000001023,57.44457271953136,15.300000000002001,15.300000000002001,0.0,17.69999999999925,19.900000000001228,0.0,23.099999999999454,23.099999999999454,0.0,22.90000000000134,23.099999999999454,0.0,20.90000000000032,28.700000000000614,0.0
2022-07-13 06:00:00+00:00,USD_JPY,C1_trend_cont_long,1,tokyo,1.5999999999991132,57.44853181099333,8.599999999998431,8.599999999998431,0.0,7.499999999998863,9.399999999999409,0.0,2.199999999999136,9.399999999999409,0.0,5.400000000000205,9.399999999999409,0.0,25.100000000000477,25.100000000000477,0.0
2022-07-13 11:15:00+00:00,USD_JPY,C1_trend_cont_long,1,london,1.6999999999995907,55.623636681636576,0.39999999999906777,0.9999999999990905,0.8000000000009777,0.9999999999990905,2.199999999999136,0.8000000000009777,3.6999999999977717,3.7999999999982492,0.8000000000009777,3.499999999999659,6.499999999999773,0.8000000000009777,4.999999999998295,6.499999999999773,1.2000000000000455
2022-07-13 15:15:00+00:00,USD_JPY,C1_trend_cont_long,1,ny,1.5999999999991132,56.957662632948214,4.4999999999987494,4.4999999999987494,2.899999999999636,10.900000000000887,10.900000000000887,2.899999999999636,10.499999999998977,10.900000000000887,2.899999999999636,8.500000000000796,10.900000000000887,2.899999999999636,4.599999999999227,12.899999999999068,2.899999999999636
2022-07-13 17:00:00+00:00,USD_JPY,C1_trend_cont_long,1,ny,1.5999999999991132,58.38211530202339,-3.6000000000001364,2.899999999999636,3.8999999999987267,-5.099999999998772,2.899999999999636,5.599999999998317,-10.3999999999985,2.899999999999636,10.3999999999985,-8.599999999998431,2.899999999999636,10.999999999998522,7.900000000000773,7.900000000000773,10.999999999998522
2022-07-13 18:00:00+00:00,USD_JPY,C1_trend_cont_long,1,ny,1.8000000000000682,58.38211530202339,-3.3999999999991815,0.0,5.299999999999727,-6.100000000000705,0.0,6.100000000000705,-7.699999999999818,0.0,7.699999999999818,-13.100000000000023,0.0,13.100000000000023,1.9000000000005457,1.9000000000005457,15.899999999999181
2022-07-14 19:00:00+00:00,USD_JPY,C1_trend_cont_long,1,ny,1.8999999999977035,65.70581255573428,3.6000000000001364,3.6000000000001364,0.39999999999906777,7.800000000000296,7.800000000000296,0.39999999999906777,7.200000000000273,9.100000000000819,0.39999999999906777,0.20000000000095497,9.100000000000819,0.39999999999906777,8.100000000001728,9.100000000000819,4.4999999999987494
2022-07-14 20:00:00+00:00,USD_JPY,C1_trend_cont_long,1,ny,2.5999999999982037,65.70581255573428,-4.100000000002524,0.0,5.900000000002592,-3.500000000002501,0.0,5.900000000002592,-2.000000000001023,0.0,5.900000000002592,-3.8000000000010914,0.0,5.900000000002592,-1.1000000000024102,0.0,6.200000000001182
2022-07-15 02:15:00+00:00,USD_JPY,C1_trend_cont_long,1,tokyo,1.9000000000005457,65.70581255573428,2.000000000001023,2.000000000001023,0.0,3.2000000000010687,4.600000000002069,0.0,3.8000000000010914,4.600000000002069,0.0,-3.1999999999982265,4.600000000002069,4.599999999999227,-5.599999999998317,4.600000000002069,10.199999999997544
2022-07-15 03:30:00+00:00,USD_JPY,C1_trend_cont_long,1,tokyo,1.8000000000000682,65.70581255573428,3.3999999999991815,3.3999999999991815,0.8000000000009777,4.200000000000159,7.200000000000273,0.8000000000009777,0.9999999999990905,7.200000000000273,0.8000000000009777,1.8999999999977035,7.200000000000273,2.000000000001023,2.400000000000091,7.200000000000273,6.700000000000728
2022-07-15 08:00:00+00:00,USD_JPY,C1_trend_cont_long,1,london,1.5999999999991132,63.34111165889629,2.000000000001023,2.000000000001023,0.10000000000047748,0.10000000000047748,2.000000000001023,0.899999999998613,-4.699999999999704,2.000000000001023,4.699999999999704,-1.099999999999568,2.000000000001023,8.599999999998431,-6.499999999999773,2.000000000001023,11.199999999999477
2022-07-15 13:30:00+00:00,USD_JPY,C1_trend_cont_long,1,ny,1.6999999999995907,60.93952995078297,-2.7999999999991587,0.0,4.899999999997817,-0.39999999999906777,0.0,5.099999999998772,3.700000000000614,3.700000000000614,5.099999999998772,-19.39999999999884,4.800000000000182,19.39999999999884,-22.999999999998977,4.800000000000182,26.300000000000523
2022-08-08 05:00:00+00:00,USD_JPY,C1_trend_cont_long,1,tokyo,1.999999999998181,88.45381162417547,-3.499999999999659,0.0,3.499999999999659,-0.49999999999954525,0.0,3.700000000000614,3.300000000001546,3.300000000001546,3.700000000000614,1.6999999999995907,4.699999999999704,3.700000000000614,-2.0999999999986585,7.699999999999818,5.89999999999975
2022-08-08 08:45:00+00:00,USD_JPY,C1_trend_cont_long,1,london,1.8000000000000682,88.45381162417547,1.0000000000019327,1.0000000000019327,1.6999999999995907,1.8000000000000682,1.8000000000000682,1.6999999999995907,-2.7999999999991587,1.8000000000000682,4.599999999999227,-6.399999999999295,1.8000000000000682,8.399999999997476,-11.599999999998545,4.600000000002069,12.699999999998113
2022-08-08 18:45:00+00:00,USD_JPY,C1_trend_cont_long,1,ny,1.5999999999991132,82.26378430696562,3.2000000000010687,4.500000000001592,0.0,5.60000000000116,5.60000000000116,0.0,4.800000000000182,5.700000000001637,0.0,10.80000000000041,11.000000000001364,0.0,21.89999999999941,24.00000000000091,0.0
2022-08-09 00:15:00+00:00,USD_JPY,C1_trend_cont_long,1,tokyo,1.8000000000000682,82.26378430696562,7.099999999999795,7.099999999999795,0.0,0.10000000000047748,7.099999999999795,1.2000000000000455,-5.500000000000682,7.099999999999795,5.500000000000682,-2.7000000000015234,7.099999999999795,8.70000000000175,-11.899999999999977,7.099999999999795,11.899999999999977
2022-08-09 03:00:00+00:00,USD_JPY,C1_trend_cont_long,1,tokyo,1.6999999999995907,82.26378430696562,5.500000000000682,5.500000000000682,0.0,6.299999999998818,7.499999999998863,0.0,14.599999999998658,14.599999999998658,0.0,5.599999999998317,14.599999999998658,0.0,6.19999999999834,14.599999999998658,0.0
2022-08-09 04:45:00+00:00,USD_JPY,C1_trend_cont_long,1,tokyo,1.999999999998181,82.26378430696562,4.399999999998272,4.399999999998272,0.20000000000095497,4.399999999998272,4.599999999999227,0.20000000000095497,3.1999999999982265,4.599999999999227,0.20000000000095497,3.1999999999982265,4.599999999999227,0.20000000000095497,10.999999999998522,10.999999999998522,0.20000000000095497
2022-08-09 09:15:00+00:00,USD_JPY,C1_trend_cont_long,1,london,1.8000000000000682,76.32948748916934,-0.7999999999981355,0.0,1.2000000000000455,-1.8000000000000682,0.0,4.79999999999734,-3.299999999998704,0.0,4.899999999997817,-0.9999999999990905,3.4000000000020236,4.899999999997817,-12.199999999998568,3.4000000000020236,16.19999999999777
2022-08-09 11:15:00+00:00,USD_JPY,C1_trend_cont_long,1,london,1.6999999999995907,76.32948748916934,-3.4000000000020236,0.0,3.4000000000020236,-5.400000000000205,0.0,5.400000000000205,-7.500000000001705,0.0,8.400000000000318,-3.2000000000010687,0.0,9.600000000000364,5.89999999999975,19.599999999999795,9.600000000000364
2022-08-09 15:00:00+00:00,USD_JPY,C1_trend_cont_long,1,ny,1.4000000000010004,74.27738123994297,1.8000000000000682,1.8000000000000682,3.100000000000591,2.600000000001046,2.600000000001046,3.100000000000591,2.5000000000005684,3.6000000000001364,3.100000000000591,-0.899999999998613,3.6000000000001364,3.100000000000591,-0.49999999999954525,7.400000000001228,3.100000000000591
2022-08-10 06:30:00+00:00,USD_JPY,C1_trend_cont_long,1,tokyo,1.8000000000000682,67.99274198750173,-1.6999999999995907,0.0,3.499999999999659,0.10000000000047748,0.7000000000005002,3.499999999999659,-3.700000000000614,0.7000000000005002,3.700000000000614,-1.099999999999568,0.7000000000005002,4.300000000000637,-5.000000000001137,1.6999999999995907,7.099999999999795
2022-08-10 11:15:00+00:00,USD_JPY,C1_trend_cont_long,1,london,1.700000000002433,64.50754613125167,-2.000000000001023,1.300000000000523,2.000000000001023,-4.800000000000182,1.300000000000523,4.800000000000182,-3.299999999998704,1.300000000000523,6.000000000000227,-7.800000000000296,1.300000000000523,7.800000000000296,-26.200000000000045,1.300000000000523,28.49999999999966
2022-08-16 13:00:00+00:00,USD_JPY,C1_trend_cont_long,1,ny,1.8000000000000682,73.16173168479716,-7.599999999999341,0.0,8.29999999999984,-10.699999999999932,0.0,10.699999999999932,-10.299999999998022,0.0,12.299999999999045,-5.400000000000205,0.0,12.899999999999068,-15.899999999999181,5.89999999999975,15.899999999999181
2022-08-17 03:30:00+00:00,USD_JPY,C1_trend_cont_long,1,tokyo,1.8000000000000682,71.26446513588314,-1.8000000000000682,0.2999999999985903,1.8000000000000682,-2.800000000002001,0.2999999999985903,3.0000000000001137,-3.8000000000010914,0.2999999999985903,4.200000000000159,-6.200000000001182,0.2999999999985903,7.800000000000296,-5.100000000001614,0.2999999999985903,7.800000000000296
2022-08-17 05:45:00+00:00,USD_JPY,C1_trend_cont_long,1,tokyo,1.6999999999995907,69.71700334046278,-2.400000000000091,0.8000000000009777,2.400000000000091,-0.10000000000047748,0.8000000000009777,2.400000000000091,0.7000000000005002,0.8000000000009777,2.400000000000091,20.599999999998886,20.599999999998886,2.400000000000091,28.80000000000109,37.999999999999545,2.400000000000091
2022-08-17 19:00:00+00:00,USD_JPY,C1_trend_cont_long,1,ny,2.000000000001023,69.86066193112113,-1.999999999998181,0.7000000000005002,3.299999999998704,-2.199999999999136,0.7000000000005002,4.2999999999977945,-3.6000000000001364,0.7000000000005002,6.699999999997885,-2.6999999999986812,0.7000000000005002,6.699999999997885,-3.0000000000001137,0.9000000000014552,9.099999999997976
2022-08-17 20:30:00+00:00,USD_JPY,C1_trend_cont_long,1,ny,2.000000000001023,69.86066193112113,-0.2999999999985903,0.20000000000095497,1.8999999999977035,-3.1999999999982265,0.20000000000095497,3.1999999999982265,-1.2999999999976808,0.30000000000143245,3.299999999998704,-7.599999999999341,0.30000000000143245,7.599999999999341,1.2000000000000455,1.8000000000000682,7.599999999999341
2022-08-18 04:00:00+00:00,USD_JPY,C1_trend_cont_long,1,tokyo,1.6999999999995907,69.86066193112113,-1.8000000000000682,0.0,1.8000000000000682,-1.9000000000005457,0.20000000000095497,1.9000000000005457,-2.7000000000015234,0.20000000000095497,2.7000000000015234,1.9000000000005457,2.000000000001023,2.7000000000015234,2.000000000001023,7.900000000000773,2.7000000000015234
2022-08-18 12:45:00+00:00,USD_JPY,C1_trend_cont_long,1,ny,1.6999999999995907,67.65944829775228,-5.19999999999925,0.0,5.19999999999925,-13.599999999999568,0.0,13.599999999999568,-21.09999999999843,0.0,21.09999999999843,-14.599999999998658,0.0,23.799999999999955,-10.3999999999985,0.0,23.799999999999955
2022-08-18 14:15:00+00:00,USD_JPY,C1_trend_cont_long,1,ny,1.5999999999991132,67.84805913362713,3.100000000000591,3.100000000000591,3.499999999999659,4.300000000000637,5.700000000001637,3.499999999999659,1.9000000000005457,5.700000000001637,3.499999999999659,4.500000000001592,5.700000000001637,3.499999999999659,-1.099999999999568,11.000000000001364,3.499999999999659
2022-08-22 06:45:00+00:00,USD_JPY,C1_trend_cont_long,1,tokyo,1.8000000000000682,67.13146380583424,-12.299999999999045,0.6000000000000227,13.599999999999568,-10.3999999999985,0.6000000000000227,13.599999999999568,-9.799999999998477,0.6000000000000227,13.599999999999568,-18.600000000000705,0.6000000000000227,22.199999999998,-23.399999999998045,0.6000000000000227,29.20000000000016
2022-08-22 11:00:00+00:00,USD_JPY,C1_trend_cont_long,1,london,1.700000000002433,66.7006449625603,3.3999999999991815,3.3999999999991815,0.0,-4.400000000001114,3.3999999999991815,4.400000000001114,-7.099999999999795,3.3999999999991815,7.099999999999795,-12.399999999999523,3.3999999999991815,14.19999999999959,-3.999999999999204,3.3999999999991815,14.19999999999959
2022-08-22 12:15:00+00:00,USD_JPY,C1_trend_cont_long,1,ny,1.8000000000000682,66.7006449625603,-1.099999999999568,2.2999999999996135,1.099999999999568,-2.400000000000091,2.2999999999996135,4.500000000001592,1.6999999999995907,2.2999999999996135,4.500000000001592,10.999999999998522,11.099999999999,4.500000000001592,11.499999999998067,16.899999999998272,4.500000000001592
2022-08-23 05:15:00+00:00,USD_JPY,C1_trend_cont_long,1,tokyo,1.8000000000000682,63.34085895872627,0.1999999999981128,0.699999999997658,0.30000000000143245,-3.8000000000010914,0.699999999997658,3.8000000000010914,-2.400000000000091,0.699999999997658,5.200000000002092,-6.30000000000166,0.699999999997658,7.500000000001705,4.699999999999704,10.999999999998522,8.899999999999864
2022-08-23 06:15:00+00:00,USD_JPY,C1_trend_cont_long,1,tokyo,1.8000000000000682,63.34085895872627,1.099999999999568,1.5999999999991132,2.200000000001978,1.4999999999986358,4.899999999997817,2.200000000001978,-3.100000000000591,4.899999999997817,3.2000000000010687,-16.70000000000016,4.899999999997817,16.70000000000016,-25.900000000001455,4.899999999997817,26.300000000000523
2022-08-23 09:30:00+00:00,USD_JPY,C1_trend_cont_long,1,london,1.8000000000000682,61.54508331881729,3.0000000000001137,3.0000000000001137,0.39999999999906777,2.000000000001023,5.19999999999925,0.39999999999906777,3.999999999999204,5.19999999999925,0.39999999999906777,1.500000000001478,7.400000000001228,0.39999999999906777,12.5,18.999999999999773,0.39999999999906777
2022-08-24 03:00:00+00:00,USD_JPY,C1_trend_cont_long,1,tokyo,2.000000000001023,68.88887286163335,2.600000000001046,2.600000000001046,0.0,3.100000000000591,3.900000000001569,0.0,3.4000000000020236,3.900000000001569,0.0,-5.799999999999272,3.900000000001569,6.099999999997863,-6.999999999999318,3.900000000001569,7.099999999999795
2022-08-24 14:00:00+00:00,USD_JPY,C1_trend_cont_long,1,ny,1.6999999999995907,68.53012160240853,9.399999999999409,9.399999999999409,0.0,9.000000000000341,12.800000000001432,0.0,-0.49999999999954525,13.2000000000005,0.49999999999954525,-12.600000000000477,13.2000000000005,22.999999999998977,-32.59999999999934,13.2000000000005,36.099999999999
2022-08-24 16:00:00+00:00,USD_JPY,C1_trend_cont_long,1,ny,1.4999999999986358,68.53012160240853,0.10000000000047748,0.10000000000047748,2.5999999999982037,-3.7999999999982492,0.10000000000047748,3.7999999999982492,-0.09999999999763531,0.10000000000047748,3.7999999999982492,13.000000000002387,13.000000000002387,3.7999999999982492,12.800000000001432,16.800000000000637,3.7999999999982492
2022-08-25 16:00:00+00:00,USD_JPY,C1_trend_cont_long,1,ny,1.500000000001478,63.4693149491461,-3.6000000000001364,3.3999999999991815,3.6000000000001364,-4.699999999999704,3.3999999999991815,6.100000000000705,-6.499999999999773,3.3999999999991815,8.400000000000318,-9.800000000001319,3.3999999999991815,11.50000000000091,-20.699999999999363,3.3999999999991815,22.700000000000387
2022-08-26 06:00:00+00:00,USD_JPY,C1_trend_cont_long,1,tokyo,1.6999999999995907,61.4215067384927,-3.999999999999204,0.0,3.999999999999204,-5.799999999999272,0.0,5.799999999999272,-5.099999999998772,0.0,5.799999999999272,1.6000000000019554,4.300000000000637,5.799999999999272,12.100000000000932,15.800000000001546,5.799999999999272
2022-08-26 15:00:00+00:00,USD_JPY,C1_trend_cont_long,1,ny,1.4999999999986358,60.03640121839446,-8.70000000000175,0.0,11.100000000001842,-4.600000000002069,0.0,11.100000000001842,-6.800000000001205,0.0,11.100000000001842,-6.700000000000728,18.500000000000227,11.100000000001842,-21.20000000000175,18.500000000000227,30.000000000001137
2022-08-29 11:00:00+00:00,USD_JPY,C1_trend_cont_long,1,london,2.000000000001023,68.80155738950911,5.500000000000682,5.500000000000682,2.6999999999986812,3.500000000002501,5.500000000000682,2.6999999999986812,2.600000000001046,5.500000000000682,2.6999999999986812,13.300000000000978,13.300000000000978,2.6999999999986812,1.8000000000000682,13.300000000000978,2.6999999999986812
2022-08-29 12:45:00+00:00,USD_JPY,C1_trend_cont_long,1,ny,1.999999999998181,68.80155738950911,-3.499999999999659,0.0,6.700000000000728,1.6999999999995907,1.6999999999995907,6.700000000000728,-1.300000000000523,2.899999999999636,6.700000000000728,8.799999999999386,12.899999999999068,6.700000000000728,2.0999999999986585,12.899999999999068,6.700000000000728
2022-08-29 14:30:00+00:00,USD_JPY,C1_trend_cont_long,1,ny,1.6000000000019554,67.30858900454407,12.5,12.5,0.0,17.900000000000205,21.299999999999386,0.0,26.099999999999568,26.099999999999568,0.0,23.30000000000041,30.099999999998772,0.0,16.100000000000136,30.099999999998772,0.0
2022-08-30 06:45:00+00:00,USD_JPY,C1_trend_cont_long,1,tokyo,1.6999999999995907,64.40944664167326,-6.900000000001683,1.999999999998181,6.900000000001683,-12.300000000001887,1.999999999998181,12.300000000001887,-13.400000000001455,1.999999999998181,15.200000000001523,-9.400000000002251,1.999999999998181,16.40000000000157,-13.2000000000005,1.999999999998181,16.800000000000637
2022-08-30 12:45:00+00:00,USD_JPY,C1_trend_cont_long,1,ny,1.8000000000000682,63.565914738696684,3.999999999999204,3.999999999999204,0.0,5.19999999999925,6.000000000000227,0.20000000000095497,7.800000000000296,9.000000000000341,0.20000000000095497,7.599999999999341,15.500000000000114,0.20000000000095497,-15.600000000000591,15.500000000000114,15.600000000000591
2022-08-30 14:15:00+00:00,USD_JPY,C1_trend_cont_long,1,ny,1.500000000001478,62.232635114504156,12.20000000000141,12.800000000001432,0.0,11.100000000001842,12.800000000001432,0.0,17.00000000000159,17.00000000000159,0.0,32.30000000000075,38.400000000001455,0.0,28.49999999999966,43.00000000000068,0.0
2022-08-31 08:00:00+00:00,USD_JPY,C1_trend_cont_long,1,london,1.6000000000019554,62.26793537934275,-5.400000000000205,0.0,5.400000000000205,-4.500000000001592,0.0,5.400000000000205,-3.700000000000614,0.0,6.800000000001205,13.700000000000045,13.700000000000045,6.800000000001205,2.400000000000091,17.199999999999704,6.800000000001205
2022-08-31 13:30:00+00:00,USD_JPY,C1_trend_cont_long,1,ny,1.500000000001478,60.23051570973939,2.400000000000091,4.200000000000159,2.5000000000005684,1.4999999999986358,4.400000000001114,2.5000000000005684,-1.300000000000523,4.400000000001114,2.5000000000005684,6.399999999999295,8.400000000000318,4.599999999999227,2.600000000001046,8.400000000000318,4.599999999999227
2022-08-31 15:15:00+00:00,USD_JPY,C1_trend_cont_long,1,ny,1.5999999999991132,60.23051570973939,-10.099999999999909,0.0,10.099999999999909,-13.400000000001455,0.0,14.700000000001978,-8.300000000002683,0.0,15.100000000001046,-12.700000000000955,0.0,15.100000000001046,-3.100000000000591,1.099999999999568,15.100000000001046
2022-08-31 19:00:00+00:00,USD_JPY,C1_trend_cont_long,1,ny,1.6999999999995907,58.82833601618662,-0.9999999999990905,0.8000000000009777,3.8999999999987267,5.60000000000116,5.60000000000116,3.8999999999987267,6.800000000001205,7.699999999999818,3.8999999999987267,4.300000000000637,7.699999999999818,3.8999999999987267,16.200000000000614,20.400000000000773,3.8999999999987267
2022-09-01 08:00:00+00:00,USD_JPY,C1_trend_cont_long,1,london,1.8000000000000682,61.604883443601885,3.6000000000001364,3.700000000000614,0.39999999999906777,0.40000000000190994,3.700000000000614,0.39999999999906777,-1.5999999999991132,3.700000000000614,3.3999999999991815,-8.199999999999363,3.700000000000614,16.29999999999825,-9.999999999999432,3.700000000000614,16.29999999999825
2022-09-01 09:15:00+00:00,USD_JPY,C1_trend_cont_long,1,london,2.000000000001023,60.29024891191595,-0.2999999999985903,0.20000000000095497,0.9999999999990905,-5.299999999999727,0.20000000000095497,6.699999999997885,-7.899999999997931,0.20000000000095497,7.899999999997931,-7.899999999997931,0.20000000000095497,10.499999999998977,1.9000000000005457,2.1000000000015007,16.899999999998272
2022-09-01 10:15:00+00:00,USD_JPY,C1_trend_cont_long,1,london,1.6999999999995907,60.29024891191595,1.8000000000000682,2.600000000001046,0.0,1.0000000000019327,2.600000000001046,0.9999999999990905,6.000000000000227,6.000000000000227,0.9999999999990905,6.400000000002137,8.400000000000318,0.9999999999990905,3.8000000000010914,9.499999999999886,1.4999999999986358
2022-09-01 12:15:00+00:00,USD_JPY,C1_trend_cont_long,1,ny,1.6999999999995907,60.29024891191595,4.400000000001114,4.400000000001114,0.0,14.6000000000015,14.6000000000015,0.0,10.099999999999909,14.799999999999613,0.0,34.30000000000177,38.400000000001455,0.0,20.199999999999818,38.400000000001455,0.0
2022-09-02 16:45:00+00:00,USD_JPY,C1_trend_cont_long,1,ny,1.8000000000000682,60.91856181437042,-0.6000000000000227,0.0,2.600000000001046,3.3999999999991815,3.3999999999991815,2.600000000001046,5.299999999999727,7.699999999999818,2.600000000001046,-5.500000000000682,7.699999999999818,7.200000000000273,-6.200000000001182,7.699999999999818,12.000000000000455
2022-09-02 19:45:00+00:00,USD_JPY,C1_trend_cont_long,1,ny,1.5999999999991132,62.09580739905825,3.700000000000614,3.700000000000614,0.0,-2.5000000000005684,5.89999999999975,2.5000000000005684,-4.300000000000637,5.89999999999975,4.599999999999227,-3.0000000000001137,5.89999999999975,8.400000000000318,-1.300000000000523,5.89999999999975,8.500000000000796
2022-09-05 02:15:00+00:00,USD_JPY,C1_trend_cont_long,1,tokyo,1.999999999998181,62.09580739905825,-0.6000000000000227,1.2000000000000455,0.6000000000000227,6.299999999998818,6.299999999998818,0.6000000000000227,3.8000000000010914,6.299999999998818,0.6000000000000227,2.600000000001046,6.60000000000025,0.6000000000000227,2.600000000001046,6.60000000000025,0.6000000000000227
2022-09-06 02:30:00+00:00,USD_JPY,C1_trend_cont_long,1,tokyo,1.5999999999991132,55.54474812526654,4.900000000000659,4.900000000000659,0.0,3.6000000000001364,4.900000000000659,0.0,-0.1999999999981128,4.900000000000659,0.1999999999981128,-3.099999999997749,4.900000000000659,3.099999999997749,-2.0999999999986585,4.900000000000659,3.099999999997749
2022-09-07 17:00:00+00:00,USD_JPY,C1_trend_cont_long,1,ny,1.5999999999991132,69.89762829545401,-5.19999999999925,0.0,5.19999999999925,-12.599999999997635,0.0,12.599999999997635,-16.499999999999204,0.0,16.499999999999204,-21.399999999999864,0.0,31.699999999997885,-28.299999999998704,0.0,39.299999999997226
2022-09-07 22:45:00+00:00,USD_JPY,C1_trend_cont_long,1,offhours,1.8000000000000682,69.89762829545401,2.199999999999136,3.999999999999204,0.40000000000190994,-0.5000000000023874,3.999999999999204,1.9000000000005457,-6.400000000002137,3.999999999999204,6.400000000002137,8.599999999998431,10.599999999999454,6.400000000002137,9.799999999998477,21.89999999999941,6.400000000002137
2022-09-08 02:00:00+00:00,USD_JPY,C1_trend_cont_long,1,tokyo,1.999999999998181,69.89762829545401,5.89999999999975,5.89999999999975,0.0,-5.299999999999727,6.30000000000166,5.299999999999727,0.10000000000047748,6.30000000000166,5.299999999999727,-3.999999999999204,6.30000000000166,5.299999999999727,6.200000000001182,11.199999999999477,5.299999999999727
2022-09-08 08:30:00+00:00,USD_JPY,C1_trend_cont_long,1,london,1.6999999999995907,69.42636913149288,-2.899999999999636,0.0,8.599999999998431,2.9000000000024784,4.900000000000659,8.599999999998431,0.10000000000047748,10.000000000002274,8.599999999998431,15.200000000001523,16.30000000000109,8.599999999998431,11.600000000001387,16.600000000002524,8.599999999998431
2022-09-08 12:45:00+00:00,USD_JPY,C1_trend_cont_long,1,ny,1.9000000000005457,69.66019990781464,-9.799999999998477,1.4000000000010004,9.799999999998477,-6.399999999999295,1.4000000000010004,9.799999999998477,18.500000000000227,20.600000000001728,9.799999999998477,41.200000000000614,41.80000000000064,9.799999999998477,-6.599999999997408,45.300000000000296,14.799999999999613
2022-09-08 14:00:00+00:00,USD_JPY,C1_trend_cont_long,1,ny,1.6999999999995907,70.72018562868502,10.300000000000864,10.300000000000864,0.0,-5.000000000001137,10.300000000000864,5.000000000001137,0.20000000000095497,10.300000000000864,5.000000000001137,3.3999999999991815,10.300000000000864,10.099999999999909,-1.4000000000010004,19.39999999999884,10.099999999999909
2022-09-08 15:45:00+00:00,USD_JPY,C1_trend_cont_long,1,ny,1.6999999999995907,70.72018562868502,-1.300000000000523,0.0,4.200000000000159,-0.9000000000014552,1.4000000000010004,4.200000000000159,3.299999999998704,4.200000000000159,4.200000000000159,12.600000000000477,14.599999999998658,4.200000000000159,11.7999999999995,19.39999999999884,4.200000000000159
2022-09-08 18:00:00+00:00,USD_JPY,C1_trend_cont_long,1,ny,1.6999999999995907,70.79017236949332,1.8000000000000682,3.499999999999659,0.0,-2.000000000001023,3.499999999999659,2.000000000001023,-1.6999999999995907,3.499999999999659,2.000000000001023,-10.599999999999454,3.499999999999659,10.599999999999454,-2.5000000000005684,3.499999999999659,15.700000000001069
2022-09-12 05:00:00+00:00,USD_JPY,C1_trend_cont_long,1,tokyo,2.1000000000015007,83.55109007702566,3.0000000000001137,3.0000000000001137,0.0,6.60000000000025,8.500000000000796,0.0,0.40000000000190994,8.500000000000796,0.9999999999990905,-5.3999999999973625,8.500000000000796,12.79999999999859,11.600000000001387,15.200000000001523,12.79999999999859
2022-09-13 13:00:00+00:00,USD_JPY,C1_trend_cont_long,1,ny,1.999999999998181,92.2421985556078,8.500000000000796,11.50000000000091,4.699999999999704,20.300000000000296,20.300000000000296,4.699999999999704,24.199999999999022,29.300000000000637,4.699999999999704,-12.999999999999545,29.300000000000637,20.09999999999934,-35.49999999999898,29.300000000000637,54.20000000000016
2022-09-15 05:00:00+00:00,USD_JPY,C1_trend_cont_long,1,tokyo,2.000000000001023,89.64932569125054,2.5000000000005684,2.5000000000005684,1.099999999999568,2.5000000000005684,2.5000000000005684,1.099999999999568,3.100000000000591,4.300000000000637,1.099999999999568,7.200000000000273,7.200000000000273,1.099999999999568,10.599999999999454,17.199999999999704,1.099999999999568
2022-09-15 11:00:00+00:00,USD_JPY,C1_trend_cont_long,1,london,2.000000000001023,86.61008814187552,0.09999999999763531,1.4999999999986358,2.800000000002001,-4.500000000001592,1.4999999999986358,5.200000000002092,-6.900000000001683,1.4999999999986358,6.900000000001683,-9.700000000000841,1.4999999999986358,15.700000000001069,9.499999999999886,9.499999999999886,15.700000000001069
2022-09-15 15:00:00+00:00,USD_JPY,C1_trend_cont_long,1,ny,1.4000000000010004,84.5307961317417,-2.600000000001046,0.0,5.000000000001137,-0.39999999999906777,0.0,6.299999999998818,-8.599999999998431,0.0,8.599999999998431,-3.3999999999991815,0.0,9.100000000000819,12.999999999999545,13.2000000000005,9.100000000000819
2022-09-15 18:15:00+00:00,USD_JPY,C1_trend_cont_long,1,ny,1.6000000000019554,81.62145355090293,-0.49999999999954525,1.300000000000523,0.49999999999954525,4.300000000000637,4.300000000000637,0.49999999999954525,0.8000000000009777,4.300000000000637,0.49999999999954525,2.899999999999636,5.099999999998772,0.49999999999954525,9.499999999999886,9.499999999999886,0.9000000000014552
2022-09-16 04:00:00+00:00,USD_JPY,C1_trend_cont_long,1,tokyo,1.8000000000000682,81.62145355090293,-2.199999999999136,0.8000000000009777,2.199999999999136,-2.2999999999996135,0.8000000000009777,4.399999999998272,-0.6000000000000227,1.2000000000000455,4.399999999998272,-6.60000000000025,1.2000000000000455,6.60000000000025,-8.099999999998886,1.2000000000000455,14.699999999999136
2022-09-16 06:00:00+00:00,USD_JPY,C1_trend_cont_long,1,tokyo,2.0999999999986585,80.31992115440976,2.600000000001046,2.600000000001046,5.60000000000116,-3.999999999999204,2.600000000001046,5.60000000000116,-3.6000000000001364,2.600000000001046,6.60000000000025,3.6000000000001364,3.6000000000001364,13.599999999999568,-0.9999999999990905,9.999999999999432,13.599999999999568
2022-09-16 07:45:00+00:00,USD_JPY,C1_trend_cont_long,1,london,1.8000000000000682,80.31992115440976,6.400000000002137,6.400000000002137,0.0,-0.39999999999906777,6.400000000002137,0.9999999999990905,1.6000000000019554,6.400000000002137,2.5999999999982037,3.700000000000614,6.400000000002137,4.599999999999227,-5.599999999998317,6.400000000002137,14.599999999998658
2022-09-16 08:45:00+00:00,USD_JPY,C1_trend_cont_long,1,london,1.999999999998181,80.31992115440976,-6.000000000000227,0.2999999999985903,6.000000000000227,-2.600000000001046,1.5999999999991132,6.000000000000227,-5.000000000001137,1.5999999999991132,6.000000000000227,-14.19999999999959,1.5999999999991132,14.19999999999959,-5.60000000000116,1.5999999999991132,20.90000000000032
2022-09-19 06:00:00+00:00,USD_JPY,C1_trend_cont_long,1,tokyo,1.6999999999995907,70.6625460248622,5.500000000000682,5.500000000000682,0.699999999997658,9.000000000000341,12.000000000000455,0.699999999997658,9.100000000000819,12.000000000000455,0.699999999997658,3.8000000000010914,12.000000000000455,0.699999999997658,3.2000000000010687,12.000000000000455,0.699999999997658
2022-09-19 18:00:00+00:00,USD_JPY,C1_trend_cont_long,1,ny,1.5999999999991132,63.268226536669914,1.2000000000000455,1.4000000000010004,0.9999999999990905,1.8000000000000682,3.2000000000010687,0.9999999999990905,2.2999999999996135,3.2000000000010687,0.9999999999990905,0.0,3.2000000000010687,0.9999999999990905,-9.000000000000341,3.2000000000010687,9.000000000000341
2022-09-20 07:00:00+00:00,USD_JPY,C1_trend_cont_long,1,london,1.6999999999995907,61.84906749833633,2.5999999999982037,7.200000000000273,0.0,5.400000000000205,7.200000000000273,0.0,-0.49999999999954525,7.200000000000273,0.49999999999954525,3.3999999999991815,7.200000000000273,1.4000000000010004,13.2000000000005,13.2000000000005,1.4000000000010004
2022-09-21 00:45:00+00:00,USD_JPY,C1_trend_cont_long,1,tokyo,2.5000000000005684,57.470080646445055,2.5999999999982037,2.5999999999982037,3.8000000000010914,1.999999999998181,7.399999999998386,3.8000000000010914,4.699999999999704,7.399999999998386,3.8000000000010914,12.600000000000477,14.799999999999613,3.8000000000010914,3.1999999999982265,14.799999999999613,3.8000000000010914
2022-09-21 07:45:00+00:00,USD_JPY,C1_trend_cont_long,1,london,1.700000000002433,56.622217743127464,0.9999999999990905,1.5999999999991132,1.2000000000000455,3.100000000000591,3.100000000000591,2.899999999999636,7.599999999999341,7.599999999999341,2.899999999999636,7.499999999998863,13.599999999999568,2.899999999999636,4.400000000001114,15.299999999999159,2.899999999999636
2022-09-21 20:45:00+00:00,USD_JPY,C1_trend_cont_long,1,ny,2.199999999999136,56.69544911867743,1.6999999999995907,2.600000000001046,0.0,4.200000000000159,4.200000000000159,0.0,3.900000000001569,4.200000000000159,0.0,1.6999999999995907,6.800000000001205,0.0,5.000000000001137,7.00000000000216,0.2999999999985903
2022-09-23 15:00:00+00:00,USD_JPY,C1_trend_cont_long,1,ny,1.5999999999991132,110.34648005957519,-18.000000000000682,0.0,18.000000000000682,-10.400000000001342,0.0,18.000000000000682,-8.00000000000125,0.0,18.000000000000682,-12.000000000000455,0.0,18.000000000000682,-13.400000000001455,0.0,18.300000000002115
2022-09-26 07:45:00+00:00,USD_JPY,C1_trend_cont_long,1,london,1.9000000000005457,106.45436290851133,11.499999999998067,11.599999999998545,0.0,18.799999999998818,19.199999999997885,0.0,6.000000000000227,19.199999999997885,0.0,-10.400000000001342,19.199999999997885,16.70000000000016,-1.8000000000000682,19.199999999997885,16.70000000000016
2022-09-26 08:45:00+00:00,USD_JPY,C1_trend_cont_long,1,london,1.9000000000005457,106.45436290851133,8.599999999998431,10.899999999998045,0.0,6.999999999999318,12.79999999999859,0.0,5.49999999999784,12.79999999999859,0.0,11.199999999999477,12.79999999999859,0.0,29.09999999999968,29.09999999999968,0.0
2022-09-26 13:15:00+00:00,USD_JPY,C1_trend_cont_long,1,ny,1.8000000000000682,101.4310578139715,-6.400000000002137,0.0,7.00000000000216,0.1999999999981128,0.1999999999981128,7.200000000000273,-0.20000000000095497,2.400000000000091,7.200000000000273,0.39999999999906777,3.7999999999982492,7.200000000000273,11.699999999999022,17.99999999999784,7.200000000000273
2022-09-27 01:00:00+00:00,USD_JPY,C1_trend_cont_long,1,tokyo,1.500000000001478,99.77169654154505,-5.299999999999727,4.599999999999227,5.299999999999727,-4.599999999999227,4.599999999999227,6.900000000001683,-1.6999999999995907,4.599999999999227,6.900000000001683,3.1999999999982265,5.799999999999272,6.900000000001683,17.40000000000066,18.299999999999272,6.900000000001683
2022-09-27 04:30:00+00:00,USD_JPY,C1_trend_cont_long,1,tokyo,1.8000000000000682,99.77169654154505,-2.200000000001978,0.0,2.200000000001978,-2.600000000001046,0.0,3.4000000000020236,-3.8000000000010914,0.0,3.8000000000010914,7.200000000000273,7.200000000000273,3.8000000000010914,3.6000000000001364,8.599999999998431,3.8000000000010914
2022-09-27 06:15:00+00:00,USD_JPY,C1_trend_cont_long,1,tokyo,1.999999999998181,94.90228964572043,-13.399999999998613,0.0,13.399999999998613,-22.399999999998954,0.0,22.399999999998954,-9.399999999999409,0.0,22.399999999998954,-13.999999999998636,0.0,22.399999999998954,-17.599999999998772,0.0,22.399999999998954
2022-09-27 09:15:00+00:00,USD_JPY,C1_trend_cont_long,1,london,1.8000000000000682,91.65926895674043,-1.9000000000005457,0.0,1.9000000000005457,0.7999999999981355,0.7999999999981355,1.9000000000005457,3.099999999997749,3.099999999997749,1.9000000000005457,-0.9000000000014552,7.299999999997908,1.9000000000005457,-6.100000000000705,7.299999999997908,9.200000000001296
2022-09-27 12:00:00+00:00,USD_JPY,C1_trend_cont_long,1,ny,1.700000000002433,91.65926895674043,2.000000000001023,2.199999999999136,0.0,0.20000000000095497,4.200000000000159,-0.0,-5.400000000000205,4.200000000000159,5.400000000000205,3.999999999999204,6.000000000000227,7.200000000000273,26.69999999999959,26.69999999999959,7.200000000000273
2022-09-28 00:45:00+00:00,USD_JPY,C1_trend_cont_long,1,tokyo,1.9000000000005457,84.6873288453527,0.39999999999906777,4.399999999998272,0.0,-2.400000000000091,4.399999999998272,2.800000000002001,-3.4000000000020236,4.399999999998272,3.900000000001569,-0.20000000000095497,4.399999999998272,7.800000000000296,-19.599999999999795,5.099999999998772,19.599999999999795
2022-09-28 02:15:00+00:00,USD_JPY,C1_trend_cont_long,1,tokyo,2.0999999999986585,84.6873288453527,4.099999999999682,4.099999999999682,1.099999999999568,-0.8000000000009777,4.099999999999682,2.199999999999136,-2.199999999999136,4.099999999999682,2.199999999999136,-12.20000000000141,4.099999999999682,12.20000000000141,-15.200000000001523,4.099999999999682,18.39999999999975
2022-09-28 04:00:00+00:00,USD_JPY,C1_trend_cont_long,1,tokyo,2.1000000000015007,84.6873288453527,3.1999999999982265,3.1999999999982265,0.0,4.200000000000159,4.699999999999704,0.0,5.299999999999727,5.299999999999727,0.0,3.100000000000591,5.299999999999727,0.30000000000143245,-5.000000000001137,5.299999999999727,5.299999999999727
2022-09-28 06:15:00+00:00,USD_JPY,C1_trend_cont_long,1,tokyo,1.4999999999986358,81.93823392782762,-1.2999999999976808,3.2000000000010687,3.999999999999204,-4.599999999999227,3.2000000000010687,4.999999999998295,1.8000000000000682,3.2000000000010687,4.999999999998295,2.400000000000091,4.600000000002069,4.999999999998295,0.0,9.900000000001796,4.999999999998295
2022-09-28 08:45:00+00:00,USD_JPY,C1_trend_cont_long,1,london,1.8000000000000682,81.93823392782762,0.9999999999990905,0.9999999999990905,2.400000000000091,-3.0000000000001137,0.9999999999990905,3.0000000000001137,-1.8000000000000682,0.9999999999990905,3.0000000000001137,5.099999999998772,5.099999999998772,3.100000000000591,-5.000000000001137,6.499999999999773,5.400000000000205
2022-09-28 11:15:00+00:00,USD_JPY,C1_trend_cont_long,1,london,1.5999999999991132,78.39978864726861,1.9000000000005457,1.9000000000005457,5.19999999999925,2.000000000001023,2.1000000000015007,5.19999999999925,4.699999999999704,6.100000000000705,5.19999999999925,5.89999999999975,8.199999999999363,5.19999999999925,-5.89999999999975,8.199999999999363,5.89999999999975
2022-09-29 05:00:00+00:00,USD_JPY,C1_trend_cont_long,1,tokyo,1.700000000002433,71.38802319899773,0.10000000000047748,0.9999999999990905,0.20000000000095497,0.10000000000047748,0.9999999999990905,2.600000000001046,1.5999999999991132,2.000000000001023,2.600000000001046,-0.20000000000095497,2.899999999999636,2.600000000001046,17.099999999999227,19.599999999999795,2.600000000001046
2022-09-29 13:45:00+00:00,USD_JPY,C1_trend_cont_long,1,ny,1.5999999999991132,65.39579551342148,-1.300000000000523,0.0,4.800000000000182,-4.399999999998272,0.0,7.800000000000296,3.300000000001546,3.300000000001546,7.800000000000296,0.10000000000047748,3.300000000001546,11.7999999999995,3.6000000000001364,4.200000000000159,11.7999999999995
2022-09-29 17:45:00+00:00,USD_JPY,C1_trend_cont_long,1,ny,1.4999999999986358,64.2675244053198,2.5999999999982037,4.599999999999227,0.0,1.5999999999991132,4.599999999999227,0.0,0.9999999999990905,4.599999999999227,0.0,-5.000000000001137,4.599999999999227,7.400000000001228,-23.199999999999932,4.599999999999227,23.199999999999932
2022-09-30 01:00:00+00:00,USD_JPY,C1_trend_cont_long,1,tokyo,2.000000000001023,64.2675244053198,2.000000000001023,2.000000000001023,0.0,-4.2999999999977945,2.000000000001023,4.2999999999977945,-4.200000000000159,2.000000000001023,7.999999999998408,-9.599999999997522,2.000000000001023,9.599999999997522,1.8000000000000682,2.000000000001023,11.199999999999477
2022-09-30 12:00:00+00:00,USD_JPY,C1_trend_cont_long,1,ny,1.5999999999991132,60.288834818872914,1.2000000000000455,1.2000000000000455,2.199999999999136,4.400000000001114,4.600000000002069,2.199999999999136,1.4000000000010004,4.600000000002069,2.199999999999136,-2.2999999999996135,4.600000000002069,2.2999999999996135,-8.699999999998909,4.600000000002069,16.499999999999204
2022-09-30 13:00:00+00:00,USD_JPY,C1_trend_cont_long,1,ny,1.6000000000019554,59.503918046096246,-0.899999999998613,1.099999999999568,3.299999999998704,2.899999999999636,2.899999999999636,3.299999999998704,3.999999999999204,3.999999999999204,3.299999999998704,3.700000000000614,9.499999999999886,3.299999999998704,-7.499999999998863,9.499999999999886,7.499999999998863
2022-09-30 14:15:00+00:00,USD_JPY,C1_trend_cont_long,1,ny,1.6000000000019554,59.503918046096246,3.700000000000614,3.700000000000614,0.0,2.1000000000015007,6.700000000000728,0.0,1.6999999999995907,6.700000000000728,0.0,7.699999999999818,9.499999999999886,0.899999999998613,5.100000000001614,21.700000000001296,0.899999999998613
2022-10-03 06:15:00+00:00,USD_JPY,C1_trend_cont_long,1,tokyo,2.199999999999136,58.504398723419826,3.7999999999982492,3.7999999999982492,0.0,1.999999999998181,4.399999999998272,0.0,7.599999999999341,7.599999999999341,0.0,23.199999999999932,23.199999999999932,0.0,5.799999999999272,27.40000000000009,0.0
2022-10-04 03:00:00+00:00,USD_JPY,C1_trend_cont_long,1,tokyo,1.6999999999995907,58.055307578481404,0.1999999999981128,0.6000000000000227,1.2000000000000455,0.2999999999985903,0.7999999999981355,1.2000000000000455,-0.9999999999990905,0.7999999999981355,1.9000000000005457,-1.6999999999995907,0.9999999999990905,2.7999999999991587,-14.6000000000015,0.9999999999990905,18.80000000000166
2022-10-04 10:00:00+00:00,USD_JPY,C1_trend_cont_long,1,london,1.9000000000005457,55.18340296307822,-1.8000000000000682,0.0,4.2999999999977945,-7.599999999999341,0.0,7.599999999999341,-3.8999999999987267,0.0,7.599999999999341,-10.200000000000387,0.0,13.399999999998613,-3.7999999999982492,0.0,13.399999999998613
2022-10-28 17:00:00+00:00,USD_JPY,C1_trend_cont_long,1,ny,1.4000000000010004,85.22152959776481,-4.4999999999987494,0.0,4.4999999999987494,-6.499999999999773,0.0,8.099999999998886,-4.099999999999682,0.0,8.099999999998886,-2.0999999999986585,0.7000000000005002,8.099999999998886,-3.499999999999659,5.89999999999975,8.099999999998886
2022-10-28 19:30:00+00:00,USD_JPY,C1_trend_cont_long,1,ny,1.6000000000019554,85.22152959776481,0.0,0.6000000000000227,-0.0,-2.899999999999636,0.6000000000000227,3.8000000000010914,-3.100000000000591,0.6000000000000227,3.8000000000010914,-1.5999999999991132,0.6000000000000227,4.699999999999704,0.10000000000047748,3.3999999999991815,4.699999999999704
2022-10-31 06:45:00+00:00,USD_JPY,C1_trend_cont_long,1,tokyo,1.4999999999986358,83.04856319792448,0.7999999999981355,0.7999999999981355,2.200000000001978,1.8999999999977035,1.999999999998181,2.200000000001978,-2.400000000000091,1.999999999998181,2.400000000000091,12.399999999999523,12.399999999999523,5.700000000001637,8.599999999998431,21.399999999999864,5.700000000001637
2022-11-03 13:00:00+00:00,USD_JPY,C1_trend_cont_long,1,ny,1.6999999999995907,73.74775902330782,-7.999999999998408,0.0,7.999999999998408,-15.399999999999636,0.0,15.399999999999636,-21.19999999999891,0.0,21.19999999999891,-26.29999999999768,0.0,32.19999999999743,-57.79999999999745,0.0,57.79999999999745
2022-11-03 15:30:00+00:00,USD_JPY,C1_trend_cont_long,1,ny,1.5999999999991132,73.74775902330782,9.499999999999886,9.499999999999886,0.0,7.800000000000296,9.499999999999886,0.0,12.400000000002365,12.400000000002365,0.0,26.200000000000045,26.200000000000045,0.0,32.00000000000216,36.000000000001364,0.0
2022-11-04 03:45:00+00:00,USD_JPY,C1_trend_cont_long,1,tokyo,1.700000000002433,74.50863337878579,-2.400000000000091,0.0,2.400000000000091,-3.6000000000001364,0.0,4.599999999999227,-2.899999999999636,0.0,4.599999999999227,-18.999999999999773,0.0,18.999999999999773,-14.400000000000546,0.0,22.999999999998977
2022-12-13 10:00:00+00:00,USD_JPY,C1_trend_cont_long,1,london,2.0999999999986585,72.86506195908943,4.800000000000182,7.900000000000773,0.0,14.6000000000015,14.6000000000015,0.0,9.700000000000841,14.6000000000015,0.0,-0.8000000000009777,14.6000000000015,6.799999999998363,-6.89999999999884,14.6000000000015,11.199999999999477
2022-12-13 11:00:00+00:00,USD_JPY,C1_trend_cont_long,1,london,1.8000000000000682,72.86506195908943,-0.6000000000000227,0.49999999999954525,2.7000000000015234,-1.4000000000010004,0.49999999999954525,2.7000000000015234,-3.900000000001569,0.49999999999954525,5.299999999999727,-3.499999999999659,0.49999999999954525,11.20000000000232,-6.900000000001683,0.49999999999954525,11.20000000000232
2022-12-15 18:00:00+00:00,USD_JPY,C1_trend_cont_long,1,ny,1.8000000000000682,87.28288065777417,-1.5999999999991132,2.200000000001978,1.5999999999991132,-7.599999999999341,2.200000000001978,7.599999999999341,-11.39999999999759,2.200000000001978,12.199999999998568,-18.39999999999975,2.200000000001978,24.399999999999977,-33.19999999999936,2.200000000001978,35.99999999999852
2022-12-16 03:45:00+00:00,USD_JPY,C1_trend_cont_long,1,tokyo,1.9000000000005457,87.28288065777417,1.2000000000000455,4.4999999999987494,0.0,0.39999999999906777,4.4999999999987494,2.000000000001023,2.000000000001023,4.4999999999987494,2.000000000001023,3.299999999998704,4.4999999999987494,2.7000000000015234,-6.999999999999318,8.199999999999363,6.999999999999318
2022-12-16 06:00:00+00:00,USD_JPY,C1_trend_cont_long,1,tokyo,1.6999999999995907,89.20553203936171,-9.000000000000341,0.0,9.200000000001296,-13.2000000000005,0.0,16.40000000000157,-5.400000000000205,0.0,16.40000000000157,-11.299999999999955,0.0,16.40000000000157,-20.300000000000296,0.0,24.800000000001887
2022-12-16 07:30:00+00:00,USD_JPY,C1_trend_cont_long,1,london,1.8000000000000682,89.20553203936171,-1.9000000000005457,0.7000000000005002,2.5000000000005684,-1.300000000000523,0.7000000000005002,2.5000000000005684,-3.299999999998704,0.9000000000014552,3.299999999998704,-10.699999999999932,0.9000000000014552,11.50000000000091,-31.700000000000728,0.9000000000014552,31.700000000000728
2022-12-16 14:15:00+00:00,USD_JPY,C1_trend_cont_long,1,ny,1.5999999999991132,82.75732099312314,3.299999999998704,6.699999999997885,0.0,-1.300000000000523,6.699999999997885,1.500000000001478,-1.9000000000005457,6.699999999997885,2.9000000000024784,-19.900000000001228,8.899999999999864,19.900000000001228,-31.30000000000166,8.899999999999864,53.000000000000114
2023-01-05 18:00:00+00:00,USD_JPY,C1_trend_cont_long,1,ny,1.8000000000000682,90.54865446057005,1.6999999999995907,1.6999999999995907,1.500000000001478,9.100000000000819,9.100000000000819,1.500000000001478,10.80000000000041,10.80000000000041,1.500000000001478,-12.299999999999045,14.400000000000546,21.60000000000082,-6.100000000000705,14.400000000000546,21.60000000000082
2023-01-06 14:45:00+00:00,USD_JPY,C1_trend_cont_long,1,ny,1.6999999999995907,96.43447297735857,-15.799999999998704,0.0,15.799999999998704,-12.5,0.0,15.799999999998704,-60.599999999999454,2.600000000001046,60.599999999999454,-115.7999999999987,2.600000000001046,116.70000000000016,-143.1999999999988,2.600000000001046,145.3000000000003
2023-01-23 18:00:00+00:00,USD_JPY,C1_trend_cont_long,1,ny,1.4999999999986358,92.257676860001,-1.999999999998181,0.0,3.7999999999982492,1.099999999999568,2.400000000000091,3.7999999999982492,4.599999999999227,4.599999999999227,3.7999999999982492,-6.399999999999295,4.599999999999227,6.399999999999295,1.4000000000010004,4.599999999999227,6.399999999999295
2023-01-23 23:45:00+00:00,USD_JPY,C1_trend_cont_long,1,offhours,1.6999999999995907,92.257676860001,3.999999999999204,5.400000000000205,0.0,2.199999999999136,5.400000000000205,0.6000000000000227,10.799999999997567,10.799999999997567,0.6000000000000227,4.200000000000159,19.199999999997885,0.6000000000000227,-16.59999999999968,19.199999999997885,20.400000000000773
2023-01-24 14:00:00+00:00,USD_JPY,C1_trend_cont_long,1,ny,1.6000000000019554,84.95303063462892,-4.500000000001592,0.49999999999954525,4.500000000001592,2.0999999999986585,2.2999999999996135,4.500000000001592,1.4000000000010004,2.2999999999996135,4.500000000001592,-1.9000000000005457,4.599999999999227,9.499999999999886,55.29999999999973,61.40000000000043,11.600000000001387
2023-01-25 06:00:00+00:00,USD_JPY,C1_trend_cont_long,1,tokyo,1.500000000001478,85.59062335332806,0.8000000000009777,1.9000000000005457,2.6999999999986812,-3.299999999998704,1.9000000000005457,4.200000000000159,-0.49999999999954525,1.9000000000005457,4.200000000000159,-9.999999999999432,1.9000000000005457,12.399999999999523,-0.39999999999906777,1.9000000000005457,14.400000000000546
2023-01-30 18:00:00+00:00,USD_JPY,C1_trend_cont_long,1,ny,1.300000000000523,70.76263758802314,-4.599999999999227,1.5999999999991132,4.599999999999227,-2.600000000001046,1.5999999999991132,6.30000000000166,1.999999999998181,1.999999999998181,6.30000000000166,-2.600000000001046,1.999999999998181,6.30000000000166,0.6000000000000227,2.2999999999996135,6.30000000000166
2023-01-31 04:30:00+00:00,USD_JPY,C1_trend_cont_long,1,tokyo,1.8000000000000682,70.76263758802314,1.300000000000523,1.300000000000523,2.5000000000005684,0.0,2.899999999999636,2.5000000000005684,-2.199999999999136,2.899999999999636,2.5000000000005684,-5.699999999998795,2.899999999999636,9.000000000000341,-7.499999999998863,2.899999999999636,12.5
2023-01-31 05:30:00+00:00,USD_JPY,C1_trend_cont_long,1,tokyo,1.6999999999995907,70.76263758802314,-0.40000000000190994,0.2999999999985903,1.4000000000010004,0.9999999999990905,2.400000000000091,1.4000000000010004,-12.20000000000141,2.400000000000091,12.20000000000141,-8.800000000002228,2.400000000000091,15.100000000001046,-6.700000000000728,2.400000000000091,15.100000000001046
2023-01-31 08:30:00+00:00,USD_JPY,C1_trend_cont_long,1,london,2.0999999999986585,68.22244918887846,1.8000000000000682,3.3999999999991815,-0.0,-2.600000000001046,3.3999999999991815,2.600000000001046,-0.39999999999906777,3.3999999999991815,2.600000000001046,6.799999999998363,6.799999999998363,2.600000000001046,-2.000000000001023,10.599999999999454,2.600000000001046
2023-01-31 20:30:00+00:00,USD_JPY,C1_trend_cont_long,1,ny,1.8000000000000682,65.99115191981281,1.5999999999991132,3.0000000000001137,0.0,1.8999999999977035,3.0000000000001137,0.0,0.6000000000000227,3.0000000000001137,0.0,-1.4000000000010004,3.0000000000001137,5.60000000000116,-6.100000000000705,3.0000000000001137,6.30000000000166
2023-02-01 06:00:00+00:00,USD_JPY,C1_trend_cont_long,1,tokyo,1.4999999999986358,63.727498211254876,-7.899999999997931,0.0,7.899999999997931,-8.799999999999386,0.0,10.099999999999909,-7.999999999998408,0.0,10.200000000000387,-6.399999999999295,0.0,10.200000000000387,-3.299999999998704,1.6000000000019554,10.200000000000387
2023-02-03 18:00:00+00:00,USD_JPY,C1_trend_cont_long,1,ny,1.8999999999977035,75.04982887925945,-4.400000000001114,1.8000000000000682,4.400000000001114,-3.0000000000001137,1.8000000000000682,5.89999999999975,3.6000000000001364,3.6000000000001364,5.89999999999975,1.2000000000000455,3.700000000000614,5.89999999999975,5.799999999999272,12.399999999999523,5.89999999999975
2023-02-07 01:00:00+00:00,USD_JPY,C1_trend_cont_long,1,tokyo,1.8000000000000682,74.86915250469951,-3.900000000001569,0.49999999999954525,3.900000000001569,-10.099999999999909,0.49999999999954525,15.900000000002024,-11.100000000001842,0.49999999999954525,15.900000000002024,-18.899999999999295,0.49999999999954525,18.899999999999295,-18.200000000001637,0.49999999999954525,28.600000000000136
2023-02-07 12:00:00+00:00,USD_JPY,C1_trend_cont_long,1,ny,1.6999999999995907,73.28768761884805,-4.399999999998272,0.0,4.399999999998272,-5.799999999999272,0.0,5.799999999999272,-5.599999999998317,0.0,5.799999999999272,-11.7999999999995,1.2000000000000455,11.7999999999995,-8.799999999999386,3.6000000000001364,11.7999999999995
2023-02-08 16:00:00+00:00,USD_JPY,C1_trend_cont_long,1,ny,1.3999999999981583,77.26720209411441,-6.700000000000728,0.0,9.200000000001296,-8.200000000002206,0.0,9.200000000001296,-8.600000000001273,0.0,9.200000000001296,-3.100000000000591,0.0,17.700000000002092,-19.10000000000025,0.0,22.30000000000132
2023-02-08 20:00:00+00:00,USD_JPY,C1_trend_cont_long,1,ny,1.6000000000019554,74.97668765882051,3.6000000000001364,3.6000000000001364,0.0,5.400000000000205,5.400000000000205,0.0,3.7999999999982492,5.400000000000205,0.0,9.600000000000364,11.199999999999477,0.0,8.599999999998431,11.199999999999477,0.0
2023-02-09 00:45:00+00:00,USD_JPY,C1_trend_cont_long,1,tokyo,1.8000000000000682,74.97668765882051,0.40000000000190994,3.0000000000001137,1.999999999998181,9.400000000002251,12.800000000001432,1.999999999998181,6.100000000000705,13.100000000000023,1.999999999998181,29.400000000001114,39.00000000000148,1.999999999998181,18.80000000000166,39.00000000000148,1.999999999998181
2023-02-09 19:00:00+00:00,USD_JPY,C1_trend_cont_long,1,ny,1.4999999999986358,77.0759755368486,-3.6000000000001364,0.8000000000009777,3.6000000000001364,1.4000000000010004,1.4000000000010004,6.60000000000025,3.6000000000001364,3.6000000000001364,6.60000000000025,9.900000000001796,9.900000000001796,6.60000000000025,13.700000000000045,14.200000000002433,6.60000000000025
2023-02-10 17:00:00+00:00,USD_JPY,C1_trend_cont_long,1,ny,1.8000000000000682,82.25525446590983,-6.799999999998363,0.0,6.799999999998363,-0.6000000000000227,0.0,8.29999999999984,-2.400000000000091,1.2000000000000455,8.29999999999984,-4.599999999999227,1.2000000000000455,8.29999999999984,-1.8999999999977035,1.2000000000000455,9.600000000000364
2023-02-13 19:30:00+00:00,USD_JPY,C1_trend_cont_long,1,ny,1.6999999999995907,76.8003246348455,-4.599999999999227,0.0,4.599999999999227,-7.399999999998386,0.0,7.399999999998386,-10.200000000000387,0.0,10.200000000000387,-4.599999999999227,0.0,10.200000000000387,-11.599999999998545,0.0,12.299999999999045
2023-02-14 10:15:00+00:00,USD_JPY,C1_trend_cont_long,1,london,1.300000000000523,73.68905542494313,-0.8000000000009777,0.20000000000095497,1.5999999999991132,1.2000000000000455,1.2000000000000455,1.5999999999991132,13.800000000000523,13.800000000000523,1.5999999999991132,9.800000000001319,13.800000000000523,1.5999999999991132,10.599999999999454,14.400000000000546,1.5999999999991132
2023-02-14 13:45:00+00:00,USD_JPY,C1_trend_cont_long,1,ny,1.8000000000000682,73.68905542494313,-31.099999999997863,0.0,35.99999999999852,-12.199999999998568,0.0,35.99999999999852,-12.299999999999045,0.0,35.99999999999852,29.800000000000182,29.800000000000182,35.99999999999852,52.00000000000102,82.8000000000003,35.99999999999852
2023-02-15 02:45:00+00:00,USD_JPY,C1_trend_cont_long,1,tokyo,1.8000000000000682,81.6788284021195,-1.300000000000523,0.49999999999954525,3.2000000000010687,-3.8000000000010914,0.49999999999954525,3.8000000000010914,-0.8000000000009777,0.49999999999954525,3.8000000000010914,-2.600000000001046,1.099999999999568,3.8000000000010914,22.399999999998954,22.399999999998954,3.8000000000010914
2023-02-15 23:45:00+00:00,USD_JPY,C1_trend_cont_long,1,offhours,1.9000000000005457,76.86796173450988,-0.40000000000190994,0.39999999999906777,0.8000000000009777,-0.30000000000143245,0.6000000000000227,0.8000000000009777,-4.699999999999704,0.6000000000000227,4.699999999999704,-16.100000000000136,0.6000000000000227,16.100000000000136,2.7999999999991587,2.7999999999991587,16.100000000000136
2023-02-16 05:15:00+00:00,USD_JPY,C1_trend_cont_long,1,tokyo,1.6999999999995907,76.86796173450988,1.4000000000010004,1.4000000000010004,-0.0,5.000000000001137,5.60000000000116,-0.0,3.999999999999204,5.700000000001637,-0.0,0.8000000000009777,9.399999999999409,1.4000000000010004,2.600000000001046,9.399999999999409,5.599999999998317
2023-02-16 09:45:00+00:00,USD_JPY,C1_trend_cont_long,1,london,1.5999999999991132,76.06310732490206,0.30000000000143245,2.2999999999996135,0.0,-3.499999999999659,2.2999999999996135,3.499999999999659,-4.2999999999977945,2.2999999999996135,4.2999999999977945,-6.799999999998363,2.2999999999996135,9.299999999998931,-4.099999999999682,2.2999999999996135,9.299999999998931
2023-02-16 10:45:00+00:00,USD_JPY,C1_trend_cont_long,1,london,1.9000000000005457,73.55145680169493,3.300000000001546,3.300000000001546,0.0,7.800000000000296,8.00000000000125,0.0,9.200000000001296,9.200000000001296,0.0,4.900000000000659,12.20000000000141,0.0,1.0000000000019327,12.20000000000141,1.5999999999991132
2023-02-16 12:30:00+00:00,USD_JPY,C1_trend_cont_long,1,ny,2.000000000001023,73.55145680169493,0.39999999999906777,2.2999999999996135,0.0,-2.800000000002001,2.2999999999996135,3.0000000000001137,-2.600000000001046,2.2999999999996135,4.099999999999682,-2.200000000001978,2.2999999999996135,4.099999999999682,20.300000000000296,20.300000000000296,5.60000000000116
2023-02-16 17:15:00+00:00,USD_JPY,C1_trend_cont_long,1,ny,1.6999999999995907,72.44063845871659,-2.400000000000091,0.8000000000009777,2.5999999999982037,-7.999999999998408,0.8000000000009777,9.399999999999409,-4.800000000000182,0.8000000000009777,9.399999999999409,-16.399999999998727,0.8000000000009777,16.399999999998727,-5.099999999998772,0.8000000000009777,19.199999999997885
2023-02-16 21:30:00+00:00,USD_JPY,C1_trend_cont_long,1,offhours,1.8000000000000682,72.01630714023679,0.49999999999954525,0.49999999999954525,0.49999999999954525,0.6000000000000227,0.6000000000000227,0.49999999999954525,-0.40000000000190994,0.9999999999990905,0.49999999999954525,3.999999999999204,3.999999999999204,0.8000000000009777,1.8000000000000682,5.799999999999272,0.8000000000009777
2023-02-20 00:30:00+00:00,USD_JPY,C1_trend_cont_long,1,tokyo,1.999999999998181,69.36702020596361,1.300000000000523,1.300000000000523,1.2000000000000455,8.099999999998886,8.099999999998886,1.2000000000000455,7.800000000000296,8.099999999998886,1.2000000000000455,2.199999999999136,9.600000000000364,1.2000000000000455,7.099999999999795,11.7999999999995,1.2000000000000455
2023-02-20 19:00:00+00:00,USD_JPY,C1_trend_cont_long,1,ny,2.000000000001023,61.70456226839159,-1.500000000001478,0.1999999999981128,1.500000000001478,-1.700000000002433,0.1999999999981128,1.700000000002433,-1.8000000000000682,0.1999999999981128,1.9000000000005457,-1.9000000000005457,0.1999999999981128,3.300000000001546,-0.10000000000047748,0.1999999999981128,3.300000000001546
2023-02-22 03:00:00+00:00,USD_JPY,C1_trend_cont_long,1,tokyo,2.000000000001023,57.61639168439011,-3.6000000000001364,1.3999999999981583,3.6000000000001364,-4.200000000000159,1.3999999999981583,4.200000000000159,-5.19999999999925,1.3999999999981583,5.19999999999925,-1.8000000000000682,1.3999999999981583,5.19999999999925,2.5999999999982037,5.799999999999272,5.19999999999925
2023-02-22 06:15:00+00:00,USD_JPY,C1_trend_cont_long,1,tokyo,1.5999999999991132,55.63664942121944,0.9999999999990905,0.9999999999990905,0.6000000000000227,0.6000000000000227,0.9999999999990905,2.5000000000005684,-2.899999999999636,0.9999999999990905,2.899999999999636,-4.999999999998295,0.9999999999990905,6.000000000000227,-10.599999999999454,0.9999999999990905,14.19999999999959
2023-02-22 08:45:00+00:00,USD_JPY,C1_trend_cont_long,1,london,1.6999999999995907,55.63664942121944,-2.200000000001978,1.2000000000000455,2.200000000001978,1.6999999999995907,1.6999999999995907,3.500000000002501,8.899999999999864,8.899999999999864,3.500000000002501,7.199999999997431,10.799999999997567,3.500000000002501,3.8999999999987267,13.399999999998613,3.500000000002501
2023-02-22 17:00:00+00:00,USD_JPY,C1_trend_cont_long,1,ny,1.8000000000000682,54.90404975605142,-2.800000000002001,0.7999999999981355,2.800000000002001,-0.8000000000009777,0.7999999999981355,3.100000000000591,-4.200000000000159,0.7999999999981355,4.200000000000159,-7.099999999999795,0.7999999999981355,11.400000000000432,-5.60000000000116,0.7999999999981355,11.400000000000432
2023-02-27 03:00:00+00:00,USD_JPY,C1_trend_cont_long,1,tokyo,1.8000000000000682,54.22724265982731,-4.599999999999227,0.0,4.699999999999704,-3.8000000000010914,0.0,4.699999999999704,-2.6999999999986812,0.0,4.699999999999704,6.30000000000166,7.30000000000075,4.699999999999704,15.899999999999181,26.200000000000045,4.699999999999704
2023-03-01 00:00:00+00:00,USD_JPY,C1_trend_cont_long,1,tokyo,1.9000000000005457,54.11795180973502,-3.999999999999204,1.8000000000000682,3.999999999999204,-0.899999999998613,1.8000000000000682,6.000000000000227,-0.39999999999906777,3.0000000000001137,6.000000000000227,-1.5999999999991132,3.0000000000001137,6.000000000000227,-1.8000000000000682,9.999999999999432,6.000000000000227
2023-03-01 07:15:00+00:00,USD_JPY,C1_trend_cont_long,1,london,1.8000000000000682,54.73809810903957,-1.6999999999995907,0.49999999999954525,2.5000000000005684,-1.300000000000523,0.49999999999954525,3.700000000000614,-6.89999999999884,0.49999999999954525,7.200000000000273,-7.699999999999818,6.800000000001205,7.699999999999818,-35.3999999999985,6.800000000001205,40.100000000001046
2023-03-01 20:00:00+00:00,USD_JPY,C1_trend_cont_long,1,ny,1.4999999999986358,57.84129065071406,-1.2000000000000455,0.0,2.199999999999136,-4.199999999997317,0.0,4.199999999997317,-2.6999999999986812,0.0,4.999999999998295,3.2000000000010687,3.2000000000010687,4.999999999998295,3.0000000000001137,8.300000000002683,4.999999999998295
2023-03-02 00:00:00+00:00,USD_JPY,C1_trend_cont_long,1,tokyo,1.999999999998181,57.84129065071406,-4.800000000000182,0.0,4.800000000000182,-3.8999999999987267,0.0,5.000000000001137,-7.200000000000273,0.0,8.599999999998431,-6.100000000000705,0.0,10.999999999998522,3.6000000000001364,5.000000000001137,11.199999999999477
2023-03-02 09:30:00+00:00,USD_JPY,C1_trend_cont_long,1,london,1.500000000001478,58.98119846137734,6.19999999999834,6.19999999999834,1.0000000000019327,-2.200000000001978,6.19999999999834,2.200000000001978,2.5999999999982037,6.19999999999834,3.900000000001569,10.899999999998045,13.399999999998613,3.900000000001569,13.800000000000523,16.59999999999968,3.900000000001569
2023-03-02 12:30:00+00:00,USD_JPY,C1_trend_cont_long,1,ny,1.4999999999986358,59.325398571278996,3.3999999999991815,3.8000000000010914,0.0,3.999999999999204,5.400000000000205,0.0,11.199999999999477,11.400000000000432,0.0,20.09999999999934,21.800000000001774,0.0,33.29999999999984,33.29999999999984,0.0
2023-03-02 21:15:00+00:00,USD_JPY,C1_trend_cont_long,1,offhours,1.8999999999977035,59.254042645643544,0.9000000000014552,0.9000000000014552,1.4000000000010004,-1.099999999999568,0.9000000000014552,1.4000000000010004,-0.39999999999906777,0.9000000000014552,1.4000000000010004,0.39999999999906777,1.8000000000000682,1.4000000000010004,-2.000000000001023,6.200000000001182,2.000000000001023
2023-03-03 00:00:00+00:00,USD_JPY,C1_trend_cont_long,1,tokyo,2.4999999999977263,59.254042645643544,-2.7999999999991587,0.0,3.7999999999982492,4.000000000002046,4.000000000002046,3.7999999999982492,3.700000000000614,4.900000000000659,3.7999999999982492,0.8000000000009777,4.900000000000659,3.7999999999982492,-5.400000000000205,4.900000000000659,10.999999999998522
2023-03-03 03:45:00+00:00,USD_JPY,C1_trend_cont_long,1,tokyo,1.8000000000000682,59.254042645643544,2.899999999999636,2.899999999999636,0.0,2.5999999999982037,3.100000000000591,0.0,-1.2000000000000455,3.100000000000591,1.2000000000000455,-2.200000000001978,3.100000000000591,2.400000000000091,2.199999999999136,3.100000000000591,2.400000000000091
2023-03-08 18:00:00+00:00,USD_JPY,C1_trend_cont_long,1,ny,1.500000000001478,58.41042501392999,2.600000000001046,5.19999999999925,0.2999999999985903,-0.899999999998613,5.19999999999925,1.4000000000010004,-0.20000000000095497,5.19999999999925,1.4000000000010004,0.6000000000000227,5.19999999999925,4.200000000000159,3.999999999999204,6.999999999999318,4.200000000000159
2023-03-08 23:30:00+00:00,USD_JPY,C1_trend_cont_long,1,offhours,1.8000000000000682,58.41042501392999,-4.4999999999987494,0.0,6.099999999997863,-4.699999999999704,0.0,6.099999999997863,-10.999999999998522,0.0,10.999999999998522,-4.099999999999682,0.0,10.999999999998522,-31.19999999999834,0.0,36.99999999999761
2023-03-10 05:00:00+00:00,USD_JPY,C1_trend_cont_long,1,tokyo,2.199999999999136,57.47689110846665,7.00000000000216,7.00000000000216,0.0,10.400000000001342,10.400000000001342,0.0,11.199999999999477,11.199999999999477,0.0,15.100000000001046,15.100000000001046,0.0,11.600000000001387,18.39999999999975,0.0
2023-03-10 09:00:00+00:00,USD_JPY,C1_trend_cont_long,1,london,1.9000000000005457,61.27139888643328,4.399999999998272,4.399999999998272,1.8000000000000682,-1.300000000000523,7.499999999998863,1.8000000000000682,0.6000000000000227,7.499999999998863,2.800000000002001,5.400000000000205,9.600000000000364,2.800000000002001,11.199999999999477,13.100000000000023,2.800000000002001
2023-03-29 17:00:00+00:00,USD_JPY,C1_trend_cont_long,1,ny,1.5999999999991132,73.67298324356737,1.2000000000000455,3.6000000000001364,-0.0,3.8000000000010914,5.500000000000682,-0.0,2.899999999999636,5.500000000000682,-0.0,2.7000000000015234,8.899999999999864,-0.0,-6.699999999997885,8.899999999999864,8.699999999998909
2023-03-30 05:15:00+00:00,USD_JPY,C1_trend_cont_long,1,tokyo,1.8000000000000682,70.38205586902671,-2.5000000000005684,0.0,5.500000000000682,-2.400000000000091,0.0,5.500000000000682,-3.499999999999659,0.0,6.30000000000166,-12.90000000000191,0.0,17.500000000001137,-8.899999999999864,0.0,17.500000000001137
2023-03-30 09:00:00+00:00,USD_JPY,C1_trend_cont_long,1,london,2.000000000001023,68.44762330695333,-2.800000000002001,1.1999999999972033,3.6000000000001364,-0.6000000000000227,1.1999999999972033,3.8000000000010914,1.1999999999972033,5.19999999999925,3.8000000000010914,6.89999999999884,6.89999999999884,3.8000000000010914,12.399999999999523,15.599999999997749,3.8000000000010914
2023-03-30 12:00:00+00:00,USD_JPY,C1_trend_cont_long,1,ny,1.6999999999995907,68.44762330695333,8.599999999998431,8.599999999998431,0.0,7.200000000000273,8.599999999998431,0.0,5.400000000000205,8.599999999998431,0.0,1.5999999999991132,11.199999999999477,2.7000000000015234,18.69999999999834,20.599999999998886,2.7000000000015234
2023-03-30 15:30:00+00:00,USD_JPY,C1_trend_cont_long,1,ny,1.4000000000010004,67.03707878502806,0.6000000000000227,1.2000000000000455,3.2000000000010687,3.0000000000001137,3.6000000000001364,3.2000000000010687,1.3999999999981583,3.6000000000001364,3.2000000000010687,-3.0000000000001137,3.6000000000001364,4.000000000002046,-23.00000000000182,3.6000000000001364,24.200000000001864
2023-03-30 20:00:00+00:00,USD_JPY,C1_trend_cont_long,1,ny,1.5999999999991132,66.56300172895452,-1.2000000000000455,1.3999999999981583,1.2000000000000455,-1.2000000000000455,1.3999999999981583,2.400000000000091,3.999999999999204,3.999999999999204,2.400000000000091,0.39999999999906777,3.999999999999204,4.900000000000659,6.799999999998363,6.999999999999318,4.900000000000659
2023-03-31 04:30:00+00:00,USD_JPY,C1_trend_cont_long,1,tokyo,1.8000000000000682,66.56300172895452,-1.8000000000000682,0.10000000000047748,1.9000000000005457,-6.499999999999773,0.10000000000047748,6.89999999999884,-6.499999999999773,0.10000000000047748,6.89999999999884,-7.800000000000296,0.20000000000095497,8.099999999998886,18.299999999999272,18.299999999999272,8.099999999998886
2023-03-31 13:15:00+00:00,USD_JPY,C1_trend_cont_long,1,ny,1.6000000000019554,69.7495316321112,5.699999999998795,5.699999999998795,2.6999999999986812,-0.49999999999954525,5.699999999998795,2.6999999999986812,2.1000000000015007,5.699999999998795,2.6999999999986812,-0.7000000000005002,5.699999999998795,13.900000000001,-15.799999999998704,5.699999999998795,23.30000000000041
2023-03-31 15:00:00+00:00,USD_JPY,C1_trend_cont_long,1,ny,1.5999999999991132,69.7495316321112,-11.20000000000232,0.699999999997658,12.400000000002365,-9.499999999999886,0.699999999997658,12.400000000002365,-5.000000000001137,0.699999999997658,12.400000000002365,-18.900000000002137,0.699999999997658,18.900000000002137,-29.50000000000159,0.699999999997658,33.40000000000032
2023-04-02 21:45:00+00:00,USD_JPY,C1_trend_cont_long,1,offhours,5.900000000002592,69.07456508696048,0.2999999999985903,0.2999999999985903,1.1000000000024102,0.7999999999981355,0.7999999999981355,1.4000000000010004,-10.80000000000041,0.7999999999981355,10.80000000000041,-4.400000000001114,0.7999999999981355,24.399999999999977,-2.5000000000005684,1.8000000000000682,24.399999999999977
2023-04-03 00:45:00+00:00,USD_JPY,C1_trend_cont_long,1,tokyo,2.000000000001023,69.07456508696048,-2.600000000001046,0.0,6.800000000001205,1.3999999999981583,5.400000000000205,6.800000000001205,-0.8000000000009777,5.400000000000205,6.800000000001205,-11.20000000000232,5.400000000000205,11.20000000000232,12.699999999998113,12.699999999998113,20.000000000001705
2023-04-03 01:45:00+00:00,USD_JPY,C1_trend_cont_long,1,tokyo,2.000000000001023,69.07456508696048,-5.299999999999727,0.0,6.699999999997885,-3.8999999999987267,0.0,6.699999999997885,-7.899999999997931,0.0,7.899999999997931,-11.7999999999995,0.0,15.299999999999159,-3.499999999999659,0.0,15.299999999999159
2023-04-04 06:00:00+00:00,USD_JPY,C1_trend_cont_long,1,tokyo,1.2000000000000455,67.95549286538508,-3.999999999999204,0.0,7.800000000000296,-11.7999999999995,0.0,12.700000000000955,-15.000000000000568,0.0,15.000000000000568,-16.59999999999968,0.0,21.19999999999891,-15.799999999998704,0.0,26.099999999999568
2023-04-04 11:00:00+00:00,USD_JPY,C1_trend_cont_long,1,london,1.6999999999995907,66.50867194642903,-2.1000000000015007,0.0,5.60000000000116,-0.8000000000009777,0.39999999999906777,5.60000000000116,9.699999999997999,9.699999999997999,5.60000000000116,15.999999999999659,21.19999999999891,5.60000000000116,12.600000000000477,21.19999999999891,5.60000000000116
2023-04-10 05:00:00+00:00,USD_JPY,C1_trend_cont_long,1,tokyo,1.300000000000523,59.78508368814571,2.7000000000015234,6.200000000001182,0.0,3.2000000000010687,6.200000000001182,0.0,4.200000000000159,6.200000000001182,0.0,-1.2000000000000455,6.200000000001182,1.2000000000000455,-6.099999999997863,6.200000000001182,8.599999999998431
2023-04-10 13:00:00+00:00,USD_JPY,C1_trend_cont_long,1,ny,1.6000000000019554,65.86111807804392,-1.4000000000010004,0.0,3.8000000000010914,-3.700000000000614,2.6999999999986812,3.8000000000010914,-2.7999999999991587,2.6999999999986812,4.400000000001114,0.10000000000047748,2.6999999999986812,8.00000000000125,26.599999999999113,26.599999999999113,8.00000000000125
2023-04-11 01:00:00+00:00,USD_JPY,C1_trend_cont_long,1,tokyo,1.8999999999977035,65.47818107246928,6.200000000001182,8.00000000000125,0.0,8.29999999999984,8.29999999999984,0.0,13.599999999999568,14.400000000000546,0.0,27.000000000001023,27.000000000001023,0.0,11.199999999999477,27.000000000001023,0.0
2023-04-11 03:45:00+00:00,USD_JPY,C1_trend_cont_long,1,tokyo,1.6999999999995907,65.47818107246928,0.9999999999990905,1.099999999999568,0.6000000000000227,2.899999999999636,2.899999999999636,0.6000000000000227,1.3999999999981583,2.899999999999636,0.6000000000000227,0.9999999999990905,2.899999999999636,2.600000000001046,6.999999999999318,6.999999999999318,2.600000000001046
2023-04-11 06:15:00+00:00,USD_JPY,C1_trend_cont_long,1,tokyo,1.8000000000000682,63.65831099586438,-7.099999999999795,0.0,7.099999999999795,-5.49999999999784,0.0,8.799999999999386,-2.9999999999972715,0.0,8.799999999999386,8.100000000001728,9.100000000000819,8.799999999999386,-0.6000000000000227,14.6000000000015,8.799999999999386
2023-04-11 11:45:00+00:00,USD_JPY,C1_trend_cont_long,1,london,1.6000000000019554,63.11843163901698,-3.900000000001569,1.2000000000000455,3.900000000001569,-9.200000000001296,1.2000000000000455,9.999999999999432,-7.30000000000075,1.2000000000000455,9.999999999999432,-12.999999999999545,1.2000000000000455,12.999999999999545,-22.999999999998977,1.2000000000000455,25.200000000000955
2023-04-11 13:45:00+00:00,USD_JPY,C1_trend_cont_long,1,ny,1.4999999999986358,61.267115093372816,-12.600000000000477,0.0,12.600000000000477,-12.199999999998568,0.0,14.300000000000068,-10.3999999999985,0.0,14.300000000000068,0.8000000000009777,1.4000000000010004,14.300000000000068,8.00000000000125,8.00000000000125,14.300000000000068
2023-04-12 07:30:00+00:00,USD_JPY,C1_trend_cont_long,1,london,1.6999999999995907,60.408890054999866,-6.999999999999318,0.0,6.999999999999318,0.7000000000005002,0.7000000000005002,6.999999999999318,0.6000000000000227,1.8000000000000682,6.999999999999318,6.400000000002137,7.600000000002183,6.999999999999318,14.300000000000068,15.000000000000568,6.999999999999318
2023-04-12 11:00:00+00:00,USD_JPY,C1_trend_cont_long,1,london,1.8000000000000682,59.05825505107125,-0.6000000000000227,0.6000000000000227,1.3999999999981583,-2.7999999999991587,0.6000000000000227,2.7999999999991587,-9.499999999999886,0.6000000000000227,9.499999999999886,-1.4999999999986358,0.6000000000000227,9.499999999999886,1.8000000000000682,3.499999999999659,9.499999999999886
2023-04-12 12:00:00+00:00,USD_JPY,C1_trend_cont_long,1,ny,1.6999999999995907,59.05825505107125,-0.1999999999981128,2.400000000000091,0.39999999999906777,-0.7000000000005002,2.400000000000091,0.7000000000005002,-0.7999999999981355,2.400000000000091,1.4999999999986358,-57.399999999998386,12.5,57.399999999998386,-71.59999999999798,12.5,99.19999999999902
2023-04-13 06:00:00+00:00,USD_JPY,C1_trend_cont_long,1,tokyo,2.000000000001023,60.059251584258064,1.300000000000523,1.300000000000523,1.2000000000000455,-0.20000000000095497,2.6999999999986812,1.2000000000000455,-2.5000000000005684,2.6999999999986812,2.5000000000005684,-8.199999999999363,2.6999999999986812,8.199999999999363,-20.199999999999818,2.6999999999986812,20.199999999999818
2023-04-14 14:00:00+00:00,USD_JPY,C1_trend_cont_long,1,ny,2.600000000001046,60.65934058621421,1.4000000000010004,1.4000000000010004,7.999999999998408,3.499999999999659,4.200000000000159,7.999999999998408,-1.999999999998181,4.200000000000159,7.999999999998408,9.100000000000819,9.800000000001319,7.999999999998408,9.600000000000364,10.300000000000864,7.999999999998408
2023-04-17 12:45:00+00:00,USD_JPY,C1_trend_cont_long,1,ny,1.5999999999991132,59.085849587431746,-2.1000000000015007,1.999999999998181,3.900000000001569,-7.200000000000273,1.999999999998181,10.000000000002274,-0.8000000000009777,1.999999999998181,10.000000000002274,6.399999999999295,6.399999999999295,10.000000000002274,23.599999999999,23.599999999999,10.000000000002274
2023-04-18 01:00:00+00:00,USD_JPY,C1_trend_cont_long,1,tokyo,2.000000000001023,57.75259479732642,-2.6999999999986812,0.0,2.6999999999986812,2.7000000000015234,2.7000000000015234,2.6999999999986812,8.500000000000796,8.500000000000796,2.6999999999986812,24.899999999999523,25.900000000001455,2.6999999999986812,13.500000000001933,30.400000000000205,2.6999999999986812
2023-04-18 06:15:00+00:00,USD_JPY,C1_trend_cont_long,1,tokyo,1.6999999999995907,56.091695168945954,-2.199999999999136,0.20000000000095497,2.199999999999136,-7.200000000000273,0.20000000000095497,7.200000000000273,-8.799999999999386,0.20000000000095497,9.799999999998477,-4.400000000001114,0.20000000000095497,12.299999999999045,-6.19999999999834,0.20000000000095497,15.399999999999636
2023-04-19 15:00:00+00:00,USD_JPY,C1_trend_cont_long,1,ny,1.500000000001478,54.11991041237128,-1.500000000001478,3.3999999999991815,1.500000000001478,3.100000000000591,3.3999999999991815,1.500000000001478,7.399999999998386,8.400000000000318,1.500000000001478,7.800000000000296,9.600000000000364,1.500000000001478,20.400000000000773,20.400000000000773,1.500000000001478
2023-04-19 22:45:00+00:00,USD_JPY,C1_trend_cont_long,1,offhours,1.9000000000005457,54.275631097201824,3.999999999999204,3.999999999999204,0.6000000000000227,6.399999999999295,6.799999999998363,0.6000000000000227,6.399999999999295,6.799999999998363,0.6000000000000227,8.799999999999386,9.000000000000341,0.6000000000000227,8.199999999999363,9.199999999998454,0.6000000000000227
2023-04-28 05:00:00+00:00,USD_JPY,C1_trend_cont_long,1,tokyo,1.6999999999995907,57.347285829748586,0.20000000000095497,2.600000000001046,3.999999999999204,17.500000000001137,17.500000000001137,3.999999999999204,11.899999999999977,17.500000000001137,3.999999999999204,14.000000000001478,17.500000000001137,3.999999999999204,31.60000000000025,33.00000000000125,3.999999999999204
2023-05-01 11:00:00+00:00,USD_JPY,C1_trend_cont_long,1,london,1.700000000002433,62.646485091005566,-3.700000000000614,0.0,3.700000000000614,1.4000000000010004,1.4000000000010004,5.299999999999727,6.200000000001182,8.29999999999984,5.299999999999727,7.900000000000773,8.29999999999984,5.299999999999727,15.000000000000568,20.599999999998886,5.299999999999727
2023-05-02 09:00:00+00:00,USD_JPY,C1_trend_cont_long,1,london,1.300000000000523,58.83787642347487,-2.600000000001046,0.0,2.600000000001046,-9.100000000000819,0.0,9.100000000000819,-6.800000000001205,0.0,9.100000000000819,-8.600000000001273,0.0,12.000000000000455,-13.2000000000005,0.0,14.400000000000546
2023-05-02 10:45:00+00:00,USD_JPY,C1_trend_cont_long,1,london,1.8000000000000682,58.83787642347487,-2.2999999999996135,0.0,2.400000000000091,-0.39999999999906777,0.0,3.499999999999659,1.9000000000005457,5.000000000001137,3.499999999999659,-19.39999999999884,5.000000000001137,22.20000000000084,-18.000000000000682,5.000000000001137,25.800000000000978
2023-05-02 12:30:00+00:00,USD_JPY,C1_trend_cont_long,1,ny,1.5999999999991132,58.83787642347487,3.8000000000010914,3.8000000000010914,0.0,8.00000000000125,10.099999999999909,0.0,6.499999999999773,10.099999999999909,0.0,10.200000000000387,11.100000000001842,0.0,3.100000000000591,11.100000000001842,0.0
2023-05-08 13:00:00+00:00,USD_JPY,C1_trend_cont_long,1,ny,1.6999999999995907,59.13535905470724,-6.800000000001205,0.1999999999981128,6.800000000001205,-5.800000000002115,0.1999999999981128,6.900000000001683,-2.400000000000091,0.1999999999981128,8.00000000000125,-1.0000000000019327,1.8000000000000682,8.00000000000125,-11.800000000002342,1.8000000000000682,14.200000000002433
2023-05-09 09:00:00+00:00,USD_JPY,C1_trend_cont_long,1,london,1.2000000000000455,55.690008689209634,4.4999999999987494,5.599999999998317,0.8000000000009777,3.1999999999982265,5.799999999999272,0.8000000000009777,0.6000000000000227,5.799999999999272,0.8000000000009777,-5.60000000000116,5.799999999999272,5.60000000000116,-15.200000000001523,5.799999999999272,17.600000000001614
2023-05-09 13:00:00+00:00,USD_JPY,C1_trend_cont_long,1,ny,1.6999999999995907,54.7692937828377,7.200000000000273,7.200000000000273,0.9999999999990905,9.900000000001796,9.900000000001796,0.9999999999990905,11.000000000001364,11.000000000001364,0.9999999999990905,2.400000000000091,15.300000000002001,0.9999999999990905,-9.199999999998454,15.300000000002001,11.199999999999477
2023-05-12 17:00:00+00:00,USD_JPY,C1_trend_cont_long,1,ny,1.500000000001478,57.51367624899088,-0.10000000000047748,0.899999999998613,0.10000000000047748,2.6999999999986812,2.6999999999986812,0.10000000000047748,2.199999999999136,3.0000000000001137,0.10000000000047748,7.999999999998408,8.599999999998431,0.10000000000047748,-0.8000000000009777,9.000000000000341,0.8000000000009777
2023-05-15 13:15:00+00:00,USD_JPY,C1_trend_cont_long,1,ny,1.6999999999995907,56.98423714250455,1.6000000000019554,2.800000000002001,0.10000000000047748,5.60000000000116,5.60000000000116,0.39999999999906777,5.000000000001137,7.800000000000296,0.39999999999906777,8.500000000000796,9.399999999999409,0.39999999999906777,4.200000000000159,9.399999999999409,4.200000000000159
2023-05-15 16:00:00+00:00,USD_JPY,C1_trend_cont_long,1,ny,1.8000000000000682,56.98423714250455,2.199999999999136,3.0000000000001137,0.0,-1.8000000000000682,3.1999999999982265,1.8000000000000682,-5.100000000001614,3.1999999999982265,5.100000000001614,3.099999999997749,3.999999999999204,5.100000000001614,1.5999999999991132,5.19999999999925,5.100000000001614
2023-05-15 18:45:00+00:00,USD_JPY,C1_trend_cont_long,1,ny,1.6999999999995907,55.12107734661154,-3.700000000000614,0.0,3.700000000000614,-0.9999999999990905,0.0,3.700000000000614,0.49999999999954525,0.6000000000000227,3.700000000000614,-4.399999999998272,0.8000000000009777,4.399999999998272,-3.7999999999982492,0.8000000000009777,5.599999999998317
2023-05-15 20:00:00+00:00,USD_JPY,C1_trend_cont_long,1,ny,1.5999999999991132,55.12107734661154,-1.2999999999976808,0.40000000000190994,1.999999999998181,-1.5999999999991132,0.40000000000190994,1.999999999998181,0.30000000000143245,0.40000000000190994,1.999999999998181,2.1000000000015007,2.1000000000015007,1.999999999998181,6.30000000000166,6.30000000000166,1.999999999998181
2023-05-15 22:45:00+00:00,USD_JPY,C1_trend_cont_long,1,offhours,2.200000000001978,55.12107734661154,-0.40000000000190994,0.09999999999763531,0.40000000000190994,-1.700000000002433,0.09999999999763531,1.8000000000000682,-2.400000000000091,0.09999999999763531,3.0000000000001137,-6.30000000000166,0.09999999999763531,6.30000000000166,-1.6000000000019554,0.09999999999763531,9.800000000001319
2023-05-16 00:15:00+00:00,USD_JPY,C1_trend_cont_long,1,tokyo,1.6999999999995907,55.12107734661154,-3.0000000000001137,3.1999999999982265,3.0000000000001137,-1.4000000000010004,3.1999999999982265,3.0000000000001137,-3.6000000000001364,3.1999999999982265,4.600000000002069,-11.000000000001364,3.1999999999982265,11.899999999999977,-14.200000000002433,3.1999999999982265,14.200000000002433
2023-05-16 02:00:00+00:00,USD_JPY,C1_trend_cont_long,1,tokyo,1.6000000000019554,55.12107734661154,-5.299999999999727,0.10000000000047748,5.299999999999727,-8.400000000000318,0.10000000000047748,8.400000000000318,-12.299999999999045,0.10000000000047748,13.999999999998636,-10.999999999998522,0.10000000000047748,13.999999999998636,-12.100000000000932,0.10000000000047748,13.999999999998636
2023-05-16 03:45:00+00:00,USD_JPY,C1_trend_cont_long,1,tokyo,1.6999999999995907,55.12107734661154,-2.7999999999991587,0.10000000000047748,2.7999999999991587,-4.399999999998272,0.10000000000047748,4.399999999998272,-4.599999999999227,0.10000000000047748,4.599999999999227,-3.0000000000001137,0.10000000000047748,5.599999999998317,-2.199999999999136,0.10000000000047748,5.599999999998317
2023-05-23 04:00:00+00:00,USD_JPY,C1_trend_cont_long,1,tokyo,1.6999999999995907,54.34887440892809,-5.19999999999925,0.0,8.799999999999386,-9.799999999998477,0.0,9.799999999998477,-5.19999999999925,0.0,9.799999999998477,-5.19999999999925,0.0,9.799999999998477,-21.60000000000082,0.0,25.99999999999909
2023-05-23 05:45:00+00:00,USD_JPY,C1_trend_cont_long,1,tokyo,1.5999999999991132,54.18824052257599,-0.699999999997658,2.5000000000005684,0.699999999997658,-1.6999999999995907,2.5000000000005684,1.6999999999995907,0.10000000000047748,2.9000000000024784,1.6999999999995907,-5.799999999999272,9.700000000000841,6.89999999999884,-7.399999999998386,9.700000000000841,9.899999999998954
2023-05-23 07:15:00+00:00,USD_JPY,C1_trend_cont_long,1,london,1.5999999999991132,54.18824052257599,-2.9000000000024784,0.0,6.900000000001683,-1.9000000000005457,0.7999999999981355,6.900000000001683,0.49999999999954525,0.7999999999981355,6.900000000001683,-2.200000000001978,3.499999999999659,15.400000000002478,-14.500000000001023,3.499999999999659,15.400000000002478
2023-05-23 14:45:00+00:00,USD_JPY,C1_trend_cont_long,1,ny,1.700000000002433,54.333227797527314,2.400000000000091,6.299999999998818,0.0,-1.4000000000010004,6.299999999998818,1.4000000000010004,2.000000000001023,6.299999999998818,1.8000000000000682,7.399999999998386,7.800000000000296,1.8000000000000682,14.500000000001023,16.499999999999204,1.8000000000000682
2023-05-23 19:15:00+00:00,USD_JPY,C1_trend_cont_long,1,ny,1.4999999999986358,54.5379972405611,-7.1000000000026375,0.0,8.00000000000125,-2.600000000001046,0.0,8.00000000000125,-2.000000000001023,0.0,8.00000000000125,-0.20000000000095497,0.9999999999990905,8.00000000000125,1.3999999999981583,4.399999999998272,8.00000000000125
2023-05-23 22:15:00+00:00,USD_JPY,C1_trend_cont_long,1,offhours,1.999999999998181,54.5379972405611,-1.2000000000000455,0.7000000000005002,1.2000000000000455,-1.5999999999991132,0.7000000000005002,2.5000000000005684,-1.8000000000000682,0.7000000000005002,2.5000000000005684,-3.2000000000010687,0.7000000000005002,3.3999999999991815,-4.900000000000659,0.7000000000005002,5.89999999999975
2023-05-23 23:45:00+00:00,USD_JPY,C1_trend_cont_long,1,offhours,1.8999999999977035,54.5379972405611,-0.20000000000095497,0.0,0.7000000000005002,-0.8000000000009777,0.0,2.2999999999996135,-4.800000000000182,0.9999999999990905,4.800000000000182,-2.7999999999991587,3.499999999999659,4.800000000000182,-5.799999999999272,3.499999999999659,8.70000000000175
2023-06-01 08:00:00+00:00,USD_JPY,C1_trend_cont_long,1,london,1.6000000000019554,55.729294839140806,-9.999999999999432,0.0,11.199999999999477,-10.999999999998522,0.0,11.199999999999477,-9.100000000000819,0.0,13.800000000000523,-6.100000000000705,0.0,13.800000000000523,-13.800000000000523,0.0,16.800000000000637
2023-06-02 15:00:00+00:00,USD_JPY,C1_trend_cont_long,1,ny,1.5999999999991132,56.899112334839664,-3.1999999999982265,0.8000000000009777,3.1999999999982265,-2.199999999999136,0.8000000000009777,7.199999999997431,-4.099999999999682,0.8000000000009777,7.199999999997431,6.60000000000025,9.000000000000341,7.199999999997431,11.000000000001364,14.6000000000015,7.199999999997431
2023-06-05 13:45:00+00:00,USD_JPY,C1_trend_cont_long,1,ny,1.6999999999995907,54.80953632328589,0.0,2.899999999999636,3.0000000000001137,-9.000000000000341,2.899999999999636,9.000000000000341,-46.000000000000796,2.899999999999636,46.000000000000796,-75.7000000000005,2.899999999999636,75.7000000000005,-57.800000000000296,2.899999999999636,79.80000000000018
2023-06-06 14:00:00+00:00,USD_JPY,C1_trend_cont_long,1,ny,1.5999999999991132,56.16198893506278,-5.19999999999925,1.8000000000000682,5.19999999999925,-0.49999999999954525,1.8000000000000682,5.19999999999925,-2.800000000002001,1.8000000000000682,5.19999999999925,-4.300000000000637,1.8000000000000682,5.799999999999272,-13.2000000000005,5.299999999999727,15.900000000002024
2023-06-08 06:30:00+00:00,USD_JPY,C1_trend_cont_long,1,tokyo,1.5999999999991132,56.50864980918638,-3.7999999999982492,0.40000000000190994,3.7999999999982492,-9.799999999998477,0.40000000000190994,9.799999999998477,-11.099999999999,0.40000000000190994,11.7999999999995,-3.7999999999982492,0.40000000000190994,11.7999999999995,-6.799999999998363,0.40000000000190994,12.399999999999523
2023-06-09 09:00:00+00:00,USD_JPY,C1_trend_cont_long,1,london,1.500000000001478,58.035257371933,-1.6999999999995907,0.8000000000009777,1.6999999999995907,-2.400000000000091,0.8000000000009777,2.7000000000015234,1.3999999999981583,1.3999999999981583,2.7000000000015234,-3.6000000000001364,1.3999999999981583,5.400000000000205,3.0000000000001137,4.599999999999227,5.400000000000205
2023-06-12 02:00:00+00:00,USD_JPY,C1_trend_cont_long,1,tokyo,1.700000000002433,57.29162497886062,-1.099999999999568,0.0,1.9000000000005457,-1.8000000000000682,0.0,1.9000000000005457,1.300000000000523,1.300000000000523,1.9000000000005457,4.599999999999227,5.60000000000116,1.9000000000005457,0.9999999999990905,9.399999999999409,1.9000000000005457
2023-06-12 05:00:00+00:00,USD_JPY,C1_trend_cont_long,1,tokyo,1.6000000000019554,55.28508033751325,-1.2000000000000455,0.9999999999990905,1.2000000000000455,-4.800000000000182,0.9999999999990905,4.800000000000182,-7.200000000000273,0.9999999999990905,7.200000000000273,4.400000000001114,5.19999999999925,7.200000000000273,6.000000000000227,6.800000000001205,7.200000000000273
2023-06-13 17:00:00+00:00,USD_JPY,C1_trend_cont_long,1,ny,1.5999999999991132,57.833300631053895,-0.39999999999906777,0.0,1.2999999999976808,0.8000000000009777,1.4000000000010004,1.2999999999976808,2.7000000000015234,3.100000000000591,1.2999999999976808,12.100000000000932,12.100000000000932,1.2999999999976808,29.400000000001114,31.100000000000705,1.2999999999976808
2023-06-14 04:15:00+00:00,USD_JPY,C1_trend_cont_long,1,tokyo,1.700000000002433,57.833300631053895,0.0,0.6000000000000227,0.6000000000000227,-1.2000000000000455,0.7000000000005002,1.300000000000523,-1.2000000000000455,0.7000000000005002,1.300000000000523,-2.7999999999991587,0.7000000000005002,3.0000000000001137,6.89999999999884,6.89999999999884,5.60000000000116
2023-06-16 04:00:00+00:00,USD_JPY,C1_trend_cont_long,1,tokyo,1.6000000000019554,61.128750153761736,-0.2999999999985903,0.30000000000143245,1.9000000000005457,-3.999999999999204,0.30000000000143245,4.699999999999704,-6.799999999998363,0.30000000000143245,6.799999999998363,3.8000000000010914,3.8000000000010914,6.799999999998363,7.599999999999341,18.299999999999272,6.799999999998363
2023-06-19 06:15:00+00:00,USD_JPY,C1_trend_cont_long,1,tokyo,1.8000000000000682,64.89457820930383,-4.2999999999977945,0.0,4.999999999998295,-4.999999999998295,0.0,6.999999999999318,-1.3999999999981583,0.0,6.999999999999318,-1.4999999999986358,1.4000000000010004,6.999999999999318,5.60000000000116,5.800000000002115,6.999999999999318
2023-06-19 14:45:00+00:00,USD_JPY,C1_trend_cont_long,1,ny,1.6999999999995907,60.81879447638959,3.7999999999982492,3.7999999999982492,0.0,1.8999999999977035,3.7999999999982492,0.0,0.0,3.7999999999982492,2.800000000002001,1.8000000000000682,3.7999999999982492,2.800000000002001,5.3999999999973625,6.299999999998818,2.800000000002001
2023-06-20 04:45:00+00:00,USD_JPY,C1_trend_cont_long,1,tokyo,1.8000000000000682,58.59602344236174,3.900000000001569,5.700000000001637,0.0,10.300000000000864,10.300000000000864,0.0,13.500000000001933,16.500000000002046,0.0,19.50000000000216,20.000000000001705,0.0,13.700000000000045,24.00000000000091,0.0
2023-06-20 07:00:00+00:00,USD_JPY,C1_trend_cont_long,1,london,1.9000000000005457,59.21059319647874,-3.999999999999204,0.0,10.699999999999932,-3.499999999999659,0.0,10.699999999999932,-0.7000000000005002,2.5999999999982037,10.699999999999932,-10.200000000000387,2.5999999999982037,10.699999999999932,-15.399999999999636,2.5999999999982037,28.49999999999966
2023-06-21 01:00:00+00:00,USD_JPY,C1_trend_cont_long,1,tokyo,1.4999999999986358,57.77560978595626,2.5000000000005684,4.000000000002046,0.1999999999981128,2.600000000001046,4.000000000002046,0.1999999999981128,-3.1999999999982265,4.000000000002046,3.1999999999982265,-3.999999999999204,4.000000000002046,4.399999999998272,-6.399999999999295,4.000000000002046,13.199999999997658
2023-06-21 16:45:00+00:00,USD_JPY,C1_trend_cont_long,1,ny,1.500000000001478,54.86071964276449,-2.800000000002001,2.199999999999136,2.800000000002001,1.099999999999568,2.199999999999136,2.800000000002001,0.7999999999981355,2.7999999999991587,2.800000000002001,-9.300000000001774,2.7999999999991587,9.300000000001774,-15.200000000001523,2.7999999999991587,15.200000000001523
2023-06-22 01:00:00+00:00,USD_JPY,C1_trend_cont_long,1,tokyo,1.8000000000000682,54.484953953995664,-5.200000000002092,0.0,6.200000000001182,-5.500000000000682,0.0,6.900000000001683,-6.100000000000705,0.0,6.900000000001683,-6.000000000000227,0.0,8.100000000001728,-16.500000000002046,0.0,17.10000000000207
2023-06-25 23:15:00+00:00,USD_JPY,C1_trend_cont_long,1,offhours,1.9000000000005457,57.774077286452204,-2.800000000002001,0.0,3.0000000000001137,1.2000000000000455,2.0999999999986585,3.0000000000001137,3.1999999999982265,3.3999999999991815,3.0000000000001137,1.2000000000000455,3.3999999999991815,3.0000000000001137,-13.000000000002387,5.599999999998317,24.00000000000091
2023-06-26 01:30:00+00:00,USD_JPY,C1_trend_cont_long,1,tokyo,1.4999999999986358,57.774077286452204,1.5999999999991132,1.5999999999991132,0.6000000000000227,4.200000000000159,8.399999999997476,0.6000000000000227,-3.500000000002501,8.399999999997476,3.500000000002501,-2.600000000001046,8.399999999997476,10.699999999999932,-1.6000000000019554,8.399999999997476,10.699999999999932
2023-06-26 07:00:00+00:00,USD_JPY,C1_trend_cont_long,1,london,1.8000000000000682,57.461643194562704,-6.700000000000728,0.0,6.999999999999318,-22.20000000000084,0.0,22.20000000000084,-26.599999999999113,0.0,29.800000000000182,-37.000000000000455,0.0,37.60000000000048,-33.00000000000125,0.0,57.69999999999982
2023-06-26 13:30:00+00:00,USD_JPY,C1_trend_cont_long,1,ny,1.5999999999991132,55.988355611638276,7.399999999998386,11.099999999999,0.0,15.199999999998681,15.399999999999636,0.0,20.899999999997476,20.899999999997476,0.0,12.399999999999523,25.799999999998136,0.0,25.29999999999859,25.799999999998136,0.0
2023-06-27 00:00:00+00:00,USD_JPY,C1_trend_cont_long,1,tokyo,1.8000000000000682,56.3177587822355,-0.39999999999906777,2.000000000001023,1.2000000000000455,0.0,2.000000000001023,1.2000000000000455,-4.900000000000659,2.000000000001023,4.900000000000659,-7.400000000001228,2.000000000001023,8.199999999999363,0.49999999999954525,8.600000000001273,11.50000000000091
2023-06-27 01:00:00+00:00,USD_JPY,C1_trend_cont_long,1,tokyo,1.5999999999991132,56.3177587822355,-3.299999999998704,2.1000000000015007,3.299999999998704,-5.89999999999975,2.1000000000015007,6.89999999999884,-4.900000000000659,2.1000000000015007,6.89999999999884,-6.299999999998818,2.1000000000015007,7.699999999999818,-9.899999999998954,2.1000000000015007,19.200000000000728
2023-06-27 02:30:00+00:00,USD_JPY,C1_trend_cont_long,1,tokyo,1.6999999999995907,56.3177587822355,-1.2000000000000455,0.9999999999990905,1.2000000000000455,0.0,1.4000000000010004,1.2000000000000455,2.400000000000091,2.400000000000091,1.2000000000000455,-3.999999999999204,3.0000000000001137,4.200000000000159,-6.000000000000227,3.0000000000001137,10.999999999998522
2023-06-27 04:00:00+00:00,USD_JPY,C1_trend_cont_long,1,tokyo,1.500000000001478,56.3177587822355,-2.2999999999996135,0.0,2.2999999999996135,0.6000000000000227,0.6000000000000227,2.2999999999996135,4.800000000000182,4.800000000000182,2.2999999999996135,6.299999999998818,6.800000000001205,2.2999999999996135,6.000000000000227,6.800000000001205,2.2999999999996135
2023-06-27 07:15:00+00:00,USD_JPY,C1_trend_cont_long,1,london,1.6999999999995907,54.39506172636141,1.0000000000019327,3.300000000001546,0.0,-2.5999999999982037,3.300000000001546,2.5999999999982037,0.20000000000095497,3.300000000001546,2.5999999999982037,-0.7999999999981355,3.8000000000010914,2.5999999999982037,20.000000000001705,20.700000000002206,5.19999999999925
2023-06-28 01:30:00+00:00,USD_JPY,C1_trend_cont_long,1,tokyo,1.6000000000019554,55.91849512128852,-2.400000000000091,3.3999999999991815,3.900000000001569,-6.200000000001182,3.3999999999991815,6.999999999999318,-3.999999999999204,3.3999999999991815,6.999999999999318,5.19999999999925,5.19999999999925,6.999999999999318,11.7999999999995,12.999999999999545,6.999999999999318
2023-07-21 09:00:00+00:00,USD_JPY,C1_trend_cont_long,1,london,2.199999999999136,73.82174526571647,-11.699999999999022,0.0,11.699999999999022,-12.299999999999045,0.0,14.500000000001023,-14.500000000001023,0.0,16.900000000001114,-10.300000000000864,0.0,21.50000000000034,-24.100000000001387,0.0,32.099999999999795
2023-07-24 01:30:00+00:00,USD_JPY,C1_trend_cont_long,1,tokyo,1.9000000000005457,72.61670892809232,-7.399999999998386,0.0,7.399999999998386,-7.599999999999341,0.0,9.799999999998477,-17.300000000000182,0.0,17.300000000000182,-26.200000000000045,0.0,30.799999999999272,-33.29999999999984,0.0,37.5
2023-07-24 04:30:00+00:00,USD_JPY,C1_trend_cont_long,1,tokyo,1.5999999999991132,72.61670892809232,-4.900000000000659,1.099999999999568,4.900000000000659,-7.699999999999818,1.099999999999568,11.100000000001842,-14.900000000000091,1.099999999999568,14.900000000000091,-9.100000000000819,1.099999999999568,15.500000000000114,-5.89999999999975,1.099999999999568,17.00000000000159
2023-07-24 06:00:00+00:00,USD_JPY,C1_trend_cont_long,1,tokyo,1.9000000000005457,70.2869440046572,-4.600000000002069,0.0,7.00000000000216,1.999999999998181,3.7999999999982492,7.00000000000216,2.199999999999136,3.7999999999982492,7.00000000000216,-0.40000000000190994,7.099999999999795,7.00000000000216,-16.800000000000637,7.099999999999795,16.800000000000637
2023-07-24 08:30:00+00:00,USD_JPY,C1_trend_cont_long,1,london,1.500000000001478,70.2869440046572,-10.999999999998522,0.0,10.999999999998522,-5.099999999998772,0.0,10.999999999998522,-9.999999999999432,0.0,12.999999999999545,-10.3999999999985,0.0,17.599999999998772,-19.999999999998863,0.0,28.199999999998226
2023-07-24 14:30:00+00:00,USD_JPY,C1_trend_cont_long,1,ny,1.8000000000000682,67.67700784075039,-5.000000000001137,7.399999999998386,5.000000000001137,-5.60000000000116,7.399999999998386,6.800000000001205,-10.500000000001819,7.399999999998386,11.000000000001364,-21.60000000000082,7.399999999998386,21.999999999999886,-8.00000000000125,7.399999999998386,21.999999999999886
2023-07-24 16:15:00+00:00,USD_JPY,C1_trend_cont_long,1,ny,1.9000000000005457,67.67700784075039,6.60000000000025,6.60000000000025,0.0,9.300000000001774,9.900000000001796,0.0,9.600000000000364,11.400000000000432,0.0,6.499999999999773,11.400000000000432,0.0,-2.5999999999982037,11.400000000000432,2.5999999999982037
2023-07-24 17:30:00+00:00,USD_JPY,C1_trend_cont_long,1,ny,1.9000000000005457,67.71436442355404,5.19999999999925,5.400000000000205,0.0,1.2000000000000455,5.400000000000205,0.0,0.0,5.400000000000205,-0.0,5.19999999999925,5.400000000000205,-0.0,7.999999999998408,9.000000000000341,-0.0
2023-07-25 01:00:00+00:00,USD_JPY,C1_trend_cont_long,1,tokyo,2.000000000001023,67.71436442355404,-3.1999999999982265,1.0000000000019327,3.1999999999982265,-10.599999999999454,1.0000000000019327,10.599999999999454,-8.599999999998431,1.0000000000019327,11.7999999999995,-1.2999999999976808,1.0000000000019327,11.7999999999995,-17.599999999998772,1.0000000000019327,17.599999999998772
2023-07-25 04:30:00+00:00,USD_JPY,C1_trend_cont_long,1,tokyo,1.8000000000000682,67.71436442355404,0.9000000000014552,0.9000000000014552,0.899999999998613,0.20000000000095497,0.9000000000014552,1.3999999999981583,0.9000000000014552,1.2000000000000455,1.3999999999981583,5.800000000002115,7.70000000000266,1.3999999999981583,5.800000000002115,8.500000000000796,1.3999999999981583
2023-07-25 09:45:00+00:00,USD_JPY,C1_trend_cont_long,1,london,1.8000000000000682,62.88126320194202,-4.900000000000659,0.0,4.900000000000659,-6.699999999997885,0.0,8.099999999998886,-7.299999999997908,0.0,8.099999999998886,-5.699999999998795,0.0,8.099999999998886,-1.099999999999568,0.30000000000143245,8.099999999998886
2023-07-25 13:15:00+00:00,USD_JPY,C1_trend_cont_long,1,ny,1.8000000000000682,62.31117297323192,1.8000000000000682,1.8000000000000682,1.6999999999995907,11.100000000001842,11.100000000001842,1.6999999999995907,2.2999999999996135,11.100000000001842,1.6999999999995907,-23.999999999998067,11.100000000001842,23.999999999998067,-24.2999999999995,11.100000000001842,26.800000000000068
2023-07-31 05:00:00+00:00,USD_JPY,C1_trend_cont_long,1,tokyo,2.000000000001023,95.41075661528306,2.2999999999996135,2.2999999999996135,2.1000000000015007,4.800000000000182,7.099999999999795,2.1000000000015007,6.699999999997885,7.299999999997908,2.1000000000015007,2.4999999999977263,7.800000000000296,2.1000000000015007,-2.5000000000005684,7.800000000000296,8.100000000001728
2023-08-02 00:45:00+00:00,USD_JPY,C1_trend_cont_long,1,tokyo,2.2999999999996135,81.32071419954838,2.000000000001023,2.000000000001023,3.8000000000010914,0.39999999999906777,6.799999999998363,3.8000000000010914,-1.9000000000005457,6.799999999998363,3.8000000000010914,10.80000000000041,12.199999999998568,3.8000000000010914,1.2000000000000455,12.199999999998568,14.500000000001023
2023-08-02 01:45:00+00:00,USD_JPY,C1_trend_cont_long,1,tokyo,1.8999999999977035,81.32071419954838,3.8999999999987267,5.19999999999925,0.0,3.3999999999991815,5.19999999999925,0.0,8.599999999998431,8.599999999998431,0.0,10.3999999999985,15.199999999998681,0.0,12.999999999999545,15.199999999998681,0.0
2023-08-02 11:45:00+00:00,USD_JPY,C1_trend_cont_long,1,london,1.4999999999986358,78.57245254961065,8.600000000001273,9.399999999999409,-0.0,0.8000000000009777,9.399999999999409,-0.0,-7.200000000000273,9.399999999999409,7.200000000000273,20.600000000001728,20.600000000001728,10.299999999998022,19.599999999999795,30.400000000000205,10.299999999998022
2023-08-03 02:00:00+00:00,USD_JPY,C1_trend_cont_long,1,tokyo,1.8999999999977035,77.01145143308281,5.299999999999727,5.299999999999727,0.0,6.800000000001205,7.699999999999818,0.0,4.699999999999704,7.699999999999818,0.0,5.000000000001137,7.699999999999818,0.0,4.400000000001114,7.699999999999818,7.499999999998863
2023-08-07 17:00:00+00:00,USD_JPY,C1_trend_cont_long,1,ny,2.1000000000015007,68.48739219669967,-3.0000000000001137,0.09999999999763531,6.000000000000227,0.1999999999981128,0.1999999999981128,6.000000000000227,-2.1000000000015007,1.099999999999568,6.000000000000227,-2.800000000002001,1.099999999999568,6.000000000000227,-9.200000000001296,1.099999999999568,9.200000000001296
2023-08-08 11:45:00+00:00,USD_JPY,C1_trend_cont_long,1,london,2.0999999999986585,69.14729225123584,8.600000000001273,8.600000000001273,0.0,10.599999999999454,14.19999999999959,0.0,8.799999999999386,14.19999999999959,0.0,-0.49999999999954525,14.19999999999959,0.49999999999954525,3.2000000000010687,14.19999999999959,10.300000000000864
2023-08-08 12:45:00+00:00,USD_JPY,C1_trend_cont_long,1,ny,1.9000000000005457,69.14729225123584,7.599999999999341,7.599999999999341,0.0,3.3999999999991815,11.39999999999759,0.0,17.399999999997817,17.399999999997817,0.0,6.799999999998363,17.399999999997817,0.0,-0.10000000000047748,17.399999999997817,0.40000000000190994
2023-08-08 23:45:00+00:00,USD_JPY,C1_trend_cont_long,1,offhours,2.1000000000015007,65.11526729825951,3.3999999999991815,3.3999999999991815,0.0,0.39999999999906777,3.3999999999991815,0.8000000000009777,-3.0000000000001137,3.3999999999991815,3.0000000000001137,1.8999999999977035,3.3999999999991815,7.600000000002183,-10.200000000000387,4.399999999998272,15.200000000001523
2023-08-09 01:00:00+00:00,USD_JPY,C1_trend_cont_long,1,tokyo,2.0999999999986585,65.11526729825951,-2.400000000000091,0.9999999999990905,2.400000000000091,-0.9000000000014552,2.400000000000091,2.400000000000091,-4.099999999999682,2.400000000000091,4.500000000001592,-1.8000000000000682,2.400000000000091,8.600000000001273,3.8000000000010914,6.000000000000227,8.600000000001273
2023-08-09 08:00:00+00:00,USD_JPY,C1_trend_cont_long,1,london,2.000000000001023,62.29274820552669,-1.300000000000523,0.0,2.7000000000015234,-2.000000000001023,0.0,2.7000000000015234,1.4999999999986358,1.4999999999986358,2.7000000000015234,1.4999999999986358,4.099999999999682,3.0000000000001137,3.700000000000614,6.100000000000705,3.0000000000001137
2023-08-10 08:15:00+00:00,USD_JPY,C1_trend_cont_long,1,london,1.8999999999977035,56.5918362530729,-4.200000000000159,0.0,4.200000000000159,-1.099999999999568,0.0,4.200000000000159,2.899999999999636,2.899999999999636,4.200000000000159,-4.800000000000182,3.100000000000591,6.999999999999318,0.20000000000095497,3.100000000000591,6.999999999999318
2023-08-10 09:15:00+00:00,USD_JPY,C1_trend_cont_long,1,london,1.9000000000005457,55.34956223499624,-1.0000000000019327,1.3999999999981583,2.400000000000091,-1.8000000000000682,1.3999999999981583,2.400000000000091,0.899999999998613,1.3999999999981583,2.400000000000091,6.19999999999834,6.19999999999834,2.400000000000091,7.199999999997431,8.199999999999363,2.400000000000091
2023-08-10 11:00:00+00:00,USD_JPY,C1_trend_cont_long,1,london,1.6000000000019554,55.34956223499624,-6.100000000000705,0.0,6.100000000000705,-8.500000000000796,0.0,11.400000000000432,-7.200000000000273,0.0,11.400000000000432,-3.100000000000591,0.0,11.400000000000432,-6.89999999999884,0.0,11.400000000000432
2023-08-10 12:45:00+00:00,USD_JPY,C1_trend_cont_long,1,ny,1.8000000000000682,55.34956223499624,-12.600000000000477,0.0,12.600000000000477,-19.700000000000273,0.0,20.300000000000296,-12.899999999999068,0.0,20.300000000000296,14.699999999999136,21.09999999999843,20.300000000000296,30.500000000000682,32.399999999998386,20.300000000000296
2023-08-11 12:45:00+00:00,USD_JPY,C1_trend_cont_long,1,ny,2.000000000001023,54.27051611291475,7.999999999998408,7.999999999998408,0.0,8.400000000000318,10.299999999998022,0.0,8.599999999998431,10.299999999998022,0.0,11.199999999999477,11.199999999999477,2.600000000001046,6.999999999999318,13.999999999998636,2.600000000001046
2023-09-04 05:00:00+00:00,USD_JPY,C1_trend_cont_long,1,tokyo,1.5999999999991132,56.792289771729386,1.099999999999568,2.0999999999986585,0.0,2.2999999999996135,2.2999999999996135,0.0,0.49999999999954525,2.2999999999996135,0.0,-0.30000000000143245,2.2999999999996135,0.5000000000023874,1.2999999999976808,6.89999999999884,2.3000000000024556
2024-01-03 18:00:00+00:00,USD_JPY,C1_trend_cont_long,1,ny,1.4999999999986358,63.90294430003661,2.5000000000005684,3.300000000001546,0.0,7.400000000001228,7.400000000001228,0.0,10.300000000000864,12.20000000000141,0.0,9.300000000001774,12.20000000000141,0.0,9.000000000000341,12.20000000000141,6.19999999999834
2024-01-04 00:45:00+00:00,USD_JPY,C1_trend_cont_long,1,tokyo,1.6000000000019554,63.90294430003661,-4.699999999999704,1.099999999999568,4.699999999999704,1.300000000000523,9.199999999998454,4.699999999999704,4.300000000000637,9.199999999998454,4.699999999999704,0.10000000000047748,9.199999999998454,8.500000000000796,20.300000000000296,21.09999999999843,8.500000000000796
2024-01-04 07:30:00+00:00,USD_JPY,C1_trend_cont_long,1,london,1.6999999999995907,64.13844827860541,-7.199999999997431,0.8000000000009777,7.199999999997431,-16.799999999997794,0.8000000000009777,16.799999999997794,-19.799999999997908,0.8000000000009777,22.799999999998022,-0.1999999999981128,0.8000000000009777,22.799999999998022,13.500000000001933,13.800000000000523,22.799999999998022
2024-01-05 14:45:00+00:00,USD_JPY,C1_trend_cont_long,1,ny,1.6999999999995907,63.8018761975779,-13.199999999997658,0.0,13.199999999997658,-7.799999999997453,0.0,14.799999999999613,-60.99999999999852,0.0,60.99999999999852,-87.5,0.0,114.49999999999818,-119.29999999999836,0.0,128.49999999999966
2024-01-05 18:15:00+00:00,USD_JPY,C1_trend_cont_long,1,ny,1.6999999999995907,71.22317075489391,1.5999999999991132,4.999999999998295,0.0,0.1999999999981128,7.399999999998386,0.0,-0.6000000000000227,7.399999999998386,2.600000000001046,-5.200000000002092,7.399999999998386,6.400000000002137,-22.500000000002274,7.399999999998386,31.000000000000227
2024-01-07 23:15:00+00:00,USD_JPY,C1_trend_cont_long,1,offhours,2.199999999999136,71.22317075489391,-6.100000000000705,4.200000000000159,6.100000000000705,-0.9999999999990905,4.200000000000159,6.100000000000705,8.400000000000318,9.399999999999409,6.100000000000705,-3.100000000000591,9.399999999999409,6.100000000000705,-14.300000000000068,9.399999999999409,14.300000000000068
2024-01-08 08:15:00+00:00,USD_JPY,C1_trend_cont_long,1,london,1.5999999999991132,69.20722998668725,-0.09999999999763531,1.8000000000000682,0.899999999998613,3.500000000002501,5.700000000001637,0.899999999998613,-5.89999999999975,5.700000000001637,5.89999999999975,-5.89999999999975,5.700000000001637,15.899999999999181,-6.099999999997863,5.700000000001637,15.899999999999181
2024-01-08 09:30:00+00:00,USD_JPY,C1_trend_cont_long,1,london,1.9000000000005457,69.20722998668725,-6.099999999997863,0.0,8.099999999998886,-10.499999999998977,0.0,13.399999999998613,-15.399999999999636,0.0,16.399999999998727,-31.399999999999295,0.0,33.799999999999386,-18.199999999998795,0.0,33.799999999999386
2024-01-08 11:45:00+00:00,USD_JPY,C1_trend_cont_long,1,london,1.6999999999995907,68.02099927335253,3.7999999999982492,6.89999999999884,0.0,5.299999999999727,7.200000000000273,0.0,13.2000000000005,13.2000000000005,0.0,15.399999999999636,17.799999999999727,0.0,5.599999999998317,19.199999999997885,0.0
2024-01-08 13:15:00+00:00,USD_JPY,C1_trend_cont_long,1,ny,1.8000000000000682,68.02099927335253,3.0000000000001137,3.2000000000010687,0.10000000000047748,-8.400000000000318,3.3999999999991815,8.400000000000318,-17.599999999998772,3.3999999999991815,17.599999999998772,-9.899999999998954,3.3999999999991815,26.200000000000045,-11.7999999999995,3.3999999999991815,26.200000000000045
2024-01-09 17:00:00+00:00,USD_JPY,C1_trend_cont_long,1,ny,1.5999999999991132,64.47224906884225,9.000000000000341,9.000000000000341,1.3999999999981583,4.400000000001114,9.000000000000341,1.3999999999981583,9.100000000000819,9.100000000000819,1.3999999999981583,6.900000000001683,13.400000000001455,1.3999999999981583,7.200000000000273,13.400000000001455,1.3999999999981583
2024-01-11 01:15:00+00:00,USD_JPY,C1_trend_cont_long,1,tokyo,1.6999999999995907,62.569699331970575,-4.200000000000159,0.0,4.200000000000159,-0.6000000000000227,0.10000000000047748,4.200000000000159,-2.199999999999136,2.199999999999136,4.200000000000159,-6.499999999999773,2.199999999999136,6.499999999999773,-15.299999999999159,2.199999999999136,18.999999999999773
2024-01-11 02:45:00+00:00,USD_JPY,C1_trend_cont_long,1,tokyo,1.6999999999995907,62.569699331970575,-9.100000000000819,0.0,9.100000000000819,0.8000000000009777,0.8000000000009777,9.100000000000819,2.199999999999136,2.199999999999136,9.100000000000819,-1.5999999999991132,2.199999999999136,9.100000000000819,-12.399999999999523,2.199999999999136,13.599999999999568
2024-01-11 06:00:00+00:00,USD_JPY,C1_trend_cont_long,1,tokyo,1.6999999999995907,60.4790065225441,-1.6000000000019554,1.3999999999981583,1.6000000000019554,-5.000000000001137,1.3999999999981583,5.000000000001137,-2.600000000001046,1.3999999999981583,6.000000000000227,-7.800000000000296,1.6999999999995907,7.800000000000296,-5.800000000002115,1.6999999999995907,10.200000000000387
2024-01-11 09:00:00+00:00,USD_JPY,C1_trend_cont_long,1,london,1.9000000000005457,60.4790065225441,4.000000000002046,5.200000000002092,1.3999999999981583,4.000000000002046,5.200000000002092,1.3999999999981583,2.400000000000091,5.200000000002092,1.3999999999981583,5.400000000000205,5.500000000000682,1.3999999999981583,2.600000000001046,5.500000000000682,4.999999999998295
2024-01-11 11:15:00+00:00,USD_JPY,C1_trend_cont_long,1,london,1.8000000000000682,57.92336319950534,-4.400000000001114,0.0,4.600000000002069,-6.499999999999773,0.0,7.400000000001228,-7.900000000000773,0.0,10.400000000001342,-7.200000000000273,0.0,10.400000000001342,-4.000000000002046,0.0,11.400000000000432
2024-01-11 13:45:00+00:00,USD_JPY,C1_trend_cont_long,1,ny,1.6999999999995907,57.92336319950534,15.600000000000591,20.50000000000125,0.0,26.000000000001933,30.200000000002092,0.0,54.90000000000066,54.90000000000066,0.0,33.60000000000127,56.40000000000214,0.0,21.700000000001296,56.40000000000214,0.0
2024-01-12 13:00:00+00:00,USD_JPY,C1_trend_cont_long,1,ny,1.4999999999986358,65.34468389059437,5.200000000002092,5.200000000002092,1.5999999999991132,0.40000000000190994,5.200000000002092,1.5999999999991132,-5.400000000000205,5.200000000002092,5.400000000000205,-32.399999999998386,7.200000000000273,32.399999999998386,-68.39999999999975,7.200000000000273,68.39999999999975
2024-01-15 06:00:00+00:00,USD_JPY,C1_trend_cont_long,1,tokyo,1.8000000000000682,64.28931140948816,1.8000000000000682,2.0999999999986585,0.9999999999990905,-0.8000000000009777,2.199999999999136,0.9999999999990905,-0.8000000000009777,2.199999999999136,1.099999999999568,0.49999999999954525,2.199999999999136,6.499999999999773,1.2000000000000455,2.199999999999136,6.499999999999773
2024-01-16 00:30:00+00:00,USD_JPY,C1_trend_cont_long,1,tokyo,1.9000000000005457,59.31789984207181,-0.20000000000095497,0.6000000000000227,1.4000000000010004,6.700000000000728,6.700000000000728,1.4000000000010004,6.000000000000227,6.700000000000728,1.4000000000010004,8.699999999998909,14.6000000000015,1.4000000000010004,15.799999999998704,36.50000000000091,1.4000000000010004
2024-01-16 14:00:00+00:00,USD_JPY,C1_trend_cont_long,1,ny,1.9000000000005457,58.395927825449,-5.799999999999272,0.0,5.799999999999272,-14.700000000001978,0.0,16.100000000000136,-11.50000000000091,0.0,17.00000000000159,-22.59999999999991,0.0,22.59999999999991,6.999999999999318,9.499999999999886,22.59999999999991
2024-01-18 03:15:00+00:00,USD_JPY,C1_trend_cont_long,1,tokyo,1.8000000000000682,58.091063117477795,-7.599999999999341,0.0,7.599999999999341,-3.900000000001569,0.0,8.799999999999386,-2.600000000001046,0.0,8.799999999999386,-6.60000000000025,1.4000000000010004,8.799999999999386,-14.400000000000546,1.4000000000010004,15.899999999999181
2024-01-18 11:15:00+00:00,USD_JPY,C1_trend_cont_long,1,london,1.6000000000019554,54.66729421864158,-1.9000000000005457,0.39999999999906777,1.9000000000005457,-5.299999999999727,0.39999999999906777,5.299999999999727,-8.29999999999984,0.39999999999906777,8.29999999999984,-6.700000000000728,0.39999999999906777,8.29999999999984,-14.099999999999113,0.39999999999906777,16.30000000000109
2024-01-18 13:15:00+00:00,USD_JPY,C1_trend_cont_long,1,ny,1.6999999999995907,54.66729421864158,2.000000000001023,2.7000000000015234,0.1999999999981128,6.000000000000227,8.00000000000125,0.1999999999981128,20.50000000000125,20.50000000000125,0.1999999999981128,30.500000000000682,32.00000000000216,0.1999999999981128,11.400000000000432,38.60000000000241,0.1999999999981128
2024-01-19 13:45:00+00:00,USD_JPY,C1_trend_cont_long,1,ny,1.8000000000000682,56.10552608753178,0.10000000000047748,2.1000000000015007,2.899999999999636,0.6000000000000227,4.900000000000659,2.899999999999636,-2.2999999999996135,4.900000000000659,2.899999999999636,5.500000000000682,5.500000000000682,4.699999999999704,28.300000000001546,29.50000000000159,4.699999999999704
2024-01-19 16:45:00+00:00,USD_JPY,C1_trend_cont_long,1,ny,1.8000000000000682,54.76941708127947,-4.100000000002524,0.699999999997658,4.100000000002524,-0.10000000000047748,0.699999999997658,4.100000000002524,-1.9000000000005457,0.899999999998613,4.100000000002524,-8.400000000000318,0.899999999998613,8.400000000000318,-9.500000000002728,0.899999999998613,18.10000000000116
2024-01-19 18:15:00+00:00,USD_JPY,C1_trend_cont_long,1,ny,1.6999999999995907,54.50017300404516,-0.20000000000095497,1.2000000000000455,0.9000000000014552,2.199999999999136,2.199999999999136,2.000000000001023,0.2999999999985903,2.199999999999136,2.000000000001023,6.299999999998818,7.899999999997931,2.000000000001023,-2.5000000000005684,7.899999999997931,2.5000000000005684
2024-01-19 20:45:00+00:00,USD_JPY,C1_trend_cont_long,1,ny,1.5999999999991132,54.50017300404516,-0.7999999999981355,1.6999999999995907,0.7999999999981355,-0.2999999999985903,1.6999999999995907,0.7999999999981355,-2.5000000000005684,1.6999999999995907,2.5000000000005684,-6.89999999999884,1.6999999999995907,6.89999999999884,-3.8999999999987267,1.6999999999995907,7.899999999997931
2024-01-21 22:30:00+00:00,USD_JPY,C1_trend_cont_long,1,offhours,9.000000000000341,54.50017300404516,1.2000000000000455,1.300000000000523,-0.0,3.100000000000591,3.3999999999991815,-0.0,1.6999999999995907,3.3999999999991815,-0.0,1.999999999998181,3.3999999999991815,-0.0,-8.500000000000796,5.400000000000205,11.600000000001387
2024-01-22 00:30:00+00:00,USD_JPY,C1_trend_cont_long,1,tokyo,1.700000000002433,54.50017300404516,-3.3999999999991815,0.0,3.3999999999991815,-10.999999999998522,0.0,10.999999999998522,-11.7999999999995,0.0,12.899999999999068,-8.599999999998431,0.0,13.2000000000005,-26.400000000001,0.0,32.59999999999934
2024-01-23 13:00:00+00:00,USD_JPY,C1_trend_cont_long,1,ny,1.9000000000005457,57.33107230744131,2.400000000000091,2.400000000000091,2.199999999999136,11.400000000000432,11.400000000000432,2.199999999999136,7.800000000000296,11.400000000000432,2.199999999999136,0.0,11.400000000000432,2.600000000001046,11.699999999999022,11.699999999999022,6.100000000000705
2024-01-25 06:00:00+00:00,USD_JPY,C1_trend_cont_long,1,tokyo,1.6999999999995907,62.71054610149154,0.0,0.7999999999981355,2.800000000002001,4.099999999999682,4.099999999999682,2.800000000002001,6.799999999998363,9.799999999998477,2.800000000002001,2.5999999999982037,9.799999999998477,2.800000000002001,-2.400000000000091,9.799999999998477,9.600000000000364
2024-01-25 18:00:00+00:00,USD_JPY,C1_trend_cont_long,1,ny,1.8000000000000682,62.641570621347356,-5.000000000001137,0.0,8.29999999999984,-10.900000000000887,0.0,11.400000000000432,-6.500000000002615,0.0,12.600000000000477,-10.900000000000887,0.0,13.000000000002387,2.7999999999991587,2.7999999999991587,13.000000000002387
2024-01-25 23:45:00+00:00,USD_JPY,C1_trend_cont_long,1,offhours,1.8000000000000682,62.641570621347356,1.9000000000005457,6.499999999999773,1.9000000000005457,1.8000000000000682,6.499999999999773,1.9000000000005457,6.100000000000705,6.499999999999773,1.9000000000005457,8.500000000000796,17.300000000000182,1.9000000000005457,-8.099999999998886,17.300000000000182,8.099999999998886
2024-01-26 05:00:00+00:00,USD_JPY,C1_trend_cont_long,1,tokyo,1.8000000000000682,62.641570621347356,1.0000000000019327,1.0000000000019327,0.9999999999990905,-4.200000000000159,1.0000000000019327,4.200000000000159,-4.099999999999682,1.0000000000019327,4.200000000000159,-2.199999999999136,1.0000000000019327,5.400000000000205,-2.6999999999986812,1.0000000000019327,10.699999999999932
2024-01-26 12:45:00+00:00,USD_JPY,C1_trend_cont_long,1,ny,1.8000000000000682,58.70574201534547,4.100000000002524,4.100000000002524,0.899999999998613,4.200000000000159,6.100000000000705,0.899999999998613,0.10000000000047748,6.100000000000705,0.899999999998613,-3.8999999999987267,6.100000000000705,5.699999999998795,2.600000000001046,10.500000000001819,10.699999999999932
2024-01-26 13:45:00+00:00,USD_JPY,C1_trend_cont_long,1,ny,1.8000000000000682,58.70574201534547,-21.09999999999843,0.0,21.09999999999843,-16.30000000000109,0.0,21.09999999999843,-12.299999999999045,0.0,21.09999999999843,4.200000000000159,4.200000000000159,21.09999999999843,9.499999999999886,11.50000000000091,21.09999999999843
2024-01-26 15:00:00+00:00,USD_JPY,C1_trend_cont_long,1,ny,1.5999999999991132,58.06961758567787,7.00000000000216,9.600000000000364,0.0,3.4000000000020236,9.600000000000364,0.0,6.800000000001205,9.600000000000364,0.0,15.600000000000591,15.600000000000591,0.0,8.400000000000318,15.600000000000591,0.0
2024-01-29 05:00:00+00:00,USD_JPY,C1_trend_cont_long,1,tokyo,1.6999999999995907,57.707502043843746,-0.9000000000014552,0.10000000000047748,1.2000000000000455,0.9999999999990905,0.9999999999990905,1.2000000000000455,-3.0000000000001137,2.0999999999986585,3.0000000000001137,-2.199999999999136,2.0999999999986585,6.000000000000227,-4.599999999999227,2.199999999999136,6.000000000000227
2024-01-29 13:00:00+00:00,USD_JPY,C1_trend_cont_long,1,ny,1.9000000000005457,54.08810125208978,1.2000000000000455,1.2000000000000455,0.7999999999981355,0.10000000000047748,1.2000000000000455,0.7999999999981355,2.9000000000024784,3.4000000000020236,0.7999999999981355,-0.39999999999906777,10.80000000000041,0.7999999999981355,1.2000000000000455,10.80000000000041,5.19999999999925
2024-02-02 18:00:00+00:00,USD_JPY,C1_trend_cont_long,1,ny,1.500000000001478,64.36752732814762,-1.9000000000005457,0.2999999999985903,1.9000000000005457,-3.6000000000001364,0.2999999999985903,3.6000000000001364,-6.200000000001182,0.2999999999985903,6.200000000001182,-16.200000000000614,0.2999999999985903,16.200000000000614,-23.599999999999,0.2999999999985903,30.500000000000682
2024-02-05 11:45:00+00:00,USD_JPY,C1_trend_cont_long,1,london,2.000000000001023,59.51434754314775,0.2999999999985903,0.2999999999985903,2.2999999999996135,2.2999999999996135,3.299999999998704,2.2999999999996135,5.599999999998317,6.299999999998818,2.2999999999996135,7.699999999999818,9.699999999997999,2.2999999999996135,13.899999999998158,14.900000000000091,2.2999999999996135
2024-02-05 15:15:00+00:00,USD_JPY,C1_trend_cont_long,1,ny,1.5999999999991132,57.92046557577996,0.49999999999954525,0.49999999999954525,4.000000000002046,-3.100000000000591,0.49999999999954525,4.000000000002046,2.2999999999996135,2.2999999999996135,5.299999999999727,8.799999999999386,10.099999999999909,5.299999999999727,16.100000000000136,22.299999999998477,5.299999999999727
2024-02-05 18:30:00+00:00,USD_JPY,C1_trend_cont_long,1,ny,1.500000000001478,57.34043232036724,-2.899999999999636,0.899999999998613,2.899999999999636,-1.4000000000010004,0.899999999998613,2.899999999999636,-1.4000000000010004,0.899999999998613,2.899999999999636,-1.2000000000000455,0.899999999998613,5.000000000001137,5.19999999999925,6.499999999999773,5.000000000001137
2024-02-06 03:15:00+00:00,USD_JPY,C1_trend_cont_long,1,tokyo,1.500000000001478,57.34043232036724,0.8000000000009777,0.9000000000014552,-0.0,1.6999999999995907,1.6999999999995907,-0.0,-0.39999999999906777,1.6999999999995907,0.7000000000005002,1.5999999999991132,2.400000000000091,3.7999999999982492,-2.7999999999991587,2.7999999999991587,5.400000000000205
2024-02-06 08:15:00+00:00,USD_JPY,C1_trend_cont_long,1,london,1.4000000000010004,55.33040144034103,1.6000000000019554,1.6999999999995907,0.0,-0.7000000000005002,1.6999999999995907,2.199999999999136,-0.6000000000000227,1.6999999999995907,2.199999999999136,2.899999999999636,2.899999999999636,3.700000000000614,-2.400000000000091,9.000000000000341,4.399999999998272
2024-04-29 16:00:00+00:00,USD_JPY,C1_trend_cont_long,1,ny,1.5999999999991132,97.45564165552398,-3.300000000001546,0.0,3.300000000001546,-11.600000000001387,0.0,12.5,-13.900000000001,0.0,14.900000000000091,-27.1000000000015,0.0,31.900000000001683,-94.10000000000025,0.0,161.20000000000232
2024-04-30 02:00:00+00:00,USD_JPY,C1_trend_cont_long,1,tokyo,1.5999999999991132,103.43023868012926,-6.399999999999295,0.0,6.399999999999295,-2.199999999999136,0.0,6.399999999999295,-2.5000000000005684,0.0,6.399999999999295,-8.599999999998431,0.0,10.099999999999909,-15.399999999999636,0.0,18.199999999998795
2024-05-08 05:00:00+00:00,USD_JPY,C1_trend_cont_long,1,tokyo,1.5999999999991132,62.42960899523815,0.7999999999981355,2.400000000000091,0.0,3.6000000000001364,3.6000000000001364,0.0,4.999999999998295,4.999999999998295,0.0,4.800000000000182,6.499999999999773,0.0,-4.300000000000637,8.599999999998431,4.300000000000637
2024-05-17 05:00:00+00:00,USD_JPY,C1_trend_cont_long,1,tokyo,2.000000000001023,57.017453609231346,-4.099999999999682,1.099999999999568,4.099999999999682,-2.5000000000005684,1.099999999999568,5.299999999999727,-2.899999999999636,1.099999999999568,5.299999999999727,1.9000000000005457,4.699999999999704,5.299999999999727,-2.899999999999636,4.699999999999704,7.800000000000296
2024-06-07 17:00:00+00:00,USD_JPY,C1_trend_cont_long,1,ny,1.6999999999995907,61.23379652811275,-0.39999999999906777,3.8000000000010914,0.39999999999906777,-3.3999999999991815,3.8000000000010914,3.3999999999991815,-1.3999999999981583,3.8000000000010914,3.7999999999982492,-3.0000000000001137,3.8000000000010914,5.299999999999727,-11.199999999999477,3.8000000000010914,11.199999999999477
2024-06-10 10:00:00+00:00,USD_JPY,C1_trend_cont_long,1,london,1.300000000000523,55.29910749718074,-7.699999999999818,0.0,9.600000000000364,-13.399999999998613,0.0,13.399999999998613,-13.399999999998613,0.0,16.29999999999825,-5.799999999999272,0.0,16.29999999999825,-8.799999999999386,0.0,16.29999999999825
2024-06-10 11:30:00+00:00,USD_JPY,C1_trend_cont_long,1,london,1.500000000001478,55.29910749718074,0.49999999999954525,2.199999999999136,0.8000000000009777,-0.6000000000000227,2.199999999999136,0.8000000000009777,-3.0000000000001137,2.199999999999136,3.0000000000001137,-5.400000000000205,2.199999999999136,10.3999999999985,3.0000000000001137,3.0000000000001137,13.599999999999568
2024-06-10 12:30:00+00:00,USD_JPY,C1_trend_cont_long,1,ny,1.6000000000019554,55.29910749718074,-3.2000000000010687,0.0,4.400000000001114,3.3999999999991815,3.3999999999991815,4.400000000001114,0.7000000000005002,3.3999999999991815,4.400000000001114,0.9000000000014552,3.3999999999991815,4.400000000001114,-6.999999999999318,3.3999999999991815,15.299999999999159
2024-06-14 08:30:00+00:00,USD_JPY,C1_trend_cont_long,1,london,1.500000000001478,56.99669544193342,0.7999999999981355,3.1999999999982265,0.0,-9.200000000001296,3.1999999999982265,9.200000000001296,-18.899999999999295,3.1999999999982265,19.300000000001205,-13.700000000000045,3.1999999999982265,19.300000000001205,-25.0,3.1999999999982265,30.100000000001614
2024-06-14 14:30:00+00:00,USD_JPY,C1_trend_cont_long,1,ny,1.8000000000000682,60.312456784116165,-0.39999999999906777,0.0,3.8000000000010914,-0.20000000000095497,0.0,3.8000000000010914,-0.6000000000000227,3.2000000000010687,3.8000000000010914,5.799999999999272,15.000000000000568,3.8000000000010914,2.600000000001046,15.000000000000568,3.8000000000010914
2024-06-14 16:45:00+00:00,USD_JPY,C1_trend_cont_long,1,ny,1.500000000001478,60.312456784116165,-5.100000000001614,0.0,5.400000000000205,-4.200000000000159,0.0,5.400000000000205,-4.300000000000637,0.0,5.400000000000205,-1.8000000000000682,0.20000000000095497,5.400000000000205,-2.000000000001023,0.20000000000095497,9.600000000000364
2024-06-14 19:15:00+00:00,USD_JPY,C1_trend_cont_long,1,ny,1.6000000000019554,59.304424156679424,-0.49999999999954525,0.0,1.300000000000523,-0.899999999998613,0.0,1.300000000000523,-3.299999999998704,0.0,3.299999999998704,-2.899999999999636,0.0,4.699999999999704,4.099999999999682,4.099999999999682,4.699999999999704
2024-06-14 20:15:00+00:00,USD_JPY,C1_trend_cont_long,1,ny,2.1000000000015007,59.304424156679424,1.5999999999991132,2.199999999999136,0.0,0.30000000000143245,2.400000000000091,-0.0,2.199999999999136,2.400000000000091,0.1999999999981128,0.8000000000009777,6.999999999999318,0.1999999999981128,,,
2024-06-17 00:45:00+00:00,USD_JPY,C1_trend_cont_long,1,tokyo,1.5999999999991132,56.61839385977384,4.500000000001592,4.500000000001592,0.0,10.600000000002296,10.600000000002296,0.0,8.200000000002206,10.699999999999932,0.0,6.499999999999773,10.699999999999932,0.0,15.700000000001069,15.700000000001069,0.0
2024-08-15 17:00:00+00:00,USD_JPY,C1_trend_cont_long,1,ny,1.5999999999991132,83.31112905293223,-5.60000000000116,0.0,5.60000000000116,-3.2000000000010687,0.0,5.60000000000116,-0.8000000000009777,0.9999999999990905,5.60000000000116,5.599999999998317,5.599999999998317,5.60000000000116,3.999999999999204,15.799999999998704,5.60000000000116
2024-08-16 03:00:00+00:00,USD_JPY,C1_trend_cont_long,1,tokyo,2.0999999999986585,80.51747697772285,-1.9000000000005457,0.0,4.900000000000659,-5.60000000000116,0.0,5.60000000000116,-4.200000000000159,0.0,5.60000000000116,4.399999999998272,6.799999999998363,5.60000000000116,7.699999999999818,8.599999999998431,5.60000000000116
2024-08-30 17:00:00+00:00,USD_JPY,C1_trend_cont_long,1,ny,1.500000000001478,61.14330061934861,-3.700000000000614,0.8000000000009777,3.700000000000614,-5.299999999999727,0.8000000000009777,5.299999999999727,-5.60000000000116,0.8000000000009777,8.400000000000318,-3.3999999999991815,0.8000000000009777,13.2000000000005,-7.400000000001228,0.8000000000009777,13.2000000000005
2024-09-02 05:15:00+00:00,USD_JPY,C1_trend_cont_long,1,tokyo,1.5999999999991132,57.64856022790759,3.999999999999204,3.999999999999204,2.0999999999986585,4.900000000000659,6.60000000000025,2.0999999999986585,6.000000000000227,6.60000000000025,2.0999999999986585,7.400000000001228,10.80000000000041,2.0999999999986585,12.800000000001432,13.400000000001455,3.1999999999982265
2024-09-03 00:30:00+00:00,USD_JPY,C1_trend_cont_long,1,tokyo,1.5999999999991132,57.06617595507043,15.900000000002024,15.900000000002024,0.0,18.10000000000116,21.89999999999941,0.0,15.000000000000568,21.89999999999941,0.0,21.100000000001273,27.700000000001523,0.0,7.30000000000075,27.700000000001523,0.0
2024-09-19 05:00:00+00:00,USD_JPY,C1_trend_cont_long,1,tokyo,1.8000000000000682,88.3666093179827,-12.20000000000141,0.39999999999906777,12.20000000000141,-25.499999999999545,0.39999999999906777,25.499999999999545,-20.000000000001705,0.39999999999906777,25.499999999999545,-46.700000000001296,0.39999999999906777,46.700000000001296,-60.50000000000182,0.39999999999906777,61.60000000000139
2024-09-19 06:30:00+00:00,USD_JPY,C1_trend_cont_long,1,tokyo,1.500000000001478,88.3666093179827,-4.599999999999227,5.699999999998795,4.599999999999227,-19.80000000000075,5.699999999998795,19.80000000000075,-28.999999999999204,5.699999999998795,31.60000000000025,-40.500000000000114,5.699999999998795,45.19999999999982,-42.59999999999877,5.699999999998795,62.79999999999859
2024-09-19 08:15:00+00:00,USD_JPY,C1_trend_cont_long,1,london,1.500000000001478,88.3666093179827,8.799999999999386,8.799999999999386,0.0,-2.000000000001023,8.799999999999386,5.19999999999925,-7.400000000001228,8.799999999999386,8.29999999999984,-3.999999999999204,8.799999999999386,19.700000000000273,6.19999999999834,10.200000000000387,19.700000000000273
2024-09-19 12:45:00+00:00,USD_JPY,C1_trend_cont_long,1,ny,1.4999999999986358,90.3118515095552,17.200000000002547,17.200000000002547,-0.0,21.399999999999864,25.40000000000191,-0.0,22.400000000001796,31.400000000002137,-0.0,6.499999999999773,31.400000000002137,2.400000000000091,-0.1999999999981128,31.400000000002137,12.399999999999523
2024-09-19 15:45:00+00:00,USD_JPY,C1_trend_cont_long,1,ny,1.9000000000005457,91.54671925887263,-6.200000000001182,0.0,6.200000000001182,-5.60000000000116,0.0,6.200000000001182,-5.100000000001614,0.0,6.200000000001182,5.599999999998317,7.499999999998863,6.200000000001182,15.999999999999659,16.59999999999968,6.200000000001182
2024-09-19 23:45:00+00:00,USD_JPY,C1_trend_cont_long,1,offhours,1.3999999999981583,89.99946711606869,-2.4999999999977263,0.0,3.3999999999991815,4.900000000000659,7.900000000000773,3.3999999999991815,-0.09999999999763531,7.900000000000773,3.3999999999991815,-3.999999999999204,7.900000000000773,10.299999999998022,-24.899999999999523,7.900000000000773,34.600000000000364
2024-09-20 09:00:00+00:00,USD_JPY,C1_trend_cont_long,1,london,2.199999999999136,98.40668338069175,-5.800000000002115,0.0,7.900000000000773,-8.70000000000175,0.0,8.70000000000175,-5.100000000001614,0.0,15.700000000001069,-11.7999999999995,0.0,16.500000000002046,10.099999999999909,11.699999999999022,16.500000000002046
2024-09-23 13:00:00+00:00,USD_JPY,C1_trend_cont_long,1,ny,1.8000000000000682,93.63356394000105,-4.099999999999682,0.6000000000000227,4.099999999999682,2.5000000000005684,2.5000000000005684,5.299999999999727,-4.4999999999987494,2.5000000000005684,7.399999999998386,3.100000000000591,7.600000000002183,8.099999999998886,34.200000000001296,34.200000000001296,8.099999999998886
2024-09-23 14:00:00+00:00,USD_JPY,C1_trend_cont_long,1,ny,1.8000000000000682,93.63356394000105,7.099999999999795,7.900000000000773,0.0,11.899999999999977,18.10000000000116,0.0,4.099999999999682,18.10000000000116,0.0,-25.900000000001455,18.10000000000116,25.900000000001455,-43.29999999999927,18.10000000000116,43.29999999999927
2024-09-23 15:15:00+00:00,USD_JPY,C1_trend_cont_long,1,ny,1.700000000002433,93.63356394000105,-0.6000000000000227,0.20000000000095497,5.19999999999925,4.599999999999227,6.000000000000227,5.19999999999925,8.099999999998886,8.099999999998886,5.19999999999925,-8.899999999999864,8.099999999998886,8.899999999999864,-36.000000000001364,8.099999999998886,36.000000000001364
2024-09-23 23:00:00+00:00,USD_JPY,C1_trend_cont_long,1,offhours,2.1000000000015007,90.3942464584704,-2.800000000002001,0.0,2.800000000002001,-2.600000000001046,0.0,5.60000000000116,-7.00000000000216,0.0,7.00000000000216,1.8000000000000682,4.79999999999734,7.00000000000216,-3.4000000000020236,18.199999999998795,7.00000000000216
2024-09-24 00:30:00+00:00,USD_JPY,C1_trend_cont_long,1,tokyo,2.1000000000015007,90.3942464584704,-3.6000000000001364,0.0,4.200000000000159,-11.39999999999759,0.0,11.999999999997613,-5.400000000000205,0.0,12.09999999999809,-16.19999999999777,0.0,17.099999999999227,10.200000000000387,16.59999999999968,17.099999999999227
2024-09-24 02:45:00+00:00,USD_JPY,C1_trend_cont_long,1,tokyo,1.6999999999995907,90.3942464584704,7.399999999998386,9.999999999999432,0.7000000000005002,0.0,9.999999999999432,0.7000000000005002,4.800000000000182,9.999999999999432,0.7000000000005002,-3.0000000000001137,9.999999999999432,3.0000000000001137,16.200000000000614,16.800000000000637,3.8000000000010914
2024-09-24 11:45:00+00:00,USD_JPY,C1_trend_cont_long,1,london,1.9000000000005457,87.7103451606198,-6.500000000002615,0.0,6.500000000002615,-9.300000000001774,0.0,12.400000000002365,-7.600000000002183,0.0,12.400000000002365,-18.200000000001637,0.0,27.600000000001046,-17.200000000002547,0.9999999999990905,27.600000000001046
2024-09-24 13:15:00+00:00,USD_JPY,C1_trend_cont_long,1,ny,2.1000000000015007,86.40246336343259,-1.1000000000024102,4.899999999997817,1.1000000000024102,-13.2000000000005,4.899999999997817,13.2000000000005,-7.30000000000075,4.899999999997817,16.800000000000637,3.1999999999982265,7.499999999998863,16.800000000000637,-58.40000000000032,8.999999999997499,58.40000000000032
2024-09-25 08:00:00+00:00,USD_JPY,C1_trend_cont_long,1,london,1.5999999999991132,80.91574781685928,3.6000000000001364,3.6000000000001364,1.6999999999995907,12.100000000000932,12.100000000000932,1.6999999999995907,5.60000000000116,12.100000000000932,1.6999999999995907,5.89999999999975,12.100000000000932,2.2999999999996135,-0.6000000000000227,12.100000000000932,2.2999999999996135
2024-09-26 09:00:00+00:00,USD_JPY,C1_trend_cont_long,1,london,1.9000000000005457,73.49280723329373,-2.899999999999636,0.0,2.899999999999636,-1.5999999999991132,3.700000000000614,2.899999999999636,0.8000000000009777,3.700000000000614,3.299999999998704,9.600000000000364,13.400000000001455,3.299999999998704,-12.000000000000455,15.999999999999659,12.000000000000455
2024-09-26 14:15:00+00:00,USD_JPY,C1_trend_cont_long,1,ny,1.8000000000000682,74.37903528805832,-7.699999999999818,0.0,10.699999999999932,9.100000000000819,9.100000000000819,10.699999999999932,25.300000000001432,25.300000000001432,10.699999999999932,1.5999999999991132,32.69999999999982,10.699999999999932,-0.2999999999985903,32.69999999999982,17.500000000001137
2024-09-26 17:45:00+00:00,USD_JPY,C1_trend_cont_long,1,ny,1.8000000000000682,75.52338991033986,-3.700000000000614,0.0,3.700000000000614,2.2999999999996135,4.200000000000159,3.700000000000614,4.500000000001592,4.500000000001592,3.700000000000614,-1.9000000000005457,8.899999999999864,3.700000000000614,-6.299999999998818,8.899999999999864,6.89999999999884
2024-09-26 20:15:00+00:00,USD_JPY,C1_trend_cont_long,1,ny,1.4000000000010004,75.52338991033986,1.4000000000010004,1.4000000000010004,0.30000000000143245,4.599999999999227,4.599999999999227,0.30000000000143245,3.499999999999659,6.60000000000025,0.30000000000143245,7.900000000000773,7.900000000000773,1.4000000000010004,3.2000000000010687,9.399999999999409,1.4000000000010004
2024-10-01 05:00:00+00:00,USD_JPY,C1_trend_cont_long,1,tokyo,2.200000000001978,88.49842928168752,13.599999999999568,13.599999999999568,0.0,9.999999999999432,13.599999999999568,0.0,1.8000000000000682,13.599999999999568,0.0,10.799999999997567,13.599999999999568,0.0,-4.400000000001114,13.599999999999568,4.400000000001114
2024-10-01 12:45:00+00:00,USD_JPY,C1_trend_cont_long,1,ny,1.6999999999995907,88.09139861870987,3.0000000000001137,4.100000000002524,0.0,8.100000000001728,8.600000000001273,0.0,9.800000000001319,11.899999999999977,0.0,8.00000000000125,11.899999999999977,0.0,-54.20000000000016,11.899999999999977,70.59999999999889
2024-10-01 15:30:00+00:00,USD_JPY,C1_trend_cont_long,1,ny,2.0999999999986585,85.42772728880189,6.200000000001182,6.200000000001182,1.2000000000000455,2.400000000000091,8.599999999998431,1.2000000000000455,-5.000000000001137,10.200000000000387,5.000000000001137,-15.200000000001523,10.200000000000387,15.200000000001523,-18.39999999999975,10.200000000000387,23.599999999999
2024-10-01 17:45:00+00:00,USD_JPY,C1_trend_cont_long,1,ny,1.999999999998181,87.19003248245889,6.499999999999773,6.700000000000728,0.0,9.499999999999886,9.499999999999886,0.0,8.500000000000796,11.50000000000091,0.0,12.199999999998568,15.299999999999159,0.0,4.099999999999682,15.299999999999159,0.0
2024-10-02 00:00:00+00:00,USD_JPY,C1_trend_cont_long,1,tokyo,2.1000000000015007,85.22645873371168,2.199999999999136,2.199999999999136,6.800000000001205,2.899999999999636,8.199999999999363,6.800000000001205,2.4999999999977263,8.199999999999363,6.800000000001205,-8.800000000002228,8.199999999999363,8.800000000002228,4.099999999999682,11.199999999999477,9.100000000000819
2024-10-02 01:30:00+00:00,USD_JPY,C1_trend_cont_long,1,tokyo,1.700000000002433,85.22645873371168,2.199999999999136,3.0000000000001137,0.0,-0.8000000000009777,3.0000000000001137,1.4000000000010004,-3.0000000000001137,3.0000000000001137,5.400000000000205,6.700000000000728,8.899999999999864,5.400000000000205,15.500000000000114,15.500000000000114,5.400000000000205
2024-10-02 06:30:00+00:00,USD_JPY,C1_trend_cont_long,1,tokyo,1.8999999999977035,83.60314025273227,7.699999999999818,7.699999999999818,0.9999999999990905,10.699999999999932,13.399999999998613,0.9999999999990905,5.400000000000205,15.699999999998226,0.9999999999990905,8.29999999999984,15.699999999998226,0.9999999999990905,22.49999999999943,25.29999999999859,0.9999999999990905
2024-10-03 08:15:00+00:00,USD_JPY,C1_trend_cont_long,1,london,1.8999999999977035,84.86182069572519,7.900000000000773,8.099999999998886,0.0,10.300000000000864,12.999999999999545,0.0,12.299999999999045,12.999999999999545,0.0,25.200000000000955,25.600000000000023,0.0,42.30000000000018,42.30000000000018,0.0
2024-10-03 14:00:00+00:00,USD_JPY,C1_trend_cont_long,1,ny,1.700000000002433,80.2563658039672,15.999999999999659,22.999999999998977,0.0,3.2000000000010687,22.999999999998977,0.0,-17.300000000000182,22.999999999998977,21.89999999999941,-22.8999999999985,22.999999999998977,24.799999999999045,-17.599999999998772,22.999999999998977,24.799999999999045
2024-10-03 15:30:00+00:00,USD_JPY,C1_trend_cont_long,1,ny,1.8000000000000682,80.2563658039672,-1.8000000000000682,4.300000000000637,1.8000000000000682,1.099999999999568,4.300000000000637,1.8000000000000682,1.9000000000005457,6.000000000000227,1.8000000000000682,9.900000000001796,9.900000000001796,7.099999999999795,10.900000000000887,13.300000000000978,7.099999999999795
2024-10-03 18:15:00+00:00,USD_JPY,C1_trend_cont_long,1,ny,2.000000000001023,79.58091110368382,-0.6000000000000227,0.899999999998613,0.9000000000014552,1.2999999999976808,2.2999999999996135,4.200000000000159,2.899999999999636,2.899999999999636,4.200000000000159,10.899999999998045,11.499999999998067,4.200000000000159,12.299999999999045,15.899999999999181,4.200000000000159
2024-10-03 23:45:00+00:00,USD_JPY,C1_trend_cont_long,1,offhours,2.000000000001023,76.69656031056351,-5.400000000000205,0.0,5.400000000000205,-1.2000000000000455,0.0,5.400000000000205,6.200000000001182,6.200000000001182,5.400000000000205,-1.3999999999981583,8.400000000000318,6.19999999999834,2.600000000001046,8.400000000000318,7.099999999999795
2024-10-04 00:45:00+00:00,USD_JPY,C1_trend_cont_long,1,tokyo,1.300000000000523,76.69656031056351,4.599999999999227,5.400000000000205,0.0,-14.400000000000546,8.199999999999363,17.600000000001614,-21.999999999999886,8.199999999999363,21.999999999999886,-23.400000000000887,8.199999999999363,25.600000000000023,-22.20000000000084,8.199999999999363,27.899999999999636
2024-10-04 09:15:00+00:00,USD_JPY,C1_trend_cont_long,1,london,1.6999999999995907,75.00774843104718,-1.6000000000019554,0.1999999999981128,3.6000000000001364,0.6000000000000227,1.4999999999986358,3.6000000000001364,2.2999999999996135,3.1999999999982265,3.6000000000001364,-1.2000000000000455,3.1999999999982265,4.000000000002046,2.400000000000091,4.599999999999227,4.000000000002046
2024-10-07 02:45:00+00:00,USD_JPY,C1_trend_cont_long,1,tokyo,1.4999999999986358,81.39738458564506,-1.2000000000000455,0.0,1.2000000000000455,7.599999999999341,7.599999999999341,3.8000000000010914,15.699999999998226,15.699999999998226,3.8000000000010914,16.99999999999875,19.499999999999318,3.8000000000010914,4.599999999999227,19.499999999999318,3.8000000000010914
2024-10-07 05:00:00+00:00,USD_JPY,C1_trend_cont_long,1,tokyo,1.6999999999995907,79.00471425809889,-2.3000000000024556,2.400000000000091,2.3000000000024556,-2.200000000001978,2.400000000000091,4.700000000002547,-1.0000000000019327,2.400000000000091,4.700000000002547,3.6999999999977717,3.6999999999977717,8.00000000000125,-14.800000000002456,3.6999999999977717,14.800000000002456
2024-10-07 06:30:00+00:00,USD_JPY,C1_trend_cont_long,1,tokyo,1.6999999999995907,79.00471425809889,-0.40000000000190994,1.5999999999991132,1.0000000000019327,-6.30000000000166,1.5999999999991132,6.30000000000166,4.399999999998272,4.599999999999227,6.30000000000166,-10.400000000001342,4.599999999999227,13.2000000000005,-6.200000000001182,4.599999999999227,25.100000000000477
2024-10-07 09:15:00+00:00,USD_JPY,C1_trend_cont_long,1,london,2.000000000001023,77.31866323966327,-0.9999999999990905,2.2999999999996135,0.9999999999990905,-8.499999999997954,2.2999999999996135,8.499999999997954,-13.100000000000023,2.2999999999996135,13.100000000000023,-21.50000000000034,2.2999999999996135,21.50000000000034,-8.099999999998886,2.2999999999996135,22.999999999998977
2024-10-07 10:30:00+00:00,USD_JPY,C1_trend_cont_long,1,london,2.1000000000015007,77.31866323966327,6.30000000000166,8.100000000001728,0.2999999999985903,0.0,8.100000000001728,0.2999999999985903,12.800000000001432,12.800000000001432,0.2999999999985903,20.199999999999818,20.199999999999818,0.2999999999985903,-3.6000000000001364,23.900000000000432,6.999999999999318
2024-10-07 20:45:00+00:00,USD_JPY,C1_trend_cont_long,1,ny,1.9000000000005457,74.12476575256684,2.000000000001023,2.000000000001023,0.39999999999906777,-0.39999999999906777,2.000000000001023,0.39999999999906777,-0.6000000000000227,2.000000000001023,0.6000000000000227,-1.2000000000000455,2.000000000001023,1.5999999999991132,-2.400000000000091,2.000000000001023,2.400000000000091
2024-10-08 00:00:00+00:00,USD_JPY,C1_trend_cont_long,1,tokyo,1.9000000000005457,71.15871105595488,-3.999999999999204,0.0,8.999999999997499,-19.099999999997408,0.0,19.099999999997408,-20.999999999997954,0.0,20.999999999997954,-25.199999999998113,0.0,25.199999999998113,-31.999999999999318,0.0,41.499999999999204
2024-10-08 04:30:00+00:00,USD_JPY,C1_trend_cont_long,1,tokyo,1.8999999999977035,71.15871105595488,-3.0000000000001137,0.0,3.0000000000001137,-4.200000000000159,0.0,5.60000000000116,0.39999999999906777,0.39999999999906777,5.60000000000116,3.3999999999991815,3.3999999999991815,5.60000000000116,-16.59999999999968,8.599999999998431,20.90000000000032
2024-10-08 06:15:00+00:00,USD_JPY,C1_trend_cont_long,1,tokyo,1.6999999999995907,70.8830888376724,-0.9999999999990905,2.7999999999991587,0.9999999999990905,-7.800000000000296,2.7999999999991587,11.7999999999995,-12.79999999999859,2.7999999999991587,12.79999999999859,-8.29999999999984,2.7999999999991587,12.79999999999859,-21.60000000000082,4.800000000000182,21.60000000000082
2024-10-08 11:30:00+00:00,USD_JPY,C1_trend_cont_long,1,london,1.9000000000005457,71.67001106355286,-0.2999999999985903,2.600000000001046,0.2999999999985903,-2.400000000000091,2.600000000001046,2.400000000000091,-6.299999999998818,2.600000000001046,6.299999999998818,-6.60000000000025,2.600000000001046,12.299999999999045,20.300000000000296,20.300000000000296,12.299999999999045
2024-10-09 01:00:00+00:00,USD_JPY,C1_trend_cont_long,1,tokyo,2.000000000001023,64.55277489308519,2.5000000000005684,3.8999999999987267,0.0,11.899999999999977,15.699999999998226,0.0,11.599999999998545,15.699999999998226,0.0,1.9000000000005457,15.699999999998226,0.0,-8.100000000001728,15.699999999998226,8.899999999999864
2024-10-09 02:30:00+00:00,USD_JPY,C1_trend_cont_long,1,tokyo,1.999999999998181,64.55277489308519,-8.500000000000796,0.0,8.500000000000796,-3.499999999999659,0.0,8.500000000000796,-0.20000000000095497,0.0,8.500000000000796,5.699999999998795,6.299999999998818,8.500000000000796,4.300000000000637,6.299999999998818,8.500000000000796
2024-10-10 00:45:00+00:00,USD_JPY,C1_trend_cont_long,1,tokyo,1.8000000000000682,56.34046704568466,4.400000000001114,4.400000000001114,0.0,14.500000000001023,14.700000000001978,0.0,6.499999999999773,14.700000000001978,0.0,-3.099999999997749,14.700000000001978,3.099999999997749,-0.699999999997658,14.700000000001978,5.099999999998772
2024-10-10 02:15:00+00:00,USD_JPY,C1_trend_cont_long,1,tokyo,1.6999999999995907,56.34046704568466,-0.49999999999954525,1.2000000000000455,0.49999999999954525,-2.0999999999986585,1.2000000000000455,2.7999999999991587,0.6000000000000227,1.4000000000010004,2.7999999999991587,-3.8999999999987267,2.1000000000015007,4.099999999999682,4.000000000002046,6.30000000000166,4.099999999999682
2024-10-10 08:15:00+00:00,USD_JPY,C1_trend_cont_long,1,london,2.000000000001023,55.75900511385004,0.10000000000047748,1.8000000000000682,0.1999999999981128,-2.7999999999991587,1.8000000000000682,2.7999999999991587,-3.1999999999982265,1.8000000000000682,3.8999999999987267,-6.599999999997408,1.8000000000000682,8.599999999998431,-15.399999999999636,1.8000000000000682,21.79999999999893
2024-10-10 11:45:00+00:00,USD_JPY,C1_trend_cont_long,1,london,1.6999999999995907,55.86907617714651,-3.3999999999991815,1.0000000000019327,3.3999999999991815,-4.200000000000159,1.0000000000019327,8.199999999999363,-11.599999999998545,1.0000000000019327,11.599999999998545,-11.599999999998545,1.0000000000019327,11.599999999998545,-32.29999999999791,1.0000000000019327,57.099999999999795
2024-10-10 17:00:00+00:00,USD_JPY,C1_trend_cont_long,1,ny,1.8000000000000682,61.62639731600875,6.60000000000025,6.60000000000025,1.999999999998181,2.3000000000024556,8.600000000001273,1.999999999998181,7.600000000002183,16.0000000000025,1.999999999998181,-6.399999999999295,16.0000000000025,6.999999999999318,-7.399999999998386,16.0000000000025,17.199999999999704
2024-10-11 04:00:00+00:00,USD_JPY,C1_trend_cont_long,1,tokyo,1.6999999999995907,61.41736893629377,3.299999999998704,3.299999999998704,0.20000000000095497,1.2000000000000455,3.299999999998704,0.20000000000095497,-2.000000000001023,3.299999999998704,2.000000000001023,4.399999999998272,4.399999999998272,2.200000000001978,-0.20000000000095497,4.599999999999227,2.200000000001978
2024-10-11 08:00:00+00:00,USD_JPY,C1_trend_cont_long,1,london,1.9000000000005457,59.84469972655854,-2.7999999999991587,2.2999999999996135,2.7999999999991587,4.200000000000159,5.000000000001137,2.7999999999991587,3.0000000000001137,5.000000000001137,2.7999999999991587,-1.4000000000010004,5.000000000001137,4.300000000000637,-3.8000000000010914,5.000000000001137,10.200000000000387
2024-10-11 09:00:00+00:00,USD_JPY,C1_trend_cont_long,1,london,1.5999999999991132,57.41293546037566,1.500000000001478,3.6000000000001364,0.0,4.500000000001592,4.600000000002069,0.0,8.400000000000318,8.400000000000318,0.0,13.400000000001455,14.300000000000068,0.0,21.30000000000223,21.30000000000223,0.0
2024-10-28 14:15:00+00:00,USD_JPY,C1_trend_cont_long,1,ny,1.9000000000005457,59.734853723519244,2.400000000000091,2.400000000000091,0.39999999999906777,3.999999999999204,6.800000000001205,0.39999999999906777,0.6000000000000227,6.800000000001205,0.39999999999906777,5.500000000000682,8.899999999999864,0.39999999999906777,0.0,8.899999999999864,5.299999999999727
2024-10-29 00:30:00+00:00,USD_JPY,C1_trend_cont_long,1,tokyo,1.8000000000000682,57.454032037115965,-1.999999999998181,0.0,5.400000000000205,-6.699999999997885,0.0,6.699999999997885,-9.799999999998477,0.0,9.799999999998477,-26.599999999999113,0.0,31.399999999999295,-9.599999999997522,0.0,32.69999999999982
2024-10-29 03:45:00+00:00,USD_JPY,C1_trend_cont_long,1,tokyo,1.6999999999995907,57.454032037115965,-3.100000000000591,0.6000000000000227,5.000000000001137,-12.800000000001432,0.6000000000000227,12.800000000001432,-14.6000000000015,0.6000000000000227,14.6000000000015,-20.600000000001728,0.6000000000000227,22.20000000000084,-19.599999999999795,0.6000000000000227,22.800000000000864
2024-10-29 07:15:00+00:00,USD_JPY,C1_trend_cont_long,1,london,1.8000000000000682,56.53588689160767,0.10000000000047748,0.10000000000047748,3.3999999999991815,8.400000000000318,9.800000000001319,3.3999999999991815,9.600000000000364,9.800000000001319,3.3999999999991815,10.599999999999454,13.500000000001933,3.3999999999991815,15.800000000001546,15.800000000001546,3.3999999999991815
2024-10-29 15:00:00+00:00,USD_JPY,C1_trend_cont_long,1,ny,1.4000000000010004,57.29267798306974,4.300000000000637,4.300000000000637,0.49999999999954525,20.300000000000296,20.50000000000125,0.49999999999954525,23.900000000000432,23.900000000000432,0.49999999999954525,30.299999999999727,31.800000000001205,0.49999999999954525,5.800000000002115,31.800000000001205,0.49999999999954525
2024-10-29 17:30:00+00:00,USD_JPY,C1_trend_cont_long,1,ny,1.8999999999977035,59.20034384142193,0.9000000000014552,3.999999999999204,-0.0,6.999999999999318,7.800000000000296,-0.0,1.500000000001478,7.800000000000296,-0.0,-0.8000000000009777,7.800000000000296,2.2999999999996135,6.399999999999295,12.100000000000932,2.2999999999996135
2024-10-29 19:15:00+00:00,USD_JPY,C1_trend_cont_long,1,ny,1.5999999999991132,59.20034384142193,0.0,1.300000000000523,0.899999999998613,2.600000000001046,2.600000000001046,0.899999999998613,0.10000000000047748,3.6000000000001364,0.899999999998613,-3.100000000000591,3.6000000000001364,3.700000000000614,-4.4999999999987494,3.6000000000001364,6.999999999999318
2024-10-30 02:15:00+00:00,USD_JPY,C1_trend_cont_long,1,tokyo,1.6000000000019554,57.04317642417745,1.6999999999995907,3.6000000000001364,0.39999999999906777,1.8000000000000682,4.599999999999227,0.39999999999906777,6.19999999999834,8.199999999999363,0.39999999999906777,-5.400000000000205,8.199999999999363,5.400000000000205,-1.5999999999991132,8.199999999999363,7.800000000000296
2024-10-30 03:30:00+00:00,USD_JPY,C1_trend_cont_long,1,tokyo,1.9000000000005457,57.04317642417745,-0.20000000000095497,0.0,0.6000000000000227,1.5999999999991132,1.8999999999977035,0.6000000000000227,-5.900000000002592,1.8999999999977035,6.000000000000227,-3.700000000000614,1.8999999999977035,7.800000000000296,-14.000000000001478,1.8999999999977035,14.000000000001478
2024-10-30 05:00:00+00:00,USD_JPY,C1_trend_cont_long,1,tokyo,1.8999999999977035,55.3543781081646,-3.6000000000001364,0.0,3.6000000000001364,-2.400000000000091,0.0,3.6000000000001364,-2.7999999999991587,0.0,6.200000000001182,-8.699999999998909,0.9999999999990905,8.699999999998909,-6.000000000000227,0.9999999999990905,12.600000000000477
2024-10-30 06:15:00+00:00,USD_JPY,C1_trend_cont_long,1,tokyo,1.6000000000019554,55.3543781081646,-2.5000000000005684,0.0,5.799999999999272,-4.999999999998295,0.0,5.799999999999272,-5.19999999999925,0.0,8.199999999999363,-16.200000000000614,0.0,16.800000000000637,-12.199999999998568,0.0,21.60000000000082
2024-10-30 07:30:00+00:00,USD_JPY,C1_trend_cont_long,1,london,1.5999999999991132,55.3543781081646,-3.499999999999659,1.500000000001478,3.499999999999659,-6.299999999998818,1.500000000001478,6.299999999998818,-0.09999999999763531,1.500000000001478,6.299999999998818,1.1000000000024102,2.1000000000015007,6.299999999998818,-26.899999999997704,2.1000000000015007,29.49999999999875
2024-10-30 15:00:00+00:00,USD_JPY,C1_trend_cont_long,1,ny,1.5999999999991132,57.254540307549895,9.600000000000364,9.600000000000364,0.0,3.299999999998704,9.600000000000364,0.0,5.19999999999925,9.600000000000364,0.0,3.700000000000614,9.600000000000364,0.0,-12.700000000000955,9.600000000000364,12.700000000000955
2024-10-30 18:00:00+00:00,USD_JPY,C1_trend_cont_long,1,ny,1.4000000000010004,57.207787428439204,0.1999999999981128,0.1999999999981128,-0.0,-3.4000000000020236,0.1999999999981128,3.700000000000614,-3.0000000000001137,0.1999999999981128,3.700000000000614,-2.000000000001023,0.1999999999981128,4.699999999999704,4.999999999998295,4.999999999998295,4.699999999999704
2024-10-31 00:45:00+00:00,USD_JPY,C1_trend_cont_long,1,tokyo,1.3999999999981583,55.61437404069347,5.89999999999975,6.100000000000705,0.0,15.700000000001069,17.300000000000182,0.0,16.40000000000157,22.59999999999991,0.0,10.699999999999932,22.59999999999991,0.0,14.900000000000091,22.59999999999991,0.0
2024-11-01 10:00:00+00:00,USD_JPY,C1_trend_cont_long,1,london,1.8000000000000682,63.650141928085525,1.300000000000523,3.0000000000001137,1.099999999999568,4.800000000000182,4.800000000000182,1.099999999999568,3.700000000000614,4.900000000000659,1.099999999999568,1.099999999999568,5.699999999998795,4.099999999999682,-12.300000000001887,5.699999999998795,12.300000000001887
2024-11-01 16:00:00+00:00,USD_JPY,C1_trend_cont_long,1,ny,1.4999999999986358,66.64656036179358,-0.9999999999990905,0.0,4.599999999999227,-4.399999999998272,0.0,5.599999999998317,-0.6000000000000227,0.0,5.599999999998317,-0.6000000000000227,0.0,7.599999999999341,-2.7999999999991587,8.600000000001273,11.999999999997613
2024-11-05 06:00:00+00:00,USD_JPY,C1_trend_cont_long,1,tokyo,1.8999999999977035,62.75177590976507,-8.699999999998909,0.0,9.199999999998454,-8.599999999998431,0.0,12.000000000000455,-7.900000000000773,0.0,12.000000000000455,-6.100000000000705,0.0,14.799999999999613,-9.799999999998477,0.0,14.799999999999613
2024-11-06 06:00:00+00:00,USD_JPY,C1_trend_cont_long,1,tokyo,2.2999999999996135,73.15614166133251,11.199999999999477,11.199999999999477,0.0,4.599999999999227,18.600000000000705,0.0,12.700000000000955,18.600000000000705,0.0,43.70000000000118,43.70000000000118,0.0,26.69999999999959,62.5,0.0
2024-11-07 00:15:00+00:00,USD_JPY,C1_trend_cont_long,1,tokyo,1.8000000000000682,69.25998443329094,18.39999999999975,18.39999999999975,0.0,19.80000000000075,23.900000000000432,0.0,16.30000000000109,23.900000000000432,0.0,21.19999999999891,28.999999999999204,0.0,2.400000000000091,28.999999999999204,2.000000000001023
2024-11-11 02:00:00+00:00,USD_JPY,C1_trend_cont_long,1,tokyo,1.5999999999991132,65.09693562381607,-6.000000000000227,0.0,6.000000000000227,-2.200000000001978,0.0,7.200000000000273,-3.6000000000001364,0.0,7.200000000000273,9.199999999998454,9.199999999998454,7.200000000000273,18.39999999999975,19.799999999997908,7.200000000000273
2024-11-11 22:04:00+00:00,USD_JPY,C1_trend_cont_long,1,offhours,6.60000000000025,59.79818735975626,-0.49999999999954525,0.0,0.7000000000005002,-0.899999999998613,0.0,1.099999999999568,-0.49999999999954525,0.0,1.099999999999568,0.9000000000014552,0.9000000000014552,1.300000000000523,5.500000000000682,5.60000000000116,1.300000000000523
2024-11-12 00:45:00+00:00,USD_JPY,C1_trend_cont_long,1,tokyo,1.700000000002433,59.79818735975626,2.400000000000091,2.400000000000091,0.20000000000095497,6.89999999999884,6.89999999999884,0.20000000000095497,4.200000000000159,6.89999999999884,0.20000000000095497,14.099999999999113,15.600000000000591,0.20000000000095497,12.600000000000477,23.400000000000887,0.20000000000095497
2024-11-12 06:15:00+00:00,USD_JPY,C1_trend_cont_long,1,tokyo,1.4000000000010004,60.191173976916666,-3.0000000000001137,0.0,3.6000000000001364,-3.1999999999982265,0.0,5.500000000000682,-8.699999999998909,0.0,8.899999999999864,9.200000000001296,9.200000000001296,8.899999999999864,7.699999999999818,9.200000000001296,8.899999999999864
2024-11-13 12:15:00+00:00,USD_JPY,C1_trend_cont_long,1,ny,1.5999999999991132,55.40746888949711,-1.8000000000000682,0.20000000000095497,1.8000000000000682,-2.7999999999991587,0.20000000000095497,5.400000000000205,0.9999999999990905,0.9999999999990905,5.400000000000205,5.19999999999925,6.399999999999295,5.400000000000205,11.50000000000091,12.000000000000455,5.400000000000205
2024-11-13 15:00:00+00:00,USD_JPY,C1_trend_cont_long,1,ny,1.999999999998181,56.14979254024743,8.500000000000796,8.500000000000796,0.0,14.099999999999113,16.70000000000016,0.0,6.700000000000728,18.799999999998818,0.0,21.50000000000034,24.899999999999523,0.0,13.900000000001,24.899999999999523,0.0
2024-11-14 13:45:00+00:00,USD_JPY,C1_trend_cont_long,1,ny,1.9000000000005457,56.94536195184303,-11.600000000001387,0.0,11.700000000001864,-7.800000000000296,0.0,24.00000000000091,-11.50000000000091,0.0,24.00000000000091,-29.20000000000016,0.0,29.20000000000016,-38.80000000000052,0.0,59.99999999999943
2024-11-14 15:30:00+00:00,USD_JPY,C1_trend_cont_long,1,ny,1.9000000000005457,56.206407526711445,8.199999999999363,8.199999999999363,3.100000000000591,13.800000000000523,13.800000000000523,3.100000000000591,8.799999999999386,15.099999999998204,3.100000000000591,5.599999999998317,15.099999999998204,3.100000000000591,-10.400000000001342,15.099999999998204,18.000000000000682
2024-11-14 17:00:00+00:00,USD_JPY,C1_trend_cont_long,1,ny,1.6999999999995907,56.206407526711445,0.8000000000009777,1.4000000000010004,3.1999999999982265,3.4000000000020236,3.4000000000020236,3.1999999999982265,2.600000000001046,5.200000000002092,3.1999999999982265,-19.39999999999884,5.200000000002092,19.39999999999884,-26.800000000000068,5.200000000002092,29.20000000000016
2024-11-14 18:30:00+00:00,USD_JPY,C1_trend_cont_long,1,ny,1.6999999999995907,56.17737841766057,0.6000000000000227,1.0000000000019327,3.499999999999659,-2.400000000000091,1.0000000000019327,3.499999999999659,-6.999999999999318,1.0000000000019327,6.999999999999318,-3.999999999999204,1.0000000000019327,6.999999999999318,-0.1999999999981128,1.0000000000019327,6.999999999999318
2024-11-18 13:00:00+00:00,USD_JPY,C1_trend_cont_long,1,ny,1.4999999999986358,66.10899630443396,-1.4000000000010004,0.0,1.4000000000010004,-17.10000000000207,0.0,17.10000000000207,-15.000000000000568,0.0,17.10000000000207,-21.400000000002706,0.0,25.40000000000191,-46.10000000000127,0.0,46.10000000000127
2024-11-19 22:04:00+00:00,USD_JPY,C1_trend_cont_long,1,offhours,3.500000000002501,69.44685437022403,0.40000000000190994,0.5000000000023874,0.0,0.8000000000009777,1.2000000000000455,0.0,0.7000000000005002,1.2000000000000455,0.0,-1.2000000000000455,1.2000000000000455,2.899999999999636,-11.199999999999477,1.2000000000000455,11.699999999999022
2024-11-20 16:00:00+00:00,USD_JPY,C1_trend_cont_long,1,ny,1.2999999999976808,65.3449850770343,-7.70000000000266,0.0,8.300000000002683,-13.700000000000045,0.0,13.700000000000045,-13.300000000000978,0.0,14.500000000001023,-28.90000000000157,0.0,28.90000000000157,-21.90000000000225,0.0,37.400000000002365
2024-11-20 20:15:00+00:00,USD_JPY,C1_trend_cont_long,1,ny,1.500000000001478,66.27748614296056,2.2999999999996135,2.2999999999996135,1.4000000000010004,2.6999999999986812,3.700000000000614,1.4000000000010004,2.5999999999982037,3.700000000000614,1.4000000000010004,8.599999999998431,12.5,1.4000000000010004,9.899999999998954,12.5,1.4000000000010004
2024-11-20 21:45:00+00:00,USD_JPY,C1_trend_cont_long,1,offhours,2.200000000001978,66.27748614296056,0.09999999999763531,2.2999999999996135,0.10000000000047748,-0.10000000000047748,2.2999999999996135,0.9000000000014552,-1.300000000000523,2.2999999999996135,1.6000000000019554,-7.00000000000216,2.2999999999996135,7.30000000000075,-6.800000000001205,2.2999999999996135,7.30000000000075
2024-11-22 08:00:00+00:00,USD_JPY,C1_trend_cont_long,1,london,2.0999999999986585,63.74173984918339,11.600000000001387,11.600000000001387,0.0,6.100000000000705,11.600000000001387,0.0,-7.800000000000296,11.600000000001387,7.800000000000296,-25.899999999998613,11.600000000001387,25.899999999998613,-19.39999999999884,11.600000000001387,34.600000000000364
2024-11-22 18:00:00+00:00,USD_JPY,C1_trend_cont_long,1,ny,1.5999999999991132,63.28389302064701,-1.9000000000005457,1.4999999999986358,1.9000000000005457,-0.9000000000014552,1.9000000000005457,1.9000000000005457,0.1999999999981128,1.9000000000005457,1.9000000000005457,-0.20000000000095497,1.9000000000005457,3.700000000000614,-2.899999999999636,4.099999999999682,5.100000000001614
2024-12-09 22:04:00+00:00,USD_JPY,C1_trend_cont_long,1,offhours,9.999999999999432,61.722887161188986,-1.6999999999995907,0.0,2.199999999999136,-2.899999999999636,0.0,2.899999999999636,1.6999999999995907,2.1000000000015007,2.899999999999636,4.099999999999682,6.700000000000728,2.899999999999636,12.999999999999545,13.400000000001455,2.899999999999636
2024-12-10 03:00:00+00:00,USD_JPY,C1_trend_cont_long,1,tokyo,1.8000000000000682,61.722887161188986,0.9999999999990905,5.49999999999784,1.300000000000523,2.2999999999996135,5.49999999999784,1.300000000000523,1.2999999999976808,5.49999999999784,1.300000000000523,4.399999999998272,5.49999999999784,1.300000000000523,-13.700000000000045,5.49999999999784,15.600000000000591
2024-12-10 05:00:00+00:00,USD_JPY,C1_trend_cont_long,1,tokyo,2.000000000001023,61.722887161188986,4.899999999997817,4.899999999997817,0.0,2.4999999999977263,4.899999999997817,0.0,7.499999999998863,8.29999999999984,0.0,14.300000000000068,17.199999999999704,0.0,-16.500000000002046,17.199999999999704,20.90000000000032
2024-12-10 10:00:00+00:00,USD_JPY,C1_trend_cont_long,1,london,1.8999999999977035,62.29371392980079,-2.000000000001023,0.20000000000095497,3.2000000000010687,-5.19999999999925,0.20000000000095497,6.999999999999318,-1.8000000000000682,0.20000000000095497,6.999999999999318,-8.00000000000125,0.20000000000095497,8.70000000000175,0.899999999998613,0.899999999998613,11.7999999999995
2024-12-11 00:30:00+00:00,USD_JPY,C1_trend_cont_long,1,tokyo,1.4999999999986358,58.20666527105399,-2.800000000002001,0.0,3.100000000000591,-7.70000000000266,0.0,7.70000000000266,-1.700000000002433,0.0,7.70000000000266,-7.200000000000273,0.0,12.000000000000455,-7.400000000001228,0.0,12.000000000000455
2024-12-11 06:00:00+00:00,USD_JPY,C1_trend_cont_long,1,tokyo,1.8000000000000682,58.006189180264435,-1.9000000000005457,1.2000000000000455,1.9000000000005457,-10.300000000000864,1.2000000000000455,10.300000000000864,-6.499999999999773,1.2000000000000455,10.300000000000864,-7.900000000000773,1.2000000000000455,10.300000000000864,0.899999999998613,4.4999999999987494,10.300000000000864
2024-12-11 09:15:00+00:00,USD_JPY,C1_trend_cont_long,1,london,2.400000000000091,58.006189180264435,10.899999999998045,13.899999999998158,0.0,51.499999999998636,51.499999999998636,0.0,64.40000000000055,64.40000000000055,0.0,67.4999999999983,78.49999999999966,0.0,83.09999999999889,92.09999999999923,0.0
2024-12-11 14:00:00+00:00,USD_JPY,C1_trend_cont_long,1,ny,1.8000000000000682,67.25023454828943,7.900000000000773,7.900000000000773,0.0,4.4999999999987494,7.900000000000773,3.2000000000010687,-9.299999999998931,7.900000000000773,9.299999999998931,-10.699999999999932,7.900000000000773,12.800000000001432,-12.100000000000932,7.900000000000773,25.100000000000477
2024-12-11 15:15:00+00:00,USD_JPY,C1_trend_cont_long,1,ny,1.8000000000000682,67.25023454828943,8.29999999999984,9.400000000002251,0.0,22.500000000002274,23.60000000000184,0.0,25.800000000000978,28.400000000002024,0.0,30.900000000002592,33.40000000000032,0.0,25.40000000000191,36.89999999999998,0.0
2024-12-12 03:00:00+00:00,USD_JPY,C1_trend_cont_long,1,tokyo,1.8999999999977035,65.11015121765777,-0.20000000000095497,0.39999999999906777,3.2000000000010687,-0.9999999999990905,0.39999999999906777,3.2000000000010687,-3.8000000000010914,0.39999999999906777,3.8000000000010914,-4.400000000001114,0.39999999999906777,8.400000000000318,3.499999999999659,10.3999999999985,8.400000000000318
2024-12-12 05:45:00+00:00,USD_JPY,C1_trend_cont_long,1,tokyo,2.000000000001023,65.11015121765777,-7.500000000001705,0.0,7.500000000001705,-2.800000000002001,0.0,7.500000000001705,1.300000000000523,1.300000000000523,7.500000000001705,19.10000000000025,19.200000000000728,7.500000000001705,0.49999999999954525,22.8999999999985,7.500000000001705
2024-12-12 07:30:00+00:00,USD_JPY,C1_trend_cont_long,1,london,2.0999999999986585,65.13085470211097,3.8000000000010914,3.8000000000010914,2.7999999999991587,2.7999999999991587,4.200000000000159,2.7999999999991587,7.699999999999818,7.699999999999818,2.7999999999991587,19.200000000000728,19.200000000000728,2.7999999999991587,13.800000000000523,25.200000000000955,2.7999999999991587
2024-12-12 15:30:00+00:00,USD_JPY,C1_trend_cont_long,1,ny,1.500000000001478,64.79395124824877,-3.8000000000010914,0.0,6.800000000001205,-13.49999999999909,0.0,15.999999999999659,-3.700000000000614,0.0,15.999999999999659,-5.19999999999925,3.999999999999204,15.999999999999659,-11.600000000001387,3.999999999999204,17.600000000001614
2024-12-12 18:15:00+00:00,USD_JPY,C1_trend_cont_long,1,ny,1.5999999999991132,63.93724044480238,-0.20000000000095497,0.0,2.400000000000091,-2.000000000001023,0.0,2.400000000000091,-4.000000000002046,0.0,4.000000000002046,-2.1000000000015007,2.5000000000005684,6.499999999999773,4.599999999999227,4.699999999999704,6.499999999999773
2024-12-13 07:15:00+00:00,USD_JPY,C1_trend_cont_long,1,london,1.6999999999995907,65.24886612731655,-1.2000000000000455,0.0,3.999999999999204,0.10000000000047748,2.400000000000091,3.999999999999204,2.199999999999136,2.400000000000091,3.999999999999204,-0.20000000000095497,2.400000000000091,3.999999999999204,0.20000000000095497,2.400000000000091,11.899999999999977
2024-12-16 00:30:00+00:00,USD_JPY,C1_trend_cont_long,1,tokyo,1.999999999998181,60.02659739333327,-0.9999999999990905,0.0,1.300000000000523,4.200000000000159,5.19999999999925,1.300000000000523,11.199999999999477,11.199999999999477,1.300000000000523,20.49999999999841,27.199999999999136,1.300000000000523,13.399999999998613,27.599999999998204,1.300000000000523
2024-12-16 06:30:00+00:00,USD_JPY,C1_trend_cont_long,1,tokyo,1.8000000000000682,58.36755472238085,-2.6999999999986812,1.500000000001478,2.7999999999991587,2.1000000000015007,3.6000000000001364,2.7999999999991587,2.7000000000015234,3.6000000000001364,2.7999999999991587,-12.09999999999809,3.6000000000001364,12.09999999999809,-18.69999999999834,3.6000000000001364,18.69999999999834
2024-12-16 08:45:00+00:00,USD_JPY,C1_trend_cont_long,1,london,2.000000000001023,58.36755472238085,-0.10000000000047748,2.400000000000091,0.9000000000014552,-1.300000000000523,2.400000000000091,2.200000000001978,3.499999999999659,3.8999999999987267,2.200000000001978,5.89999999999975,5.89999999999975,2.200000000001978,7.499999999998863,10.299999999998022,2.200000000001978
2024-12-20 05:00:00+00:00,USD_JPY,C1_trend_cont_long,1,tokyo,1.8999999999977035,67.95040562141479,-8.400000000000318,0.10000000000047748,8.400000000000318,-8.400000000000318,0.10000000000047748,12.800000000001432,-7.900000000000773,0.10000000000047748,12.800000000001432,-20.699999999999363,0.10000000000047748,21.89999999999941,-31.100000000000705,0.10000000000047748,32.59999999999934
2024-12-22 22:04:00+00:00,USD_JPY,C1_trend_cont_long,1,offhours,9.999999999999432,65.09469037155625,-1.0000000000019327,0.0,1.0000000000019327,6.60000000000025,6.60000000000025,1.500000000001478,9.600000000000364,9.999999999999432,1.500000000001478,7.399999999998386,9.999999999999432,1.500000000001478,8.29999999999984,14.599999999998658,1.500000000001478
2024-12-23 03:00:00+00:00,USD_JPY,C1_trend_cont_long,1,tokyo,1.2000000000000455,65.09469037155625,-5.19999999999925,0.0,5.19999999999925,-4.699999999999704,0.0,5.19999999999925,0.20000000000095497,0.20000000000095497,5.19999999999925,1.5999999999991132,3.700000000000614,5.19999999999925,-4.800000000000182,3.700000000000614,6.999999999999318
2024-12-23 09:00:00+00:00,USD_JPY,C1_trend_cont_long,1,london,1.500000000001478,62.766498202159504,3.8999999999987267,5.60000000000116,0.0,3.999999999999204,5.60000000000116,0.0,2.7999999999991587,5.60000000000116,0.0,11.50000000000091,12.700000000000955,0.0,15.999999999999659,22.8999999999985,0.0
2024-12-24 03:00:00+00:00,USD_JPY,C1_trend_cont_long,1,tokyo,1.8000000000000682,55.421443022487445,-1.2000000000000455,0.9999999999990905,3.8000000000010914,-0.10000000000047748,0.9999999999990905,3.8000000000010914,-0.5000000000023874,0.9999999999990905,3.8000000000010914,-2.7000000000015234,0.9999999999990905,3.8000000000010914,-4.000000000002046,0.9999999999990905,6.700000000000728
2025-01-03 01:45:00+00:00,USD_JPY,C1_trend_cont_long,1,tokyo,1.8999999999977035,54.2949028715751,-2.199999999999136,0.40000000000190994,2.400000000000091,-5.799999999999272,0.40000000000190994,5.799999999999272,-9.600000000000364,0.40000000000190994,9.600000000000364,-3.499999999999659,0.40000000000190994,9.799999999998477,-10.599999999999454,0.40000000000190994,10.599999999999454
2025-01-03 03:30:00+00:00,USD_JPY,C1_trend_cont_long,1,tokyo,1.4999999999986358,54.2949028715751,2.199999999999136,2.199999999999136,0.1999999999981128,0.9999999999990905,2.199999999999136,0.2999999999985903,3.3999999999991815,3.3999999999991815,0.2999999999985903,-7.200000000000273,8.199999999999363,13.399999999998613,-0.10000000000047748,8.199999999999363,13.399999999998613
2025-01-03 04:30:00+00:00,USD_JPY,C1_trend_cont_long,1,tokyo,2.000000000001023,54.2949028715751,-2.400000000000091,0.7000000000005002,2.400000000000091,-1.4999999999986358,0.7000000000005002,3.1999999999982265,-3.099999999997749,0.7000000000005002,3.1999999999982265,-9.699999999997999,0.7000000000005002,9.699999999997999,-8.799999999999386,0.7000000000005002,10.899999999998045
2025-01-06 18:00:00+00:00,USD_JPY,C1_trend_cont_long,1,ny,1.3999999999981583,61.64368809538313,10.500000000001819,11.899999999999977,2.0999999999986585,10.500000000001819,14.100000000001955,2.0999999999986585,6.800000000001205,14.100000000001955,2.0999999999986585,-7.799999999997453,14.100000000001955,8.899999999999864,1.1000000000024102,14.100000000001955,8.999999999997499
2025-01-07 11:00:00+00:00,USD_JPY,C1_trend_cont_long,1,london,1.6000000000019554,58.84368904721469,-1.500000000001478,0.0,2.7999999999991587,1.5999999999991132,1.5999999999991132,3.6000000000001364,3.999999999999204,3.999999999999204,3.6000000000001364,3.100000000000591,6.700000000000728,3.6000000000001364,-6.200000000001182,6.700000000000728,14.900000000000091
2025-01-07 12:15:00+00:00,USD_JPY,C1_trend_cont_long,1,ny,1.300000000000523,58.84368904721469,-3.1999999999982265,0.0,3.1999999999982265,-5.599999999998317,0.0,7.099999999999795,-4.099999999999682,0.0,7.800000000000296,-0.39999999999906777,0.0,7.800000000000296,-19.599999999999795,0.0,21.19999999999891
2025-01-07 14:45:00+00:00,USD_JPY,C1_trend_cont_long,1,ny,2.000000000001023,56.719139829556674,5.19999999999925,5.19999999999925,1.2000000000000455,-4.600000000002069,5.19999999999925,4.600000000002069,41.799999999997794,41.799999999997794,4.600000000002069,48.799999999999955,61.7999999999995,4.600000000002069,34.199999999998454,61.7999999999995,4.600000000002069
2025-01-07 17:00:00+00:00,USD_JPY,C1_trend_cont_long,1,ny,2.000000000001023,56.719139829556674,1.4000000000010004,2.1000000000015007,0.9999999999990905,1.2000000000000455,2.1000000000015007,4.200000000000159,-7.399999999998386,2.800000000002001,7.399999999998386,-13.2000000000005,2.800000000002001,13.2000000000005,-10.999999999998522,2.800000000002001,18.600000000000705
2025-01-07 18:45:00+00:00,USD_JPY,C1_trend_cont_long,1,ny,2.1000000000015007,59.0392012703026,3.1999999999982265,3.3999999999991815,0.0,0.6000000000000227,3.3999999999991815,0.0,1.099999999999568,3.3999999999991815,1.0000000000019327,-1.4000000000010004,3.3999999999991815,6.800000000001205,-7.200000000000273,3.3999999999991815,7.200000000000273
2025-01-07 20:45:00+00:00,USD_JPY,C1_trend_cont_long,1,ny,1.5999999999991132,59.0392012703026,0.899999999998613,1.099999999999568,0.49999999999954525,0.7000000000005002,2.0999999999986585,0.49999999999954525,13.700000000000045,13.700000000000045,0.49999999999954525,16.899999999998272,17.499999999998295,0.49999999999954525,23.30000000000041,24.699999999998568,0.49999999999954525
2025-01-08 07:00:00+00:00,USD_JPY,C1_trend_cont_long,1,london,1.2000000000000455,56.68073987082213,-2.2999999999996135,1.4999999999986358,2.7999999999991587,-5.19999999999925,1.4999999999986358,7.30000000000075,-6.200000000001182,1.4999999999986358,7.500000000001705,-6.100000000000705,2.5000000000005684,7.699999999999818,11.199999999999477,11.199999999999477,7.699999999999818
2025-01-08 15:30:00+00:00,USD_JPY,C1_trend_cont_long,1,ny,1.8000000000000682,54.11961754167821,-5.000000000001137,2.5999999999982037,5.000000000001137,1.5999999999991132,2.5999999999982037,5.000000000001137,-0.6000000000000227,2.7999999999991587,5.000000000001137,2.5999999999982037,4.800000000000182,5.000000000001137,-0.20000000000095497,7.699999999999818,5.89999999999975
2025-01-14 10:00:00+00:00,USD_JPY,C1_trend_cont_long,1,london,1.8000000000000682,57.13903435831264,-5.099999999998772,0.0,5.699999999998795,-0.2999999999985903,0.0,5.699999999998795,-11.699999999999022,0.0,11.699999999999022,-5.099999999998772,0.0,11.699999999999022,-9.899999999998954,0.0,13.700000000000045
2025-01-15 03:00:00+00:00,USD_JPY,C1_trend_cont_long,1,tokyo,2.200000000001978,56.04768895233691,1.4000000000010004,2.400000000000091,0.0,-3.3999999999991815,2.400000000000091,4.999999999998295,-2.2999999999996135,2.400000000000091,4.999999999998295,-6.399999999999295,2.400000000000091,6.399999999999295,-3.3999999999991815,2.400000000000091,6.799999999998363
2025-02-12 14:00:00+00:00,USD_JPY,C1_trend_cont_long,1,ny,1.8000000000000682,61.94832025361039,5.799999999999272,5.799999999999272,7.200000000000273,3.3999999999991815,5.799999999999272,7.200000000000273,-4.100000000002524,5.799999999999272,7.200000000000273,-20.300000000000296,5.799999999999272,21.700000000001296,11.7999999999995,11.7999999999995,22.500000000002274
2025-02-13 03:30:00+00:00,USD_JPY,C1_trend_cont_long,1,tokyo,1.8000000000000682,59.33401083091919,0.7000000000005002,0.7000000000005002,3.499999999999659,-4.699999999999704,1.2000000000000455,5.700000000001637,-6.900000000001683,1.2000000000000455,7.900000000000773,-0.7000000000005002,1.2000000000000455,7.900000000000773,11.099999999999,12.09999999999809,7.900000000000773
2025-02-13 08:00:00+00:00,USD_JPY,C1_trend_cont_long,1,london,1.5999999999991132,57.66015291442503,3.499999999999659,5.699999999998795,0.0,0.9999999999990905,5.699999999998795,0.0,0.899999999998613,5.699999999998795,0.0,-14.699999999999136,5.699999999998795,14.699999999999136,-27.299999999999613,5.699999999998795,27.299999999999613
2025-03-02 22:04:00+00:00,USD_JPY,C1_trend_cont_long,1,offhours,9.999999999999432,60.352078205030566,0.40000000000190994,2.200000000001978,-0.0,0.8000000000009777,2.200000000001978,-0.0,-0.1999999999981128,2.200000000001978,0.2999999999985903,2.400000000000091,2.400000000000091,0.6000000000000227,11.000000000001364,11.000000000001364,3.0000000000001137
2025-03-03 05:30:00+00:00,USD_JPY,C1_trend_cont_long,1,tokyo,1.8000000000000682,60.352078205030566,0.39999999999906777,0.7999999999981355,2.2999999999996135,0.9999999999990905,3.1999999999982265,2.2999999999996135,3.3999999999991815,3.3999999999991815,2.2999999999996135,-9.400000000002251,3.3999999999991815,9.400000000002251,-7.600000000002183,3.3999999999991815,18.600000000000705
2025-03-03 14:00:00+00:00,USD_JPY,C1_trend_cont_long,1,ny,1.4000000000010004,61.34202471445048,-6.800000000001205,0.0,8.600000000001273,-5.400000000000205,0.0,8.600000000001273,-5.400000000000205,0.0,8.600000000001273,-12.700000000000955,0.0,12.700000000000955,-52.199999999999136,0.0,52.199999999999136
2025-03-14 13:00:00+00:00,USD_JPY,C1_trend_cont_long,1,ny,1.4000000000010004,64.11167067704271,3.700000000000614,3.700000000000614,2.5000000000005684,4.999999999998295,6.399999999999295,2.5000000000005684,6.100000000000705,6.60000000000025,2.5000000000005684,-2.199999999999136,6.60000000000025,2.5000000000005684,7.599999999999341,17.300000000000182,5.500000000000682
2025-03-16 21:04:00+00:00,USD_JPY,C1_trend_cont_long,1,offhours,5.799999999999272,62.061083389899096,6.60000000000025,6.700000000000728,0.0,6.499999999999773,6.700000000000728,0.0,9.000000000000341,11.299999999999955,0.0,5.000000000001137,11.299999999999955,0.0,0.20000000000095497,11.299999999999955,1.2000000000000455
2025-03-16 23:30:00+00:00,USD_JPY,C1_trend_cont_long,1,offhours,1.999999999998181,62.061083389899096,0.10000000000047748,1.300000000000523,1.300000000000523,1.4000000000010004,1.6999999999995907,1.300000000000523,9.299999999998931,9.299999999998931,1.300000000000523,-3.299999999998704,12.100000000000932,3.299999999998704,20.699999999999363,23.599999999999,7.699999999999818
2025-03-17 03:00:00+00:00,USD_JPY,C1_trend_cont_long,1,tokyo,1.500000000001478,62.061083389899096,-0.6000000000000227,0.6000000000000227,0.9999999999990905,-4.399999999998272,0.6000000000000227,4.399999999998272,-3.999999999999204,0.6000000000000227,4.399999999998272,0.8000000000009777,2.199999999999136,6.799999999998363,6.30000000000166,13.49999999999909,6.799999999998363
2025-03-17 13:00:00+00:00,USD_JPY,C1_trend_cont_long,1,ny,1.4999999999986358,60.700874711227456,-3.3999999999991815,0.6000000000000227,3.6000000000001364,1.2000000000000455,5.000000000001137,3.7999999999982492,5.800000000002115,7.500000000001705,3.7999999999982492,-5.299999999999727,7.500000000001705,5.299999999999727,5.000000000001137,28.700000000000614,5.299999999999727
2025-03-17 17:00:00+00:00,USD_JPY,C1_trend_cont_long,1,ny,1.500000000001478,61.03652651756833,-3.0000000000001137,0.0,3.0000000000001137,0.39999999999906777,1.4000000000010004,3.0000000000001137,7.200000000000273,7.200000000000273,3.0000000000001137,13.999999999998636,17.300000000000182,3.0000000000001137,24.00000000000091,28.39999999999918,3.0000000000001137
2025-03-18 14:45:00+00:00,USD_JPY,C1_trend_cont_long,1,ny,1.8000000000000682,57.178213084867465,-1.099999999999568,1.4999999999986358,3.499999999999659,6.200000000001182,6.200000000001182,3.499999999999659,-8.600000000001273,6.60000000000025,8.600000000001273,-2.899999999999636,6.60000000000025,8.699999999998909,-16.30000000000109,6.60000000000025,17.300000000000182
2025-03-18 16:15:00+00:00,USD_JPY,C1_trend_cont_long,1,ny,1.500000000001478,57.178213084867465,-3.700000000000614,2.400000000000091,3.700000000000614,-8.199999999999363,2.400000000000091,9.700000000000841,-2.5999999999982037,2.400000000000091,9.700000000000841,-21.19999999999891,2.400000000000091,25.0,-33.29999999999984,2.400000000000091,36.599999999998545
2025-03-19 00:00:00+00:00,USD_JPY,C1_trend_cont_long,1,tokyo,1.6999999999995907,55.75264291501312,3.2000000000010687,3.999999999999204,0.2999999999985903,0.0,3.999999999999204,0.49999999999954525,0.39999999999906777,3.999999999999204,0.49999999999954525,-7.599999999999341,3.999999999999204,10.3999999999985,18.10000000000116,21.19999999999891,10.3999999999985
2025-03-19 02:30:00+00:00,USD_JPY,C1_trend_cont_long,1,tokyo,1.5999999999991132,55.75264291501312,1.6999999999995907,1.6999999999995907,4.999999999998295,3.900000000001569,6.60000000000025,4.999999999998295,10.099999999999909,11.100000000001842,4.999999999998295,13.2000000000005,15.900000000002024,4.999999999998295,21.000000000000796,21.000000000000796,4.999999999998295
2025-03-19 04:30:00+00:00,USD_JPY,C1_trend_cont_long,1,tokyo,1.8000000000000682,55.75264291501312,2.2999999999996135,2.2999999999996135,0.0,6.100000000000705,6.100000000000705,0.0,6.499999999999773,8.29999999999984,0.0,6.30000000000166,8.29999999999984,0.0,14.500000000001023,14.500000000001023,0.0
2025-03-19 09:00:00+00:00,USD_JPY,C1_trend_cont_long,1,london,1.6999999999995907,57.30508496243487,-1.9000000000005457,0.0,3.3999999999991815,2.7999999999991587,2.7999999999991587,3.3999999999991815,-6.60000000000025,2.7999999999991587,6.60000000000025,3.1999999999982265,3.1999999999982265,6.60000000000025,12.09999999999809,12.899999999999068,6.60000000000025
2025-03-21 05:00:00+00:00,USD_JPY,C1_trend_cont_long,1,tokyo,1.4999999999986358,55.76565307981398,5.19999999999925,5.19999999999925,0.0,7.599999999999341,7.599999999999341,0.0,2.899999999999636,7.599999999999341,0.0,13.599999999999568,14.799999999999613,0.0,15.600000000000591,18.799999999998818,0.0
2025-03-21 17:00:00+00:00,USD_JPY,C1_trend_cont_long,1,ny,1.8000000000000682,57.53124628875775,2.200000000001978,2.200000000001978,1.2000000000000455,4.600000000002069,6.000000000000227,1.2000000000000455,-2.400000000000091,6.000000000000227,3.0000000000001137,-2.2999999999996135,6.000000000000227,6.000000000000227,0.20000000000095497,6.000000000000227,6.000000000000227
2025-03-24 07:00:00+00:00,USD_JPY,C1_trend_cont_long,1,london,1.6999999999995907,55.69786032040824,12.999999999999545,14.599999999998658,0.0,13.79999999999768,15.399999999999636,0.0,20.79999999999984,20.79999999999984,0.0,10.599999999999454,20.79999999999984,0.0,0.5999999999971806,20.79999999999984,0.0
2025-03-24 09:00:00+00:00,USD_JPY,C1_trend_cont_long,1,london,1.8000000000000682,54.15515601180771,7.500000000001705,7.500000000001705,2.400000000000091,2.7000000000015234,7.500000000001705,2.400000000000091,-0.2999999999985903,7.500000000001705,2.400000000000091,6.000000000000227,7.500000000001705,7.800000000000296,-1.5999999999991132,11.199999999999477,7.800000000000296
2025-03-24 11:15:00+00:00,USD_JPY,C1_trend_cont_long,1,london,1.8000000000000682,54.15515601180771,0.7000000000005002,0.7000000000005002,0.10000000000047748,1.099999999999568,1.300000000000523,0.9000000000014552,5.799999999999272,5.799999999999272,0.9000000000014552,10.3999999999985,11.699999999999022,0.9000000000014552,15.899999999999181,17.099999999999227,0.9000000000014552
2025-03-31 21:04:00+00:00,USD_JPY,C1_trend_cont_long,1,offhours,7.500000000001705,54.95511305038067,-0.20000000000095497,0.0,0.20000000000095497,-0.20000000000095497,0.0,0.20000000000095497,-0.10000000000047748,0.0,0.20000000000095497,-2.600000000001046,0.0,2.600000000001046,0.9999999999990905,2.000000000001023,6.000000000000227
2025-04-01 00:00:00+00:00,USD_JPY,C1_trend_cont_long,1,tokyo,1.4999999999986358,54.95511305038067,-2.9999999999972715,0.0,8.799999999999386,0.10000000000047748,4.600000000002069,8.799999999999386,-6.399999999999295,4.600000000002069,11.39999999999759,5.100000000001614,5.100000000001614,11.39999999999759,-19.39999999999884,8.200000000002206,20.599999999998886
2025-04-25 05:00:00+00:00,USD_JPY,C1_trend_cont_long,1,tokyo,1.8000000000000682,68.27339460739776,5.19999999999925,5.19999999999925,0.9000000000014552,4.200000000000159,7.699999999999818,0.9000000000014552,6.699999999997885,7.699999999999818,0.9000000000014552,-2.400000000000091,9.399999999999409,11.000000000001364,1.099999999999568,15.500000000000114,11.000000000001364
2025-04-25 18:15:00+00:00,USD_JPY,C1_trend_cont_long,1,ny,1.2000000000000455,66.36288190687075,0.0,0.49999999999954525,1.6999999999995907,0.30000000000143245,0.899999999998613,1.6999999999995907,-4.099999999999682,0.899999999998613,4.4999999999987494,-3.499999999999659,0.899999999998613,4.699999999999704,-6.700000000000728,0.899999999998613,7.499999999998863
2025-04-25 20:00:00+00:00,USD_JPY,C1_trend_cont_long,1,ny,1.6999999999995907,66.36288190687075,0.20000000000095497,1.5999999999991132,0.20000000000095497,1.5999999999991132,1.5999999999991132,0.20000000000095497,3.8000000000010914,3.8000000000010914,0.20000000000095497,7.400000000001228,7.400000000001228,0.20000000000095497,,,
2025-04-28 02:00:00+00:00,USD_JPY,C1_trend_cont_long,1,tokyo,1.5999999999991132,64.55124748495139,3.6000000000001364,6.999999999999318,0.0,0.7999999999981355,6.999999999999318,0.0,-1.099999999999568,6.999999999999318,1.099999999999568,1.5999999999991132,6.999999999999318,1.6000000000019554,-7.800000000000296,6.999999999999318,10.099999999999909
2025-04-28 06:15:00+00:00,USD_JPY,C1_trend_cont_long,1,tokyo,1.6999999999995907,63.84044409316909,-2.000000000001023,0.0,3.8000000000010914,2.400000000000091,2.400000000000091,3.8000000000010914,5.599999999998317,5.599999999998317,3.8000000000010914,15.600000000000591,15.600000000000591,3.8000000000010914,16.499999999999204,25.199999999998113,3.8000000000010914
2025-04-30 21:04:00+00:00,USD_JPY,C1_trend_cont_long,1,offhours,5.100000000001614,55.47978715066812,-0.7000000000005002,0.0,0.7000000000005002,-0.899999999998613,0.0,1.099999999999568,1.5999999999991132,1.5999999999991132,1.099999999999568,3.0000000000001137,4.699999999999704,1.099999999999568,5.60000000000116,5.60000000000116,4.200000000000159
2025-05-02 04:15:00+00:00,USD_JPY,C1_trend_cont_long,1,tokyo,1.6999999999995907,62.517302148162,-5.799999999999272,0.9999999999990905,5.799999999999272,-4.400000000001114,0.9999999999990905,9.600000000000364,-2.7999999999991587,0.9999999999990905,9.600000000000364,5.099999999998772,6.399999999999295,9.600000000000364,-2.2999999999996135,8.899999999999864,9.600000000000364
2025-05-02 17:00:00+00:00,USD_JPY,C1_trend_cont_long,1,ny,1.2000000000000455,66.11178849056795,4.200000000000159,4.700000000002547,0.9999999999990905,-1.3999999999981583,4.700000000002547,1.3999999999981583,5.900000000002592,5.900000000002592,1.3999999999981583,-6.399999999999295,5.900000000002592,9.799999999998477,2.800000000002001,8.800000000002228,9.799999999998477
2025-05-04 23:15:00+00:00,USD_JPY,C1_trend_cont_long,1,offhours,1.4999999999986358,66.11178849056795,-3.0000000000001137,0.20000000000095497,3.0000000000001137,-10.999999999998522,0.20000000000095497,10.999999999998522,-15.999999999999659,0.20000000000095497,15.999999999999659,-29.699999999999704,0.20000000000095497,29.699999999999704,-11.7999999999995,0.20000000000095497,32.800000000000296
2025-05-05 00:30:00+00:00,USD_JPY,C1_trend_cont_long,1,tokyo,1.999999999998181,66.11178849056795,-1.5999999999991132,0.0,2.199999999999136,-8.500000000000796,0.0,8.500000000000796,-8.199999999999363,0.0,11.600000000001387,-17.799999999999727,0.0,17.799999999999727,-55.00000000000114,0.0,65.00000000000057
2025-05-07 21:04:00+00:00,USD_JPY,C1_trend_cont_long,1,offhours,2.400000000000091,66.46315867702337,0.40000000000190994,1.0000000000019327,0.699999999997658,0.30000000000143245,1.0000000000019327,0.699999999997658,-2.5999999999982037,1.0000000000019327,3.999999999999204,-1.2000000000000455,1.0000000000019327,3.999999999999204,3.100000000000591,7.500000000001705,3.999999999999204
2025-05-08 02:15:00+00:00,USD_JPY,C1_trend_cont_long,1,tokyo,1.8000000000000682,66.46315867702337,-3.700000000000614,0.899999999998613,6.700000000000728,-5.699999999998795,0.899999999998613,6.700000000000728,-12.999999999999545,0.899999999998613,12.999999999999545,-6.100000000000705,0.899999999998613,12.999999999999545,-5.699999999998795,2.2999999999996135,12.999999999999545
2025-05-08 03:30:00+00:00,USD_JPY,C1_trend_cont_long,1,tokyo,1.9000000000005457,66.46315867702337,3.0000000000001137,4.800000000000182,0.0,-0.9000000000014552,4.800000000000182,0.9000000000014552,1.5999999999991132,4.800000000000182,2.200000000001978,4.200000000000159,6.499999999999773,2.200000000001978,8.399999999997476,9.199999999998454,2.200000000001978
2025-05-09 03:30:00+00:00,USD_JPY,C1_trend_cont_long,1,tokyo,1.8000000000000682,70.48495488239283,-5.700000000001637,0.0,5.700000000001637,-1.9000000000005457,0.09999999999763531,6.200000000001182,0.09999999999763531,0.09999999999763531,6.200000000001182,-4.000000000002046,1.5999999999991132,6.200000000001182,-14.300000000000068,1.5999999999991132,14.500000000001023
2025-05-09 16:45:00+00:00,USD_JPY,C1_trend_cont_long,1,ny,1.6999999999995907,66.7492149696127,-3.3999999999991815,0.0,3.3999999999991815,0.40000000000190994,1.6999999999995907,3.3999999999991815,2.400000000000091,2.400000000000091,3.3999999999991815,5.200000000002092,5.299999999999727,3.3999999999991815,-3.1999999999982265,7.800000000000296,4.699999999999704
2025-05-09 18:45:00+00:00,USD_JPY,C1_trend_cont_long,1,ny,1.300000000000523,65.37427104321196,-2.600000000001046,0.0,2.600000000001046,-3.6000000000001364,0.0,3.8000000000010914,-5.60000000000116,0.0,5.60000000000116,1.8000000000000682,1.8000000000000682,5.60000000000116,0.8000000000009777,5.60000000000116,5.60000000000116
2025-05-13 00:30:00+00:00,USD_JPY,C1_trend_cont_long,1,tokyo,1.6999999999995907,74.7794090419137,-3.3999999999991815,0.0,6.999999999999318,-13.49999999999909,0.0,15.600000000000591,-16.59999999999968,0.0,19.299999999998363,-24.199999999999022,0.0,30.799999999999272,-11.400000000000432,0.0,34.39999999999941
2025-05-13 08:30:00+00:00,USD_JPY,C1_trend_cont_long,1,london,1.2000000000000455,74.9951655389198,0.10000000000047748,0.10000000000047748,3.6000000000001364,-5.699999999998795,1.099999999999568,5.699999999998795,-3.8999999999987267,1.099999999999568,6.499999999999773,-1.300000000000523,1.099999999999568,6.700000000000728,-0.49999999999954525,5.100000000001614,6.700000000000728
2025-05-13 10:00:00+00:00,USD_JPY,C1_trend_cont_long,1,london,1.6999999999995907,72.62408228613987,-0.9999999999990905,0.0,2.600000000001046,10.699999999999932,10.699999999999932,2.600000000001046,5.000000000001137,11.000000000001364,2.600000000001046,-0.6000000000000227,11.000000000001364,2.600000000001046,7.599999999999341,14.599999999998658,2.600000000001046
2025-05-13 13:00:00+00:00,USD_JPY,C1_trend_cont_long,1,ny,1.5999999999991132,70.53664783712986,-3.299999999998704,0.0,9.199999999998454,-15.199999999998681,0.0,15.299999999999159,-6.499999999999773,0.0,15.299999999999159,-23.099999999999454,0.0,27.50000000000057,-7.900000000000773,0.0,29.90000000000066
2025-05-13 14:15:00+00:00,USD_JPY,C1_trend_cont_long,1,ny,1.4000000000010004,70.53664783712986,-4.599999999999227,4.800000000000182,4.599999999999227,4.699999999999704,4.800000000000182,6.100000000000705,0.8000000000009777,9.799999999998477,6.100000000000705,-5.799999999999272,9.799999999998477,9.299999999998931,-9.100000000000819,9.799999999998477,18.10000000000116
2025-05-16 17:00:00+00:00,USD_JPY,C1_trend_cont_long,1,ny,1.6999999999995907,67.00227667255652,1.4000000000010004,3.3999999999991815,0.899999999998613,3.6000000000001364,3.900000000001569,0.899999999998613,4.300000000000637,5.799999999999272,0.899999999998613,3.100000000000591,9.999999999999432,0.899999999998613,-1.4000000000010004,9.999999999999432,3.0000000000001137
2025-05-28 13:00:00+00:00,USD_JPY,C1_trend_cont_long,1,ny,1.4000000000010004,55.193165039211365,6.499999999999773,6.499999999999773,0.0,15.899999999999181,15.899999999999181,0.0,22.90000000000134,23.099999999999454,0.0,30.89999999999975,30.89999999999975,0.0,34.10000000000082,40.500000000000114,0.0
2025-06-04 05:00:00+00:00,USD_JPY,C1_trend_cont_long,1,tokyo,1.500000000001478,57.6785017772815,-1.2000000000000455,0.6000000000000227,2.600000000001046,-2.400000000000091,0.6000000000000227,5.000000000001137,-1.6999999999995907,0.6000000000000227,5.000000000001137,-3.6000000000001364,0.6000000000000227,5.799999999999272,-4.200000000000159,8.400000000000318,9.899999999998954
2025-06-04 07:00:00+00:00,USD_JPY,C1_trend_cont_long,1,london,1.6000000000019554,57.6785017772815,-8.799999999999386,0.0,8.799999999999386,-8.799999999999386,0.0,10.200000000000387,-7.399999999998386,0.0,10.599999999999454,-10.900000000000887,0.0,12.399999999999523,15.700000000001069,15.700000000001069,13.399999999998613
2025-06-04 08:00:00+00:00,USD_JPY,C1_trend_cont_long,1,london,1.4000000000010004,57.6785017772815,6.699999999997885,6.699999999997885,1.6000000000019554,-2.7000000000015234,6.699999999997885,2.7000000000015234,0.7000000000005002,6.699999999997885,6.499999999999773,-7.400000000001228,6.699999999997885,7.400000000001228,-19.900000000001228,6.699999999997885,23.30000000000041
2025-06-06 09:00:00+00:00,USD_JPY,C1_trend_cont_long,1,london,1.6999999999995907,58.91336567097449,-0.899999999998613,0.0,0.899999999998613,3.3999999999991815,3.3999999999991815,1.099999999999568,5.19999999999925,5.19999999999925,1.099999999999568,1.4000000000010004,5.19999999999925,1.099999999999568,4.599999999999227,8.199999999999363,7.800000000000296
2025-06-09 11:30:00+00:00,USD_JPY,C1_trend_cont_long,1,london,1.500000000001478,56.17985415316742,7.599999999999341,8.899999999999864,0.39999999999906777,9.700000000000841,9.700000000000841,0.39999999999906777,12.199999999998568,13.800000000000523,0.39999999999906777,17.40000000000066,19.299999999998363,0.39999999999906777,20.90000000000032,23.199999999999932,0.39999999999906777
2025-06-09 16:15:00+00:00,USD_JPY,C1_trend_cont_long,1,ny,1.4000000000010004,57.309864570798304,-0.7000000000005002,0.0,1.300000000000523,-4.500000000001592,0.0,4.500000000001592,-3.700000000000614,0.0,4.500000000001592,-4.599999999999227,0.0,4.599999999999227,-0.9999999999990905,2.899999999999636,6.700000000000728
2025-06-09 17:15:00+00:00,USD_JPY,C1_trend_cont_long,1,ny,1.5999999999991132,56.26630281574123,-0.30000000000143245,0.0,2.1000000000015007,-0.7000000000005002,0.0,2.1000000000015007,-0.30000000000143245,0.0,2.1000000000015007,-2.5000000000005684,2.899999999999636,2.800000000002001,3.6999999999977717,5.599999999998317,2.800000000002001
2025-06-09 18:45:00+00:00,USD_JPY,C1_trend_cont_long,1,ny,1.500000000001478,56.26630281574123,0.9999999999990905,0.9999999999990905,0.0,3.2000000000010687,3.2000000000010687,0.0,6.000000000000227,8.600000000001273,0.0,4.699999999999704,8.600000000001273,0.0,6.60000000000025,12.000000000000455,0.0
2025-06-10 07:15:00+00:00,USD_JPY,C1_trend_cont_long,1,london,1.6000000000019554,56.35257742785857,1.500000000001478,3.300000000001546,0.0,4.300000000000637,4.300000000000637,0.0,-1.8000000000000682,4.300000000000637,2.5000000000005684,-9.299999999998931,4.300000000000637,9.299999999998931,-16.70000000000016,4.300000000000637,18.39999999999975
2025-06-10 08:30:00+00:00,USD_JPY,C1_trend_cont_long,1,london,1.4000000000010004,56.35257742785857,-3.6000000000001364,0.0,4.800000000000182,-3.0000000000001137,0.0,4.800000000000182,-5.400000000000205,0.0,5.400000000000205,-2.800000000002001,0.0,6.499999999999773,5.89999999999975,6.000000000000227,6.800000000001205
2025-06-10 09:30:00+00:00,USD_JPY,C1_trend_cont_long,1,london,1.5999999999991132,56.034536183011575,-2.7999999999991587,0.0,2.7999999999991587,-5.799999999999272,0.0,5.799999999999272,-5.500000000000682,0.0,5.89999999999975,-5.700000000001637,0.0,10.300000000000864,-11.100000000001842,0.0,12.399999999999523
2025-06-10 14:15:00+00:00,USD_JPY,C1_trend_cont_long,1,ny,1.6999999999995907,54.274926455653556,1.2000000000000455,3.100000000000591,0.2999999999985903,-2.6999999999986812,3.100000000000591,3.999999999999204,-0.8000000000009777,3.100000000000591,3.999999999999204,2.7999999999991587,4.400000000001114,3.999999999999204,12.800000000001432,12.800000000001432,3.999999999999204
2025-06-16 05:00:00+00:00,USD_JPY,C1_trend_cont_long,1,tokyo,1.9000000000005457,57.00156163554162,1.2000000000000455,1.2000000000000455,1.999999999998181,-7.699999999999818,1.2000000000000455,7.699999999999818,-14.599999999998658,1.2000000000000455,14.599999999998658,-22.299999999998477,1.2000000000000455,23.900000000000432,-19.199999999997885,1.2000000000000455,31.19999999999834
2025-06-16 07:15:00+00:00,USD_JPY,C1_trend_cont_long,1,london,1.500000000001478,57.00156163554162,-1.4000000000010004,3.6000000000001364,1.500000000001478,0.0,3.6000000000001364,3.6000000000001364,-0.20000000000095497,3.6000000000001364,3.6000000000001364,-15.299999999999159,3.6000000000001364,17.900000000000205,-5.500000000000682,3.6000000000001364,18.80000000000166
2025-06-16 08:15:00+00:00,USD_JPY,C1_trend_cont_long,1,london,1.2000000000000455,57.00156163554162,-2.2999999999996135,3.300000000001546,2.2999999999996135,0.9000000000014552,3.300000000001546,4.099999999999682,-0.8000000000009777,3.300000000001546,4.099999999999682,-7.099999999999795,3.300000000001546,13.100000000000023,-8.699999999998909,5.19999999999925,17.499999999998295
2025-06-16 12:15:00+00:00,USD_JPY,C1_trend_cont_long,1,ny,1.3999999999981583,55.915735804431556,-5.19999999999925,2.200000000001978,5.19999999999925,1.8000000000000682,2.200000000001978,7.299999999997908,-3.3999999999991815,2.200000000001978,7.299999999997908,-3.3999999999991815,2.200000000001978,10.299999999998022,-32.800000000000296,2.200000000001978,33.499999999997954
2025-06-16 17:00:00+00:00,USD_JPY,C1_trend_cont_long,1,ny,1.2000000000000455,54.76203750484157,3.8000000000010914,3.8000000000010914,0.39999999999906777,11.699999999999022,11.699999999999022,0.39999999999906777,10.499999999998977,11.699999999999022,0.39999999999906777,13.599999999999568,15.200000000001523,0.39999999999906777,19.700000000000273,23.799999999999955,0.39999999999906777
2025-06-17 05:45:00+00:00,USD_JPY,C1_trend_cont_long,1,tokyo,1.9000000000005457,56.70043029754193,5.799999999999272,5.799999999999272,1.099999999999568,0.20000000000095497,5.799999999999272,1.099999999999568,4.699999999999704,5.799999999999272,2.400000000000091,10.400000000001342,12.800000000001432,2.400000000000091,14.400000000000546,14.400000000000546,7.599999999999341
2025-06-17 08:15:00+00:00,USD_JPY,C1_trend_cont_long,1,london,1.8000000000000682,56.70043029754193,-0.8000000000009777,0.0,2.1000000000015007,7.200000000000273,7.200000000000273,2.1000000000015007,7.200000000000273,8.499999999997954,2.1000000000015007,12.5,12.5,2.1000000000015007,19.799999999997908,23.199999999999932,2.1000000000015007
2025-06-17 12:45:00+00:00,USD_JPY,C1_trend_cont_long,1,ny,1.500000000001478,57.107542419146036,4.400000000001114,8.799999999999386,0.0,3.3999999999991815,8.799999999999386,0.0,6.399999999999295,8.799999999999386,0.0,-2.7999999999991587,8.799999999999386,5.19999999999925,6.499999999999773,10.599999999999454,8.00000000000125
2025-06-25 10:00:00+00:00,USD_JPY,C1_trend_cont_long,1,london,1.6999999999995907,57.02725056765326,3.2000000000010687,3.2000000000010687,0.0,3.100000000000591,3.2000000000010687,0.1999999999981128,2.7999999999991587,3.900000000001569,0.1999999999981128,0.10000000000047748,3.900000000001569,5.799999999999272,13.2000000000005,13.2000000000005,5.799999999999272
2025-07-03 17:00:00+00:00,USD_JPY,C1_trend_cont_long,1,ny,1.5999999999991132,56.801738857003315,-1.6999999999995907,2.3000000000024556,4.099999999999682,-0.899999999998613,2.3000000000024556,4.099999999999682,0.30000000000143245,2.3000000000024556,4.099999999999682,-1.099999999999568,2.7000000000015234,4.099999999999682,4.600000000002069,4.700000000002547,4.099999999999682
2025-07-04 02:00:00+00:00,USD_JPY,C1_trend_cont_long,1,tokyo,1.5999999999991132,54.223043224360175,-1.6000000000019554,0.699999999997658,1.6000000000019554,-4.200000000000159,0.699999999997658,5.000000000001137,-5.200000000002092,0.699999999997658,7.00000000000216,-15.800000000001546,0.699999999997658,15.800000000001546,-12.000000000000455,0.699999999997658,17.00000000000159
2025-07-17 02:00:00+00:00,USD_JPY,C1_trend_cont_long,1,tokyo,1.500000000001478,54.36576023199281,5.599999999998317,5.799999999999272,0.0,7.599999999999341,7.599999999999341,0.0,6.399999999999295,7.800000000000296,0.0,-0.20000000000095497,7.800000000000296,0.20000000000095497,8.599999999998431,12.999999999999545,0.20000000000095497
2025-07-17 14:00:00+00:00,USD_JPY,C1_trend_cont_long,1,ny,1.700000000002433,55.32670380090695,3.6000000000001364,3.6000000000001364,4.200000000000159,-0.7000000000005002,6.299999999998818,4.200000000000159,-1.2000000000000455,6.299999999998818,4.200000000000159,-13.2000000000005,6.299999999998818,18.80000000000166,-9.800000000001319,6.299999999998818,19.400000000001683
2025-07-17 16:45:00+00:00,USD_JPY,C1_trend_cont_long,1,ny,1.6999999999995907,55.32670380090695,2.200000000001978,2.200000000001978,0.9999999999990905,-0.1999999999981128,3.0000000000001137,0.9999999999990905,-2.9999999999972715,3.0000000000001137,2.9999999999972715,-6.399999999999295,3.0000000000001137,7.199999999997431,-1.3999999999981583,3.0000000000001137,7.799999999997453
2025-07-25 09:00:00+00:00,USD_JPY,C1_trend_cont_long,1,london,1.4000000000010004,54.2664047433375,8.699999999998909,8.699999999998909,0.0,14.499999999998181,14.499999999998181,0.0,10.3999999999985,14.499999999998181,0.0,7.699999999999818,14.499999999998181,0.0,14.699999999999136,14.699999999999136,0.0
2025-07-31 07:15:00+00:00,USD_JPY,C1_trend_cont_long,1,london,1.6000000000019554,56.02942388157468,14.400000000000546,15.999999999999659,0.0,23.900000000000432,23.900000000000432,0.0,27.600000000001046,28.39999999999918,0.0,65.00000000000057,65.60000000000059,0.0,44.10000000000025,71.99999999999989,0.0
2025-08-01 04:15:00+00:00,USD_JPY,C1_trend_cont_long,1,tokyo,1.5999999999991132,57.64223697109679,3.3999999999991815,3.3999999999991815,0.0,1.099999999999568,3.3999999999991815,0.0,2.5000000000005684,3.3999999999991815,0.0,-0.9999999999990905,3.3999999999991815,3.6000000000001364,-4.999999999998295,3.3999999999991815,6.60000000000025
2025-08-01 06:45:00+00:00,USD_JPY,C1_trend_cont_long,1,tokyo,1.5999999999991132,56.139220044589976,-1.500000000001478,0.699999999997658,2.000000000001023,-5.60000000000116,0.699999999997658,6.100000000000705,-4.200000000000159,0.699999999997658,6.100000000000705,-10.300000000000864,0.699999999997658,13.700000000000045,-13.900000000001,0.699999999997658,15.999999999999659
2025-10-06 05:00:00+00:00,USD_JPY,C1_trend_cont_long,1,tokyo,1.8000000000000682,58.94742347598412,-1.4000000000010004,0.0,3.300000000001546,2.400000000000091,2.400000000000091,3.300000000001546,0.0,2.400000000000091,3.300000000001546,7.200000000000273,7.200000000000273,3.300000000001546,-15.399999999999636,11.50000000000091,15.399999999999636
2025-10-06 13:30:00+00:00,USD_JPY,C1_trend_cont_long,1,ny,1.6999999999995907,59.248543711435474,3.900000000001569,9.499999999999886,0.0,-5.89999999999975,9.499999999999886,6.000000000000227,-9.399999999999409,9.499999999999886,9.999999999999432,-3.7999999999982492,9.499999999999886,11.39999999999759,8.200000000002206,9.499999999999886,16.59999999999968
2025-10-07 04:45:00+00:00,USD_JPY,C1_trend_cont_long,1,tokyo,1.4999999999986358,56.13777493486035,4.200000000000159,4.200000000000159,0.0,5.19999999999925,5.400000000000205,0.0,6.000000000000227,6.000000000000227,0.0,8.600000000001273,11.199999999999477,0.0,12.100000000000932,14.000000000001478,0.0
2025-10-09 11:15:00+00:00,USD_JPY,C1_trend_cont_long,1,london,1.700000000002433,54.094532712558994,-2.899999999999636,0.0,6.100000000000705,-3.2000000000010687,0.0,8.600000000001273,-7.599999999999341,0.0,8.600000000001273,-10.80000000000041,0.0,11.000000000001364,0.6000000000000227,4.400000000001114,11.000000000001364
2025-10-10 02:00:00+00:00,USD_JPY,C1_trend_cont_long,1,tokyo,1.9000000000005457,55.274157569056655,-1.8000000000000682,0.0,1.999999999998181,-6.60000000000025,0.0,6.60000000000025,-7.599999999999341,0.0,14.599999999998658,-15.000000000000568,0.0,15.600000000000591,-9.999999999999432,0.0,15.600000000000591
2025-10-10 07:30:00+00:00,USD_JPY,C1_trend_cont_long,1,london,1.8000000000000682,54.50457488555257,-3.300000000001546,1.099999999999568,7.500000000001705,-4.099999999999682,1.099999999999568,7.500000000001705,-7.800000000000296,1.099999999999568,7.800000000000296,-2.1000000000015007,1.099999999999568,8.200000000002206,-21.30000000000223,3.499999999999659,29.90000000000066
2025-10-13 15:00:00+00:00,USD_JPY,C1_trend_cont_long,1,ny,1.3999999999981583,60.43302494321677,-2.4999999999977263,0.0,4.399999999998272,-3.999999999999204,0.0,4.399999999998272,-8.999999999997499,0.0,8.999999999997499,-8.399999999997476,0.0,12.199999999998568,-15.999999999999659,0.0,15.999999999999659
2025-10-13 22:30:00+00:00,USD_JPY,C1_trend_cont_long,1,offhours,1.9000000000005457,55.339700078590006,0.1999999999981128,1.2000000000000455,1.0000000000019327,-0.9000000000014552,1.2000000000000455,1.0000000000019327,3.8999999999987267,4.399999999998272,1.0000000000019327,4.999999999998295,6.399999999999295,1.0000000000019327,6.299999999998818,8.799999999999386,1.0000000000019327
2025-10-31 03:30:00+00:00,USD_JPY,C1_trend_cont_long,1,tokyo,1.6000000000019554,54.25096212081313,4.599999999999227,5.000000000001137,0.10000000000047748,2.7999999999991587,5.19999999999925,0.10000000000047748,6.100000000000705,7.200000000000273,0.10000000000047748,12.999999999999545,14.6000000000015,0.10000000000047748,3.2000000000010687,14.6000000000015,0.20000000000095497
2025-10-31 11:45:00+00:00,USD_JPY,C1_trend_cont_long,1,london,1.6000000000019554,54.23883978784405,-4.300000000000637,0.10000000000047748,4.999999999998295,-7.599999999999341,0.10000000000047748,7.599999999999341,-4.999999999998295,0.10000000000047748,9.000000000000341,0.0,0.10000000000047748,9.000000000000341,-10.599999999999454,3.3999999999991815,21.60000000000082
2026-02-02 22:04:00+00:00,USD_JPY,C1_trend_cont_long,1,offhours,4.900000000000659,67.11585881130668,-4.399999999998272,0.0,5.699999999998795,-3.7999999999982492,0.0,5.699999999998795,-5.699999999998795,0.0,5.89999999999975,-5.400000000000205,0.0,7.399999999998386,-8.899999999999864,0.0,10.80000000000041
2026-02-03 02:45:00+00:00,USD_JPY,C1_trend_cont_long,1,tokyo,1.8000000000000682,67.11585881130668,4.300000000000637,4.400000000001114,0.0,3.8000000000010914,4.900000000000659,0.0,4.800000000000182,5.000000000001137,0.0,2.400000000000091,6.000000000000227,0.0,-5.49999999999784,6.000000000000227,7.099999999999795
2026-02-03 04:00:00+00:00,USD_JPY,C1_trend_cont_long,1,tokyo,1.999999999998181,67.11585881130668,1.4999999999986358,1.4999999999986358,0.30000000000143245,-2.199999999999136,1.4999999999986358,2.199999999999136,-4.099999999999682,1.4999999999986358,4.400000000001114,-12.299999999999045,1.4999999999986358,13.700000000000045,-3.499999999999659,1.4999999999986358,14.699999999999136
2026-02-03 07:30:00+00:00,USD_JPY,C1_trend_cont_long,1,london,1.9000000000005457,64.54329746764196,-6.800000000001205,0.0,6.999999999999318,-7.400000000001228,0.0,7.599999999999341,-8.199999999999363,0.0,12.800000000001432,-2.200000000001978,0.0,12.800000000001432,9.600000000000364,13.2000000000005,12.800000000001432
2026-02-03 08:30:00+00:00,USD_JPY,C1_trend_cont_long,1,london,1.8000000000000682,64.54329746764196,-0.8000000000009777,2.199999999999136,0.8000000000009777,-2.000000000001023,2.199999999999136,4.800000000000182,-3.4000000000020236,2.199999999999136,8.29999999999984,-1.9000000000005457,2.199999999999136,8.29999999999984,13.299999999998136,15.599999999997749,8.29999999999984
2026-02-03 16:15:00+00:00,USD_JPY,C1_trend_cont_long,1,ny,1.8000000000000682,60.95416975526284,-4.699999999999704,0.0,5.19999999999925,1.4000000000010004,1.4000000000010004,5.19999999999925,-2.899999999999636,1.6999999999995907,5.19999999999925,-6.700000000000728,1.6999999999995907,6.799999999998363,-15.099999999998204,1.6999999999995907,15.099999999998204
2026-02-03 18:00:00+00:00,USD_JPY,C1_trend_cont_long,1,ny,1.8000000000000682,60.58601477274422,-3.0000000000001137,0.2999999999985903,3.0000000000001137,-3.2000000000010687,0.2999999999985903,4.000000000002046,-2.800000000002001,0.2999999999985903,4.200000000000159,4.099999999999682,4.099999999999682,4.200000000000159,-7.30000000000075,5.699999999998795,11.000000000001364
2026-02-03 19:15:00+00:00,USD_JPY,C1_trend_cont_long,1,ny,1.300000000000523,60.58601477274422,2.899999999999636,3.4000000000020236,0.0,2.000000000001023,5.400000000000205,0.0,-4.599999999999227,5.400000000000205,4.599999999999227,-1.4999999999986358,5.400000000000205,5.19999999999925,3.2000000000010687,5.400000000000205,5.19999999999925
2026-02-03 21:30:00+00:00,USD_JPY,C1_trend_cont_long,1,offhours,1.5999999999991132,60.58601477274422,-1.099999999999568,0.0,1.099999999999568,0.7000000000005002,0.7000000000005002,1.2000000000000455,1.9000000000005457,1.9000000000005457,1.2000000000000455,4.300000000000637,4.699999999999704,1.2000000000000455,3.6000000000001364,8.400000000000318,1.2000000000000455
2026-02-04 15:15:00+00:00,USD_JPY,C1_trend_cont_long,1,ny,1.5999999999991132,55.606137232516595,4.099999999999682,4.099999999999682,0.10000000000047748,5.299999999999727,7.900000000000773,0.10000000000047748,7.800000000000296,7.900000000000773,0.10000000000047748,9.699999999997999,15.699999999998226,0.10000000000047748,11.899999999999977,15.699999999998226,0.10000000000047748
2026-02-04 17:45:00+00:00,USD_JPY,C1_trend_cont_long,1,ny,1.9000000000005457,55.606137232516595,-0.7999999999981355,1.300000000000523,1.1999999999972033,1.4000000000010004,3.6000000000001364,1.1999999999972033,3.6000000000001364,5.60000000000116,1.1999999999972033,6.60000000000025,8.400000000000318,1.1999999999972033,9.800000000001319,15.000000000000568,1.1999999999972033
2026-02-18 22:04:00+00:00,USD_JPY,C1_trend_cont_long,1,offhours,3.2000000000010687,55.47444680059095,-3.099999999997749,0.5000000000023874,3.099999999997749,-1.8999999999977035,0.5000000000023874,3.299999999998704,-2.0999999999986585,0.5000000000023874,3.299999999998704,-2.6999999999986812,0.5000000000023874,3.499999999999659,-6.799999999998363,0.5000000000023874,6.799999999998363
2026-02-19 09:30:00+00:00,USD_JPY,C1_trend_cont_long,1,london,1.8000000000000682,55.64055774340591,-4.900000000000659,0.0,5.700000000001637,-2.1000000000015007,0.0,7.099999999999795,-7.800000000000296,0.0,7.800000000000296,-15.200000000001523,0.0,16.70000000000016,-16.70000000000016,0.0,17.600000000001614
2026-02-19 13:15:00+00:00,USD_JPY,C1_trend_cont_long,1,ny,1.4999999999986358,56.22337504744838,1.9000000000005457,1.9000000000005457,0.7000000000005002,-4.800000000000182,2.7999999999991587,4.800000000000182,0.9999999999990905,2.7999999999991587,7.500000000001705,13.399999999998613,13.399999999998613,7.500000000001705,24.500000000000455,26.599999999999113,7.699999999999818
2026-02-19 17:00:00+00:00,USD_JPY,C1_trend_cont_long,1,ny,1.8000000000000682,55.77884825834492,3.0000000000001137,3.4000000000020236,-0.0,-0.6000000000000227,3.4000000000020236,0.699999999997658,3.0000000000001137,3.4000000000020236,1.6999999999995907,-0.39999999999906777,3.4000000000020236,2.5999999999982037,6.200000000001182,6.200000000001182,2.5999999999982037
2026-02-19 19:30:00+00:00,USD_JPY,C1_trend_cont_long,1,ny,1.8000000000000682,54.83750195417735,4.899999999997817,4.899999999997817,-0.0,18.299999999999272,18.299999999999272,-0.0,14.599999999998658,18.299999999999272,-0.0,12.699999999998113,18.299999999999272,-0.0,13.49999999999909,18.299999999999272,-0.0
2026-02-20 19:45:00+00:00,USD_JPY,C1_trend_cont_long,1,ny,1.6999999999995907,54.39448520905019,-5.599999999998317,2.000000000001023,5.599999999998317,-4.599999999999227,2.000000000001023,6.299999999998818,-0.8000000000009777,2.000000000001023,6.299999999998818,-9.600000000000364,2.000000000001023,9.600000000000364,-14.19999999999959,2.000000000001023,15.600000000000591
2026-02-23 11:00:00+00:00,USD_JPY,C1_trend_cont_long,1,london,1.8000000000000682,57.057282800394844,-3.299999999998704,0.0,4.599999999999227,-0.2999999999985903,0.0,4.599999999999227,1.4000000000010004,3.700000000000614,4.599999999999227,7.699999999999818,8.400000000000318,4.599999999999227,15.900000000002024,15.900000000002024,4.599999999999227
2026-02-24 01:00:00+00:00,USD_JPY,C1_trend_cont_long,1,tokyo,1.6999999999995907,55.345645157604714,4.800000000000182,5.099999999998772,0.0,3.499999999999659,5.099999999998772,0.0,6.799999999998363,6.799999999998363,0.0,22.20000000000084,23.999999999998067,0.0,5.89999999999975,23.999999999998067,0.0
2026-02-24 17:30:00+00:00,USD_JPY,C1_trend_cont_long,1,ny,1.4000000000010004,60.074847817513785,0.0,0.0,2.5000000000005684,-3.300000000001546,2.2999999999996135,3.300000000001546,-6.200000000001182,2.2999999999996135,6.200000000001182,-3.100000000000591,2.2999999999996135,7.400000000001228,-4.699999999999704,2.2999999999996135,7.400000000001228
2026-02-25 03:15:00+00:00,USD_JPY,C1_trend_cont_long,1,tokyo,1.4000000000010004,57.418618781427575,2.5999999999982037,3.999999999999204,0.39999999999906777,9.000000000000341,9.000000000000341,0.39999999999906777,3.999999999999204,17.199999999999704,0.39999999999906777,3.7999999999982492,17.199999999999704,7.099999999999795,13.900000000001,17.199999999999704,7.099999999999795
2026-02-25 07:30:00+00:00,USD_JPY,C1_trend_cont_long,1,london,1.500000000001478,58.3030031541826,-4.400000000001114,0.7000000000005002,4.400000000001114,3.700000000000614,3.700000000000614,4.400000000001114,0.0,3.700000000000614,4.400000000001114,13.599999999999568,13.599999999999568,4.400000000001114,37.299999999999045,37.299999999999045,4.400000000001114
2026-02-25 18:30:00+00:00,USD_JPY,C1_trend_cont_long,1,ny,1.9000000000005457,59.26483160704791,3.999999999999204,4.200000000000159,0.0,-0.9999999999990905,4.200000000000159,1.2000000000000455,0.0,4.200000000000159,1.2000000000000455,4.999999999998295,5.299999999999727,1.2000000000000455,15.399999999999636,15.399999999999636,1.2000000000000455
2026-02-26 07:15:00+00:00,USD_JPY,C1_trend_cont_long,1,london,1.9000000000005457,57.57528847750548,-0.49999999999954525,0.6000000000000227,7.399999999998386,-2.400000000000091,0.6000000000000227,7.399999999998386,1.4000000000010004,1.8000000000000682,7.399999999998386,-1.2000000000000455,2.400000000000091,7.399999999998386,-8.799999999999386,3.8000000000010914,10.900000000000887
2026-02-26 10:15:00+00:00,USD_JPY,C1_trend_cont_long,1,london,1.8000000000000682,55.47705358625517,1.099999999999568,2.5999999999982037,0.0,3.6999999999977717,3.7999999999982492,0.0,1.3999999999981583,3.7999999999982492,0.0,-4.800000000000182,3.7999999999982492,4.800000000000182,-9.800000000001319,3.7999999999982492,11.400000000000432
2026-02-26 12:00:00+00:00,USD_JPY,C1_trend_cont_long,1,ny,1.6000000000019554,55.47705358625517,2.5000000000005684,3.0000000000001137,0.0,0.6000000000000227,3.700000000000614,0.0,-2.7999999999991587,3.700000000000614,2.7999999999991587,-6.60000000000025,3.700000000000614,6.800000000001205,0.6000000000000227,9.100000000000819,6.800000000001205
2026-02-26 13:00:00+00:00,USD_JPY,C1_trend_cont_long,1,ny,1.6000000000019554,55.47705358625517,1.9000000000005457,4.200000000000159,0.0,3.2000000000010687,4.200000000000159,0.0,-2.1000000000015007,4.200000000000159,2.1000000000015007,-3.499999999999659,4.200000000000159,8.899999999999864,9.999999999999432,10.80000000000041,8.899999999999864
